사고번호,사고일시,요일,시군구,사고내용,사망자수,중상자수,경상자수,부상신고자수,사고유형,법규위반,노면상태,기상상태,도로형태,가해운전자 차종,가해운전자 성별,가해운전자 연령,가해운전자 상해정도,피해운전자 차종,피해운전자 성별,피해운전자 연령,피해운전자 상해정도
2013011200100031,2013년 1월 12일 00시,토요일,경상남도 밀양시 무안면,중상사고,0,1,1,0,차대차 - 측면직각충돌,중앙선침범,건조,맑음,단일로 - 교량,승용,남,24세,상해없음,화물,남,44세,중상
2013011200100032,2013년 1월 12일 00시,토요일,경상남도 창원시 마산회원구 회성동,중상사고,0,2,4,0,차대차 - 추돌 - 주정차중,신호위반,건조,맑음,교차로 - 교차로안,승용,여,52세,상해없음,승용,남,30세,중상
2013011200100033,2013년 1월 12일 00시,토요일,경상남도 창원시 의창구 봉곡동,경상사고,0,0,2,0,차대차 - 추돌 - 진행중,안전운전불이행,건조,맑음,교차로 - 교차로부근,승용,남,63세,상해없음,승용,여,43세,상해없음
2013011200100072,2013년 1월 12일 01시,토요일,경상남도 창원시 성산구 상남동,중상사고,0,1,0,0,차대차 - 측면직각충돌,안전운전불이행,건조,맑음,교차로 - 교차로안,승용,남,25세,상해없음,승용,남,55세,중상
2013011200100153,2013년 1월 12일 06시,토요일,경상남도 통영시 무전동,중상사고,0,1,1,0,차대차 - 정면충돌,안전거리미확보,건조,맑음,단일로 - 기타,이륜,남,16세,경상,승용,남,40세,상해없음
2013011200100167,2013년 1월 12일 07시,토요일,경상남도 진주시 대안동,경상사고,0,0,1,0,차대차 - 추돌 - 주정차중,안전운전불이행,건조,맑음,단일로 - 기타,승용,남,27세,상해없음,승용,남,69세,경상
2013011200100168,2013년 1월 12일 07시,토요일,경상남도 창원시 진해구 덕산동,중상사고,0,1,0,0,차량단독 - 공작물충돌,안전운전불이행,건조,맑음,단일로 - 교량,화물,남,37세,중상,,,,
2013011200100169,2013년 1월 12일 07시,토요일,경상남도 거제시 장평동,중상사고,0,1,1,1,차대차 - 추돌 - 주정차중,안전운전불이행,건조,맑음,단일로 - 기타,승용,남,49세,중상,승용,남,49세,부상신고
2013011200100170,2013년 1월 12일 07시,토요일,경상남도 창원시 의창구 동읍,중상사고,0,1,0,0,차대사람 - 기타,신호위반,건조,맑음,교차로 - 교차로안,승용,여,54세,상해없음,보행자,남,67세,중상
2013011200100183,2013년 1월 12일 08시,토요일,경상남도 김해시 동상동,중상사고,0,2,0,0,차대차 - 정면충돌,안전운전불이행,건조,맑음,교차로 - 교차로안,승용,여,35세,상해없음,이륜,여,50세,중상
2013011200100251,2013년 1월 12일 11시,토요일,경상남도 진주시 망경동,중상사고,0,1,0,0,차대차 - 측면직각충돌,직진우회전진행방해,건조,맑음,교차로 - 교차로안,승용,남,34세,상해없음,이륜,남,46세,중상
2013011200100252,2013년 1월 12일 11시,토요일,경상남도 거창군 거창읍,중상사고,0,1,1,0,차대차 - 측면직각충돌,신호위반,건조,맑음,교차로 - 교차로안,승용,여,42세,상해없음,이륜,남,73세,중상
2013011200100288,2013년 1월 12일 12시,토요일,경상남도 김해시 어방동,중상사고,0,2,0,0,차대차 - 측면직각충돌,교차로운행방법위반,건조,맑음,교차로 - 교차로안,승용,여,53세,중상,화물,남,22세,중상
2013011200100289,2013년 1월 12일 12시,토요일,경상남도 양산시 덕계동,중상사고,0,1,0,0,차대차 - 측면직각충돌,안전거리미확보,건조,맑음,교차로 - 교차로안,화물,남,37세,상해없음,승용,남,43세,상해없음
2013011200100290,2013년 1월 12일 12시,토요일,경상남도 합천군 야로면,중상사고,0,3,0,0,차대차 - 정면충돌,중앙선침범,건조,맑음,단일로 - 기타,승용,남,22세,중상,화물,남,41세,중상
2013011200100314,2013년 1월 12일 13시,토요일,경상남도 통영시 북신동,중상사고,0,1,0,0,차대차 - 측면직각충돌,안전운전불이행,건조,맑음,교차로 - 교차로안,승용,남,54세,상해없음,원동기,남,65세,중상
2013011200100315,2013년 1월 12일 13시,토요일,경상남도 김해시 장유면,중상사고,0,1,1,0,차대차 - 측면직각충돌,교차로운행방법위반,건조,맑음,교차로 - 교차로안,승용,남,44세,상해없음,승용,여,24세,중상
2013011200100346,2013년 1월 12일 14시,토요일,경상남도 통영시 인평동,경상사고,0,0,1,0,차대차 - 측면직각충돌,안전운전불이행,건조,맑음,단일로 - 기타,화물,남,38세,상해없음,자전거,남,45세,경상
2013011200100368,2013년 1월 12일 15시,토요일,경상남도 사천시 송포동,경상사고,0,0,1,0,차대차 - 기타,중앙선침범,건조,맑음,단일로 - 기타,승용,남,44세,상해없음,승용,남,42세,경상
2013011200100389,2013년 1월 12일 16시,토요일,경상남도 통영시 서호동,부상신고사고,0,0,0,1,차대차 - 측면직각충돌,교차로운행방법위반,건조,맑음,교차로 - 교차로안,원동기,남,71세,부상신고,승용,여,56세,상해없음
2013011200100390,2013년 1월 12일 16시,토요일,경상남도 통영시 태평동,중상사고,0,1,0,0,차대사람 - 차도통행중,안전운전불이행,건조,맑음,단일로 - 기타,승용,여,49세,상해없음,보행자,여,51세,중상
2013011200100391,2013년 1월 12일 16시,토요일,경상남도 사천시 동금동,경상사고,0,0,1,0,차대차 - 기타,불법유턴,건조,맑음,단일로 - 기타,화물,남,30세,상해없음,승용,남,30세,경상
2013011200100455,2013년 1월 12일 18시,토요일,경상남도 김해시 동상동,중상사고,0,1,0,0,차대차 - 측면직각충돌,안전운전불이행,건조,맑음,기타 - 기타,승용,남,68세,상해없음,승용,남,47세,기타불명
2013011200100456,2013년 1월 12일 18시,토요일,경상남도 창녕군 창녕읍,경상사고,0,0,7,0,차대차 - 기타,안전운전불이행,건조,맑음,단일로 - 기타,승용,남,56세,상해없음,승용,남,42세,경상
2013011200100457,2013년 1월 12일 18시,토요일,경상남도 거제시 장승포동,중상사고,0,1,0,0,차대차 - 정면충돌,신호위반,건조,맑음,교차로 - 교차로안,이륜,남,41세,상해없음,승용,남,65세,상해없음
2013011200100500,2013년 1월 12일 19시,토요일,경상남도 창원시 진해구 경화동,중상사고,0,2,0,0,차대차 - 측면직각충돌,신호위반,건조,맑음,교차로 - 교차로안,승용,여,51세,중상,승용,남,34세,중상
2013011200100501,2013년 1월 12일 19시,토요일,경상남도 김해시 불암동,중상사고,0,2,0,0,차대차 - 측면직각충돌,신호위반,건조,맑음,교차로 - 교차로안,화물,남,51세,기타불명,승합,남,47세,중상
2013011200100502,2013년 1월 12일 19시,토요일,경상남도 김해시 장유면,부상신고사고,0,0,0,1,차대차 - 추돌 - 주정차중,안전운전불이행,건조,맑음,기타 - 기타,자전거,남,57세,부상신고,승용,남,35세,기타불명
2013011200100526,2013년 1월 12일 20시,토요일,경상남도 통영시 도천동,경상사고,0,0,3,1,차대차 - 정면충돌,중앙선침범,건조,맑음,단일로 - 기타,원동기,남,16세,부상신고,승용,남,30세,경상
2013011200100527,2013년 1월 12일 20시,토요일,경상남도 함양군 함양읍,중상사고,0,1,0,1,차량단독 - 공작물충돌,안전운전불이행,건조,맑음,교차로 - 교차로부근,승용,여,45세,부상신고,,,,
2013011200100528,2013년 1월 12일 20시,토요일,경상남도 창원시 마산회원구 회원동,경상사고,0,0,1,0,차대차 - 추돌 - 진행중,안전운전불이행,건조,맑음,교차로 - 교차로부근,승용,남,50세,상해없음,승용,남,21세,경상
2013011200100529,2013년 1월 12일 20시,토요일,경상남도 김해시 장유면,중상사고,0,1,1,0,차대차 - 기타,안전운전불이행,건조,맑음,교차로 - 교차로부근,승용,여,48세,상해없음,승용,여,40세,중상
2013011200100554,2013년 1월 12일 21시,토요일,경상남도 통영시 정량동,중상사고,0,2,0,0,차대차 - 추돌 - 주정차중,안전운전불이행,건조,맑음,교차로 - 교차로부근,승용,남,50세,상해없음,승용,남,44세,중상
2013011200100555,2013년 1월 12일 21시,토요일,경상남도 양산시 북부동,중상사고,0,1,0,0,차대사람 - 기타,안전운전불이행,건조,맑음,교차로 - 교차로안,기타불명,기타불명,기타불명,기타불명,보행자,여,16세,중상
2013011200100556,2013년 1월 12일 21시,토요일,경상남도 거제시 장평동,경상사고,0,0,2,0,차대차 - 추돌 - 진행중,안전운전불이행,건조,맑음,단일로 - 기타,승용,여,43세,상해없음,승용,여,38세,경상
2013011200100580,2013년 1월 12일 22시,토요일,경상남도 창원시 성산구 가음정동,경상사고,0,0,2,0,차대차 - 측면직각충돌,신호위반,건조,맑음,교차로 - 교차로안,승용,여,40세,상해없음,승용,남,22세,경상
2013011200100603,2013년 1월 12일 23시,토요일,경상남도 양산시 물금읍,부상신고사고,0,0,0,1,차대차 - 추돌 - 주정차중,안전운전불이행,건조,맑음,기타 - 기타,승용,남,40세,상해없음,승합,남,43세,부상신고
2013011200100604,2013년 1월 12일 23시,토요일,경상남도 창원시 마산회원구 구암동,중상사고,0,1,1,1,차대차 - 추돌 - 주정차중,안전운전불이행,건조,맑음,단일로 - 기타,승용,여,51세,상해없음,승용,남,29세,경상
2013011200100605,2013년 1월 12일 23시,토요일,경상남도 창원시 의창구 소계동,경상사고,0,0,3,1,차대차 - 측면직각충돌,교차로운행방법위반,건조,맑음,교차로 - 교차로안,승용,남,21세,상해없음,승용,남,55세,경상
2013011300100016,2013년 1월 13일 00시,일요일,경상남도 창원시 의창구 팔용동,중상사고,0,2,0,0,차대차 - 측면직각충돌,안전운전불이행,건조,맑음,교차로 - 교차로부근,승용,남,41세,상해없음,승용,남,45세,중상
2013011300100039,2013년 1월 13일 01시,일요일,경상남도 진주시 하대동,중상사고,0,1,0,0,차대사람 - 횡단중,안전운전불이행,건조,맑음,단일로 - 기타,승용,남,50세,상해없음,보행자,남,49세,중상
2013011300100040,2013년 1월 13일 01시,일요일,경상남도 거제시 장승포동,중상사고,0,1,0,0,차대차 - 추돌 - 주정차중,안전운전불이행,건조,맑음,단일로 - 기타,화물,남,43세,상해없음,승용,기타불명,기타불명,기타불명
2013011300100058,2013년 1월 13일 02시,일요일,경상남도 양산시 어곡동,중상사고,0,2,0,0,차대차 - 측면직각충돌,교차로운행방법위반,건조,맑음,교차로 - 교차로부근,승용,남,33세,상해없음,승용,남,27세,중상
2013011300100059,2013년 1월 13일 02시,일요일,경상남도 의령군 가례면,중상사고,0,1,0,1,차대차 - 추돌 - 주정차중,안전운전불이행,건조,맑음,단일로 - 기타,승용,남,39세,부상신고,승용,여,52세,기타불명
2013011300100070,2013년 1월 13일 03시,일요일,경상남도 창원시 마산합포구 남성동,경상사고,0,0,1,0,차대차 - 측면직각충돌,교차로운행방법위반,습기,맑음,교차로 - 교차로안,승용,남,34세,상해없음,승용,남,35세,경상
2013011300100071,2013년 1월 13일 03시,일요일,경상남도 통영시 서호동,경상사고,0,0,1,0,차대차 - 추돌 - 진행중,안전운전불이행,건조,맑음,교차로 - 교차로부근,기타불명,기타불명,기타불명,기타불명,자전거,남,63세,경상
2013011300100089,2013년 1월 13일 05시,일요일,경상남도 김해시 부원동,경상사고,0,0,1,0,차대차 - 측면직각충돌,신호위반,건조,맑음,단일로 - 횡단보도상,화물,남,56세,상해없음,자전거,남,62세,경상
2013011300100120,2013년 1월 13일 07시,일요일,경상남도 양산시 북부동,중상사고,0,2,0,0,차대차 - 측면직각충돌,중앙선침범,건조,맑음,교차로 - 교차로안,승용,남,21세,상해없음,승용,남,25세,중상
2013011300100121,2013년 1월 13일 07시,일요일,경상남도 거제시 고현동,중상사고,0,1,0,0,차대사람 - 기타,보행자보호의무위반,건조,맑음,단일로 - 횡단보도상,승용,남,33세,상해없음,보행자,여,62세,중상
2013011300100135,2013년 1월 13일 08시,일요일,경상남도 창녕군 영산면,중상사고,0,1,0,0,차대차 - 기타,신호위반,건조,흐림,교차로 - 교차로안,화물,남,42세,상해없음,이륜,남,42세,중상
2013011300100158,2013년 1월 13일 10시,일요일,경상남도 사천시 향촌동,중상사고,0,1,0,0,차대사람 - 기타,안전운전불이행,건조,맑음,교차로 - 교차로안,화물,남,51세,상해없음,보행자,여,85세,중상
2013011300100205,2013년 1월 13일 13시,일요일,경상남도 양산시 하북면,경상사고,0,0,1,0,차대사람 - 횡단중,안전운전불이행,건조,맑음,단일로 - 기타,승용,여,55세,상해없음,보행자,여,63세,경상
2013011300100206,2013년 1월 13일 13시,일요일,경상남도 남해군 남면,중상사고,0,2,0,0,차대차 - 측면직각충돌,안전운전불이행,건조,맑음,기타 - 기타,승용,남,53세,상해없음,승용,남,24세,중상
2013011300100221,2013년 1월 13일 14시,일요일,경상남도 산청군 단성면,중상사고,0,1,3,0,차대차 - 측면직각충돌,중앙선침범,건조,흐림,단일로 - 기타,승용,남,56세,경상,승용,남,65세,경상
2013011300100259,2013년 1월 13일 16시,일요일,경상남도 창원시 의창구 동읍,중상사고,0,1,3,0,차대차 - 기타,교차로운행방법위반,건조,맑음,교차로 - 교차로안,승용,남,45세,상해없음,승용,여,56세,경상
2013011300100260,2013년 1월 13일 16시,일요일,경상남도 고성군 거류면,경상사고,0,0,1,0,차대차 - 측면직각충돌,안전거리미확보,건조,맑음,단일로 - 기타,기타불명,기타불명,기타불명,기타불명,승용,남,57세,경상
2013011300100313,2013년 1월 13일 18시,일요일,경상남도 김해시 내동,중상사고,0,1,1,0,차대차 - 측면직각충돌,교차로운행방법위반,건조,맑음,교차로 - 교차로안,승용,여,26세,상해없음,승용,남,48세,중상
2013011300100352,2013년 1월 13일 19시,일요일,경상남도 창원시 진해구 화천동,경상사고,0,0,2,0,차대차 - 추돌 - 진행중,차로위반,건조,맑음,단일로 - 기타,원동기,남,25세,경상,원동기,남,16세,경상
2013011300100375,2013년 1월 13일 20시,일요일,경상남도 통영시 무전동,경상사고,0,0,1,0,차대차 - 정면충돌,교차로운행방법위반,건조,맑음,교차로 - 교차로안,승용,여,40세,상해없음,원동기,남,30세,경상
2013011300100406,2013년 1월 13일 21시,일요일,경상남도 통영시 미수동,경상사고,0,0,2,0,차대차 - 기타,교차로운행방법위반,건조,맑음,교차로 - 교차로부근,승용,남,50세,상해없음,승용,남,19세,경상
2013011300100407,2013년 1월 13일 21시,일요일,경상남도 양산시 중부동,경상사고,0,0,1,0,차대차 - 기타,안전운전불이행,건조,흐림,단일로 - 기타,승용,남,28세,상해없음,승용,남,47세,경상
2013011300100436,2013년 1월 13일 22시,일요일,경상남도 창원시 의창구 봉곡동,경상사고,0,0,1,0,차대사람 - 차도통행중,안전운전불이행,건조,맑음,단일로 - 기타,승용,남,28세,상해없음,보행자,여,52세,경상
2013011300100452,2013년 1월 13일 23시,일요일,경상남도 사천시 사천읍,경상사고,0,0,1,0,차대차 - 기타,안전운전불이행,건조,맑음,교차로 - 교차로부근,승용,남,49세,상해없음,승용,남,26세,경상
2013011300100453,2013년 1월 13일 23시,일요일,경상남도 김해시 삼정동,경상사고,0,0,1,0,차대차 - 측면직각충돌,교차로운행방법위반,건조,맑음,교차로 - 교차로안,승용,남,46세,상해없음,승용,남,42세,상해없음
2013011400100011,2013년 1월 14일 00시,월요일,경상남도 거제시 사등면,경상사고,0,0,2,0,차대차 - 기타,안전운전불이행,건조,맑음,단일로 - 기타,승용,남,27세,상해없음,승용,남,62세,경상
2013011400100052,2013년 1월 14일 05시,월요일,경상남도 통영시 인평동,경상사고,0,0,1,0,차대차 - 기타,교차로운행방법위반,건조,맑음,교차로 - 교차로부근,승용,남,55세,상해없음,승합,남,38세,경상
2013011400100085,2013년 1월 14일 07시,월요일,경상남도 김해시 상동면,경상사고,0,0,1,0,차대차 - 정면충돌,중앙선침범,건조,맑음,단일로 - 기타,승용,남,55세,상해없음,승용,남,57세,경상
2013011400100086,2013년 1월 14일 07시,월요일,경상남도 거제시 고현동,중상사고,0,1,0,0,차대차 - 추돌 - 진행중,안전운전불이행,건조,맑음,교차로 - 교차로안,승용,남,36세,상해없음,자전거,남,55세,중상
2013011400100087,2013년 1월 14일 07시,월요일,경상남도 창원시 의창구 용호동,중상사고,0,1,0,0,차대사람 - 횡단중,보행자보호의무위반,건조,맑음,교차로 - 교차로부근,승용,남,58세,기타불명,보행자,여,30세,중상
2013011400100139,2013년 1월 14일 09시,월요일,경상남도 사천시 용현면,경상사고,0,0,1,0,차대차 - 추돌 - 주정차중,안전운전불이행,건조,맑음,단일로 - 기타,승용,여,32세,상해없음,승합,여,41세,경상
2013011400100167,2013년 1월 14일 10시,월요일,경상남도 창원시 성산구 대방동,중상사고,0,1,0,0,차대차 - 기타,교차로운행방법위반,건조,흐림,교차로 - 교차로안,승용,여,38세,상해없음,원동기,남,70세,중상
2013011400100186,2013년 1월 14일 11시,월요일,경상남도 통영시 광도면,경상사고,0,0,1,0,차대차 - 측면직각충돌,직진우회전진행방해,건조,맑음,교차로 - 교차로안,승용,여,55세,상해없음,승용,여,61세,경상
2013011400100187,2013년 1월 14일 11시,월요일,경상남도 김해시 내동,중상사고,0,3,1,0,차대차 - 측면직각충돌,차로위반,건조,맑음,단일로 - 기타,승용,여,22세,상해없음,승합,여,35세,중상
2013011400100203,2013년 1월 14일 12시,월요일,경상남도 거제시 장평동,중상사고,0,1,0,0,차대차 - 추돌 - 진행중,교차로운행방법위반,건조,맑음,교차로 - 교차로안,건설기계,남,52세,상해없음,승용,여,31세,중상
2013011400100204,2013년 1월 14일 12시,월요일,경상남도 함안군 산인면,경상사고,0,0,1,0,차대차 - 기타,안전운전불이행,건조,맑음,교차로 - 교차로부근,승용,남,44세,상해없음,승용,여,25세,경상
2013011400100226,2013년 1월 14일 13시,월요일,경상남도 거창군 거창읍,경상사고,0,0,1,0,차대사람 - 횡단중,안전운전불이행,건조,맑음,단일로 - 기타,승용,남,48세,상해없음,보행자,여,40세,경상
2013011400100227,2013년 1월 14일 13시,월요일,경상남도 창원시 성산구 상남동,경상사고,0,0,1,0,차대차 - 측면직각충돌,안전거리미확보,건조,맑음,단일로 - 기타,승용,남,27세,상해없음,승용,여,27세,경상
2013011400100270,2013년 1월 14일 15시,월요일,경상남도 창원시 의창구 용호동,중상사고,0,1,0,0,차대사람 - 횡단중,안전운전불이행,기타,맑음,단일로 - 기타,승용,여,50세,상해없음,보행자,여,17세,중상
2013011400100271,2013년 1월 14일 15시,월요일,경상남도 김해시 진영읍,중상사고,0,1,0,0,차대차 - 측면직각충돌,안전운전불이행,건조,맑음,단일로 - 기타,승용,여,51세,상해없음,승용,남,40세,중상
2013011400100300,2013년 1월 14일 16시,월요일,경상남도 창원시 의창구 사림동,중상사고,0,1,0,0,차대차 - 기타,안전운전불이행,기타,맑음,교차로 - 교차로안,승용,남,51세,상해없음,승용,여,42세,중상
2013011400100367,2013년 1월 14일 18시,월요일,경상남도 진주시 가좌동,중상사고,0,1,0,0,차대차 - 기타,안전운전불이행,건조,맑음,단일로 - 기타,원동기,남,73세,중상,승용,남,48세,상해없음
2013011400100404,2013년 1월 14일 19시,월요일,경상남도 창원시 진해구 자은동,경상사고,0,0,1,0,차대차 - 측면직각충돌,안전운전불이행,건조,맑음,교차로 - 교차로안,승용,남,31세,상해없음,승용,남,33세,경상
2013011400100511,2013년 1월 14일 23시,월요일,경상남도 진주시 가좌동,중상사고,0,1,0,0,차대사람 - 횡단중,신호위반,건조,맑음,교차로 - 교차로안,승용,남,38세,상해없음,보행자,여,21세,중상
2013011500100018,2013년 1월 15일 00시,화요일,경상남도 창원시 마산합포구 오동동,중상사고,0,1,0,0,차대사람 - 차도통행중,보행자보호의무위반,건조,맑음,교차로 - 교차로안,승용,남,64세,상해없음,보행자,남,60세,중상
2013011500100019,2013년 1월 15일 00시,화요일,경상남도 함안군 군북면,부상신고사고,0,0,0,1,차대차 - 추돌 - 진행중,안전운전불이행,건조,맑음,단일로 - 기타,특수,남,34세,상해없음,화물,남,56세,부상신고
2013011500100037,2013년 1월 15일 01시,화요일,경상남도 창녕군 계성면,중상사고,0,1,0,0,차대차 - 추돌 - 주정차중,안전운전불이행,건조,맑음,단일로 - 기타,승용,남,29세,중상,특수,남,51세,기타불명
2013011500100038,2013년 1월 15일 01시,화요일,경상남도 창원시 의창구 봉곡동,경상사고,0,0,3,0,차대차 - 측면직각충돌,안전운전불이행,건조,맑음,단일로 - 기타,승용,남,51세,상해없음,승용,남,39세,경상
2013011500100080,2013년 1월 15일 05시,화요일,경상남도 거제시 사등면,경상사고,0,0,1,0,차대차 - 기타,신호위반,건조,맑음,교차로 - 교차로안,승용,남,18세,상해없음,승용,남,49세,경상
2013011500100096,2013년 1월 15일 06시,화요일,경상남도 거제시 고현동,중상사고,0,1,4,0,차대차 - 추돌 - 진행중,안전운전불이행,건조,맑음,교차로 - 교차로부근,승용,남,44세,상해없음,승용,남,46세,경상
2013011500100163,2013년 1월 15일 09시,화요일,경상남도 창원시 진해구 석동,경상사고,0,0,1,0,차대차 - 측면직각충돌,신호위반,건조,맑음,교차로 - 교차로안,승용,남,69세,상해없음,승용,남,46세,경상
2013011500100164,2013년 1월 15일 09시,화요일,경상남도 창원시 의창구 팔용동,경상사고,0,0,1,0,차대사람 - 횡단중,안전운전불이행,건조,맑음,단일로 - 기타,승용,남,30세,상해없음,보행자,남,51세,경상
2013011500100165,2013년 1월 15일 09시,화요일,경상남도 창원시 의창구 명서동,경상사고,0,0,1,0,차대차 - 측면직각충돌,신호위반,건조,맑음,교차로 - 교차로안,승용,여,44세,상해없음,승용,남,27세,경상
2013011500100166,2013년 1월 15일 09시,화요일,경상남도 김해시 화목동,중상사고,0,4,0,0,차대차 - 추돌 - 주정차중,안전운전불이행,건조,맑음,단일로 - 기타,승용,남,25세,중상,화물,남,28세,기타불명
2013011500100189,2013년 1월 15일 10시,화요일,경상남도 창원시 마산합포구 현동,경상사고,0,0,1,0,차대차 - 추돌 - 진행중,안전거리미확보,건조,맑음,교차로 - 교차로부근,승용,여,60세,상해없음,승용,남,53세,경상
2013011500100190,2013년 1월 15일 10시,화요일,경상남도 통영시 서호동,중상사고,0,1,0,0,차대사람 - 횡단중,안전운전불이행,건조,맑음,교차로 - 교차로안,승용,여,49세,상해없음,보행자,여,64세,중상
2013011500100191,2013년 1월 15일 10시,화요일,경상남도 김해시 내동,경상사고,0,0,1,0,차대차 - 측면직각충돌,교차로운행방법위반,건조,맑음,교차로 - 교차로안,승용,남,42세,상해없음,승용,여,35세,경상
2013011500100192,2013년 1월 15일 10시,화요일,경상남도 양산시 동면,중상사고,0,1,1,0,차량단독 - 공작물충돌,안전운전불이행,건조,맑음,단일로 - 기타,승용,남,23세,기타불명,,,,
2013011500100193,2013년 1월 15일 10시,화요일,경상남도 양산시 덕계동,중상사고,0,2,2,0,차대차 - 기타,안전운전불이행,건조,맑음,단일로 - 기타,화물,남,44세,상해없음,승용,남,37세,경상
2013011500100204,2013년 1월 15일 11시,화요일,경상남도 거제시 옥포동,경상사고,0,0,1,0,차대차 - 추돌 - 진행중,안전운전불이행,건조,맑음,기타 - 기타,승합,남,51세,상해없음,승용,여,47세,상해없음
2013011500100243,2013년 1월 15일 13시,화요일,경상남도 창녕군 도천면,중상사고,0,1,0,0,차대차 - 측면직각충돌,안전운전불이행,건조,맑음,단일로 - 기타,승용,남,52세,상해없음,농기계,남,74세,중상
2013011500100263,2013년 1월 15일 14시,화요일,경상남도 김해시 주촌면,중상사고,0,1,0,0,차대차 - 측면직각충돌,교차로운행방법위반,건조,맑음,교차로 - 교차로안,승용,남,56세,상해없음,원동기,남,51세,중상
2013011500100282,2013년 1월 15일 15시,화요일,경상남도 진주시 명석면,부상신고사고,0,0,0,1,차량단독 - 공작물충돌,안전운전불이행,건조,맑음,단일로 - 기타,승용,남,45세,부상신고,,,,
2013011500100303,2013년 1월 15일 16시,화요일,경상남도 창녕군 계성면,중상사고,0,1,0,0,차대차 - 측면직각충돌,안전운전불이행,건조,맑음,교차로 - 교차로안,승용,여,32세,상해없음,원동기,여,51세,중상
2013011500100356,2013년 1월 15일 18시,화요일,경상남도 함양군 서하면,중상사고,0,1,1,1,차대차 - 정면충돌,중앙선침범,건조,맑음,단일로 - 기타,화물,남,75세,부상신고,승용,남,61세,중상
2013011500100357,2013년 1월 15일 18시,화요일,경상남도 거제시 옥포동,중상사고,0,2,0,0,차대차 - 기타,교차로운행방법위반,건조,맑음,교차로 - 교차로안,승용,여,50세,상해없음,승용,여,34세,중상
2013011500100392,2013년 1월 15일 19시,화요일,경상남도 창원시 성산구 성주동,중상사고,0,1,0,0,차대사람 - 횡단중,신호위반,건조,맑음,교차로 - 교차로부근,승용,남,59세,상해없음,보행자,여,47세,중상
2013011500100393,2013년 1월 15일 19시,화요일,경상남도 창원시 의창구 봉곡동,경상사고,0,0,1,0,차대사람 - 기타,안전운전불이행,건조,맑음,단일로 - 기타,승용,남,55세,상해없음,보행자,여,38세,경상
2013011500100394,2013년 1월 15일 19시,화요일,경상남도 창원시 의창구 북면,중상사고,0,2,1,0,차대차 - 추돌 - 주정차중,안전운전불이행,건조,맑음,단일로 - 기타,화물,남,45세,상해없음,승용,여,53세,중상
2013011500100423,2013년 1월 15일 20시,화요일,경상남도 창원시 마산합포구 완월동,중상사고,0,1,0,0,차대사람 - 횡단중,안전운전불이행,건조,맑음,단일로 - 기타,승용,남,47세,상해없음,보행자,남,51세,중상
2013011500100424,2013년 1월 15일 20시,화요일,경상남도 밀양시 초동면,중상사고,0,1,0,0,차대사람 - 길가장자리구역통행중,안전운전불이행,건조,맑음,단일로 - 기타,승용,남,21세,상해없음,보행자,여,58세,중상
2013011500100425,2013년 1월 15일 20시,화요일,경상남도 김해시 내동,중상사고,0,1,0,0,차대차 - 기타,신호위반,건조,맑음,교차로 - 교차로부근,승용,남,26세,상해없음,이륜,남,18세,중상
2013011500100426,2013년 1월 15일 20시,화요일,경상남도 창원시 마산회원구 합성동,경상사고,0,0,1,0,차대사람 - 기타,안전운전불이행,건조,맑음,단일로 - 기타,승용,남,44세,상해없음,보행자,남,44세,경상
2013011500100462,2013년 1월 15일 21시,화요일,경상남도 창원시 마산합포구 가포동,중상사고,0,1,0,0,차량단독 - 전도전복,안전운전불이행,습기,흐림,단일로 - 기타,승용,남,18세,상해없음,,,,
2013011500100463,2013년 1월 15일 21시,화요일,경상남도 창원시 마산회원구 구암동,경상사고,0,0,1,0,차대차 - 측면직각충돌,안전운전불이행,건조,맑음,교차로 - 교차로안,승용,여,50세,상해없음,승용,여,55세,경상
2013011500100531,2013년 1월 15일 23시,화요일,경상남도 창원시 마산합포구 진전면,중상사고,0,1,0,0,차량단독 - 공작물충돌,안전운전불이행,습기,흐림,단일로 - 기타,승용,남,28세,중상,,,,
2013011500100532,2013년 1월 15일 23시,화요일,경상남도 창원시 마산합포구 진전면,중상사고,0,1,0,0,차대사람 - 기타,안전운전불이행,습기,흐림,단일로 - 기타,승용,남,30세,상해없음,보행자,남,29세,중상
2013011500100533,2013년 1월 15일 23시,화요일,경상남도 김해시 장유면,사망사고,1,0,0,0,차량단독 - 공작물충돌,안전운전불이행,건조,맑음,교차로 - 교차로부근,승용,남,39세,사망,,,,
2013011600100016,2013년 1월 16일 00시,수요일,경상남도 거제시 일운면,경상사고,0,0,1,0,차대사람 - 횡단중,안전운전불이행,건조,맑음,기타 - 기타,이륜,남,32세,상해없음,보행자,여,47세,경상
2013011600100047,2013년 1월 16일 02시,수요일,경상남도 밀양시 활성동,경상사고,0,0,2,0,차대차 - 측면직각충돌,안전운전불이행,건조,맑음,교차로 - 교차로안,승용,남,51세,상해없음,승용,여,25세,경상
2013011600100054,2013년 1월 16일 03시,수요일,경상남도 창원시 마산합포구 중앙동1가,중상사고,0,1,0,0,차량단독 - 공작물충돌,안전운전불이행,건조,맑음,단일로 - 기타,승용,남,42세,상해없음,,,,
2013011600100066,2013년 1월 16일 04시,수요일,경상남도 김해시 구산동,경상사고,0,0,2,0,차대차 - 측면직각충돌,안전운전불이행,건조,맑음,단일로 - 터널,승용,남,48세,경상,승합,여,40세,경상