사고번호,사고일시,요일,시군구,사고내용,사망자수,중상자수,경상자수,부상신고자수,사고유형,법규위반,노면상태,기상상태,도로형태,가해운전자 차종,가해운전자 성별,가해운전자 연령,가해운전자 상해정도,피해운전자 차종,피해운전자 성별,피해운전자 연령,피해운전자 상해정도
2013011600100085,2013년 1월 16일 06시,수요일,경상남도 김해시 삼방동,경상사고,0,0,4,0,차대차 - 측면직각충돌,신호위반,건조,맑음,교차로 - 교차로안,화물,남,55세,상해없음,승용,여,54세,경상
2013011600100106,2013년 1월 16일 07시,수요일,경상남도 창원시 마산합포구 동성동,경상사고,0,0,1,0,차대사람 - 횡단중,보행자보호의무위반,건조,맑음,단일로 - 횡단보도상,승용,기타불명,기타불명,기타불명,보행자,여,62세,경상
2013011600100107,2013년 1월 16일 07시,수요일,경상남도 진주시 이현동,사망사고,1,0,0,0,차대사람 - 횡단중,안전운전불이행,건조,맑음,단일로 - 기타,화물,남,39세,상해없음,보행자,남,69세,사망
2013011600100137,2013년 1월 16일 08시,수요일,경상남도 사천시 송포동,중상사고,0,1,0,0,차대차 - 추돌 - 진행중,안전운전불이행,건조,맑음,단일로 - 기타,화물,남,48세,상해없음,이륜,남,66세,중상
2013011600100138,2013년 1월 16일 08시,수요일,경상남도 양산시 평산동,중상사고,0,1,0,0,차대차 - 기타,중앙선침범,건조,맑음,단일로 - 기타,승용,여,41세,기타불명,승용,여,32세,중상
2013011600100159,2013년 1월 16일 09시,수요일,경상남도 김해시 동상동,경상사고,0,0,1,0,차대차 - 추돌 - 주정차중,안전운전불이행,건조,맑음,단일로 - 기타,승용,남,35세,상해없음,승용,여,33세,경상
2013011600100172,2013년 1월 16일 10시,수요일,경상남도 진주시 초전동,경상사고,0,0,1,0,차대차 - 추돌 - 진행중,교차로운행방법위반,건조,맑음,교차로 - 교차로부근,화물,남,58세,상해없음,승용,여,55세,경상
2013011600100173,2013년 1월 16일 10시,수요일,경상남도 창원시 진해구 용원동,중상사고,0,1,0,0,차량단독 - 전도전복,안전운전불이행,건조,맑음,단일로 - 기타,원동기,남,62세,중상,,,,
2013011600100174,2013년 1월 16일 10시,수요일,경상남도 양산시 동면,중상사고,0,3,0,0,차대차 - 기타,안전거리미확보,건조,맑음,교차로 - 교차로안,승용,남,58세,상해없음,승용,남,50세,중상
2013011600100175,2013년 1월 16일 10시,수요일,경상남도 거제시 장평동,중상사고,0,1,0,0,차대차 - 기타,중앙선침범,건조,맑음,교차로 - 교차로부근,승용,여,42세,상해없음,승합,남,56세,상해없음
2013011600100176,2013년 1월 16일 10시,수요일,경상남도 김해시 흥동,중상사고,0,1,1,0,차대차 - 기타,교차로운행방법위반,건조,맑음,교차로 - 교차로안,건설기계,남,42세,경상,승용,남,26세,중상
2013011600100197,2013년 1월 16일 11시,수요일,경상남도 사천시 벌리동,경상사고,0,0,1,0,차대차 - 추돌 - 주정차중,안전운전불이행,건조,맑음,단일로 - 기타,승용,남,38세,상해없음,승용,남,54세,경상
2013011600100199,2013년 1월 16일 11시,수요일,경상남도 창원시 마산회원구 석전동,경상사고,0,0,1,0,차대차 - 기타,안전운전불이행,건조,맑음,단일로 - 기타,특수,남,44세,상해없음,승용,여,39세,경상
2013011600100217,2013년 1월 16일 12시,수요일,경상남도 김해시 외동,경상사고,0,0,1,0,차대차 - 측면직각충돌,교차로운행방법위반,건조,맑음,교차로 - 교차로안,승용,여,44세,상해없음,이륜,남,50세,경상
2013011600100241,2013년 1월 16일 13시,수요일,경상남도 통영시 서호동,경상사고,0,0,1,0,차대사람 - 횡단중,안전운전불이행,건조,맑음,단일로 - 기타,승용,남,51세,상해없음,보행자,여,50세,경상
2013011600100256,2013년 1월 16일 14시,수요일,경상남도 창원시 마산회원구 석전동,경상사고,0,0,1,0,차대사람 - 보도통행중,안전운전불이행,건조,맑음,기타 - 기타,승용,남,56세,상해없음,보행자,여,33세,경상
2013011600100286,2013년 1월 16일 15시,수요일,경상남도 창녕군 창녕읍,중상사고,0,1,0,0,차량단독 - 기타,안전운전불이행,건조,맑음,기타 - 기타,승합,남,55세,상해없음,,,,
2013011600100287,2013년 1월 16일 15시,수요일,경상남도 의령군 유곡면,중상사고,0,1,0,0,차량단독 - 전도전복,안전운전불이행,적설,흐림,단일로 - 기타,화물,남,47세,중상,,,,
2013011600100288,2013년 1월 16일 15시,수요일,경상남도 의령군 대의면,중상사고,0,1,0,0,차대사람 - 차도통행중,안전운전불이행,건조,맑음,교차로 - 교차로안,승용,남,50세,상해없음,보행자,남,87세,중상
2013011600100301,2013년 1월 16일 16시,수요일,경상남도 창원시 의창구 대산면,경상사고,0,0,1,0,차대차 - 추돌 - 주정차중,안전운전불이행,건조,맑음,교차로 - 교차로부근,승용,남,55세,상해없음,승용,여,23세,경상
2013011600100356,2013년 1월 16일 18시,수요일,경상남도 통영시 무전동,사망사고,1,0,0,0,차대사람 - 기타,안전운전불이행,건조,맑음,교차로 - 교차로부근,승합,남,33세,상해없음,보행자,남,7세,사망
2013011600100357,2013년 1월 16일 18시,수요일,경상남도 양산시 북부동,경상사고,0,0,2,0,차대차 - 기타,안전거리미확보,건조,맑음,단일로 - 기타,승용,남,56세,상해없음,승용,남,47세,경상
2013011600100358,2013년 1월 16일 18시,수요일,경상남도 양산시 동면,중상사고,0,2,0,0,차대차 - 기타,신호위반,건조,맑음,교차로 - 교차로안,승용,남,61세,상해없음,승용,남,61세,중상
2013011600100407,2013년 1월 16일 19시,수요일,경상남도 창원시 마산회원구 회원동,경상사고,0,0,2,0,차대차 - 기타,신호위반,건조,맑음,교차로 - 교차로안,승용,여,56세,상해없음,승용,남,50세,경상
2013011600100408,2013년 1월 16일 19시,수요일,경상남도 창원시 의창구 팔용동,중상사고,0,3,3,0,차대차 - 기타,안전운전불이행,건조,맑음,교차로 - 교차로부근,승용,남,60세,상해없음,승용,남,24세,중상
2013011600100409,2013년 1월 16일 19시,수요일,경상남도 김해시 장유면,중상사고,0,1,0,0,차대차 - 기타,안전운전불이행,건조,맑음,교차로 - 교차로안,승용,여,59세,상해없음,이륜,남,21세,중상
2013011600100435,2013년 1월 16일 20시,수요일,경상남도 양산시 평산동,경상사고,0,0,2,0,차대사람 - 기타,안전운전불이행,건조,맑음,기타 - 기타,승용,남,53세,상해없음,보행자,남,40세,경상
2013011600100472,2013년 1월 16일 21시,수요일,경상남도 김해시 삼계동,경상사고,0,0,2,0,차대차 - 추돌 - 주정차중,안전운전불이행,건조,맑음,교차로 - 교차로부근,승용,남,36세,상해없음,승용,남,51세,상해없음
2013011600100501,2013년 1월 16일 22시,수요일,경상남도 거제시 옥포동,경상사고,0,0,1,0,차대차 - 기타,교차로운행방법위반,건조,맑음,단일로 - 기타,승용,남,59세,상해없음,승용,남,38세,경상
2013011600100502,2013년 1월 16일 22시,수요일,경상남도 거제시 옥포동,중상사고,0,1,0,0,차대차 - 기타,안전운전불이행,건조,맑음,교차로 - 교차로안,승용,남,27세,상해없음,자전거,남,19세,중상
2013011600100530,2013년 1월 16일 23시,수요일,경상남도 통영시 무전동,중상사고,0,2,0,0,차대차 - 측면직각충돌,교차로운행방법위반,건조,맑음,교차로 - 교차로안,승용,남,30세,중상,승용,남,46세,중상
2013011700100034,2013년 1월 17일 01시,목요일,경상남도 창원시 진해구 충무동,경상사고,0,0,2,0,차대차 - 추돌 - 주정차중,안전운전불이행,건조,맑음,교차로 - 교차로부근,승용,남,40세,상해없음,승용,남,57세,경상
2013011700100099,2013년 1월 17일 06시,목요일,경상남도 창원시 마산합포구 부림동,중상사고,0,1,0,0,차대사람 - 횡단중,신호위반,건조,맑음,단일로 - 횡단보도상,화물,남,65세,상해없음,보행자,여,59세,중상
2013011700100118,2013년 1월 17일 07시,목요일,경상남도 양산시 유산동,중상사고,0,1,1,0,차대차 - 기타,안전거리미확보,건조,맑음,단일로 - 기타,승용,남,50세,상해없음,승용,남,59세,중상
2013011700100119,2013년 1월 17일 07시,목요일,경상남도 창원시 의창구 대원동,중상사고,0,1,0,0,차대사람 - 횡단중,안전운전불이행,건조,맑음,단일로 - 기타,승합,남,61세,상해없음,보행자,남,49세,중상
2013011700100120,2013년 1월 17일 07시,목요일,경상남도 창원시 의창구 북면,경상사고,0,0,1,0,차대차 - 기타,중앙선침범,건조,맑음,단일로 - 기타,화물,남,42세,상해없음,화물,남,52세,경상
2013011700100147,2013년 1월 17일 08시,목요일,경상남도 진주시 수곡면,중상사고,0,1,0,0,차대차 - 측면직각충돌,안전운전불이행,건조,맑음,단일로 - 기타,화물,남,39세,상해없음,승용,남,68세,중상
2013011700100170,2013년 1월 17일 09시,목요일,경상남도 양산시 하북면,경상사고,0,0,1,0,차대차 - 측면직각충돌,안전운전불이행,건조,맑음,교차로 - 교차로안,건설기계,남,63세,상해없음,승용,남,58세,경상
2013011700100198,2013년 1월 17일 10시,목요일,경상남도 통영시 무전동,경상사고,0,0,3,0,차대차 - 측면직각충돌,직진우회전진행방해,건조,맑음,교차로 - 교차로안,승용,여,26세,상해없음,화물,남,44세,경상
2013011700100199,2013년 1월 17일 10시,목요일,경상남도 김해시 한림면,중상사고,0,3,4,0,차대차 - 추돌 - 진행중,안전운전불이행,건조,맑음,교차로 - 교차로부근,건설기계,남,59세,상해없음,승용,남,43세,중상
2013011700100223,2013년 1월 17일 11시,목요일,경상남도 창원시 의창구 도계동,경상사고,0,0,1,0,차대사람 - 기타,안전운전불이행,건조,맑음,교차로 - 교차로부근,승용,남,54세,상해없음,보행자,남,15세,경상
2013011700100257,2013년 1월 17일 13시,목요일,경상남도 창원시 마산회원구 양덕동,중상사고,0,1,1,0,차대차 - 측면직각충돌,신호위반,건조,맑음,교차로 - 교차로안,승용,여,58세,경상,화물,남,49세,중상
2013011700100258,2013년 1월 17일 13시,목요일,경상남도 창원시 마산회원구 석전동,경상사고,0,0,1,0,차대차 - 추돌 - 주정차중,안전운전불이행,건조,맑음,교차로 - 교차로부근,승용,남,54세,상해없음,승용,여,39세,경상
2013011700100303,2013년 1월 17일 15시,목요일,경상남도 창원시 의창구 명서동,중상사고,0,1,0,0,차대사람 - 기타,안전운전불이행,건조,맑음,교차로 - 교차로부근,승용,남,57세,상해없음,보행자,남,52세,중상
2013011700100345,2013년 1월 17일 17시,목요일,경상남도 창원시 마산합포구 자산동,중상사고,0,1,0,0,차대사람 - 기타,안전운전불이행,건조,맑음,단일로 - 기타,승용,여,31세,상해없음,보행자,남,79세,중상
2013011700100346,2013년 1월 17일 17시,목요일,경상남도 창녕군 도천면,중상사고,0,1,0,0,차대차 - 기타,안전운전불이행,건조,맑음,단일로 - 기타,승용,남,53세,중상,승용,기타불명,기타불명,기타불명
2013011700100347,2013년 1월 17일 17시,목요일,경상남도 거제시 상동동,중상사고,0,1,0,0,차대차 - 기타,안전운전불이행,건조,맑음,단일로 - 기타,이륜,남,36세,상해없음,자전거,남,12세,중상
2013011700100348,2013년 1월 17일 17시,목요일,경상남도 창원시 마산회원구 합성동,경상사고,0,0,9,0,차대차 - 추돌 - 주정차중,안전운전불이행,건조,맑음,교차로 - 교차로부근,승용,남,49세,상해없음,승용,남,41세,경상
2013011700100392,2013년 1월 17일 18시,목요일,경상남도 통영시 북신동,경상사고,0,0,1,0,차대차 - 추돌 - 주정차중,안전운전불이행,건조,맑음,교차로 - 교차로부근,화물,남,60세,상해없음,승용,여,34세,경상
2013011700100393,2013년 1월 17일 18시,목요일,경상남도 창원시 마산회원구 합성동,중상사고,0,3,1,0,차대차 - 추돌 - 주정차중,안전운전불이행,건조,맑음,단일로 - 기타,화물,남,43세,상해없음,승용,남,52세,중상
2013011700100394,2013년 1월 17일 18시,목요일,경상남도 창원시 의창구 도계동,경상사고,0,0,2,0,차대차 - 측면직각충돌,기타,건조,맑음,교차로 - 교차로안,화물,남,48세,상해없음,이륜,남,16세,경상
2013011700100466,2013년 1월 17일 20시,목요일,경상남도 통영시 광도면,경상사고,0,0,2,0,차대차 - 측면직각충돌,신호위반,건조,맑음,교차로 - 교차로안,이륜,남,16세,상해없음,승용,남,26세,경상
2013011700100467,2013년 1월 17일 20시,목요일,경상남도 김해시 외동,경상사고,0,0,1,0,차대차 - 측면직각충돌,불법유턴,건조,맑음,단일로 - 기타,승용,여,30세,상해없음,원동기,남,16세,경상
2013011700100468,2013년 1월 17일 20시,목요일,경상남도 김해시 진영읍,경상사고,0,0,1,0,차대차 - 측면직각충돌,신호위반,건조,맑음,교차로 - 교차로안,승용,남,26세,상해없음,화물,남,44세,경상
2013011700100498,2013년 1월 17일 21시,목요일,경상남도 진주시 평거동,중상사고,0,1,0,0,차대차 - 측면직각충돌,안전운전불이행,건조,맑음,단일로 - 기타,승용,남,64세,상해없음,원동기,남,17세,중상
2013011700100499,2013년 1월 17일 21시,목요일,경상남도 거제시 상동동,중상사고,0,1,0,0,차대차 - 기타,안전운전불이행,건조,맑음,단일로 - 기타,승용,남,29세,상해없음,이륜,남,29세,중상
2013011700100517,2013년 1월 17일 22시,목요일,경상남도 창원시 마산합포구 상남동,경상사고,0,0,1,0,차대차 - 추돌 - 진행중,안전거리미확보,건조,맑음,교차로 - 교차로부근,승용,남,55세,상해없음,승용,여,46세,경상
2013011700100518,2013년 1월 17일 22시,목요일,경상남도 창원시 진해구 태평동,경상사고,0,0,1,0,차대차 - 기타,안전운전불이행,건조,맑음,교차로 - 교차로안,승용,남,32세,기타불명,승용,여,28세,경상
2013011700100519,2013년 1월 17일 22시,목요일,경상남도 하동군 북천면,경상사고,0,0,1,0,차량단독 - 공작물충돌,안전운전불이행,건조,맑음,교차로 - 교차로안,승용,남,45세,상해없음,,,,
2013011700100520,2013년 1월 17일 22시,목요일,경상남도 창원시 마산회원구 합성동,사망사고,1,0,0,0,차량단독 - 기타,기타,건조,맑음,단일로 - 기타,승합,남,43세,상해없음,,,,
2013011700100552,2013년 1월 17일 23시,목요일,경상남도 창원시 마산합포구 신포동2가,경상사고,0,0,1,0,차대차 - 측면직각충돌,교차로운행방법위반,건조,맑음,교차로 - 교차로안,승용,남,46세,상해없음,자전거,남,52세,경상
2013011800100018,2013년 1월 18일 00시,금요일,경상남도 통영시 용남면,경상사고,0,0,2,0,차대차 - 측면직각충돌,신호위반,건조,맑음,교차로 - 교차로안,승용,남,28세,상해없음,승용,남,34세,경상
2013011800100058,2013년 1월 18일 04시,금요일,경상남도 밀양시 삼문동,중상사고,0,1,0,0,차대차 - 추돌 - 진행중,안전운전불이행,건조,맑음,단일로 - 기타,승용,남,44세,상해없음,이륜,남,37세,중상
2013011800100059,2013년 1월 18일 04시,금요일,경상남도 양산시 동면,중상사고,0,1,0,0,차대사람 - 기타,안전운전불이행,건조,맑음,단일로 - 기타,기타불명,기타불명,기타불명,기타불명,보행자,남,60세,중상
2013011800100080,2013년 1월 18일 06시,금요일,경상남도 진주시 가좌동,중상사고,0,1,1,0,차대차 - 측면직각충돌,신호위반,건조,맑음,교차로 - 교차로안,승용,여,44세,상해없음,승용,남,35세,경상
2013011800100081,2013년 1월 18일 06시,금요일,경상남도 거제시 연초면,경상사고,0,0,1,0,차대차 - 기타,안전운전불이행,건조,맑음,단일로 - 기타,건설기계,남,45세,상해없음,화물,남,28세,경상
2013011800100109,2013년 1월 18일 07시,금요일,경상남도 양산시 중부동,중상사고,0,1,7,2,차대차 - 측면직각충돌,신호위반,건조,맑음,교차로 - 교차로안,승용,남,34세,상해없음,승합,남,61세,경상
2013011800100110,2013년 1월 18일 07시,금요일,경상남도 함안군 칠서면,중상사고,0,3,2,0,차대차 - 추돌 - 주정차중,안전운전불이행,건조,맑음,교차로 - 교차로부근,승용,남,35세,상해없음,승용,남,55세,중상
2013011800100141,2013년 1월 18일 08시,금요일,경상남도 창원시 마산회원구 회성동,경상사고,0,0,1,0,차대차 - 측면직각충돌,안전운전불이행,건조,맑음,단일로 - 기타,승합,남,28세,상해없음,승용,여,30세,경상
2013011800100174,2013년 1월 18일 09시,금요일,경상남도 진주시 집현면,중상사고,0,1,1,0,차대차 - 측면직각충돌,직진우회전진행방해,건조,맑음,교차로 - 교차로안,승용,여,52세,경상,화물,남,61세,중상
2013011800100175,2013년 1월 18일 09시,금요일,경상남도 함양군 함양읍,중상사고,0,1,0,0,차대사람 - 횡단중,안전운전불이행,건조,맑음,교차로 - 교차로안,승용,남,52세,상해없음,보행자,여,78세,중상
2013011800100202,2013년 1월 18일 10시,금요일,경상남도 김해시 한림면,중상사고,0,1,0,0,차대사람 - 기타,안전운전불이행,건조,맑음,교차로 - 교차로부근,화물,남,30세,상해없음,보행자,남,79세,중상
2013011800100203,2013년 1월 18일 10시,금요일,경상남도 창녕군 창녕읍,사망사고,1,1,1,0,차대차 - 추돌 - 진행중,안전운전불이행,건조,맑음,단일로 - 기타,화물,남,55세,상해없음,화물,남,57세,경상
2013011800100227,2013년 1월 18일 11시,금요일,경상남도 김해시 부원동,중상사고,0,1,0,0,차대사람 - 횡단중,안전운전불이행,건조,맑음,단일로 - 기타,승용,여,51세,상해없음,보행자,남,50세,중상
2013011800100228,2013년 1월 18일 11시,금요일,경상남도 거제시 고현동,경상사고,0,0,1,0,차대사람 - 기타,안전운전불이행,건조,맑음,단일로 - 기타,승용,남,60세,상해없음,보행자,여,31세,경상
2013011800100291,2013년 1월 18일 14시,금요일,경상남도 창녕군 남지읍,중상사고,0,1,0,0,차대차 - 측면직각충돌,안전운전불이행,건조,맑음,교차로 - 교차로부근,승용,남,69세,상해없음,원동기,남,72세,중상
2013011800100323,2013년 1월 18일 15시,금요일,경상남도 창녕군 대지면,사망사고,1,0,0,0,차량단독 - 공작물충돌,안전운전불이행,건조,맑음,단일로 - 기타,화물,남,57세,사망,,,,
2013011800100350,2013년 1월 18일 16시,금요일,경상남도 진주시 상대동,중상사고,0,1,0,0,차대차 - 측면직각충돌,안전거리미확보,건조,맑음,교차로 - 교차로부근,승용,여,56세,상해없음,화물,남,51세,중상
2013011800100351,2013년 1월 18일 16시,금요일,경상남도 김해시 상동면,중상사고,0,1,1,0,차대차 - 정면충돌,중앙선침범,건조,맑음,단일로 - 기타,승용,남,77세,경상,화물,남,42세,중상
2013011800100352,2013년 1월 18일 16시,금요일,경상남도 거창군 가조면,경상사고,0,0,3,0,차대차 - 측면직각충돌,교차로운행방법위반,건조,맑음,교차로 - 교차로안,승용,여,50세,경상,승용,여,36세,경상
2013011800100390,2013년 1월 18일 17시,금요일,경상남도 사천시 송포동,경상사고,0,0,1,0,차대차 - 측면직각충돌,교차로운행방법위반,건조,맑음,교차로 - 교차로안,승용,여,56세,상해없음,승용,남,39세,상해없음
2013011800100443,2013년 1월 18일 18시,금요일,경상남도 양산시 소주동,경상사고,0,0,1,0,차대차 - 추돌 - 주정차중,안전운전불이행,건조,맑음,교차로 - 교차로부근,승용,남,43세,상해없음,승용,여,45세,경상
2013011800100444,2013년 1월 18일 18시,금요일,경상남도 창원시 의창구 사림동,경상사고,0,0,1,0,차대사람 - 횡단중,보행자보호의무위반,습기,비,단일로 - 횡단보도상,이륜,남,23세,상해없음,보행자,남,28세,경상
2013011800100487,2013년 1월 18일 19시,금요일,경상남도 창원시 마산합포구 산호동,경상사고,0,0,1,0,차대사람 - 기타,안전운전불이행,건조,맑음,단일로 - 기타,승용,남,45세,상해없음,보행자,여,37세,경상
2013011800100513,2013년 1월 18일 20시,금요일,경상남도 창원시 마산합포구 진북면,경상사고,0,0,1,0,차대차 - 측면직각충돌,불법유턴,건조,맑음,단일로 - 기타,화물,남,54세,상해없음,승용,여,26세,경상
2013011800100514,2013년 1월 18일 20시,금요일,경상남도 사천시 대방동,경상사고,0,0,3,0,차대차 - 측면직각충돌,교차로운행방법위반,건조,맑음,교차로 - 교차로안,승용,남,63세,경상,승용,여,25세,상해없음
2013011800100515,2013년 1월 18일 20시,금요일,경상남도 창원시 성산구 상남동,경상사고,0,0,2,0,차대차 - 측면직각충돌,신호위반,건조,맑음,교차로 - 교차로안,승용,남,46세,상해없음,승용,남,54세,경상
2013011800100516,2013년 1월 18일 20시,금요일,경상남도 김해시 진영읍,중상사고,0,1,0,0,차대차 - 측면직각충돌,차로위반,건조,맑음,교차로 - 교차로안,승용,남,46세,중상,화물,남,57세,상해없음
2013011800100551,2013년 1월 18일 21시,금요일,경상남도 진주시 칠암동,경상사고,0,0,1,0,차대차 - 측면직각충돌,안전거리미확보,건조,맑음,단일로 - 기타,승용,남,46세,상해없음,승용,남,43세,경상
2013011800100552,2013년 1월 18일 21시,금요일,경상남도 사천시 사천읍,경상사고,0,0,2,0,차대차 - 추돌 - 주정차중,안전운전불이행,건조,맑음,교차로 - 교차로부근,승용,여,34세,상해없음,승합,남,58세,경상
2013011800100553,2013년 1월 18일 21시,금요일,경상남도 창원시 마산회원구 양덕동,경상사고,0,0,2,0,차대차 - 측면직각충돌,신호위반,건조,맑음,교차로 - 교차로안,승용,남,25세,상해없음,승용,남,61세,경상
2013011800100592,2013년 1월 18일 22시,금요일,경상남도 진주시 인사동,중상사고,0,1,0,0,차대차 - 측면직각충돌,기타,건조,맑음,교차로 - 교차로안,화물,여,41세,상해없음,승용,남,57세,중상
2013011800100593,2013년 1월 18일 22시,금요일,경상남도 창원시 성산구 반지동,경상사고,0,0,1,0,차대차 - 측면직각충돌,신호위반,건조,맑음,교차로 - 교차로안,승용,남,47세,상해없음,자전거,여,17세,경상
2013011800100633,2013년 1월 18일 23시,금요일,경상남도 진주시 상대동,중상사고,0,3,0,0,차대차 - 측면직각충돌,신호위반,건조,맑음,교차로 - 교차로안,승용,남,40세,상해없음,승용,여,25세,중상
2013011800100634,2013년 1월 18일 23시,금요일,경상남도 밀양시 하남읍,중상사고,0,4,0,0,차대사람 - 길가장자리구역통행중,안전운전불이행,건조,맑음,단일로 - 기타,승용,남,18세,상해없음,보행자,남,36세,중상
2013011900100020,2013년 1월 19일 00시,토요일,경상남도 양산시 어곡동,경상사고,0,0,1,0,차대차 - 추돌 - 주정차중,안전운전불이행,건조,맑음,단일로 - 기타,화물,여,48세,상해없음,승용,남,33세,경상
2013011900100021,2013년 1월 19일 00시,토요일,경상남도 창원시 의창구 동읍,중상사고,0,2,0,0,차대차 - 추돌 - 진행중,안전운전불이행,건조,맑음,단일로 - 기타,승용,남,46세,중상,화물,남,51세,상해없음
2013011900100060,2013년 1월 19일 01시,토요일,경상남도 김해시 진영읍,중상사고,0,1,0,0,차대사람 - 기타,보행자보호의무위반,건조,맑음,단일로 - 횡단보도상,승용,남,29세,상해없음,보행자,남,60세,중상
2013011900100081,2013년 1월 19일 02시,토요일,경상남도 진주시 상대동,경상사고,0,0,1,0,차대차 - 측면직각충돌,안전거리미확보,건조,맑음,단일로 - 기타,승용,남,51세,상해없음,승용,여,51세,경상
2013011900100114,2013년 1월 19일 04시,토요일,경상남도 김해시 대동면,경상사고,0,0,1,0,차대차 - 측면직각충돌,안전운전불이행,건조,맑음,단일로 - 기타,승용,남,30세,상해없음,화물,남,47세,경상
2013011900100142,2013년 1월 19일 06시,토요일,경상남도 김해시 진영읍,경상사고,0,0,2,0,차대차 - 측면직각충돌,신호위반,건조,맑음,교차로 - 교차로안,승용,남,26세,상해없음,화물,남,64세,상해없음
2013011900100180,2013년 1월 19일 08시,토요일,경상남도 창원시 마산합포구 진북면,경상사고,0,0,2,1,차대차 - 측면직각충돌,신호위반,건조,맑음,교차로 - 교차로안,승용,여,52세,부상신고,승용,남,36세,경상
2013011900100181,2013년 1월 19일 08시,토요일,경상남도 밀양시 교동,경상사고,0,0,5,0,차대차 - 정면충돌,신호위반,건조,맑음,교차로 - 교차로안,화물,남,35세,상해없음,화물,남,53세,경상
2013011900100182,2013년 1월 19일 08시,토요일,경상남도 의령군 용덕면,경상사고,0,0,1,0,차량단독 - 전도전복,안전운전불이행,결빙,흐림,단일로 - 기타,승용,여,45세,경상,,,,
2013011900100208,2013년 1월 19일 09시,토요일,경상남도 거제시 일운면,사망사고,1,0,0,0,차량단독 - 전도전복,안전운전불이행,건조,맑음,교차로 - 교차로부근,이륜,남,69세,사망,,,,
2013011900100209,2013년 1월 19일 09시,토요일,경상남도 창원시 마산회원구 내서읍,중상사고,0,1,0,0,차대사람 - 기타,보행자보호의무위반,건조,맑음,단일로 - 횡단보도상,화물,남,66세,상해없음,보행자,남,16세,중상
2013011900100237,2013년 1월 19일 10시,토요일,경상남도 창원시 마산합포구 중앙동1가,중상사고,0,1,0,0,차대차 - 측면직각충돌,안전운전불이행,건조,맑음,단일로 - 기타,승용,남,67세,상해없음,자전거,남,68세,중상
2013011900100238,2013년 1월 19일 10시,토요일,경상남도 창원시 진해구 자은동,중상사고,0,1,0,0,차대차 - 기타,안전운전불이행,건조,맑음,기타 - 기타,원동기,남,75세,중상,승용,여,48세,상해없음
2013011900100239,2013년 1월 19일 10시,토요일,경상남도 사천시 축동면,중상사고,0,1,0,0,차대차 - 기타,안전운전불이행,건조,맑음,단일로 - 기타,승용,여,43세,상해없음,승용,남,55세,중상
2013011900100255,2013년 1월 19일 11시,토요일,경상남도 양산시 동면,경상사고,0,0,1,1,차대차 - 기타,신호위반,건조,맑음,교차로 - 교차로안,승용,남,23세,상해없음,승용,남,52세,경상
2013011900100256,2013년 1월 19일 11시,토요일,경상남도 양산시 덕계동,경상사고,0,0,1,0,차대차 - 측면직각충돌,안전운전불이행,건조,맑음,기타 - 기타,승용,남,36세,상해없음,승용,여,42세,경상
2013011900100257,2013년 1월 19일 11시,토요일,경상남도 창원시 의창구 북면,경상사고,0,0,6,0,차대차 - 기타,안전거리미확보,건조,맑음,단일로 - 기타,승용,남,55세,상해없음,승합,남,39세,경상
2013011900100280,2013년 1월 19일 12시,토요일,경상남도 거제시 고현동,중상사고,0,2,2,0,차대차 - 기타,중앙선침범,건조,맑음,단일로 - 기타,승용,남,60세,상해없음,승용,남,31세,중상
2013011900100303,2013년 1월 19일 13시,토요일,경상남도 김해시 부원동,경상사고,0,0,1,0,차대차 - 측면직각충돌,중앙선침범,건조,맑음,단일로 - 기타,이륜,남,73세,상해없음,승용,여,62세,경상
2013011900100304,2013년 1월 19일 13시,토요일,경상남도 김해시 부원동,중상사고,0,2,0,0,차대차 - 측면직각충돌,안전운전불이행,건조,맑음,교차로 - 교차로안,승용,여,57세,상해없음,승용,남,58세,상해없음
2013011900100305,2013년 1월 19일 13시,토요일,경상남도 김해시 내동,중상사고,0,1,0,0,차대사람 - 횡단중,보행자보호의무위반,건조,맑음,단일로 - 횡단보도상,승합,남,41세,상해없음,보행자,여,24세,중상
2013011900100306,2013년 1월 19일 13시,토요일,경상남도 거제시 고현동,중상사고,0,1,0,0,차대차 - 기타,안전운전불이행,건조,맑음,교차로 - 교차로안,승용,남,23세,상해없음,이륜,남,17세,중상
2013011900100326,2013년 1월 19일 14시,토요일,경상남도 창원시 마산합포구 해운동,중상사고,0,1,0,0,차대차 - 측면직각충돌,안전운전불이행,건조,맑음,교차로 - 교차로안,승용,여,32세,상해없음,이륜,남,22세,중상
2013011900100342,2013년 1월 19일 15시,토요일,경상남도 합천군 삼가면,중상사고,0,3,0,0,차대차 - 정면충돌,중앙선침범,건조,맑음,단일로 - 기타,승용,남,30세,중상,승용,여,42세,중상
2013011900100359,2013년 1월 19일 16시,토요일,경상남도 하동군 진교면,경상사고,0,0,1,0,차대차 - 측면직각충돌,중앙선침범,건조,맑음,단일로 - 기타,화물,여,51세,상해없음,화물,남,59세,경상
2013011900100380,2013년 1월 19일 17시,토요일,경상남도 통영시 도산면,중상사고,0,2,1,0,차대차 - 기타,신호위반,건조,맑음,교차로 - 교차로안,승용,남,38세,상해없음,승용,남,42세,중상
2013011900100381,2013년 1월 19일 17시,토요일,경상남도 함안군 칠원면,중상사고,0,1,0,0,차대차 - 측면직각충돌,중앙선침범,건조,맑음,단일로 - 기타,승용,남,45세,상해없음,승용,여,51세,중상