사고번호,사고일시,요일,시군구,사고내용,사망자수,중상자수,경상자수,부상신고자수,사고유형,법규위반,노면상태,기상상태,도로형태,가해운전자 차종,가해운전자 성별,가해운전자 연령,가해운전자 상해정도,피해운전자 차종,피해운전자 성별,피해운전자 연령,피해운전자 상해정도
2013012300100210,2013년 1월 23일 10시,수요일,경상남도 함안군 산인면,중상사고,0,1,0,0,차대차 - 추돌 - 주정차중,안전운전불이행,건조,맑음,단일로 - 기타,특수,남,60세,상해없음,승용,남,53세,중상
2013012300100238,2013년 1월 23일 12시,수요일,경상남도 창원시 의창구 팔용동,경상사고,0,0,2,0,차대차 - 추돌 - 주정차중,안전운전불이행,습기,비,교차로 - 교차로부근,승용,남,39세,상해없음,승용,남,32세,경상
2013012300100259,2013년 1월 23일 13시,수요일,경상남도 함안군 칠원면,중상사고,0,1,10,0,차대차 - 추돌 - 주정차중,안전운전불이행,습기,비,단일로 - 기타,화물,남,48세,상해없음,승합,남,37세,경상
2013012300100279,2013년 1월 23일 14시,수요일,경상남도 창원시 마산합포구 신포동1가,경상사고,0,0,1,0,차대차 - 추돌 - 진행중,안전운전불이행,건조,맑음,단일로 - 기타,승용,남,37세,상해없음,승용,여,54세,경상
2013012300100291,2013년 1월 23일 15시,수요일,경상남도 김해시 서상동,중상사고,0,1,0,0,차대사람 - 횡단중,보행자보호의무위반,건조,맑음,단일로 - 기타,기타불명,기타불명,기타불명,기타불명,보행자,여,36세,중상
2013012300100292,2013년 1월 23일 15시,수요일,경상남도 남해군 삼동면,경상사고,0,0,2,0,차대차 - 정면충돌,안전운전불이행,습기,흐림,교차로 - 교차로부근,승용,남,59세,경상,승용,남,50세,경상
2013012300100311,2013년 1월 23일 16시,수요일,경상남도 고성군 고성읍,중상사고,0,1,0,0,차대사람 - 횡단중,보행자보호의무위반,습기,비,단일로 - 기타,승합,남,54세,상해없음,보행자,남,62세,중상
2013012300100331,2013년 1월 23일 17시,수요일,경상남도 창원시 마산합포구 진동면,중상사고,0,1,0,0,차대차 - 측면직각충돌,교차로운행방법위반,습기,비,교차로 - 교차로안,승용,남,61세,상해없음,승용,남,41세,중상
2013012300100332,2013년 1월 23일 17시,수요일,경상남도 김해시 외동,중상사고,0,1,0,0,차대사람 - 길가장자리구역통행중,안전운전불이행,건조,맑음,교차로 - 교차로안,승용,여,37세,상해없음,보행자,여,52세,중상
2013012300100333,2013년 1월 23일 17시,수요일,경상남도 거제시 고현동,경상사고,0,0,1,0,차대차 - 측면직각충돌,교차로운행방법위반,습기,비,교차로 - 교차로안,이륜,남,28세,경상,승용,남,57세,상해없음
2013012300100334,2013년 1월 23일 17시,수요일,경상남도 창원시 의창구 사림동,중상사고,0,2,0,0,차대차 - 측면직각충돌,신호위반,건조,맑음,교차로 - 교차로안,승합,남,43세,상해없음,이륜,남,58세,중상
2013012300100378,2013년 1월 23일 18시,수요일,경상남도 진주시 신안동,경상사고,0,0,1,0,차대차 - 추돌 - 주정차중,안전운전불이행,습기,비,단일로 - 기타,화물,남,34세,상해없음,승용,남,42세,경상
2013012300100379,2013년 1월 23일 18시,수요일,경상남도 창원시 진해구 석동,경상사고,0,0,1,0,차대사람 - 횡단중,보행자보호의무위반,건조,맑음,교차로 - 교차로안,승용,남,36세,상해없음,보행자,여,44세,경상
2013012300100380,2013년 1월 23일 18시,수요일,경상남도 김해시 삼계동,경상사고,0,0,1,0,차대차 - 기타,신호위반,습기,비,교차로 - 교차로안,승용,여,42세,상해없음,승용,남,38세,경상
2013012300100381,2013년 1월 23일 18시,수요일,경상남도 김해시 생림면,중상사고,0,1,1,0,차대차 - 추돌 - 주정차중,안전운전불이행,습기,비,단일로 - 기타,승용,남,21세,상해없음,승용,여,36세,중상
2013012300100382,2013년 1월 23일 18시,수요일,경상남도 김해시 어방동,중상사고,0,1,0,0,차대사람 - 차도통행중,안전운전불이행,습기,비,단일로 - 기타,승용,남,50세,상해없음,보행자,여,48세,중상
2013012300100383,2013년 1월 23일 18시,수요일,경상남도 거제시 고현동,중상사고,0,2,0,0,차대차 - 측면직각충돌,교차로운행방법위반,건조,맑음,교차로 - 교차로안,승용,여,29세,상해없음,이륜,남,39세,중상
2013012300100422,2013년 1월 23일 19시,수요일,경상남도 합천군 합천읍,중상사고,0,1,0,0,차대사람 - 횡단중,안전운전불이행,건조,기타,교차로 - 교차로안,승용,남,47세,상해없음,보행자,남,54세,중상
2013012300100423,2013년 1월 23일 19시,수요일,경상남도 양산시 동면,중상사고,0,1,0,0,차대차 - 기타,신호위반,건조,맑음,교차로 - 교차로안,승용,남,44세,기타불명,승용,여,47세,중상
2013012300100424,2013년 1월 23일 19시,수요일,경상남도 양산시 삼호동,중상사고,0,1,0,0,차대차 - 기타,신호위반,건조,맑음,교차로 - 교차로안,승용,남,61세,상해없음,승용,남,29세,중상
2013012300100425,2013년 1월 23일 19시,수요일,경상남도 거제시 고현동,경상사고,0,0,1,0,차대사람 - 기타,안전운전불이행,건조,맑음,단일로 - 기타,기타불명,기타불명,기타불명,기타불명,보행자,여,13세,경상
2013012300100462,2013년 1월 23일 20시,수요일,경상남도 거제시 장평동,경상사고,0,0,1,0,차대차 - 기타,교차로운행방법위반,건조,맑음,교차로 - 교차로부근,승용,여,38세,상해없음,자전거,남,52세,경상
2013012300100498,2013년 1월 23일 21시,수요일,경상남도 산청군 금서면,경상사고,0,0,2,0,차대차 - 기타,안전운전불이행,건조,흐림,단일로 - 기타,승용,남,50세,상해없음,화물,남,47세,경상
2013012300100536,2013년 1월 23일 22시,수요일,경상남도 양산시 북부동,부상신고사고,0,0,0,1,차대사람 - 기타,안전운전불이행,건조,맑음,단일로 - 기타,승합,남,33세,기타불명,보행자,남,49세,부상신고
2013012300100537,2013년 1월 23일 22시,수요일,경상남도 창원시 마산회원구 석전동,사망사고,1,0,0,0,차대사람 - 기타,안전운전불이행,습기,맑음,단일로 - 기타,승용,남,28세,상해없음,보행자,남,52세,사망
2013012300100538,2013년 1월 23일 22시,수요일,경상남도 창원시 마산회원구 내서읍,경상사고,0,0,2,0,차량단독 - 공작물충돌,안전운전불이행,습기,비,교차로 - 교차로안,승용,남,54세,상해없음,,,,
2013012300100539,2013년 1월 23일 22시,수요일,경상남도 김해시 한림면,중상사고,0,1,0,0,차대사람 - 기타,안전운전불이행,건조,맑음,단일로 - 기타,승용,남,52세,상해없음,보행자,남,54세,중상
2013012300100562,2013년 1월 23일 23시,수요일,경상남도 창원시 진해구 용원동,경상사고,0,0,2,0,차대차 - 추돌 - 주정차중,안전운전불이행,건조,맑음,교차로 - 교차로부근,화물,남,50세,상해없음,승용,남,40세,상해없음
2013012300100563,2013년 1월 23일 23시,수요일,경상남도 통영시 명정동,중상사고,0,1,0,0,차대사람 - 차도통행중,안전운전불이행,건조,맑음,교차로 - 교차로안,승용,남,55세,상해없음,보행자,남,21세,중상
2013012300100564,2013년 1월 23일 23시,수요일,경상남도 거제시 양정동,중상사고,0,1,0,0,차대사람 - 횡단중,안전운전불이행,건조,맑음,교차로 - 교차로부근,승용,남,48세,상해없음,보행자,여,35세,중상
2013012300100565,2013년 1월 23일 23시,수요일,경상남도 창원시 성산구 남양동,경상사고,0,0,4,0,차대차 - 추돌 - 진행중,안전운전불이행,건조,맑음,단일로 - 기타,승용,남,45세,상해없음,승용,남,38세,경상
2013012300100566,2013년 1월 23일 23시,수요일,경상남도 창원시 마산회원구 합성동,중상사고,0,1,0,0,차대사람 - 기타,신호위반,습기,비,단일로 - 횡단보도상,승용,남,23세,상해없음,보행자,여,54세,중상
2013012400100044,2013년 1월 24일 01시,목요일,경상남도 김해시 진영읍,중상사고,0,1,0,0,차대차 - 정면충돌,중앙선침범,습기,안개,단일로 - 기타,원동기,남,77세,중상,승용,남,27세,상해없음
2013012400100090,2013년 1월 24일 05시,목요일,경상남도 창원시 마산회원구 석전동,중상사고,0,1,1,0,차대차 - 추돌 - 주정차중,안전운전불이행,결빙,맑음,교차로 - 교차로부근,승용,남,49세,상해없음,승용,남,54세,중상
2013012400100102,2013년 1월 24일 06시,목요일,경상남도 창원시 마산합포구 진전면,중상사고,0,2,0,0,차량단독 - 공작물충돌,안전운전불이행,결빙,흐림,단일로 - 기타,화물,여,69세,중상,,,,
2013012400100103,2013년 1월 24일 06시,목요일,경상남도 창원시 마산합포구 진전면,중상사고,0,2,0,0,차대차 - 추돌 - 주정차중,안전운전불이행,결빙,흐림,단일로 - 기타,승용,남,29세,상해없음,화물,여,69세,중상
2013012400100104,2013년 1월 24일 06시,목요일,경상남도 통영시 항남동,경상사고,0,0,1,0,차대사람 - 횡단중,안전운전불이행,결빙,안개,단일로 - 횡단보도부근,승용,남,34세,상해없음,보행자,남,77세,경상
2013012400100105,2013년 1월 24일 06시,목요일,경상남도 창원시 의창구 북면,부상신고사고,0,0,0,1,차대차 - 추돌 - 진행중,안전운전불이행,결빙,맑음,단일로 - 기타,승용,여,55세,상해없음,화물,남,48세,부상신고
2013012400100131,2013년 1월 24일 07시,목요일,경상남도 창원시 마산합포구 창동,경상사고,0,0,1,0,차대사람 - 횡단중,보행자보호의무위반,건조,흐림,교차로 - 교차로부근,승용,남,61세,상해없음,보행자,여,62세,경상
2013012400100132,2013년 1월 24일 07시,목요일,경상남도 사천시 사천읍,경상사고,0,0,1,0,차대차 - 기타,안전운전불이행,결빙,맑음,단일로 - 기타,승용,여,48세,상해없음,원동기,남,30세,경상
2013012400100133,2013년 1월 24일 07시,목요일,경상남도 사천시 용현면,중상사고,0,1,2,1,차대차 - 기타,안전운전불이행,결빙,맑음,단일로 - 교량,승용,남,32세,상해없음,승용,여,39세,상해없음
2013012400100134,2013년 1월 24일 07시,목요일,경상남도 사천시 용현면,경상사고,0,0,7,0,차대차 - 기타,안전운전불이행,결빙,안개,단일로 - 교량,승용,남,31세,상해없음,승용,여,42세,경상
2013012400100135,2013년 1월 24일 07시,목요일,경상남도 사천시 사남면,중상사고,0,2,0,0,차대차 - 기타,안전운전불이행,결빙,맑음,단일로 - 기타,승용,남,30세,상해없음,승용,남,21세,중상
2013012400100136,2013년 1월 24일 07시,목요일,경상남도 함안군 산인면,중상사고,0,1,0,0,차대차 - 측면직각충돌,중앙선침범,결빙,맑음,단일로 - 기타,승용,남,43세,상해없음,화물,남,40세,중상
2013012400100137,2013년 1월 24일 07시,목요일,경상남도 함안군 군북면,경상사고,0,0,2,0,차대차 - 측면직각충돌,중앙선침범,결빙,흐림,단일로 - 기타,화물,남,54세,상해없음,화물,남,49세,경상
2013012400100138,2013년 1월 24일 07시,목요일,경상남도 창원시 의창구 팔용동,사망사고,1,0,0,0,차량단독 - 전도전복,안전운전불이행,결빙,맑음,교차로 - 교차로부근,원동기,남,67세,사망,,,,
2013012400100139,2013년 1월 24일 07시,목요일,경상남도 창원시 의창구 동읍,중상사고,0,1,0,0,차대차 - 측면직각충돌,교차로운행방법위반,습기,맑음,교차로 - 교차로안,승용,남,30세,상해없음,화물,남,51세,중상
2013012400100178,2013년 1월 24일 08시,목요일,경상남도 사천시 곤명면,경상사고,0,0,2,0,차대차 - 기타,안전운전불이행,결빙,맑음,단일로 - 기타,승용,남,53세,상해없음,승용,남,39세,경상
2013012400100179,2013년 1월 24일 08시,목요일,경상남도 거창군 가조면,경상사고,0,0,1,0,차대차 - 정면충돌,중앙선침범,결빙,맑음,단일로 - 기타,승용,남,64세,상해없음,승용,여,28세,경상
2013012400100210,2013년 1월 24일 09시,목요일,경상남도 거창군 주상면,중상사고,0,1,0,0,차대차 - 추돌 - 진행중,안전운전불이행,결빙,맑음,단일로 - 기타,승용,남,30세,상해없음,건설기계,남,46세,상해없음
2013012400100211,2013년 1월 24일 09시,목요일,경상남도 거제시 덕포동,경상사고,0,0,1,0,차대차 - 추돌 - 진행중,중앙선침범,건조,맑음,교차로 - 교차로부근,화물,남,51세,상해없음,승용,여,22세,경상
2013012400100212,2013년 1월 24일 09시,목요일,경상남도 의령군 의령읍,경상사고,0,0,1,0,차대사람 - 차도통행중,안전운전불이행,결빙,눈,단일로 - 기타,승용,남,49세,상해없음,보행자,여,73세,경상
2013012400100213,2013년 1월 24일 09시,목요일,경상남도 창원시 의창구 봉곡동,경상사고,0,0,1,1,차대차 - 기타,안전운전불이행,건조,맑음,교차로 - 교차로안,승용,여,30세,상해없음,승용,남,21세,경상
2013012400100247,2013년 1월 24일 10시,목요일,경상남도 창원시 진해구 이동,경상사고,0,0,2,0,차대차 - 측면직각충돌,안전거리미확보,건조,맑음,교차로 - 교차로부근,승용,여,46세,상해없음,승용,남,61세,경상
2013012400100248,2013년 1월 24일 10시,목요일,경상남도 함양군 백전면,경상사고,0,0,1,0,차대차 - 측면직각충돌,안전운전불이행,건조,흐림,교차로 - 교차로안,승용,남,45세,상해없음,원동기,남,51세,경상
2013012400100249,2013년 1월 24일 10시,목요일,경상남도 거제시 옥포동,경상사고,0,0,3,0,차대차 - 추돌 - 진행중,안전운전불이행,건조,맑음,교차로 - 교차로안,승용,남,24세,상해없음,승용,남,58세,경상
2013012400100250,2013년 1월 24일 10시,목요일,경상남도 산청군 신안면,경상사고,0,0,1,0,차대차 - 측면직각충돌,교차로운행방법위반,건조,맑음,교차로 - 교차로안,승용,여,55세,상해없음,이륜,남,76세,경상
2013012400100266,2013년 1월 24일 11시,목요일,경상남도 김해시 동상동,경상사고,0,0,3,0,차대차 - 추돌 - 주정차중,안전거리미확보,건조,맑음,교차로 - 교차로부근,승용,남,55세,상해없음,승용,남,56세,경상
2013012400100286,2013년 1월 24일 12시,목요일,경상남도 함양군 함양읍,부상신고사고,0,0,0,1,차대차 - 측면직각충돌,교차로운행방법위반,건조,맑음,교차로 - 교차로안,승용,여,65세,부상신고,화물,남,57세,상해없음
2013012400100287,2013년 1월 24일 12시,목요일,경상남도 김해시 장유면,중상사고,0,1,0,0,차대차 - 측면직각충돌,안전운전불이행,건조,맑음,교차로 - 교차로안,승용,여,43세,상해없음,승용,여,33세,중상
2013012400100309,2013년 1월 24일 13시,목요일,경상남도 창원시 성산구 남산동,경상사고,0,0,1,0,차대차 - 측면직각충돌,안전거리미확보,건조,맑음,단일로 - 기타,승용,남,56세,상해없음,승용,남,35세,경상
2013012400100333,2013년 1월 24일 14시,목요일,경상남도 진주시 인사동,중상사고,0,1,0,0,차대사람 - 횡단중,안전운전불이행,건조,맑음,단일로 - 기타,승용,남,19세,상해없음,보행자,여,57세,중상
2013012400100334,2013년 1월 24일 14시,목요일,경상남도 합천군 쌍책면,중상사고,0,1,0,0,차량단독 - 도로외이탈 - 추락,안전운전불이행,건조,맑음,단일로 - 기타,이륜,남,78세,중상,,,,
2013012400100335,2013년 1월 24일 14시,목요일,경상남도 함안군 산인면,중상사고,0,1,0,0,차량단독 - 기타,안전운전불이행,건조,맑음,단일로 - 기타,화물,남,71세,중상,,,,
2013012400100360,2013년 1월 24일 15시,목요일,경상남도 창원시 마산합포구 월영동,중상사고,0,1,0,0,차대사람 - 횡단중,안전운전불이행,건조,맑음,단일로 - 횡단보도상,승용,여,48세,상해없음,보행자,남,11세,중상
2013012400100361,2013년 1월 24일 15시,목요일,경상남도 김해시 어방동,중상사고,0,2,0,0,차대차 - 측면직각충돌,신호위반,건조,맑음,교차로 - 교차로안,승용,여,36세,중상,승용,여,49세,중상
2013012400100408,2013년 1월 24일 17시,목요일,경상남도 김해시 삼정동,경상사고,0,0,1,0,차대차 - 측면직각충돌,안전운전불이행,건조,맑음,교차로 - 교차로안,승용,여,55세,상해없음,승용,남,55세,경상
2013012400100409,2013년 1월 24일 17시,목요일,경상남도 양산시 상북면,중상사고,0,1,1,0,차대차 - 기타,교차로운행방법위반,건조,맑음,교차로 - 교차로안,승용,남,29세,상해없음,원동기,남,69세,중상
2013012400100410,2013년 1월 24일 17시,목요일,경상남도 창원시 마산회원구 양덕동,중상사고,0,1,0,0,차대사람 - 차도통행중,안전운전불이행,건조,맑음,단일로 - 기타,승용,남,67세,상해없음,보행자,여,66세,중상
2013012400100446,2013년 1월 24일 18시,목요일,경상남도 창원시 진해구 북부동,경상사고,0,0,1,0,차대사람 - 횡단중,안전운전불이행,건조,맑음,교차로 - 교차로안,승용,여,23세,상해없음,보행자,여,44세,경상
2013012400100447,2013년 1월 24일 18시,목요일,경상남도 고성군 동해면,경상사고,0,0,1,0,차대사람 - 횡단중,안전운전불이행,건조,맑음,단일로 - 기타,승용,남,44세,상해없음,보행자,남,31세,경상
2013012400100495,2013년 1월 24일 20시,목요일,경상남도 고성군 구만면,경상사고,0,0,1,0,차대차 - 정면충돌,중앙선침범,건조,맑음,단일로 - 기타,화물,남,49세,상해없음,화물,여,44세,경상
2013012400100548,2013년 1월 24일 22시,목요일,경상남도 통영시 중앙동,경상사고,0,0,1,0,차대사람 - 횡단중,보행자보호의무위반,건조,맑음,단일로 - 횡단보도상,승용,여,55세,상해없음,보행자,여,57세,경상
2013012400100549,2013년 1월 24일 22시,목요일,경상남도 거제시 연초면,중상사고,0,1,0,0,차대차 - 기타,중앙선침범,건조,맑음,단일로 - 기타,승용,남,37세,상해없음,원동기,남,47세,중상
2013012400100563,2013년 1월 24일 23시,목요일,경상남도 김해시 부원동,경상사고,0,0,1,0,차대사람 - 길가장자리구역통행중,안전운전불이행,건조,맑음,단일로 - 기타,기타불명,기타불명,기타불명,기타불명,보행자,여,58세,경상
2013012400100564,2013년 1월 24일 23시,목요일,경상남도 김해시 부원동,중상사고,0,1,1,0,차대차 - 측면직각충돌,교차로운행방법위반,건조,맑음,교차로 - 교차로안,승용,남,46세,상해없음,승용,남,37세,상해없음
2013012400100565,2013년 1월 24일 23시,목요일,경상남도 김해시 내동,중상사고,0,1,0,0,차대사람 - 횡단중,보행자보호의무위반,건조,맑음,교차로 - 교차로부근,화물,남,52세,상해없음,보행자,여,18세,중상
2013012500100040,2013년 1월 25일 02시,금요일,경상남도 진주시 칠암동,사망사고,1,0,0,0,차대사람 - 횡단중,안전운전불이행,건조,맑음,단일로 - 기타,승용,남,21세,상해없음,보행자,남,52세,사망
2013012500100084,2013년 1월 25일 07시,금요일,경상남도 남해군 이동면,중상사고,0,1,2,0,차량단독 - 도로외이탈 - 추락,안전운전불이행,건조,맑음,단일로 - 기타,승용,남,72세,경상,,,,
2013012500100085,2013년 1월 25일 07시,금요일,경상남도 함안군 칠서면,경상사고,0,0,1,0,차대차 - 측면직각충돌,안전거리미확보,건조,맑음,단일로 - 기타,특수,남,44세,상해없음,화물,남,39세,경상
2013012500100112,2013년 1월 25일 08시,금요일,경상남도 양산시 중부동,경상사고,0,0,1,0,차대차 - 측면직각충돌,안전운전불이행,건조,맑음,교차로 - 교차로부근,승용,여,50세,상해없음,원동기,남,33세,경상
2013012500100113,2013년 1월 25일 08시,금요일,경상남도 김해시 명법동,경상사고,0,0,2,0,차대차 - 추돌 - 진행중,안전운전불이행,건조,맑음,단일로 - 기타,화물,남,44세,상해없음,승용,남,32세,경상
2013012500100137,2013년 1월 25일 09시,금요일,경상남도 진주시 가좌동,경상사고,0,0,2,0,차대차 - 추돌 - 주정차중,안전운전불이행,건조,맑음,단일로 - 기타,화물,남,67세,상해없음,승용,남,73세,경상
2013012500100138,2013년 1월 25일 09시,금요일,경상남도 김해시 구산동,경상사고,0,0,1,1,차대차 - 측면직각충돌,신호위반,건조,맑음,교차로 - 교차로안,승용,여,45세,상해없음,화물,남,19세,상해없음
2013012500100158,2013년 1월 25일 10시,금요일,경상남도 함양군 백전면,사망사고,1,0,0,0,차량단독 - 전도전복,안전운전불이행,결빙,맑음,단일로 - 기타,승용,남,71세,상해없음,,,,
2013012500100159,2013년 1월 25일 10시,금요일,경상남도 창원시 마산회원구 합성동,중상사고,0,1,0,0,차대차 - 추돌 - 진행중,안전운전불이행,건조,맑음,단일로 - 기타,승합,남,48세,상해없음,승용,남,70세,중상
2013012500100160,2013년 1월 25일 10시,금요일,경상남도 창원시 의창구 봉곡동,중상사고,0,1,0,0,차대차 - 측면직각충돌,안전운전불이행,건조,맑음,교차로 - 교차로안,승용,남,34세,상해없음,자전거,여,42세,중상
2013012500100179,2013년 1월 25일 11시,금요일,경상남도 통영시 북신동,중상사고,0,1,0,0,차대차 - 측면직각충돌,신호위반,건조,맑음,교차로 - 교차로안,승용,남,55세,상해없음,원동기,남,69세,중상
2013012500100180,2013년 1월 25일 11시,금요일,경상남도 김해시 부원동,경상사고,0,0,1,0,차대사람 - 기타,안전운전불이행,건조,맑음,교차로 - 교차로안,승용,여,43세,상해없음,보행자,여,68세,경상
2013012500100181,2013년 1월 25일 11시,금요일,경상남도 의령군 의령읍,경상사고,0,0,1,0,차대차 - 측면직각충돌,안전운전불이행,건조,맑음,단일로 - 기타,화물,여,30세,상해없음,이륜,여,71세,경상
2013012500100199,2013년 1월 25일 12시,금요일,경상남도 창원시 마산합포구 중앙동1가,중상사고,0,1,0,0,차량단독 - 기타,기타,건조,맑음,교차로 - 교차로안,승합,남,48세,상해없음,,,,
2013012500100200,2013년 1월 25일 12시,금요일,경상남도 창원시 진해구 경화동,중상사고,0,4,1,0,차대차 - 기타,교차로운행방법위반,건조,맑음,교차로 - 교차로안,승용,여,55세,중상,승용,남,30세,중상
2013012500100201,2013년 1월 25일 12시,금요일,경상남도 사천시 축동면,경상사고,0,0,1,0,차대차 - 기타,안전운전불이행,건조,맑음,단일로 - 기타,화물,남,40세,상해없음,승용,남,26세,상해없음
2013012500100202,2013년 1월 25일 12시,금요일,경상남도 김해시 서상동,중상사고,0,1,0,0,차대사람 - 횡단중,안전운전불이행,건조,맑음,단일로 - 기타,화물,남,56세,상해없음,보행자,여,56세,중상
2013012500100203,2013년 1월 25일 12시,금요일,경상남도 양산시 어곡동,중상사고,0,1,0,0,차대차 - 추돌 - 주정차중,안전운전불이행,건조,맑음,단일로 - 기타,승용,남,44세,상해없음,승용,남,44세,중상
2013012500100204,2013년 1월 25일 12시,금요일,경상남도 거제시 옥포동,경상사고,0,0,1,0,차대차 - 추돌 - 주정차중,안전운전불이행,건조,맑음,단일로 - 기타,승합,남,39세,상해없음,승합,여,36세,경상
2013012500100205,2013년 1월 25일 12시,금요일,경상남도 거제시 고현동,경상사고,0,0,1,0,차대사람 - 길가장자리구역통행중,안전운전불이행,건조,맑음,단일로 - 기타,승용,여,50세,상해없음,보행자,남,15세,경상
2013012500100222,2013년 1월 25일 13시,금요일,경상남도 양산시 삼호동,중상사고,0,1,0,0,차대차 - 추돌 - 진행중,안전운전불이행,건조,맑음,교차로 - 교차로부근,화물,남,33세,상해없음,승용,여,50세,중상
2013012500100223,2013년 1월 25일 13시,금요일,경상남도 창원시 성산구 중앙동,경상사고,0,0,1,0,차대차 - 기타,교차로운행방법위반,건조,맑음,교차로 - 교차로안,승용,남,59세,상해없음,이륜,남,31세,상해없음
2013012500100224,2013년 1월 25일 13시,금요일,경상남도 창원시 마산회원구 합성동,중상사고,0,1,0,0,차량단독 - 기타,안전운전불이행,건조,맑음,단일로 - 기타,승합,남,46세,상해없음,,,,
2013012500100225,2013년 1월 25일 13시,금요일,경상남도 창원시 의창구 도계동,경상사고,0,0,1,0,차대사람 - 기타,안전운전불이행,건조,맑음,단일로 - 기타,승용,여,38세,상해없음,보행자,남,41세,경상
2013012500100245,2013년 1월 25일 14시,금요일,경상남도 하동군 금성면,경상사고,0,0,1,0,차대차 - 측면직각충돌,안전운전불이행,건조,맑음,교차로 - 교차로안,승용,남,48세,상해없음,승용,여,48세,경상
2013012500100263,2013년 1월 25일 15시,금요일,경상남도 양산시 동면,중상사고,0,1,0,0,차대사람 - 기타,안전운전불이행,건조,맑음,단일로 - 기타,화물,남,69세,상해없음,보행자,여,55세,중상
2013012500100264,2013년 1월 25일 15시,금요일,경상남도 창원시 성산구 상남동,경상사고,0,0,1,0,차대사람 - 기타,보행자보호의무위반,건조,맑음,교차로 - 교차로안,승용,남,56세,상해없음,보행자,여,52세,경상
2013012500100265,2013년 1월 25일 15시,금요일,경상남도 김해시 장유면,중상사고,0,1,0,0,차대차 - 측면직각충돌,안전운전불이행,건조,맑음,단일로 - 기타,승용,남,30세,상해없음,승용,여,52세,중상
2013012500100292,2013년 1월 25일 16시,금요일,경상남도 진주시 봉곡동,중상사고,0,1,0,0,차대차 - 기타,안전운전불이행,건조,맑음,단일로 - 기타,승용,남,52세,상해없음,이륜,남,51세,중상
2013012500100293,2013년 1월 25일 16시,금요일,경상남도 김해시 삼계동,중상사고,0,1,0,0,차대차 - 측면직각충돌,안전운전불이행,건조,맑음,교차로 - 교차로안,승용,남,52세,상해없음,승용,남,50세,중상
2013012500100322,2013년 1월 25일 17시,금요일,경상남도 김해시 생림면,경상사고,0,0,1,0,차량단독 - 공작물충돌,안전운전불이행,건조,맑음,단일로 - 기타,화물,남,54세,경상,,,,
2013012500100323,2013년 1월 25일 17시,금요일,경상남도 창원시 성산구 신촌동,중상사고,0,1,0,0,차대차 - 기타,중앙선침범,건조,맑음,교차로 - 교차로부근,승합,남,46세,상해없음,승용,남,54세,중상
2013012500100361,2013년 1월 25일 18시,금요일,경상남도 창원시 마산회원구 석전동,중상사고,0,2,1,0,차대차 - 측면직각충돌,신호위반,건조,맑음,교차로 - 교차로안,승용,여,38세,상해없음,승용,남,64세,경상
2013012500100392,2013년 1월 25일 19시,금요일,경상남도 김해시 부원동,경상사고,0,0,1,0,차대차 - 기타,신호위반,건조,맑음,교차로 - 교차로부근,승용,남,48세,상해없음,자전거,남,34세,경상
2013012500100393,2013년 1월 25일 19시,금요일,경상남도 양산시 북부동,경상사고,0,0,1,0,차대차 - 추돌 - 진행중,안전거리미확보,건조,맑음,단일로 - 기타,승용,남,33세,상해없음,승용,남,26세,경상
2013012500100394,2013년 1월 25일 19시,금요일,경상남도 창원시 의창구 명서동,중상사고,0,1,0,0,차대사람 - 기타,안전운전불이행,건조,맑음,단일로 - 횡단보도부근,이륜,남,30세,상해없음,보행자,여,74세,중상
2013012500100426,2013년 1월 25일 20시,금요일,경상남도 양산시 북정동,중상사고,0,1,0,0,차대차 - 측면직각충돌,직진우회전진행방해,건조,맑음,교차로 - 교차로안,승용,남,56세,상해없음,이륜,남,41세,중상
2013012500100427,2013년 1월 25일 20시,금요일,경상남도 거제시 옥포동,경상사고,0,0,1,0,차대차 - 기타,차로위반,건조,맑음,교차로 - 교차로안,승용,남,44세,상해없음,승용,남,31세,경상
2013012500100428,2013년 1월 25일 20시,금요일,경상남도 창원시 성산구 사파동,경상사고,0,0,1,0,차대차 - 기타,교차로운행방법위반,기타,맑음,교차로 - 교차로안,승용,여,21세,상해없음,승용,남,59세,경상
2013012500100429,2013년 1월 25일 20시,금요일,경상남도 창원시 마산회원구 내서읍,중상사고,0,1,0,0,차대차 - 기타,안전운전불이행,건조,맑음,단일로 - 기타,승용,남,51세,상해없음,승용,남,48세,중상
2013012500100453,2013년 1월 25일 21시,금요일,경상남도 김해시 삼계동,중상사고,0,1,0,0,차대사람 - 횡단중,안전운전불이행,건조,맑음,단일로 - 횡단보도부근,승용,남,42세,상해없음,보행자,남,63세,중상
2013012500100454,2013년 1월 25일 21시,금요일,경상남도 양산시 유산동,경상사고,0,0,1,0,차대차 - 측면직각충돌,교차로운행방법위반,건조,맑음,교차로 - 교차로안,승용,남,32세,상해없음,승용,남,24세,경상
2013012500100482,2013년 1월 25일 22시,금요일,경상남도 밀양시 삼문동,중상사고,0,1,0,0,차대차 - 측면직각충돌,안전거리미확보,건조,맑음,단일로 - 기타,승용,남,59세,상해없음,승용,남,36세,상해없음
2013012500100483,2013년 1월 25일 22시,금요일,경상남도 양산시 산막동,경상사고,0,0,1,0,차대차 - 측면직각충돌,안전운전불이행,건조,맑음,단일로 - 기타,승용,남,19세,상해없음,승용,여,26세,경상