사고번호,사고일시,요일,시군구,사고내용,사망자수,중상자수,경상자수,부상신고자수,사고유형,법규위반,노면상태,기상상태,도로형태,가해운전자 차종,가해운전자 성별,가해운전자 연령,가해운전자 상해정도,피해운전자 차종,피해운전자 성별,피해운전자 연령,피해운전자 상해정도
2013012600100022,2013년 1월 26일 00시,토요일,경상남도 진주시 초전동,중상사고,0,1,0,0,차대차 - 측면직각충돌,중앙선침범,건조,맑음,교차로 - 교차로안,승용,남,34세,상해없음,승용,남,48세,중상
2013012600100023,2013년 1월 26일 00시,토요일,경상남도 통영시 광도면,경상사고,0,0,3,0,차대차 - 기타,중앙선침범,건조,맑음,단일로 - 기타,승용,남,32세,기타불명,승용,남,36세,경상
2013012600100048,2013년 1월 26일 01시,토요일,경상남도 진주시 금산면,중상사고,0,1,0,0,차량단독 - 공작물충돌,안전운전불이행,건조,맑음,단일로 - 기타,승용,남,26세,중상,,,,
2013012600100049,2013년 1월 26일 01시,토요일,경상남도 김해시 내동,경상사고,0,0,1,0,차량단독 - 기타,안전운전불이행,건조,맑음,교차로 - 교차로부근,이륜,남,49세,상해없음,,,,
2013012600100050,2013년 1월 26일 01시,토요일,경상남도 거제시 옥포동,경상사고,0,0,2,0,차대차 - 추돌 - 주정차중,안전운전불이행,건조,맑음,기타 - 기타,승용,남,28세,상해없음,승용,남,25세,경상
2013012600100051,2013년 1월 26일 01시,토요일,경상남도 창원시 마산회원구 석전동,경상사고,0,0,1,0,차대사람 - 횡단중,안전운전불이행,건조,맑음,교차로 - 교차로부근,승용,남,62세,상해없음,보행자,남,49세,경상
2013012600100065,2013년 1월 26일 02시,토요일,경상남도 진주시 가좌동,중상사고,0,1,0,0,차대차 - 기타,안전운전불이행,건조,맑음,교차로 - 교차로안,승용,남,56세,상해없음,이륜,남,30세,중상
2013012600100080,2013년 1월 26일 03시,토요일,경상남도 진주시 상대동,경상사고,0,0,1,0,차대차 - 측면직각충돌,신호위반,습기,안개,교차로 - 교차로안,승용,남,56세,상해없음,승용,남,36세,경상
2013012600100115,2013년 1월 26일 07시,토요일,경상남도 김해시 대동면,중상사고,0,1,0,0,차대차 - 측면직각충돌,안전운전불이행,결빙,맑음,단일로 - 기타,화물,남,29세,상해없음,승용,남,59세,중상
2013012600100130,2013년 1월 26일 08시,토요일,경상남도 통영시 서호동,경상사고,0,0,1,0,차대차 - 기타,안전거리미확보,건조,맑음,단일로 - 기타,화물,남,63세,상해없음,승합,남,32세,상해없음
2013012600100131,2013년 1월 26일 08시,토요일,경상남도 사천시 대방동,경상사고,0,0,1,0,차대사람 - 기타,안전운전불이행,건조,맑음,기타 - 기타,승용,남,58세,상해없음,보행자,여,31세,경상
2013012600100132,2013년 1월 26일 08시,토요일,경상남도 김해시 어방동,중상사고,0,2,3,0,차대차 - 추돌 - 진행중,안전운전불이행,건조,맑음,교차로 - 교차로부근,승용,남,23세,경상,승용,남,60세,경상
2013012600100133,2013년 1월 26일 08시,토요일,경상남도 의령군 부림면,중상사고,0,1,0,0,차대사람 - 횡단중,안전운전불이행,건조,맑음,단일로 - 기타,화물,여,41세,상해없음,보행자,남,68세,중상
2013012600100157,2013년 1월 26일 09시,토요일,경상남도 창원시 마산합포구 자산동,경상사고,0,0,2,0,차대차 - 추돌 - 진행중,안전거리미확보,건조,맑음,단일로 - 기타,승용,남,47세,상해없음,승용,남,59세,경상
2013012600100158,2013년 1월 26일 09시,토요일,경상남도 창녕군 유어면,경상사고,0,0,1,0,차대차 - 기타,교차로운행방법위반,건조,맑음,교차로 - 교차로안,승용,남,44세,상해없음,승용,여,30세,상해없음
2013012600100159,2013년 1월 26일 09시,토요일,경상남도 함안군 함안면,중상사고,0,1,0,0,차대차 - 측면직각충돌,신호위반,건조,맑음,교차로 - 교차로안,건설기계,남,48세,상해없음,승용,여,26세,중상
2013012600100180,2013년 1월 26일 10시,토요일,경상남도 김해시 장유면,경상사고,0,0,1,0,차대차 - 측면직각충돌,중앙선침범,건조,맑음,단일로 - 기타,화물,남,44세,상해없음,화물,남,39세,경상
2013012600100194,2013년 1월 26일 11시,토요일,경상남도 통영시 북신동,경상사고,0,0,1,0,차대차 - 측면직각충돌,직진우회전진행방해,건조,맑음,교차로 - 교차로안,승용,남,39세,상해없음,승용,남,53세,상해없음
2013012600100195,2013년 1월 26일 11시,토요일,경상남도 의령군 의령읍,경상사고,0,0,4,0,차대차 - 추돌 - 진행중,차로위반,건조,맑음,단일로 - 기타,건설기계,남,51세,상해없음,승용,남,47세,경상
2013012600100212,2013년 1월 26일 12시,토요일,경상남도 거제시 장승포동,중상사고,0,1,0,0,차대차 - 측면직각충돌,안전운전불이행,건조,맑음,교차로 - 교차로안,승용,남,47세,상해없음,승용,남,32세,중상
2013012600100262,2013년 1월 26일 14시,토요일,경상남도 창원시 마산합포구 월영동,중상사고,0,1,3,0,차대차 - 측면직각충돌,직진우회전진행방해,건조,맑음,교차로 - 교차로안,승용,남,44세,상해없음,승용,남,50세,경상
2013012600100263,2013년 1월 26일 14시,토요일,경상남도 창원시 의창구 봉곡동,중상사고,0,1,0,0,차대사람 - 기타,안전운전불이행,건조,맑음,교차로 - 교차로부근,승용,남,35세,상해없음,보행자,여,76세,중상
2013012600100286,2013년 1월 26일 15시,토요일,경상남도 창원시 마산합포구 장군동3가,중상사고,0,1,0,0,차대사람 - 횡단중,안전운전불이행,건조,맑음,단일로 - 기타,승용,여,53세,상해없음,보행자,남,11세,중상
2013012600100287,2013년 1월 26일 15시,토요일,경상남도 남해군 창선면,경상사고,0,0,2,0,차대차 - 추돌 - 주정차중,안전운전불이행,건조,맑음,기타 - 기타,건설기계,남,31세,상해없음,승용,남,31세,경상
2013012600100335,2013년 1월 26일 17시,토요일,경상남도 진주시 가좌동,중상사고,0,1,0,0,차대사람 - 보도통행중,보행자보호의무위반,건조,맑음,단일로 - 횡단보도상,승용,남,60세,상해없음,보행자,여,46세,중상
2013012600100336,2013년 1월 26일 17시,토요일,경상남도 창원시 진해구 두동,경상사고,0,0,4,0,차대차 - 기타,안전운전불이행,건조,맑음,단일로 - 기타,승용,남,22세,상해없음,화물,남,62세,경상
2013012600100366,2013년 1월 26일 18시,토요일,경상남도 창원시 마산합포구 동성동,중상사고,0,1,0,0,차대차 - 측면직각충돌,안전거리미확보,건조,맑음,단일로 - 기타,승용,남,35세,상해없음,원동기,남,18세,중상
2013012600100367,2013년 1월 26일 18시,토요일,경상남도 통영시 북신동,부상신고사고,0,0,0,1,차대사람 - 차도통행중,안전운전불이행,건조,맑음,단일로 - 기타,기타불명,기타불명,기타불명,기타불명,보행자,여,70세,부상신고
2013012600100368,2013년 1월 26일 18시,토요일,경상남도 창원시 마산회원구 회성동,경상사고,0,0,2,1,차대차 - 추돌 - 주정차중,안전운전불이행,건조,맑음,단일로 - 기타,승용,여,52세,상해없음,승용,남,55세,경상
2013012600100394,2013년 1월 26일 19시,토요일,경상남도 진주시 남성동,중상사고,0,1,0,0,차대사람 - 기타,안전운전불이행,건조,맑음,단일로 - 기타,자전거,남,24세,상해없음,보행자,남,27세,중상
2013012600100442,2013년 1월 26일 21시,토요일,경상남도 양산시 상북면,부상신고사고,0,0,0,2,차대사람 - 기타,안전운전불이행,건조,맑음,단일로 - 기타,기타불명,기타불명,기타불명,기타불명,보행자,남,21세,부상신고
2013012600100443,2013년 1월 26일 21시,토요일,경상남도 창원시 성산구 상남동,중상사고,0,1,0,0,차대차 - 기타,교차로운행방법위반,기타,맑음,교차로 - 교차로안,승용,남,32세,상해없음,이륜,남,45세,중상
2013012600100468,2013년 1월 26일 22시,토요일,경상남도 창원시 마산회원구 회원동,부상신고사고,0,0,0,1,차대차 - 추돌 - 진행중,안전운전불이행,건조,맑음,단일로 - 기타,승용,남,57세,상해없음,원동기,남,18세,부상신고
2013012600100487,2013년 1월 26일 23시,토요일,경상남도 통영시 광도면,경상사고,0,0,4,0,차대차 - 기타,안전운전불이행,건조,맑음,단일로 - 기타,승용,남,30세,상해없음,화물,남,50세,상해없음
2013012700100007,2013년 1월 27일 00시,일요일,경상남도 거제시 동부면,중상사고,0,1,1,0,차량단독 - 공작물충돌,안전운전불이행,건조,맑음,단일로 - 기타,승용,남,18세,상해없음,,,,
2013012700100008,2013년 1월 27일 00시,일요일,경상남도 창원시 의창구 팔용동,경상사고,0,0,1,0,차대사람 - 횡단중,안전운전불이행,건조,맑음,단일로 - 기타,승용,남,43세,상해없음,보행자,여,48세,경상
2013012700100030,2013년 1월 27일 01시,일요일,경상남도 거제시 옥포동,경상사고,0,0,1,0,차대사람 - 기타,안전운전불이행,건조,맑음,교차로 - 교차로부근,승용,남,47세,상해없음,보행자,남,43세,경상
2013012700100044,2013년 1월 27일 02시,일요일,경상남도 창원시 마산합포구 오동동,경상사고,0,0,2,0,차대차 - 측면직각충돌,교차로운행방법위반,건조,맑음,교차로 - 교차로안,승용,여,32세,상해없음,승용,남,49세,경상
2013012700100045,2013년 1월 27일 02시,일요일,경상남도 창원시 성산구 상남동,경상사고,0,0,1,0,차대사람 - 기타,안전운전불이행,기타,맑음,교차로 - 교차로안,승합,남,43세,상해없음,보행자,남,25세,경상
2013012700100089,2013년 1월 27일 06시,일요일,경상남도 창원시 진해구 충무동,경상사고,0,0,3,0,차대차 - 추돌 - 주정차중,안전운전불이행,건조,맑음,단일로 - 기타,승용,남,24세,상해없음,승용,남,32세,경상
2013012700100130,2013년 1월 27일 09시,일요일,경상남도 창원시 진해구 두동,중상사고,0,1,0,0,차대차 - 기타,안전운전불이행,건조,맑음,교차로 - 교차로안,화물,남,38세,상해없음,승용,남,57세,중상
2013012700100142,2013년 1월 27일 10시,일요일,경상남도 창원시 진해구 두동,중상사고,0,1,0,0,차대사람 - 기타,안전운전불이행,건조,맑음,교차로 - 교차로부근,화물,남,41세,기타불명,보행자,남,79세,중상
2013012700100160,2013년 1월 27일 11시,일요일,경상남도 김해시 내동,중상사고,0,3,0,0,차대차 - 측면직각충돌,신호위반,건조,맑음,교차로 - 교차로안,승용,남,62세,기타불명,승용,남,59세,중상
2013012700100161,2013년 1월 27일 11시,일요일,경상남도 김해시 구산동,중상사고,0,2,0,0,차량단독 - 기타,안전운전불이행,건조,맑음,교차로 - 교차로부근,승용,남,47세,상해없음,,,,
2013012700100162,2013년 1월 27일 11시,일요일,경상남도 창녕군 남지읍,중상사고,0,1,0,0,차대차 - 측면직각충돌,교차로운행방법위반,건조,맑음,교차로 - 교차로안,화물,남,70세,상해없음,승용,여,39세,중상
2013012700100163,2013년 1월 27일 11시,일요일,경상남도 양산시 동면,경상사고,0,0,1,0,차대차 - 기타,안전운전불이행,건조,맑음,단일로 - 기타,승용,남,55세,상해없음,승용,남,45세,상해없음
2013012700100164,2013년 1월 27일 11시,일요일,경상남도 양산시 평산동,경상사고,0,0,2,0,차대차 - 기타,안전운전불이행,건조,맑음,단일로 - 기타,승용,남,45세,기타불명,화물,남,18세,경상
2013012700100165,2013년 1월 27일 11시,일요일,경상남도 거제시 옥포동,중상사고,0,1,1,0,차대차 - 기타,직진우회전진행방해,건조,맑음,교차로 - 교차로안,화물,남,22세,상해없음,승용,남,32세,경상
2013012700100182,2013년 1월 27일 12시,일요일,경상남도 하동군 옥종면,중상사고,0,1,0,1,차량단독 - 전도전복,안전운전불이행,건조,맑음,단일로 - 기타,승용,여,58세,부상신고,,,,
2013012700100183,2013년 1월 27일 12시,일요일,경상남도 김해시 장유면,중상사고,0,2,0,0,차대차 - 측면직각충돌,신호위반,건조,맑음,교차로 - 교차로안,이륜,남,15세,상해없음,승용,여,43세,상해없음
2013012700100223,2013년 1월 27일 14시,일요일,경상남도 진주시 상평동,경상사고,0,0,1,0,차대사람 - 차도통행중,안전운전불이행,건조,맑음,단일로 - 기타,승용,여,28세,상해없음,보행자,여,19세,경상
2013012700100224,2013년 1월 27일 14시,일요일,경상남도 진주시 상봉동,중상사고,0,1,0,0,차량단독 - 기타,기타,건조,맑음,단일로 - 기타,기타불명,기타불명,기타불명,기타불명,,,,
2013012700100225,2013년 1월 27일 14시,일요일,경상남도 밀양시 초동면,중상사고,0,3,3,0,차대차 - 측면직각충돌,교차로운행방법위반,건조,맑음,교차로 - 교차로안,승용,여,56세,상해없음,승용,남,38세,중상
2013012700100245,2013년 1월 27일 15시,일요일,경상남도 통영시 무전동,부상신고사고,0,0,0,1,차대사람 - 횡단중,보행자보호의무위반,건조,맑음,교차로 - 교차로부근,기타불명,기타불명,기타불명,기타불명,보행자,여,13세,부상신고
2013012700100246,2013년 1월 27일 15시,일요일,경상남도 양산시 삼호동,경상사고,0,0,1,0,차대차 - 기타,중앙선침범,건조,맑음,단일로 - 기타,승용,남,37세,상해없음,승용,남,58세,경상
2013012700100262,2013년 1월 27일 16시,일요일,경상남도 창원시 마산합포구 해운동,경상사고,0,0,1,3,차대차 - 측면직각충돌,안전운전불이행,건조,맑음,교차로 - 교차로안,승용,남,27세,상해없음,승용,여,26세,부상신고
2013012700100263,2013년 1월 27일 16시,일요일,경상남도 양산시 신기동,중상사고,0,1,0,0,차대차 - 기타,안전운전불이행,건조,맑음,단일로 - 기타,승용,남,57세,상해없음,승용,여,37세,중상
2013012700100264,2013년 1월 27일 16시,일요일,경상남도 창원시 의창구 팔용동,경상사고,0,0,1,0,차대차 - 측면직각충돌,신호위반,건조,맑음,교차로 - 교차로안,승용,남,49세,상해없음,승용,남,20세,경상
2013012700100282,2013년 1월 27일 17시,일요일,경상남도 통영시 정량동,경상사고,0,0,1,0,차대차 - 측면직각충돌,차로위반,건조,맑음,단일로 - 기타,승용,남,56세,상해없음,승용,남,60세,상해없음
2013012700100283,2013년 1월 27일 17시,일요일,경상남도 양산시 동면,경상사고,0,0,1,0,차대차 - 기타,안전운전불이행,건조,맑음,단일로 - 기타,승용,여,31세,기타불명,승용,남,36세,기타불명
2013012700100284,2013년 1월 27일 17시,일요일,경상남도 의령군 정곡면,경상사고,0,0,2,0,차대차 - 측면직각충돌,교차로운행방법위반,건조,맑음,교차로 - 교차로안,승용,남,51세,상해없음,승합,남,35세,경상
2013012700100285,2013년 1월 27일 17시,일요일,경상남도 함안군 산인면,중상사고,0,3,6,0,차대차 - 추돌 - 진행중,안전운전불이행,건조,맑음,단일로 - 기타,승용,남,67세,상해없음,승용,남,34세,경상
2013012700100332,2013년 1월 27일 19시,일요일,경상남도 창원시 의창구 용호동,중상사고,0,1,0,0,차대차 - 기타,안전운전불이행,건조,맑음,교차로 - 교차로부근,승용,기타불명,41세,기타불명,승용,남,40세,중상
2013012700100333,2013년 1월 27일 19시,일요일,경상남도 창원시 의창구 소계동,경상사고,0,0,4,0,차대차 - 추돌 - 주정차중,안전운전불이행,건조,맑음,단일로 - 기타,승용,남,60세,상해없음,승용,남,46세,경상
2013012700100350,2013년 1월 27일 20시,일요일,경상남도 합천군 대양면,중상사고,0,1,0,0,차대사람 - 기타,안전운전불이행,건조,맑음,단일로 - 기타,승용,남,27세,상해없음,보행자,남,54세,중상
2013012700100351,2013년 1월 27일 20시,일요일,경상남도 창원시 성산구 양곡동,경상사고,0,0,1,0,차대차 - 기타,안전운전불이행,건조,맑음,단일로 - 기타,승용,남,54세,기타불명,승용,여,53세,경상
2013012700100386,2013년 1월 27일 23시,일요일,경상남도 거창군 거창읍,중상사고,0,1,0,0,차대차 - 측면직각충돌,안전운전불이행,건조,맑음,교차로 - 교차로안,승용,여,40세,상해없음,이륜,남,19세,중상
2013012700100387,2013년 1월 27일 23시,일요일,경상남도 양산시 물금읍,경상사고,0,0,1,0,차대차 - 기타,안전운전불이행,건조,맑음,단일로 - 기타,승용,남,28세,상해없음,승용,남,43세,경상
2013012800100033,2013년 1월 28일 04시,월요일,경상남도 통영시 봉평동,중상사고,0,1,0,0,차대사람 - 횡단중,안전운전불이행,건조,맑음,단일로 - 기타,승용,남,57세,상해없음,보행자,남,66세,중상
2013012800100048,2013년 1월 28일 06시,월요일,경상남도 함안군 칠원면,중상사고,0,1,0,0,차대차 - 기타,중앙선침범,건조,맑음,단일로 - 기타,승용,남,58세,상해없음,승용,남,52세,상해없음
2013012800100071,2013년 1월 28일 07시,월요일,경상남도 창원시 마산합포구 교방동,경상사고,0,0,1,0,차대차 - 측면직각충돌,신호위반,건조,맑음,교차로 - 교차로부근,승용,여,48세,상해없음,승용,남,34세,경상
2013012800100072,2013년 1월 28일 07시,월요일,경상남도 김해시 장유면,중상사고,0,1,0,0,차대차 - 기타,직진우회전진행방해,건조,맑음,교차로 - 교차로안,화물,남,66세,상해없음,승용,남,37세,중상
2013012800100103,2013년 1월 28일 08시,월요일,경상남도 진주시 옥봉동,경상사고,0,0,1,0,차대차 - 측면직각충돌,차로위반,건조,맑음,단일로 - 기타,승용,여,39세,경상,화물,남,26세,상해없음
2013012800100104,2013년 1월 28일 08시,월요일,경상남도 김해시 진영읍,중상사고,0,2,0,0,차대차 - 정면충돌,신호위반,건조,맑음,교차로 - 교차로안,승용,여,24세,중상,승용,여,40세,중상
2013012800100122,2013년 1월 28일 09시,월요일,경상남도 진주시 가좌동,중상사고,0,1,0,0,차대차 - 추돌 - 진행중,안전거리미확보,건조,맑음,단일로 - 기타,승합,남,36세,상해없음,승용,여,39세,중상
2013012800100123,2013년 1월 28일 09시,월요일,경상남도 진주시 평거동,경상사고,0,0,3,0,차대차 - 기타,안전운전불이행,건조,맑음,교차로 - 교차로안,화물,여,51세,상해없음,승용,남,23세,경상
2013012800100124,2013년 1월 28일 09시,월요일,경상남도 거창군 마리면,경상사고,0,0,1,0,차대차 - 정면충돌,중앙선침범,건조,맑음,단일로 - 기타,승용,여,40세,상해없음,승용,여,31세,상해없음
2013012800100125,2013년 1월 28일 09시,월요일,경상남도 창원시 성산구 중앙동,경상사고,0,0,2,0,차대차 - 측면직각충돌,교차로운행방법위반,건조,맑음,교차로 - 교차로안,승용,남,75세,상해없음,승용,남,49세,경상
2013012800100126,2013년 1월 28일 09시,월요일,경상남도 김해시 진영읍,중상사고,0,1,0,0,차대차 - 기타,신호위반,건조,맑음,교차로 - 교차로안,건설기계,남,57세,상해없음,승용,여,56세,중상
2013012800100149,2013년 1월 28일 10시,월요일,경상남도 창원시 진해구 이동,중상사고,0,1,0,0,차대차 - 기타,안전운전불이행,건조,맑음,단일로 - 기타,화물,남,58세,상해없음,자전거,여,53세,중상
2013012800100150,2013년 1월 28일 10시,월요일,경상남도 사천시 사남면,경상사고,0,0,1,0,차대차 - 기타,신호위반,건조,맑음,교차로 - 교차로안,승용,여,34세,상해없음,승용,남,73세,경상
2013012800100151,2013년 1월 28일 10시,월요일,경상남도 창원시 성산구 성주동,경상사고,0,0,1,0,차대차 - 기타,안전운전불이행,기타,맑음,교차로 - 교차로안,화물,남,41세,상해없음,화물,남,25세,경상
2013012800100170,2013년 1월 28일 11시,월요일,경상남도 김해시 삼방동,경상사고,0,0,1,0,차대차 - 정면충돌,안전운전불이행,건조,맑음,단일로 - 기타,승용,여,55세,상해없음,원동기,남,56세,경상
2013012800100171,2013년 1월 28일 11시,월요일,경상남도 거제시 장목면,중상사고,0,1,0,0,차대차 - 추돌 - 진행중,교차로운행방법위반,건조,맑음,교차로 - 교차로안,승합,남,59세,상해없음,승용,남,34세,중상
2013012800100172,2013년 1월 28일 11시,월요일,경상남도 창원시 마산회원구 합성동,경상사고,0,0,1,0,차대차 - 추돌 - 진행중,안전운전불이행,건조,맑음,단일로 - 기타,승용,남,46세,상해없음,승용,여,42세,경상
2013012800100192,2013년 1월 28일 12시,월요일,경상남도 김해시 외동,중상사고,0,1,0,0,차대차 - 추돌 - 주정차중,안전운전불이행,건조,맑음,단일로 - 기타,승합,남,43세,상해없음,승용,여,44세,중상
2013012800100193,2013년 1월 28일 12시,월요일,경상남도 김해시 진례면,경상사고,0,0,1,0,차대차 - 기타,안전운전불이행,건조,맑음,단일로 - 기타,승용,남,58세,상해없음,승용,남,44세,경상
2013012800100215,2013년 1월 28일 13시,월요일,경상남도 사천시 곤명면,경상사고,0,0,1,0,차대차 - 기타,중앙선침범,건조,맑음,단일로 - 기타,원동기,남,56세,경상,화물,남,36세,상해없음
2013012800100240,2013년 1월 28일 14시,월요일,경상남도 창녕군 창녕읍,경상사고,0,0,1,0,차대사람 - 횡단중,안전운전불이행,건조,맑음,교차로 - 교차로부근,승용,여,53세,상해없음,보행자,여,76세,경상
2013012800100260,2013년 1월 28일 15시,월요일,경상남도 통영시 서호동,경상사고,0,0,1,0,차대사람 - 횡단중,보행자보호의무위반,건조,맑음,단일로 - 횡단보도상,승용,여,24세,상해없음,보행자,여,72세,경상
2013012800100261,2013년 1월 28일 15시,월요일,경상남도 통영시 무전동,경상사고,0,0,1,0,차대사람 - 기타,안전운전불이행,건조,맑음,단일로 - 기타,승용,남,54세,상해없음,보행자,여,42세,경상
2013012800100262,2013년 1월 28일 15시,월요일,경상남도 김해시 동상동,중상사고,0,2,0,0,차대차 - 측면직각충돌,신호위반,건조,맑음,교차로 - 교차로안,승용,여,51세,중상,승용,여,45세,중상
2013012800100271,2013년 1월 28일 16시,월요일,경상남도 김해시 삼정동,중상사고,0,1,1,0,차대차 - 기타,안전운전불이행,건조,맑음,단일로 - 기타,승용,남,30세,상해없음,승용,여,29세,경상
2013012800100285,2013년 1월 28일 16시,월요일,경상남도 진주시 평거동,경상사고,0,0,1,0,차대사람 - 횡단중,안전운전불이행,건조,맑음,단일로 - 기타,승용,남,48세,상해없음,보행자,여,10세,경상
2013012800100286,2013년 1월 28일 16시,월요일,경상남도 거창군 거창읍,경상사고,0,0,1,0,차대차 - 측면직각충돌,교차로운행방법위반,건조,맑음,교차로 - 교차로안,화물,여,55세,상해없음,원동기,남,22세,경상
2013012800100287,2013년 1월 28일 16시,월요일,경상남도 창원시 의창구 신월동,중상사고,0,1,0,0,차대차 - 측면직각충돌,교차로운행방법위반,건조,맑음,교차로 - 교차로안,화물,남,33세,상해없음,자전거,남,63세,중상
2013012800100288,2013년 1월 28일 16시,월요일,경상남도 창원시 의창구 신월동,중상사고,0,1,0,0,차대차 - 측면직각충돌,안전운전불이행,건조,맑음,단일로 - 횡단보도상,승용,여,51세,상해없음,자전거,남,62세,중상
2013012800100289,2013년 1월 28일 16시,월요일,경상남도 김해시 진례면,중상사고,0,1,0,0,차대차 - 기타,신호위반,건조,맑음,교차로 - 교차로안,화물,남,52세,상해없음,승용,여,44세,중상
2013012800100311,2013년 1월 28일 17시,월요일,경상남도 함양군 서상면,중상사고,0,1,0,0,차대사람 - 길가장자리구역통행중,안전운전불이행,건조,맑음,단일로 - 기타,승용,남,76세,상해없음,보행자,여,70세,중상
2013012800100312,2013년 1월 28일 17시,월요일,경상남도 산청군 차황면,중상사고,0,1,0,0,차대차 - 측면직각충돌,안전운전불이행,건조,맑음,교차로 - 교차로부근,승용,남,51세,상해없음,농기계,남,77세,중상
2013012800100313,2013년 1월 28일 17시,월요일,경상남도 창원시 성산구 대방동,중상사고,0,1,0,0,차대차 - 측면직각충돌,안전거리미확보,기타,맑음,단일로 - 기타,승용,남,45세,상해없음,승용,여,25세,중상
2013012800100346,2013년 1월 28일 18시,월요일,경상남도 김해시 내동,중상사고,0,1,0,0,차대사람 - 길가장자리구역통행중,안전운전불이행,건조,맑음,단일로 - 기타,승용,남,34세,상해없음,보행자,여,16세,중상
2013012800100347,2013년 1월 28일 18시,월요일,경상남도 양산시 북부동,부상신고사고,0,0,0,3,차대차 - 추돌 - 주정차중,안전거리미확보,건조,맑음,기타 - 기타,승용,남,52세,상해없음,승용,남,47세,부상신고
2013012800100383,2013년 1월 28일 19시,월요일,경상남도 진주시 초전동,중상사고,0,1,0,0,차대차 - 기타,안전운전불이행,건조,맑음,단일로 - 기타,화물,남,50세,중상,화물,남,53세,상해없음
2013012800100402,2013년 1월 28일 20시,월요일,경상남도 합천군 가야면,중상사고,0,1,0,0,차량단독 - 공작물충돌,안전운전불이행,건조,기타,단일로 - 기타,승용,여,54세,중상,,,,
2013012800100403,2013년 1월 28일 20시,월요일,경상남도 함양군 함양읍,경상사고,0,0,1,0,차대차 - 추돌 - 진행중,안전운전불이행,건조,맑음,교차로 - 교차로부근,승용,여,27세,상해없음,원동기,남,51세,경상
2013012800100431,2013년 1월 28일 21시,월요일,경상남도 창원시 진해구 자은동,경상사고,0,0,1,0,차대차 - 추돌 - 진행중,안전운전불이행,건조,맑음,단일로 - 기타,기타불명,기타불명,기타불명,기타불명,승용,남,41세,상해없음
2013012900100032,2013년 1월 29일 01시,화요일,경상남도 창원시 의창구 소답동,경상사고,0,0,1,1,차대차 - 측면직각충돌,신호위반,건조,맑음,교차로 - 교차로안,승용,여,35세,상해없음,승용,남,52세,경상
2013012900100063,2013년 1월 29일 05시,화요일,경상남도 하동군 금성면,경상사고,0,0,1,0,차대차 - 기타,안전운전불이행,건조,맑음,단일로 - 기타,화물,남,56세,경상,화물,남,47세,상해없음
2013012900100084,2013년 1월 29일 06시,화요일,경상남도 사천시 실안동,중상사고,0,1,0,0,차대사람 - 차도통행중,안전운전불이행,건조,맑음,교차로 - 교차로안,화물,남,43세,상해없음,보행자,여,68세,중상
2013012900100085,2013년 1월 29일 06시,화요일,경상남도 양산시 동면,중상사고,0,1,0,0,차대차 - 측면직각충돌,교차로운행방법위반,건조,맑음,교차로 - 교차로안,승용,남,55세,상해없음,승용,남,31세,중상
2013012900100106,2013년 1월 29일 07시,화요일,경상남도 창녕군 영산면,중상사고,0,1,0,0,차대차 - 기타,안전운전불이행,건조,맑음,단일로 - 기타,승용,남,37세,중상,농기계,남,49세,상해없음
2013012900100127,2013년 1월 29일 08시,화요일,경상남도 양산시 중부동,경상사고,0,0,1,0,차대차 - 측면직각충돌,교차로운행방법위반,건조,맑음,교차로 - 교차로안,승용,남,51세,상해없음,승용,여,46세,경상
2013012900100128,2013년 1월 29일 08시,화요일,경상남도 거제시 둔덕면,경상사고,0,0,1,0,차대차 - 측면직각충돌,안전운전불이행,건조,맑음,교차로 - 교차로안,승합,남,35세,상해없음,승용,남,59세,경상
2013012900100129,2013년 1월 29일 08시,화요일,경상남도 창원시 의창구 용호동,경상사고,0,0,1,0,차대사람 - 횡단중,보행자보호의무위반,건조,맑음,교차로 - 교차로부근,승용,남,62세,상해없음,보행자,여,41세,경상
2013012900100182,2013년 1월 29일 11시,화요일,경상남도 의령군 의령읍,경상사고,0,0,2,0,차대차 - 측면직각충돌,교차로운행방법위반,건조,맑음,교차로 - 교차로안,승용,남,46세,경상,승용,남,51세,경상
2013012900100200,2013년 1월 29일 12시,화요일,경상남도 김해시 장유면,중상사고,0,1,0,0,차대차 - 측면직각충돌,안전거리미확보,건조,맑음,단일로 - 기타,승용,여,38세,상해없음,원동기,남,42세,중상
2013012900100201,2013년 1월 29일 12시,화요일,경상남도 김해시 장유면,경상사고,0,0,1,0,차대차 - 측면직각충돌,안전거리미확보,건조,맑음,단일로 - 기타,승용,남,46세,상해없음,승용,남,51세,상해없음
2013012900100226,2013년 1월 29일 13시,화요일,경상남도 창녕군 창녕읍,경상사고,0,0,1,0,차대차 - 측면직각충돌,교차로운행방법위반,건조,맑음,교차로 - 교차로안,승용,남,46세,상해없음,승용,여,63세,경상
2013012900100227,2013년 1월 29일 13시,화요일,경상남도 산청군 산청읍,중상사고,0,1,0,0,차대차 - 추돌 - 주정차중,안전운전불이행,건조,맑음,단일로 - 기타,건설기계,남,44세,상해없음,특수,남,40세,상해없음
2013012900100249,2013년 1월 29일 14시,화요일,경상남도 김해시 삼방동,경상사고,0,0,1,0,차대사람 - 횡단중,안전운전불이행,건조,맑음,단일로 - 기타,이륜,남,52세,상해없음,보행자,여,60세,경상
2013012900100250,2013년 1월 29일 14시,화요일,경상남도 함안군 칠서면,중상사고,0,1,1,0,차대차 - 정면충돌,안전운전불이행,건조,맑음,교차로 - 교차로안,승용,여,27세,상해없음,승용,남,39세,경상