사고번호,사고일시,요일,시군구,사고내용,사망자수,중상자수,경상자수,부상신고자수,사고유형,법규위반,노면상태,기상상태,도로형태,가해운전자 차종,가해운전자 성별,가해운전자 연령,가해운전자 상해정도,피해운전자 차종,피해운전자 성별,피해운전자 연령,피해운전자 상해정도
2013020600100183,2013년 2월 6일 09시,수요일,경상남도 창원시 의창구 팔용동,경상사고,0,0,2,0,차대차 - 기타,안전거리미확보,건조,맑음,단일로 - 기타,특수,남,56세,상해없음,승용,남,49세,경상
2013020600100209,2013년 2월 6일 10시,수요일,경상남도 진주시 인사동,중상사고,0,1,0,0,차대차 - 측면직각충돌,중앙선침범,건조,맑음,단일로 - 기타,자전거,남,71세,중상,원동기,남,42세,상해없음
2013020600100210,2013년 2월 6일 10시,수요일,경상남도 합천군 묘산면,중상사고,0,1,0,0,차대차 - 측면직각충돌,교차로운행방법위반,건조,맑음,교차로 - 교차로안,화물,여,36세,상해없음,농기계,남,69세,중상
2013020600100238,2013년 2월 6일 11시,수요일,경상남도 밀양시 산외면,중상사고,0,2,0,0,차량단독 - 공작물충돌,안전운전불이행,건조,맑음,단일로 - 기타,화물,남,73세,중상,,,,
2013020600100250,2013년 2월 6일 12시,수요일,경상남도 김해시 대동면,경상사고,0,0,1,0,차대차 - 기타,안전운전불이행,건조,맑음,단일로 - 기타,화물,남,46세,상해없음,화물,남,52세,경상
2013020600100260,2013년 2월 6일 12시,수요일,경상남도 고성군 고성읍,중상사고,0,1,0,0,차대사람 - 기타,안전운전불이행,건조,맑음,단일로 - 기타,승용,남,57세,상해없음,보행자,여,69세,중상
2013020600100261,2013년 2월 6일 12시,수요일,경상남도 창원시 마산회원구 내서읍,경상사고,0,0,1,0,차대차 - 추돌 - 진행중,안전운전불이행,건조,맑음,단일로 - 기타,승용,남,60세,상해없음,승용,남,32세,경상
2013020600100262,2013년 2월 6일 12시,수요일,경상남도 창원시 의창구 명서동,중상사고,0,1,0,0,차대사람 - 기타,안전운전불이행,건조,맑음,단일로 - 기타,승용,남,57세,상해없음,보행자,여,86세,중상
2013020600100286,2013년 2월 6일 13시,수요일,경상남도 통영시 광도면,경상사고,0,0,1,0,차대차 - 기타,신호위반,건조,맑음,교차로 - 교차로안,화물,남,53세,상해없음,승용,남,47세,경상
2013020600100287,2013년 2월 6일 13시,수요일,경상남도 통영시 무전동,경상사고,0,0,1,0,차대사람 - 횡단중,기타,건조,맑음,단일로 - 기타,승용,여,35세,상해없음,보행자,남,11세,경상
2013020600100363,2013년 2월 6일 16시,수요일,경상남도 사천시 사천읍,중상사고,0,1,0,0,차대사람 - 횡단중,안전운전불이행,건조,맑음,단일로 - 기타,승용,여,44세,상해없음,보행자,여,13세,중상
2013020600100364,2013년 2월 6일 16시,수요일,경상남도 창원시 의창구 북면,중상사고,0,2,1,0,차대차 - 추돌 - 진행중,안전거리미확보,건조,맑음,단일로 - 기타,건설기계,남,47세,상해없음,화물,남,63세,중상
2013020600100377,2013년 2월 6일 17시,수요일,경상남도 창원시 마산합포구 월남동3가,중상사고,0,1,0,0,차대사람 - 기타,안전운전불이행,건조,맑음,단일로 - 교량,화물,남,35세,상해없음,보행자,여,75세,중상
2013020600100378,2013년 2월 6일 17시,수요일,경상남도 김해시 생림면,중상사고,0,1,0,0,차대차 - 추돌 - 주정차중,안전거리미확보,건조,맑음,단일로 - 기타,승용,남,29세,상해없음,농기계,남,48세,중상
2013020600100407,2013년 2월 6일 18시,수요일,경상남도 통영시 중앙동,중상사고,0,1,0,0,차대사람 - 횡단중,보행자보호의무위반,건조,맑음,단일로 - 횡단보도상,화물,남,26세,상해없음,보행자,여,78세,중상
2013020600100408,2013년 2월 6일 18시,수요일,경상남도 창원시 의창구 동정동,경상사고,0,0,1,0,차대사람 - 횡단중,보행자보호의무위반,건조,맑음,단일로 - 기타,승용,여,39세,상해없음,보행자,남,12세,경상
2013020600100447,2013년 2월 6일 19시,수요일,경상남도 의령군 의령읍,중상사고,0,1,1,0,차대차 - 추돌 - 주정차중,안전운전불이행,건조,맑음,교차로 - 교차로부근,화물,남,61세,상해없음,승용,여,49세,중상
2013020600100480,2013년 2월 6일 20시,수요일,경상남도 함안군 가야읍,경상사고,0,0,1,0,차대차 - 측면직각충돌,안전운전불이행,건조,맑음,교차로 - 교차로안,승용,남,44세,상해없음,승용,남,34세,경상
2013020600100509,2013년 2월 6일 21시,수요일,경상남도 밀양시 내이동,중상사고,0,1,1,0,차대차 - 측면직각충돌,교차로운행방법위반,건조,맑음,교차로 - 교차로안,승용,남,17세,상해없음,승용,남,51세,경상
2013020600100510,2013년 2월 6일 21시,수요일,경상남도 양산시 북부동,부상신고사고,0,0,0,1,차대사람 - 기타,안전운전불이행,건조,맑음,기타 - 기타,승용,남,46세,상해없음,보행자,남,33세,부상신고
2013020600100533,2013년 2월 6일 22시,수요일,경상남도 진주시 장대동,중상사고,0,2,0,0,차대차 - 정면충돌,중앙선침범,건조,맑음,단일로 - 기타,승용,남,53세,상해없음,승용,남,19세,중상
2013020600100558,2013년 2월 6일 23시,수요일,경상남도 김해시 외동,경상사고,0,0,1,0,차대차 - 측면직각충돌,교차로운행방법위반,건조,맑음,교차로 - 교차로안,승용,남,48세,상해없음,원동기,남,57세,경상
2013020600100559,2013년 2월 6일 23시,수요일,경상남도 거제시 옥포동,중상사고,0,1,0,0,차대사람 - 기타,안전운전불이행,건조,맑음,단일로 - 기타,승용,남,41세,상해없음,보행자,여,51세,중상
2013020600100560,2013년 2월 6일 23시,수요일,경상남도 김해시 장유면,경상사고,0,0,1,0,차대차 - 추돌 - 진행중,안전운전불이행,건조,맑음,단일로 - 기타,승용,남,53세,상해없음,승용,남,52세,경상
2013020700100015,2013년 2월 7일 00시,목요일,경상남도 창원시 의창구 동읍,사망사고,1,0,0,0,차량단독 - 공작물충돌,안전운전불이행,건조,맑음,단일로 - 기타,승용,남,23세,사망,,,,
2013020700100036,2013년 2월 7일 01시,목요일,경상남도 김해시 동상동,중상사고,0,7,0,0,차대차 - 측면직각충돌,교차로운행방법위반,건조,맑음,교차로 - 교차로안,승합,남,22세,중상,승용,남,48세,중상
2013020700100059,2013년 2월 7일 03시,목요일,경상남도 진주시 상대동,중상사고,0,3,0,0,차대차 - 측면직각충돌,신호위반,건조,맑음,교차로 - 교차로안,승용,남,55세,상해없음,승용,남,57세,상해없음
2013020700100084,2013년 2월 7일 06시,목요일,경상남도 김해시 삼계동,경상사고,0,0,1,0,차대차 - 측면직각충돌,교차로운행방법위반,건조,맑음,교차로 - 교차로안,승용,남,46세,기타불명,승용,남,50세,상해없음
2013020700100096,2013년 2월 7일 07시,목요일,경상남도 진주시 상봉동,중상사고,0,1,0,0,차대사람 - 횡단중,보행자보호의무위반,건조,맑음,교차로 - 교차로안,승합,남,44세,상해없음,보행자,여,15세,중상
2013020700100097,2013년 2월 7일 07시,목요일,경상남도 사천시 사남면,중상사고,0,2,1,0,차대차 - 기타,안전운전불이행,건조,맑음,교차로 - 교차로부근,승용,남,67세,경상,화물,남,66세,중상
2013020700100121,2013년 2월 7일 08시,목요일,경상남도 양산시 물금읍,중상사고,0,1,0,0,차대차 - 측면직각충돌,신호위반,건조,맑음,교차로 - 교차로안,승용,여,43세,기타불명,승용,남,35세,중상
2013020700100122,2013년 2월 7일 08시,목요일,경상남도 창원시 의창구 팔용동,중상사고,0,1,0,0,차대사람 - 횡단중,안전운전불이행,건조,맑음,단일로 - 기타,승용,여,38세,상해없음,보행자,남,9세,중상
2013020700100123,2013년 2월 7일 08시,목요일,경상남도 김해시 풍유동,중상사고,0,1,0,0,차대차 - 측면직각충돌,신호위반,건조,맑음,교차로 - 교차로안,승용,남,62세,상해없음,승용,남,50세,중상
2013020700100142,2013년 2월 7일 09시,목요일,경상남도 진주시 가좌동,중상사고,0,1,1,0,차대차 - 정면충돌,중앙선침범,건조,맑음,단일로 - 기타,승용,여,27세,경상,승용,남,33세,중상
2013020700100143,2013년 2월 7일 09시,목요일,경상남도 통영시 도남동,중상사고,0,2,0,0,차대차 - 기타,안전운전불이행,건조,맑음,단일로 - 기타,승용,남,61세,중상,승용,여,39세,중상
2013020700100165,2013년 2월 7일 10시,목요일,경상남도 진주시 문산읍,중상사고,0,1,0,0,차량단독 - 전도전복,안전운전불이행,건조,맑음,교차로 - 교차로안,이륜,남,80세,중상,,,,
2013020700100166,2013년 2월 7일 10시,목요일,경상남도 남해군 남해읍,중상사고,0,1,0,0,차대차 - 측면직각충돌,안전운전불이행,건조,맑음,기타 - 기타,원동기,남,58세,중상,승용,남,41세,상해없음
2013020700100184,2013년 2월 7일 11시,목요일,경상남도 통영시 광도면,경상사고,0,0,1,0,차대차 - 측면직각충돌,직진우회전진행방해,건조,맑음,교차로 - 교차로안,승용,남,49세,상해없음,이륜,남,36세,경상
2013020700100185,2013년 2월 7일 11시,목요일,경상남도 창원시 의창구 팔용동,중상사고,0,1,0,0,차대차 - 측면직각충돌,안전운전불이행,건조,맑음,교차로 - 교차로부근,승용,남,52세,상해없음,승용,남,37세,중상
2013020700100228,2013년 2월 7일 13시,목요일,경상남도 창녕군 대지면,중상사고,0,2,0,0,차대차 - 기타,안전운전불이행,건조,맑음,단일로 - 기타,화물,남,45세,상해없음,농기계,남,75세,중상
2013020700100229,2013년 2월 7일 13시,목요일,경상남도 양산시 중부동,경상사고,0,0,1,0,차대차 - 기타,직진우회전진행방해,건조,맑음,교차로 - 교차로안,승용,남,35세,상해없음,원동기,남,71세,경상
2013020700100260,2013년 2월 7일 14시,목요일,경상남도 양산시 물금읍,경상사고,0,0,1,0,차대차 - 기타,교차로운행방법위반,건조,맑음,교차로 - 교차로안,승용,남,57세,상해없음,자전거,남,18세,경상
2013020700100288,2013년 2월 7일 15시,목요일,경상남도 창원시 진해구 자은동,경상사고,0,0,2,0,차대차 - 기타,교차로운행방법위반,건조,맑음,교차로 - 교차로안,승용,여,35세,경상,승용,남,35세,경상
2013020700100289,2013년 2월 7일 15시,목요일,경상남도 김해시 동상동,중상사고,0,1,0,0,차대차 - 측면직각충돌,교차로운행방법위반,건조,맑음,교차로 - 교차로안,승용,남,59세,상해없음,승용,여,51세,중상
2013020700100309,2013년 2월 7일 16시,목요일,경상남도 밀양시 가곡동,중상사고,0,2,0,0,차대차 - 기타,안전운전불이행,건조,맑음,교차로 - 교차로안,화물,남,63세,상해없음,이륜,남,82세,중상
2013020700100310,2013년 2월 7일 16시,목요일,경상남도 김해시 삼방동,경상사고,0,0,1,0,차대사람 - 기타,안전운전불이행,건조,맑음,단일로 - 기타,승용,여,41세,상해없음,보행자,남,54세,경상
2013020700100340,2013년 2월 7일 17시,목요일,경상남도 함안군 가야읍,경상사고,0,0,1,0,차대차 - 측면직각충돌,안전운전불이행,건조,맑음,교차로 - 교차로부근,승용,남,67세,상해없음,승용,여,38세,경상
2013020700100341,2013년 2월 7일 17시,목요일,경상남도 의령군 유곡면,중상사고,0,1,0,0,차대차 - 기타,중앙선침범,건조,맑음,단일로 - 기타,화물,남,55세,상해없음,이륜,남,40세,중상
2013020700100369,2013년 2월 7일 18시,목요일,경상남도 진주시 평거동,경상사고,0,0,1,0,차대차 - 측면직각충돌,불법유턴,건조,맑음,교차로 - 교차로안,자전거,여,55세,경상,승용,남,26세,상해없음
2013020700100370,2013년 2월 7일 18시,목요일,경상남도 김해시 삼정동,중상사고,0,1,0,0,차대사람 - 길가장자리구역통행중,신호위반,건조,맑음,단일로 - 기타,승용,남,50세,상해없음,보행자,여,20세,중상
2013020700100371,2013년 2월 7일 18시,목요일,경상남도 창원시 성산구 성주동,중상사고,0,2,0,0,차대차 - 측면직각충돌,신호위반,건조,맑음,교차로 - 교차로안,승용,여,44세,상해없음,승용,남,60세,중상
2013020700100411,2013년 2월 7일 19시,목요일,경상남도 거창군 거창읍,경상사고,0,0,1,0,차대차 - 추돌 - 주정차중,안전운전불이행,건조,맑음,단일로 - 기타,승용,남,55세,상해없음,화물,남,41세,상해없음
2013020700100412,2013년 2월 7일 19시,목요일,경상남도 거제시 옥포동,중상사고,0,1,0,0,차대차 - 기타,안전운전불이행,건조,맑음,단일로 - 기타,승용,남,52세,상해없음,승용,남,39세,상해없음
2013020700100447,2013년 2월 7일 20시,목요일,경상남도 거제시 고현동,중상사고,0,2,0,0,차대차 - 기타,안전운전불이행,건조,맑음,단일로 - 기타,승용,남,43세,상해없음,승용,남,37세,중상
2013020700100482,2013년 2월 7일 21시,목요일,경상남도 창원시 마산합포구 창포동1가,경상사고,0,0,1,0,차대차 - 측면직각충돌,안전운전불이행,건조,맑음,교차로 - 교차로부근,승용,남,35세,상해없음,승용,여,64세,경상
2013020700100483,2013년 2월 7일 21시,목요일,경상남도 진주시 평거동,중상사고,0,1,0,0,차대차 - 기타,중앙선침범,건조,맑음,교차로 - 교차로부근,승용,남,52세,기타불명,승용,남,33세,중상
2013020700100484,2013년 2월 7일 21시,목요일,경상남도 통영시 광도면,중상사고,0,1,0,0,차대사람 - 차도통행중,안전운전불이행,건조,맑음,단일로 - 기타,승용,남,27세,상해없음,보행자,남,38세,중상
2013020700100485,2013년 2월 7일 21시,목요일,경상남도 거제시 아주동,중상사고,0,1,1,0,차대차 - 기타,안전운전불이행,건조,맑음,단일로 - 기타,승용,남,54세,상해없음,승용,남,31세,중상
2013020700100522,2013년 2월 7일 22시,목요일,경상남도 김해시 어방동,중상사고,0,1,0,0,차대사람 - 길가장자리구역통행중,안전운전불이행,건조,맑음,단일로 - 기타,승용,여,48세,상해없음,보행자,남,19세,중상
2013020800100012,2013년 2월 8일 00시,금요일,경상남도 사천시 벌리동,경상사고,0,0,2,0,차대차 - 기타,안전운전불이행,건조,맑음,교차로 - 교차로안,승용,남,23세,상해없음,승용,남,42세,경상
2013020800100027,2013년 2월 8일 01시,금요일,경상남도 김해시 주촌면,중상사고,0,1,0,0,차대차 - 기타,안전운전불이행,건조,맑음,단일로 - 기타,승용,남,27세,상해없음,승용,남,28세,상해없음
2013020800100034,2013년 2월 8일 01시,금요일,경상남도 창원시 성산구 상남동,중상사고,0,2,0,0,차대차 - 측면직각충돌,신호위반,건조,맑음,교차로 - 교차로안,승용,남,63세,중상,승용,남,28세,중상
2013020800100055,2013년 2월 8일 03시,금요일,경상남도 창원시 성산구 중앙동,경상사고,0,0,2,0,차대차 - 측면직각충돌,안전운전불이행,건조,맑음,교차로 - 교차로안,승용,남,48세,상해없음,승용,남,30세,상해없음
2013020800100070,2013년 2월 8일 05시,금요일,경상남도 김해시 진영읍,경상사고,0,0,1,0,차대차 - 측면직각충돌,신호위반,건조,기타,교차로 - 교차로안,승용,남,54세,상해없음,승용,여,46세,경상
2013020800100083,2013년 2월 8일 06시,금요일,경상남도 창원시 마산합포구 월영동,경상사고,0,0,1,0,차대차 - 추돌 - 진행중,안전운전불이행,건조,맑음,단일로 - 기타,승용,남,22세,상해없음,승용,남,61세,경상
2013020800100098,2013년 2월 8일 07시,금요일,경상남도 창원시 진해구 여좌동,경상사고,0,0,1,0,차대차 - 측면직각충돌,안전운전불이행,건조,맑음,교차로 - 교차로안,승용,남,45세,상해없음,승용,남,44세,경상
2013020800100123,2013년 2월 8일 08시,금요일,경상남도 김해시 삼방동,경상사고,0,0,1,0,차대사람 - 횡단중,안전운전불이행,건조,맑음,단일로 - 기타,승용,남,68세,상해없음,보행자,남,15세,경상
2013020800100140,2013년 2월 8일 09시,금요일,경상남도 창원시 진해구 용원동,경상사고,0,0,1,0,차대차 - 측면직각충돌,안전운전불이행,건조,맑음,단일로 - 기타,원동기,남,19세,경상,화물,남,51세,상해없음
2013020800100141,2013년 2월 8일 09시,금요일,경상남도 거창군 거창읍,중상사고,0,1,0,0,차대차 - 정면충돌,안전운전불이행,건조,맑음,단일로 - 기타,승용,남,51세,상해없음,승용,남,51세,상해없음
2013020800100196,2013년 2월 8일 11시,금요일,경상남도 김해시 장유면,중상사고,0,1,0,0,차대사람 - 기타,보행자보호의무위반,건조,맑음,단일로 - 횡단보도상,승합,남,55세,상해없음,보행자,여,74세,중상
2013020800100216,2013년 2월 8일 12시,금요일,경상남도 합천군 율곡면,경상사고,0,0,2,0,차대차 - 측면직각충돌,교차로운행방법위반,건조,맑음,교차로 - 교차로안,승용,남,28세,경상,화물,남,63세,경상
2013020800100217,2013년 2월 8일 12시,금요일,경상남도 김해시 주촌면,경상사고,0,0,1,0,차대차 - 측면직각충돌,안전운전불이행,건조,맑음,교차로 - 교차로안,화물,남,30세,상해없음,승용,여,37세,상해없음
2013020800100218,2013년 2월 8일 12시,금요일,경상남도 김해시 주촌면,중상사고,0,1,0,0,차대사람 - 차도통행중,안전운전불이행,건조,맑음,단일로 - 기타,승용,여,46세,상해없음,보행자,여,41세,중상
2013020800100248,2013년 2월 8일 13시,금요일,경상남도 창원시 진해구 풍호동,경상사고,0,0,1,0,차대차 - 측면직각충돌,직진우회전진행방해,건조,맑음,교차로 - 교차로안,화물,남,42세,상해없음,원동기,남,60세,경상
2013020800100280,2013년 2월 8일 14시,금요일,경상남도 통영시 광도면,경상사고,0,0,1,0,차대차 - 측면직각충돌,안전운전불이행,건조,맑음,교차로 - 교차로안,승용,여,49세,상해없음,원동기,남,46세,경상
2013020800100314,2013년 2월 8일 15시,금요일,경상남도 창원시 진해구 덕산동,중상사고,0,1,0,0,차대차 - 정면충돌,중앙선침범,건조,맑음,단일로 - 기타,승합,남,60세,상해없음,원동기,남,57세,중상
2013020800100315,2013년 2월 8일 15시,금요일,경상남도 창원시 의창구 명서동,부상신고사고,0,0,0,1,차대차 - 측면직각충돌,안전운전불이행,건조,맑음,단일로 - 기타,화물,남,24세,상해없음,원동기,남,53세,부상신고
2013020800100337,2013년 2월 8일 16시,금요일,경상남도 진주시 봉곡동,중상사고,0,1,0,0,차대사람 - 횡단중,보행자보호의무위반,건조,맑음,단일로 - 횡단보도상,승용,여,45세,상해없음,보행자,여,68세,중상
2013020800100338,2013년 2월 8일 16시,금요일,경상남도 거제시 고현동,중상사고,0,1,0,0,차대차 - 측면직각충돌,안전운전불이행,건조,맑음,교차로 - 교차로안,승용,여,50세,상해없음,승용,여,40세,중상
2013020800100371,2013년 2월 8일 17시,금요일,경상남도 창원시 마산합포구 진동면,중상사고,0,1,0,0,차대차 - 측면직각충돌,신호위반,건조,맑음,교차로 - 교차로안,승용,여,56세,상해없음,승용,남,61세,중상
2013020800100372,2013년 2월 8일 17시,금요일,경상남도 김해시 진영읍,경상사고,0,0,2,0,차대차 - 기타,차로위반,건조,맑음,단일로 - 기타,화물,남,54세,상해없음,승용,남,27세,경상
2013020800100413,2013년 2월 8일 18시,금요일,경상남도 진주시 상대동,중상사고,0,1,0,0,차대차 - 측면직각충돌,신호위반,건조,맑음,교차로 - 교차로안,화물,남,43세,상해없음,화물,남,37세,중상
2013020800100414,2013년 2월 8일 18시,금요일,경상남도 양산시 북정동,경상사고,0,0,1,0,차대차 - 추돌 - 진행중,안전운전불이행,건조,맑음,단일로 - 기타,승용,남,34세,상해없음,승용,남,30세,경상
2013020800100415,2013년 2월 8일 18시,금요일,경상남도 거제시 장승포동,중상사고,0,1,0,0,차대차 - 추돌 - 주정차중,안전운전불이행,건조,맑음,단일로 - 기타,승용,남,41세,상해없음,화물,여,53세,상해없음
2013020800100416,2013년 2월 8일 18시,금요일,경상남도 창원시 의창구 도계동,경상사고,0,0,1,0,차대차 - 추돌 - 진행중,안전운전불이행,건조,맑음,단일로 - 기타,승용,남,49세,상해없음,승용,남,44세,경상
2013020800100462,2013년 2월 8일 19시,금요일,경상남도 거제시 고현동,경상사고,0,0,1,0,차대사람 - 기타,안전운전불이행,건조,맑음,교차로 - 교차로안,승용,남,59세,상해없음,보행자,남,12세,경상
2013020800100463,2013년 2월 8일 19시,금요일,경상남도 창원시 의창구 동읍,중상사고,0,2,0,4,차대차 - 추돌 - 주정차중,안전운전불이행,건조,맑음,단일로 - 기타,승합,남,54세,상해없음,승용,남,35세,중상
2013020800100500,2013년 2월 8일 20시,금요일,경상남도 양산시 상북면,부상신고사고,0,0,0,1,차대사람 - 횡단중,안전운전불이행,건조,맑음,단일로 - 기타,승용,남,52세,기타불명,보행자,남,52세,부상신고
2013020800100501,2013년 2월 8일 20시,금요일,경상남도 남해군 남해읍,경상사고,0,0,1,0,차대사람 - 기타,보행자보호의무위반,건조,기타,단일로 - 횡단보도상,승용,기타불명,기타불명,기타불명,보행자,남,26세,경상
2013020800100502,2013년 2월 8일 20시,금요일,경상남도 창원시 성산구 사파동,경상사고,0,0,1,0,차대차 - 측면직각충돌,직진우회전진행방해,건조,맑음,교차로 - 교차로안,승용,남,45세,상해없음,이륜,남,27세,경상
2013020800100503,2013년 2월 8일 20시,금요일,경상남도 창원시 의창구 소답동,중상사고,0,1,0,0,차대사람 - 보도통행중,보행자보호의무위반,건조,맑음,교차로 - 교차로부근,승용,여,53세,상해없음,보행자,여,21세,중상
2013020800100544,2013년 2월 8일 21시,금요일,경상남도 창원시 마산합포구 해운동,경상사고,0,0,1,0,차대차 - 추돌 - 주정차중,안전운전불이행,건조,맑음,단일로 - 기타,승용,남,50세,상해없음,원동기,남,53세,경상
2013020800100545,2013년 2월 8일 21시,금요일,경상남도 창원시 성산구 상남동,중상사고,0,1,0,0,차대차 - 측면직각충돌,신호위반,건조,맑음,교차로 - 교차로안,승용,남,38세,상해없음,승용,여,49세,중상
2013020800100600,2013년 2월 8일 23시,금요일,경상남도 김해시 내동,중상사고,0,1,0,0,차대사람 - 횡단중,안전운전불이행,건조,맑음,단일로 - 기타,승용,남,52세,상해없음,보행자,남,17세,중상
2013020900100015,2013년 2월 9일 00시,토요일,경상남도 김해시 부원동,경상사고,0,0,1,0,차대차 - 추돌 - 진행중,안전거리미확보,건조,맑음,단일로 - 기타,화물,남,45세,상해없음,승용,남,48세,경상
2013020900100016,2013년 2월 9일 00시,토요일,경상남도 거제시 수월동,경상사고,0,0,1,0,차대사람 - 횡단중,안전운전불이행,건조,맑음,단일로 - 기타,승용,여,51세,상해없음,보행자,남,41세,경상
2013020900100046,2013년 2월 9일 01시,토요일,경상남도 진주시 상봉동,경상사고,0,0,2,0,차대차 - 추돌 - 주정차중,안전운전불이행,건조,맑음,교차로 - 교차로안,승용,남,41세,상해없음,승용,남,41세,경상
2013020900100101,2013년 2월 9일 05시,토요일,경상남도 거제시 사등면,중상사고,0,4,0,0,차대차 - 측면직각충돌,안전운전불이행,건조,맑음,단일로 - 기타,승용,여,24세,상해없음,승용,남,44세,중상
2013020900100102,2013년 2월 9일 05시,토요일,경상남도 함안군 산인면,중상사고,0,1,2,0,차대차 - 추돌 - 진행중,안전운전불이행,건조,맑음,단일로 - 기타,승용,남,28세,경상,화물,남,57세,경상
2013020900100149,2013년 2월 9일 09시,토요일,경상남도 창원시 마산합포구 신포동2가,경상사고,0,0,1,0,차대차 - 측면직각충돌,교차로운행방법위반,건조,맑음,교차로 - 교차로안,승용,남,47세,경상,승용,여,65세,상해없음
2013020900100165,2013년 2월 9일 10시,토요일,경상남도 통영시 북신동,중상사고,0,1,1,0,차대차 - 측면직각충돌,안전운전불이행,건조,맑음,교차로 - 교차로안,승용,남,30세,상해없음,승용,여,39세,중상
2013020900100166,2013년 2월 9일 10시,토요일,경상남도 김해시 삼정동,중상사고,0,1,0,0,차대차 - 측면직각충돌,교차로운행방법위반,건조,맑음,교차로 - 교차로안,승용,여,40세,상해없음,승용,여,47세,중상
2013020900100178,2013년 2월 9일 11시,토요일,경상남도 진주시 상대동,중상사고,0,1,0,0,차대사람 - 횡단중,보행자보호의무위반,건조,맑음,교차로 - 교차로안,승용,남,27세,상해없음,보행자,여,62세,중상
2013020900100179,2013년 2월 9일 11시,토요일,경상남도 창원시 마산회원구 구암동,중상사고,0,1,0,0,차대사람 - 기타,안전운전불이행,건조,맑음,단일로 - 기타,승용,남,64세,상해없음,보행자,여,29세,중상
2013020900100197,2013년 2월 9일 12시,토요일,경상남도 창원시 진해구 용원동,중상사고,0,1,0,0,차대사람 - 차도통행중,안전운전불이행,건조,맑음,교차로 - 교차로안,승용,남,42세,기타불명,보행자,여,57세,중상
2013020900100247,2013년 2월 9일 15시,토요일,경상남도 하동군 진교면,중상사고,0,2,0,0,차대차 - 추돌 - 진행중,안전운전불이행,건조,맑음,단일로 - 기타,승용,남,36세,상해없음,승용,남,58세,중상
2013020900100248,2013년 2월 9일 15시,토요일,경상남도 거제시 연초면,경상사고,0,0,1,0,차대차 - 추돌 - 진행중,안전운전불이행,건조,맑음,단일로 - 기타,승용,남,34세,상해없음,승용,여,41세,경상
2013020900100267,2013년 2월 9일 16시,토요일,경상남도 통영시 항남동,경상사고,0,0,1,0,차대차 - 측면직각충돌,교차로운행방법위반,건조,맑음,교차로 - 교차로안,승용,남,52세,상해없음,화물,남,60세,경상
2013020900100268,2013년 2월 9일 16시,토요일,경상남도 창녕군 창녕읍,경상사고,0,0,1,0,차대사람 - 차도통행중,안전운전불이행,건조,맑음,단일로 - 기타,승용,남,30세,상해없음,보행자,여,69세,경상
2013020900100306,2013년 2월 9일 18시,토요일,경상남도 창원시 진해구 자은동,경상사고,0,0,2,0,차대차 - 측면직각충돌,교차로운행방법위반,건조,맑음,교차로 - 교차로안,승용,남,36세,상해없음,승용,남,23세,경상
2013020900100307,2013년 2월 9일 18시,토요일,경상남도 사천시 벌리동,경상사고,0,0,1,0,차대차 - 추돌 - 주정차중,안전운전불이행,건조,맑음,단일로 - 기타,승합,남,50세,상해없음,승용,여,29세,경상
2013020900100325,2013년 2월 9일 19시,토요일,경상남도 진주시 정촌면,경상사고,0,0,2,0,차대차 - 추돌 - 주정차중,안전운전불이행,건조,맑음,교차로 - 교차로부근,승용,남,70세,상해없음,승용,남,49세,경상
2013020900100346,2013년 2월 9일 20시,토요일,경상남도 통영시 무전동,경상사고,0,0,1,0,차대차 - 정면충돌,중앙선침범,건조,맑음,단일로 - 기타,승용,여,37세,상해없음,승용,남,34세,상해없음
2013020900100347,2013년 2월 9일 20시,토요일,경상남도 창원시 마산회원구 봉암동,경상사고,0,0,2,0,차대차 - 추돌 - 주정차중,안전운전불이행,건조,맑음,교차로 - 교차로부근,승용,남,30세,상해없음,승용,남,38세,경상
2013020900100373,2013년 2월 9일 22시,토요일,경상남도 창원시 의창구 봉곡동,경상사고,0,0,1,0,차대차 - 기타,안전운전불이행,건조,맑음,교차로 - 교차로부근,승용,여,48세,상해없음,승용,남,41세,경상
2013021000100011,2013년 2월 10일 00시,일요일,경상남도 김해시 안동,중상사고,0,3,0,0,차대차 - 기타,안전거리미확보,건조,맑음,교차로 - 교차로안,승용,남,23세,상해없음,승용,남,19세,중상
2013021000100031,2013년 2월 10일 03시,일요일,경상남도 창원시 마산회원구 회원동,경상사고,0,0,3,0,차대차 - 기타,안전운전불이행,건조,맑음,단일로 - 기타,화물,남,30세,상해없음,승용,남,55세,경상
2013021000100085,2013년 2월 10일 08시,일요일,경상남도 합천군 삼가면,중상사고,0,1,2,0,차대차 - 측면직각충돌,교차로운행방법위반,건조,맑음,교차로 - 교차로안,화물,남,57세,상해없음,승용,남,58세,중상
2013021000100086,2013년 2월 10일 08시,일요일,경상남도 창원시 의창구 대산면,중상사고,0,1,5,0,차대차 - 추돌 - 진행중,안전운전불이행,건조,맑음,교차로 - 교차로부근,승합,남,37세,상해없음,승용,남,44세,경상
2013021000100106,2013년 2월 10일 09시,일요일,경상남도 진주시 상봉동,중상사고,0,1,3,0,차대차 - 측면직각충돌,직진우회전진행방해,건조,맑음,교차로 - 교차로안,승용,남,52세,상해없음,승용,남,52세,경상
2013021000100119,2013년 2월 10일 10시,일요일,경상남도 김해시 삼방동,경상사고,0,0,1,0,차대차 - 정면충돌,직진우회전진행방해,건조,맑음,교차로 - 교차로안,승용,남,43세,상해없음,승용,남,44세,경상
2013021000100120,2013년 2월 10일 10시,일요일,경상남도 창원시 마산회원구 양덕동,중상사고,0,1,0,0,차대차 - 추돌 - 진행중,안전운전불이행,건조,맑음,단일로 - 기타,승용,남,55세,상해없음,승용,남,43세,중상