사고번호,사고일시,요일,시군구,사고내용,사망자수,중상자수,경상자수,부상신고자수,사고유형,법규위반,노면상태,기상상태,도로형태,가해운전자 차종,가해운전자 성별,가해운전자 연령,가해운전자 상해정도,피해운전자 차종,피해운전자 성별,피해운전자 연령,피해운전자 상해정도
2013021000100134,2013년 2월 10일 11시,일요일,경상남도 김해시 어방동,경상사고,0,0,5,0,차대차 - 추돌 - 진행중,안전거리미확보,건조,맑음,교차로 - 교차로부근,승합,남,44세,상해없음,승용,남,30세,경상
2013021000100170,2013년 2월 10일 13시,일요일,경상남도 진주시 정촌면,중상사고,0,1,0,0,차대차 - 추돌 - 진행중,안전운전불이행,건조,맑음,단일로 - 기타,화물,남,58세,상해없음,승합,여,52세,중상
2013021000100171,2013년 2월 10일 13시,일요일,경상남도 진주시 신안동,중상사고,0,1,4,0,차대차 - 측면직각충돌,신호위반,건조,맑음,교차로 - 교차로안,승용,남,23세,상해없음,승용,남,35세,중상
2013021000100172,2013년 2월 10일 13시,일요일,경상남도 창원시 마산회원구 회원동,경상사고,0,0,1,0,차대차 - 측면직각충돌,안전운전불이행,건조,맑음,교차로 - 교차로안,승용,남,58세,상해없음,승용,남,51세,경상
2013021000100190,2013년 2월 10일 14시,일요일,경상남도 거제시 고현동,중상사고,0,1,1,0,차대차 - 기타,안전거리미확보,건조,맑음,기타 - 기타,승용,남,57세,상해없음,승용,남,75세,경상
2013021000100191,2013년 2월 10일 14시,일요일,경상남도 함안군 칠서면,중상사고,0,1,0,0,차대차 - 측면직각충돌,안전운전불이행,건조,맑음,교차로 - 교차로안,승용,남,25세,상해없음,자전거,여,69세,중상
2013021000100218,2013년 2월 10일 15시,일요일,경상남도 의령군 궁류면,중상사고,0,2,0,0,차대차 - 정면충돌,중앙선침범,건조,맑음,단일로 - 기타,승용,남,40세,상해없음,승합,남,55세,중상
2013021000100236,2013년 2월 10일 16시,일요일,경상남도 창원시 마산합포구 중앙동3가,경상사고,0,0,1,0,차대차 - 측면직각충돌,중앙선침범,건조,맑음,단일로 - 기타,승용,남,34세,상해없음,승용,여,48세,경상
2013021000100237,2013년 2월 10일 16시,일요일,경상남도 산청군 생비량면,경상사고,0,0,4,0,차대차 - 측면직각충돌,교차로운행방법위반,건조,맑음,교차로 - 교차로안,승용,남,19세,상해없음,승용,여,34세,경상
2013021000100269,2013년 2월 10일 18시,일요일,경상남도 창원시 마산합포구 예곡동,중상사고,0,1,0,0,차대차 - 추돌 - 주정차중,안전거리미확보,건조,맑음,교차로 - 교차로부근,승용,남,56세,상해없음,승용,남,45세,상해없음
2013021000100270,2013년 2월 10일 18시,일요일,경상남도 진주시 금곡면,중상사고,0,1,0,0,차량단독 - 기타,안전운전불이행,건조,맑음,단일로 - 기타,승용,남,52세,상해없음,,,,
2013021000100271,2013년 2월 10일 18시,일요일,경상남도 창원시 진해구 용원동,중상사고,0,1,0,0,차대사람 - 기타,안전운전불이행,건조,맑음,단일로 - 기타,승용,남,32세,상해없음,보행자,여,32세,중상
2013021000100292,2013년 2월 10일 19시,일요일,경상남도 양산시 동면,경상사고,0,0,3,0,차대차 - 측면직각충돌,안전운전불이행,건조,맑음,단일로 - 기타,승용,남,51세,상해없음,승용,여,32세,경상
2013021000100312,2013년 2월 10일 20시,일요일,경상남도 거제시 고현동,중상사고,0,1,0,0,차대차 - 측면직각충돌,안전운전불이행,건조,맑음,기타 - 기타,이륜,남,20세,상해없음,승용,남,45세,상해없음
2013021000100326,2013년 2월 10일 21시,일요일,경상남도 양산시 명동,중상사고,0,1,0,0,차대사람 - 기타,안전운전불이행,건조,맑음,단일로 - 기타,승용,남,26세,상해없음,보행자,여,71세,중상
2013021000100327,2013년 2월 10일 21시,일요일,경상남도 양산시 명동,중상사고,0,1,0,0,차대차 - 정면충돌,차로위반,건조,맑음,단일로 - 기타,승용,남,33세,상해없음,승용,남,48세,상해없음
2013021000100372,2013년 2월 10일 23시,일요일,경상남도 김해시 외동,경상사고,0,0,1,0,차대사람 - 길가장자리구역통행중,안전운전불이행,건조,맑음,단일로 - 횡단보도부근,기타불명,기타불명,기타불명,기타불명,보행자,남,46세,경상
2013021000100373,2013년 2월 10일 23시,일요일,경상남도 창원시 마산회원구 두척동,경상사고,0,0,4,0,차대차 - 추돌 - 주정차중,안전운전불이행,건조,맑음,단일로 - 기타,화물,남,46세,상해없음,승용,여,41세,경상
2013021100100034,2013년 2월 11일 03시,월요일,경상남도 창녕군 영산면,경상사고,0,0,1,0,차량단독 - 공작물충돌,안전운전불이행,건조,맑음,단일로 - 기타,승용,여,30세,경상,,,,
2013021100100039,2013년 2월 11일 04시,월요일,경상남도 통영시 무전동,경상사고,0,0,1,0,차대사람 - 길가장자리구역통행중,안전운전불이행,건조,맑음,단일로 - 기타,승용,남,26세,상해없음,보행자,여,24세,경상
2013021100100045,2013년 2월 11일 05시,월요일,경상남도 통영시 봉평동,중상사고,0,2,0,0,차대차 - 추돌 - 주정차중,안전운전불이행,건조,맑음,단일로 - 기타,승용,남,27세,상해없음,승용,남,40세,중상
2013021100100059,2013년 2월 11일 06시,월요일,경상남도 창원시 성산구 상남동,경상사고,0,0,3,0,차대차 - 측면직각충돌,안전운전불이행,건조,맑음,교차로 - 교차로안,승용,여,43세,상해없음,승용,남,48세,경상
2013021100100112,2013년 2월 11일 12시,월요일,경상남도 창원시 마산회원구 구암동,경상사고,0,0,2,0,차대차 - 측면직각충돌,안전운전불이행,건조,맑음,교차로 - 교차로안,승용,남,64세,상해없음,승용,남,53세,경상
2013021100100124,2013년 2월 11일 13시,월요일,경상남도 거창군 가조면,중상사고,0,2,2,0,차대차 - 측면직각충돌,안전운전불이행,건조,맑음,단일로 - 기타,승용,남,36세,상해없음,승용,남,37세,중상
2013021100100139,2013년 2월 11일 14시,월요일,경상남도 사천시 벌리동,중상사고,0,2,2,0,차대차 - 측면직각충돌,교차로운행방법위반,건조,맑음,교차로 - 교차로안,승용,여,41세,상해없음,승용,여,33세,경상
2013021100100140,2013년 2월 11일 14시,월요일,경상남도 양산시 물금읍,경상사고,0,0,1,0,차대차 - 기타,교차로운행방법위반,건조,맑음,교차로 - 교차로안,승용,여,58세,상해없음,자전거,남,41세,경상
2013021100100141,2013년 2월 11일 14시,월요일,경상남도 고성군 고성읍,중상사고,0,1,0,0,차대차 - 추돌 - 주정차중,안전운전불이행,건조,맑음,단일로 - 기타,승용,남,50세,상해없음,승용,남,32세,중상
2013021100100155,2013년 2월 11일 15시,월요일,경상남도 창원시 진해구 석동,경상사고,0,0,1,0,차대차 - 기타,안전운전불이행,건조,맑음,단일로 - 기타,승용,남,53세,상해없음,승용,남,37세,경상
2013021100100156,2013년 2월 11일 15시,월요일,경상남도 김해시 생림면,경상사고,0,0,1,0,차대차 - 측면직각충돌,불법유턴,건조,맑음,단일로 - 기타,화물,남,61세,상해없음,승용,남,40세,경상
2013021100100187,2013년 2월 11일 17시,월요일,경상남도 사천시 동금동,경상사고,0,0,3,0,차대차 - 측면직각충돌,안전운전불이행,건조,맑음,교차로 - 교차로안,승용,남,48세,상해없음,승합,여,58세,상해없음
2013021100100201,2013년 2월 11일 18시,월요일,경상남도 밀양시 하남읍,경상사고,0,0,1,0,차대차 - 측면직각충돌,안전운전불이행,건조,맑음,교차로 - 교차로부근,승용,남,47세,상해없음,승용,남,44세,상해없음
2013021200100011,2013년 2월 12일 00시,화요일,경상남도 창원시 진해구 석동,중상사고,0,1,0,0,차대사람 - 횡단중,안전운전불이행,건조,맑음,교차로 - 교차로안,승용,남,38세,상해없음,보행자,여,22세,중상
2013021200100012,2013년 2월 12일 00시,화요일,경상남도 통영시 북신동,경상사고,0,0,2,0,차대차 - 기타,안전운전불이행,건조,맑음,교차로 - 교차로부근,승용,남,25세,상해없음,승용,남,57세,경상
2013021200100025,2013년 2월 12일 01시,화요일,경상남도 창원시 마산합포구 오동동,중상사고,0,2,0,0,차대차 - 추돌 - 진행중,불법유턴,건조,맑음,단일로 - 기타,승용,남,43세,상해없음,원동기,여,31세,중상
2013021200100026,2013년 2월 12일 01시,화요일,경상남도 통영시 당동,부상신고사고,0,0,0,1,차량단독 - 공작물충돌,안전운전불이행,건조,맑음,교차로 - 교차로부근,승용,남,36세,부상신고,,,,
2013021200100036,2013년 2월 12일 02시,화요일,경상남도 창원시 마산회원구 합성동,경상사고,0,0,2,0,차대차 - 추돌 - 주정차중,안전운전불이행,건조,맑음,단일로 - 기타,승용,남,33세,상해없음,승용,남,53세,상해없음
2013021200100053,2013년 2월 12일 05시,화요일,경상남도 창원시 마산회원구 양덕동,중상사고,0,1,1,0,차대차 - 추돌 - 주정차중,안전운전불이행,건조,맑음,교차로 - 교차로부근,승용,남,49세,상해없음,승용,남,42세,중상
2013021200100065,2013년 2월 12일 06시,화요일,경상남도 통영시 북신동,사망사고,1,0,0,0,차대사람 - 횡단중,안전운전불이행,건조,맑음,단일로 - 횡단보도상,승합,남,62세,상해없음,보행자,남,84세,사망
2013021200100077,2013년 2월 12일 07시,화요일,경상남도 통영시 광도면,부상신고사고,0,0,0,1,차대차 - 기타,신호위반,건조,맑음,교차로 - 교차로안,이륜,남,72세,부상신고,승용,여,42세,상해없음
2013021200100078,2013년 2월 12일 07시,화요일,경상남도 거제시 장평동,중상사고,0,2,0,0,차대차 - 기타,신호위반,건조,맑음,교차로 - 교차로안,승용,남,49세,상해없음,승용,남,43세,중상
2013021200100087,2013년 2월 12일 08시,화요일,경상남도 김해시 주촌면,경상사고,0,0,1,0,차대차 - 측면직각충돌,교차로운행방법위반,건조,흐림,교차로 - 교차로안,승용,남,34세,경상,화물,남,51세,상해없음
2013021200100105,2013년 2월 12일 09시,화요일,경상남도 거제시 고현동,중상사고,0,1,1,0,차대차 - 추돌 - 진행중,중앙선침범,건조,맑음,단일로 - 기타,승용,여,46세,상해없음,승용,여,37세,경상
2013021200100139,2013년 2월 12일 11시,화요일,경상남도 함양군 함양읍,중상사고,0,1,0,0,차대차 - 측면직각충돌,교차로운행방법위반,습기,눈,교차로 - 교차로안,승용,남,36세,상해없음,자전거,남,70세,중상
2013021200100140,2013년 2월 12일 11시,화요일,경상남도 거제시 고현동,경상사고,0,0,2,0,차대차 - 기타,교차로운행방법위반,건조,맑음,교차로 - 교차로안,승용,여,43세,상해없음,승용,남,51세,경상
2013021200100160,2013년 2월 12일 12시,화요일,경상남도 사천시 향촌동,경상사고,0,0,2,0,차대차 - 측면직각충돌,기타,습기,흐림,교차로 - 교차로안,승합,남,50세,상해없음,화물,남,58세,상해없음
2013021200100161,2013년 2월 12일 12시,화요일,경상남도 산청군 신안면,경상사고,0,0,1,0,차대차 - 측면직각충돌,교차로운행방법위반,건조,맑음,교차로 - 교차로안,화물,남,62세,상해없음,승용,남,41세,경상
2013021200100194,2013년 2월 12일 13시,화요일,경상남도 진주시 상대동,경상사고,0,0,1,0,차대차 - 기타,안전운전불이행,건조,맑음,단일로 - 기타,화물,남,42세,상해없음,승용,남,47세,경상
2013021200100195,2013년 2월 12일 13시,화요일,경상남도 통영시 정량동,중상사고,0,1,0,0,차대사람 - 횡단중,보행자보호의무위반,습기,맑음,단일로 - 기타,승용,남,58세,상해없음,보행자,여,78세,중상
2013021200100196,2013년 2월 12일 13시,화요일,경상남도 통영시 용남면,경상사고,0,0,1,0,차대차 - 측면직각충돌,안전운전불이행,건조,맑음,단일로 - 기타,승용,남,40세,상해없음,승용,여,27세,경상
2013021200100197,2013년 2월 12일 13시,화요일,경상남도 거창군 남상면,중상사고,0,1,9,0,차량단독 - 공작물충돌,안전운전불이행,적설,눈,단일로 - 기타,승용,남,51세,상해없음,,,,
2013021200100198,2013년 2월 12일 13시,화요일,경상남도 양산시 상북면,중상사고,0,1,0,0,차대차 - 측면직각충돌,신호위반,건조,맑음,교차로 - 교차로안,승용,남,45세,상해없음,승용,남,34세,중상
2013021200100199,2013년 2월 12일 13시,화요일,경상남도 고성군 마암면,경상사고,0,0,1,0,차대차 - 측면직각충돌,안전운전불이행,습기,비,교차로 - 교차로안,승용,여,55세,상해없음,승용,여,65세,경상
2013021200100224,2013년 2월 12일 14시,화요일,경상남도 김해시 삼계동,중상사고,0,1,0,0,차대차 - 측면직각충돌,차로위반,건조,맑음,단일로 - 기타,승용,남,36세,상해없음,원동기,남,23세,중상
2013021200100225,2013년 2월 12일 14시,화요일,경상남도 함안군 산인면,부상신고사고,0,0,0,2,차대차 - 추돌 - 주정차중,안전운전불이행,결빙,눈,단일로 - 기타,승합,남,51세,상해없음,승용,남,53세,상해없음
2013021200100249,2013년 2월 12일 15시,화요일,경상남도 진주시 평거동,경상사고,0,0,2,0,차대차 - 기타,신호위반,건조,맑음,교차로 - 교차로안,승용,남,58세,상해없음,승용,남,30세,경상
2013021200100250,2013년 2월 12일 15시,화요일,경상남도 거제시 장평동,중상사고,0,3,4,0,차대차 - 기타,안전운전불이행,건조,맑음,단일로 - 기타,승용,여,36세,상해없음,승용,남,40세,경상
2013021200100251,2013년 2월 12일 15시,화요일,경상남도 김해시 이동,중상사고,0,1,0,0,차대차 - 측면직각충돌,안전운전불이행,습기,비,교차로 - 교차로부근,화물,남,55세,상해없음,승용,남,32세,중상
2013021200100278,2013년 2월 12일 16시,화요일,경상남도 진주시 옥봉동,중상사고,0,1,0,0,차대사람 - 기타,안전운전불이행,건조,맑음,단일로 - 기타,승용,남,60세,상해없음,보행자,여,73세,중상
2013021200100279,2013년 2월 12일 16시,화요일,경상남도 사천시 벌리동,경상사고,0,0,1,0,차대사람 - 횡단중,안전운전불이행,습기,흐림,교차로 - 교차로부근,기타불명,기타불명,기타불명,기타불명,보행자,여,29세,경상
2013021200100280,2013년 2월 12일 16시,화요일,경상남도 김해시 부원동,경상사고,0,0,1,0,차대차 - 기타,안전운전불이행,습기,비,단일로 - 기타,승용,남,64세,상해없음,승용,남,24세,경상
2013021200100281,2013년 2월 12일 16시,화요일,경상남도 창원시 마산회원구 양덕동,부상신고사고,0,0,0,1,차대사람 - 기타,안전운전불이행,습기,눈,단일로 - 기타,화물,기타불명,기타불명,기타불명,보행자,남,49세,부상신고
2013021200100309,2013년 2월 12일 17시,화요일,경상남도 창원시 진해구 이동,경상사고,0,0,1,0,차대차 - 기타,안전운전불이행,건조,맑음,교차로 - 교차로안,원동기,남,15세,상해없음,화물,남,49세,상해없음
2013021200100310,2013년 2월 12일 17시,화요일,경상남도 창녕군 성산면,중상사고,0,1,0,0,차량단독 - 공작물충돌,안전운전불이행,결빙,눈,단일로 - 기타,화물,남,35세,중상,,,,
2013021200100341,2013년 2월 12일 18시,화요일,경상남도 진주시 계동,경상사고,0,0,1,0,차대사람 - 기타,안전운전불이행,건조,맑음,단일로 - 기타,승합,남,51세,상해없음,보행자,여,62세,경상
2013021200100342,2013년 2월 12일 18시,화요일,경상남도 진주시 봉곡동,중상사고,0,1,0,0,차대사람 - 기타,보행자보호의무위반,건조,맑음,단일로 - 기타,승용,남,46세,상해없음,보행자,여,63세,중상
2013021200100343,2013년 2월 12일 18시,화요일,경상남도 밀양시 산내면,경상사고,0,0,1,0,차대차 - 측면직각충돌,중앙선침범,결빙,흐림,단일로 - 기타,화물,남,44세,상해없음,승용,남,28세,경상
2013021200100344,2013년 2월 12일 18시,화요일,경상남도 함안군 칠원면,중상사고,0,2,2,0,차대차 - 측면직각충돌,중앙선침범,결빙,맑음,단일로 - 기타,승용,여,40세,상해없음,승합,남,58세,경상
2013021200100371,2013년 2월 12일 19시,화요일,경상남도 사천시 벌리동,중상사고,0,1,0,0,차대사람 - 횡단중,안전운전불이행,건조,맑음,단일로 - 기타,승용,남,46세,상해없음,보행자,남,7세,중상
2013021200100372,2013년 2월 12일 19시,화요일,경상남도 하동군 진교면,중상사고,0,1,0,0,차대사람 - 횡단중,교차로운행방법위반,건조,맑음,교차로 - 교차로안,승용,남,49세,상해없음,보행자,여,38세,중상
2013021200100373,2013년 2월 12일 19시,화요일,경상남도 창원시 마산회원구 석전동,중상사고,0,1,0,0,차량단독 - 기타,기타,건조,맑음,단일로 - 기타,승합,남,42세,상해없음,,,,
2013021200100426,2013년 2월 12일 21시,화요일,경상남도 거제시 장평동,중상사고,0,1,0,0,차대차 - 기타,안전운전불이행,건조,맑음,교차로 - 교차로안,원동기,남,18세,중상,승용,남,47세,상해없음
2013021200100450,2013년 2월 12일 22시,화요일,경상남도 김해시 외동,경상사고,0,0,1,0,차대차 - 기타,교차로운행방법위반,습기,흐림,교차로 - 교차로안,승용,남,21세,상해없음,원동기,남,19세,경상
2013021200100451,2013년 2월 12일 22시,화요일,경상남도 양산시 중부동,중상사고,0,1,0,0,차대차 - 측면직각충돌,안전운전불이행,건조,맑음,교차로 - 교차로안,승용,여,25세,상해없음,승용,여,32세,중상
2013021200100472,2013년 2월 12일 23시,화요일,경상남도 창원시 진해구 풍호동,중상사고,0,1,0,0,차대차 - 기타,안전운전불이행,건조,맑음,교차로 - 교차로부근,승용,남,49세,상해없음,승용,남,26세,상해없음
2013021200100473,2013년 2월 12일 23시,화요일,경상남도 창원시 의창구 봉곡동,중상사고,0,1,0,0,차대사람 - 기타,안전운전불이행,건조,맑음,단일로 - 기타,승용,남,21세,상해없음,보행자,남,31세,중상
2013021300100097,2013년 2월 13일 07시,수요일,경상남도 함양군 함양읍,경상사고,0,0,1,0,차대차 - 측면직각충돌,안전운전불이행,건조,맑음,단일로 - 기타,승합,남,33세,상해없음,화물,남,58세,경상
2013021300100125,2013년 2월 13일 08시,수요일,경상남도 창원시 성산구 안민동,중상사고,0,1,0,0,차대차 - 기타,신호위반,기타,맑음,교차로 - 교차로안,화물,남,47세,중상,건설기계,남,41세,상해없음
2013021300100169,2013년 2월 13일 10시,수요일,경상남도 의령군 의령읍,중상사고,0,1,0,0,차대차 - 측면직각충돌,교차로운행방법위반,건조,맑음,교차로 - 교차로안,화물,남,57세,중상,화물,남,48세,상해없음
2013021300100170,2013년 2월 13일 10시,수요일,경상남도 창원시 성산구 상남동,중상사고,0,1,2,0,차대차 - 기타,신호위반,기타,맑음,교차로 - 교차로안,승용,남,63세,상해없음,승용,여,46세,경상
2013021300100208,2013년 2월 13일 12시,수요일,경상남도 창원시 마산합포구 진동면,중상사고,0,1,1,0,차대차 - 측면직각충돌,안전운전불이행,건조,맑음,단일로 - 기타,승용,남,31세,경상,승용,남,26세,상해없음
2013021300100232,2013년 2월 13일 13시,수요일,경상남도 통영시 광도면,경상사고,0,0,1,0,차대차 - 기타,안전운전불이행,건조,맑음,교차로 - 교차로안,승용,남,70세,상해없음,이륜,남,73세,경상
2013021300100233,2013년 2월 13일 13시,수요일,경상남도 남해군 남해읍,중상사고,0,1,0,0,차대사람 - 기타,안전운전불이행,건조,맑음,단일로 - 기타,승용,여,50세,상해없음,보행자,남,34세,중상
2013021300100257,2013년 2월 13일 14시,수요일,경상남도 사천시 동금동,중상사고,0,1,0,0,차대사람 - 기타,보행자보호의무위반,건조,맑음,단일로 - 횡단보도상,화물,남,47세,상해없음,보행자,여,57세,중상
2013021300100258,2013년 2월 13일 14시,수요일,경상남도 김해시 어방동,중상사고,0,1,0,0,차대차 - 측면직각충돌,안전운전불이행,건조,맑음,단일로 - 기타,원동기,남,32세,중상,승용,남,63세,상해없음
2013021300100259,2013년 2월 13일 14시,수요일,경상남도 김해시 삼방동,중상사고,0,1,0,0,차대차 - 측면직각충돌,교차로운행방법위반,건조,맑음,교차로 - 교차로안,원동기,남,15세,중상,승용,남,45세,상해없음
2013021300100290,2013년 2월 13일 15시,수요일,경상남도 거창군 거창읍,경상사고,0,0,1,0,차대차 - 정면충돌,중앙선침범,건조,맑음,교차로 - 교차로부근,승용,남,52세,상해없음,화물,남,56세,경상
2013021300100291,2013년 2월 13일 15시,수요일,경상남도 창원시 의창구 용호동,중상사고,0,1,0,0,차대차 - 추돌 - 주정차중,안전운전불이행,기타,맑음,단일로 - 기타,승용,남,45세,상해없음,화물,여,52세,중상
2013021300100292,2013년 2월 13일 15시,수요일,경상남도 창원시 마산회원구 양덕동,중상사고,0,1,0,0,차대차 - 측면직각충돌,안전운전불이행,건조,맑음,교차로 - 교차로부근,승용,남,58세,상해없음,이륜,남,58세,중상
2013021300100317,2013년 2월 13일 16시,수요일,경상남도 김해시 내동,경상사고,0,0,1,0,차대차 - 추돌 - 주정차중,안전운전불이행,건조,맑음,교차로 - 교차로부근,화물,남,36세,상해없음,승용,남,29세,경상
2013021300100318,2013년 2월 13일 16시,수요일,경상남도 김해시 외동,경상사고,0,0,1,0,차대차 - 측면직각충돌,교차로운행방법위반,건조,맑음,교차로 - 교차로안,승용,여,39세,상해없음,승용,남,57세,경상
2013021300100319,2013년 2월 13일 16시,수요일,경상남도 거제시 옥포동,경상사고,0,0,1,0,차대사람 - 횡단중,안전운전불이행,건조,맑음,교차로 - 교차로안,화물,남,26세,상해없음,보행자,남,10세,경상
2013021300100320,2013년 2월 13일 16시,수요일,경상남도 창원시 의창구 대산면,사망사고,1,0,0,0,차량단독 - 기타,안전운전불이행,건조,맑음,기타 - 기타,자전거,남,80세,사망,,,,
2013021300100338,2013년 2월 13일 17시,수요일,경상남도 함안군 가야읍,중상사고,0,1,0,0,차대차 - 측면직각충돌,교차로운행방법위반,건조,맑음,교차로 - 교차로안,승용,여,55세,상해없음,이륜,남,76세,중상
2013021300100376,2013년 2월 13일 18시,수요일,경상남도 합천군 합천읍,중상사고,0,1,0,0,차대차 - 기타,안전운전불이행,건조,맑음,단일로 - 기타,승용,남,50세,상해없음,자전거,여,55세,중상
2013021300100416,2013년 2월 13일 19시,수요일,경상남도 김해시 삼계동,경상사고,0,0,1,0,차대차 - 측면직각충돌,교차로운행방법위반,건조,맑음,교차로 - 교차로안,승용,남,33세,상해없음,승용,여,42세,경상
2013021300100439,2013년 2월 13일 20시,수요일,경상남도 김해시 삼방동,경상사고,0,0,1,0,차대사람 - 횡단중,보행자보호의무위반,건조,맑음,단일로 - 횡단보도상,화물,남,51세,상해없음,보행자,남,34세,경상
2013021300100440,2013년 2월 13일 20시,수요일,경상남도 양산시 중부동,부상신고사고,0,0,0,2,차대차 - 측면직각충돌,교차로운행방법위반,건조,맑음,교차로 - 교차로안,승용,여,40세,상해없음,화물,남,43세,부상신고
2013021300100441,2013년 2월 13일 20시,수요일,경상남도 거제시 상동동,중상사고,0,1,0,0,차대사람 - 횡단중,보행자보호의무위반,건조,맑음,단일로 - 횡단보도상,승용,여,47세,상해없음,보행자,여,11세,중상
2013021300100469,2013년 2월 13일 21시,수요일,경상남도 거창군 거창읍,중상사고,0,1,0,0,차대사람 - 횡단중,안전운전불이행,건조,맑음,교차로 - 교차로안,승용,남,27세,상해없음,보행자,여,61세,중상
2013021300100470,2013년 2월 13일 21시,수요일,경상남도 김해시 장유면,중상사고,0,1,0,0,차대차 - 측면직각충돌,안전운전불이행,건조,맑음,교차로 - 교차로부근,승용,남,42세,상해없음,이륜,여,18세,중상
2013021300100517,2013년 2월 13일 23시,수요일,경상남도 양산시 삼호동,경상사고,0,0,1,2,차대차 - 측면직각충돌,안전운전불이행,건조,맑음,교차로 - 교차로부근,승합,남,29세,상해없음,승용,여,44세,경상
2013021400100011,2013년 2월 14일 00시,목요일,경상남도 거제시 장평동,중상사고,0,1,0,0,차대사람 - 횡단중,안전운전불이행,건조,맑음,교차로 - 교차로부근,승용,남,36세,상해없음,보행자,여,18세,중상
2013021400100059,2013년 2월 14일 05시,목요일,경상남도 창원시 마산합포구 신포동1가,중상사고,0,1,0,0,차대사람 - 횡단중,안전운전불이행,건조,맑음,단일로 - 기타,화물,남,50세,상해없음,보행자,남,63세,중상
2013021400100077,2013년 2월 14일 07시,목요일,경상남도 양산시 물금읍,경상사고,0,0,1,0,차대차 - 측면직각충돌,교차로운행방법위반,건조,맑음,교차로 - 교차로안,화물,남,55세,상해없음,화물,남,28세,경상
2013021400100078,2013년 2월 14일 07시,목요일,경상남도 양산시 소주동,중상사고,0,1,0,0,차대사람 - 기타,안전운전불이행,건조,맑음,단일로 - 기타,원동기,남,58세,상해없음,보행자,여,49세,중상
2013021400100079,2013년 2월 14일 07시,목요일,경상남도 의령군 칠곡면,경상사고,0,0,1,0,차대차 - 측면직각충돌,중앙선침범,건조,맑음,단일로 - 기타,이륜,여,24세,경상,승용,여,32세,상해없음
2013021400100080,2013년 2월 14일 07시,목요일,경상남도 김해시 장유면,중상사고,0,1,0,0,차대차 - 측면직각충돌,안전운전불이행,건조,맑음,단일로 - 기타,승용,남,41세,상해없음,화물,남,43세,중상
2013021400100085,2013년 2월 14일 08시,목요일,경상남도 김해시 진례면,경상사고,0,0,3,0,차대차 - 측면직각충돌,차로위반,건조,맑음,단일로 - 기타,승용,남,35세,경상,승용,여,50세,경상
2013021400100123,2013년 2월 14일 09시,목요일,경상남도 통영시 광도면,경상사고,0,0,2,0,차대차 - 측면직각충돌,교차로운행방법위반,건조,맑음,교차로 - 교차로안,승용,남,47세,상해없음,승용,남,38세,경상
2013021400100124,2013년 2월 14일 09시,목요일,경상남도 거창군 거창읍,중상사고,0,3,0,0,차대차 - 측면직각충돌,신호위반,건조,맑음,교차로 - 교차로안,화물,남,74세,중상,승용,남,64세,중상
2013021400100125,2013년 2월 14일 09시,목요일,경상남도 창원시 의창구 팔용동,경상사고,0,0,1,0,차대차 - 추돌 - 진행중,안전운전불이행,건조,맑음,단일로 - 기타,승용,여,27세,상해없음,승용,여,42세,경상
2013021400100126,2013년 2월 14일 09시,목요일,경상남도 김해시 진례면,경상사고,0,0,1,0,차대차 - 추돌 - 주정차중,안전운전불이행,건조,맑음,단일로 - 기타,승용,남,43세,상해없음,승용,남,69세,경상
2013021400100148,2013년 2월 14일 10시,목요일,경상남도 창원시 마산합포구 산호동,중상사고,0,1,1,0,차대차 - 추돌 - 진행중,신호위반,건조,맑음,교차로 - 교차로안,승용,여,38세,상해없음,승용,여,51세,중상
2013021400100184,2013년 2월 14일 12시,목요일,경상남도 김해시 삼계동,중상사고,0,2,0,0,차대차 - 측면직각충돌,안전운전불이행,건조,맑음,단일로 - 기타,승용,남,55세,상해없음,승용,남,29세,중상
2013021400100185,2013년 2월 14일 12시,목요일,경상남도 김해시 외동,경상사고,0,0,1,0,차대차 - 추돌 - 주정차중,기타,건조,맑음,단일로 - 기타,승용,남,56세,상해없음,자전거,남,15세,경상
2013021400100217,2013년 2월 14일 13시,목요일,경상남도 양산시 소주동,경상사고,0,0,2,0,차대차 - 측면직각충돌,신호위반,건조,맑음,교차로 - 교차로안,승용,남,58세,상해없음,화물,남,31세,경상
2013021400100266,2013년 2월 14일 15시,목요일,경상남도 양산시 북정동,중상사고,0,1,0,0,차대사람 - 기타,안전운전불이행,건조,맑음,단일로 - 기타,승합,남,31세,상해없음,보행자,여,4세,중상
2013021400100288,2013년 2월 14일 16시,목요일,경상남도 통영시 무전동,경상사고,0,0,1,0,차대사람 - 횡단중,신호위반,건조,맑음,교차로 - 교차로안,화물,남,39세,상해없음,보행자,남,47세,경상
2013021400100311,2013년 2월 14일 17시,목요일,경상남도 통영시 무전동,부상신고사고,0,0,0,1,차대사람 - 횡단중,신호위반,건조,맑음,단일로 - 횡단보도상,원동기,기타불명,기타불명,기타불명,보행자,여,14세,부상신고
2013021400100341,2013년 2월 14일 18시,목요일,경상남도 거제시 능포동,사망사고,1,0,0,0,차대사람 - 기타,안전운전불이행,건조,맑음,기타 - 기타,승합,남,45세,상해없음,보행자,여,58세,사망
2013021400100377,2013년 2월 14일 19시,목요일,경상남도 통영시 광도면,경상사고,0,0,1,0,차대사람 - 횡단중,안전운전불이행,건조,맑음,단일로 - 기타,승용,남,28세,상해없음,보행자,남,28세,경상
2013021400100378,2013년 2월 14일 19시,목요일,경상남도 통영시 미수동,경상사고,0,0,1,0,차대차 - 측면직각충돌,안전운전불이행,건조,맑음,단일로 - 기타,승용,남,58세,상해없음,승용,여,36세,경상