사고번호,사고일시,요일,시군구,사고내용,사망자수,중상자수,경상자수,부상신고자수,사고유형,법규위반,노면상태,기상상태,도로형태,가해운전자 차종,가해운전자 성별,가해운전자 연령,가해운전자 상해정도,피해운전자 차종,피해운전자 성별,피해운전자 연령,피해운전자 상해정도
2013022300100021,2013년 2월 23일 00시,토요일,경상남도 창원시 성산구 남양동,경상사고,0,0,2,2,차대차 - 측면직각충돌,직진우회전진행방해,건조,맑음,교차로 - 교차로안,승용,남,52세,상해없음,승용,남,54세,경상
2013022300100049,2013년 2월 23일 01시,토요일,경상남도 밀양시 삼문동,중상사고,0,1,0,0,차대차 - 측면직각충돌,교차로운행방법위반,건조,맑음,교차로 - 교차로안,승용,여,44세,상해없음,승용,여,45세,중상
2013022300100050,2013년 2월 23일 01시,토요일,경상남도 창원시 성산구 상남동,중상사고,0,2,0,0,차대차 - 추돌 - 진행중,안전운전불이행,건조,맑음,단일로 - 기타,승용,남,30세,상해없음,승용,남,33세,중상
2013022300100068,2013년 2월 23일 02시,토요일,경상남도 사천시 동금동,경상사고,0,0,2,0,차대차 - 기타,안전운전불이행,건조,맑음,교차로 - 교차로안,승용,남,30세,상해없음,승용,남,47세,상해없음
2013022300100129,2013년 2월 23일 06시,토요일,경상남도 고성군 고성읍,경상사고,0,0,1,0,차대차 - 추돌 - 진행중,안전운전불이행,건조,맑음,단일로 - 기타,승합,남,24세,상해없음,승용,여,30세,경상
2013022300100130,2013년 2월 23일 06시,토요일,경상남도 거제시 아주동,중상사고,0,1,0,0,차대사람 - 횡단중,보행자보호의무위반,건조,맑음,단일로 - 횡단보도상,승용,남,37세,상해없음,보행자,남,64세,중상
2013022300100131,2013년 2월 23일 06시,토요일,경상남도 창원시 마산회원구 양덕동,경상사고,0,0,1,0,차대사람 - 횡단중,안전운전불이행,습기,맑음,단일로 - 기타,승용,남,28세,상해없음,보행자,남,57세,경상
2013022300100147,2013년 2월 23일 07시,토요일,경상남도 김해시 장유면,중상사고,0,3,2,0,차대차 - 추돌 - 진행중,안전거리미확보,건조,맑음,단일로 - 기타,화물,남,53세,중상,승용,남,57세,경상
2013022300100173,2013년 2월 23일 08시,토요일,경상남도 진주시 평거동,중상사고,0,1,0,0,차대사람 - 횡단중,보행자보호의무위반,건조,맑음,교차로 - 교차로부근,승용,남,47세,상해없음,보행자,남,68세,중상
2013022300100174,2013년 2월 23일 08시,토요일,경상남도 김해시 안동,중상사고,0,1,0,0,차대차 - 측면직각충돌,교차로운행방법위반,건조,맑음,교차로 - 교차로안,승용,남,29세,상해없음,이륜,남,72세,중상
2013022300100175,2013년 2월 23일 08시,토요일,경상남도 창원시 성산구 안민동,중상사고,0,1,0,0,차대차 - 측면직각충돌,안전운전불이행,건조,맑음,교차로 - 교차로부근,승용,여,48세,상해없음,승용,남,42세,중상
2013022300100203,2013년 2월 23일 09시,토요일,경상남도 거창군 거창읍,중상사고,0,1,1,0,차대차 - 추돌 - 진행중,안전거리미확보,건조,맑음,단일로 - 기타,화물,남,55세,중상,승용,여,30세,상해없음
2013022300100226,2013년 2월 23일 10시,토요일,경상남도 사천시 서포면,경상사고,0,0,3,0,차대차 - 측면직각충돌,안전운전불이행,건조,맑음,단일로 - 기타,화물,남,41세,상해없음,화물,남,51세,경상
2013022300100227,2013년 2월 23일 10시,토요일,경상남도 양산시 중부동,부상신고사고,0,0,0,1,차대사람 - 횡단중,보행자보호의무위반,건조,맑음,단일로 - 횡단보도상,승용,여,29세,상해없음,보행자,남,74세,부상신고
2013022300100237,2013년 2월 23일 11시,토요일,경상남도 양산시 물금읍,경상사고,0,0,2,2,차대차 - 추돌 - 주정차중,안전거리미확보,건조,맑음,단일로 - 기타,화물,남,27세,상해없음,화물,남,64세,부상신고
2013022300100253,2013년 2월 23일 11시,토요일,경상남도 진주시 가좌동,경상사고,0,0,1,0,차대차 - 측면직각충돌,안전거리미확보,건조,맑음,단일로 - 기타,이륜,남,72세,경상,승용,여,33세,상해없음
2013022300100254,2013년 2월 23일 11시,토요일,경상남도 김해시 진영읍,경상사고,0,0,1,0,차대사람 - 기타,안전운전불이행,건조,맑음,기타 - 기타,건설기계,남,52세,상해없음,보행자,남,48세,경상
2013022300100291,2013년 2월 23일 12시,토요일,경상남도 진주시 문산읍,중상사고,0,1,0,0,차량단독 - 기타,기타,건조,맑음,단일로 - 기타,승합,남,51세,상해없음,,,,
2013022300100292,2013년 2월 23일 12시,토요일,경상남도 통영시 산양읍,중상사고,0,1,0,0,차대차 - 정면충돌,중앙선침범,건조,맑음,단일로 - 기타,화물,남,26세,상해없음,원동기,남,47세,중상
2013022300100293,2013년 2월 23일 12시,토요일,경상남도 통영시 용남면,중상사고,0,1,0,0,차대사람 - 횡단중,안전운전불이행,건조,맑음,교차로 - 교차로안,승용,여,32세,상해없음,보행자,여,76세,중상
2013022300100294,2013년 2월 23일 12시,토요일,경상남도 사천시 송포동,경상사고,0,0,5,0,차대차 - 기타,교차로운행방법위반,건조,맑음,교차로 - 교차로안,승용,남,50세,상해없음,승용,여,35세,경상
2013022300100315,2013년 2월 23일 13시,토요일,경상남도 창원시 진해구 남양동,경상사고,0,0,1,0,차대차 - 측면직각충돌,중앙선침범,건조,맑음,단일로 - 기타,특수,남,53세,상해없음,화물,남,42세,경상
2013022300100337,2013년 2월 23일 14시,토요일,경상남도 통영시 북신동,중상사고,0,1,0,0,차대사람 - 차도통행중,안전운전불이행,건조,맑음,교차로 - 교차로부근,승용,남,36세,상해없음,보행자,여,70세,중상
2013022300100338,2013년 2월 23일 14시,토요일,경상남도 창원시 마산회원구 석전동,경상사고,0,0,1,0,차대차 - 측면직각충돌,신호위반,건조,맑음,교차로 - 교차로안,승용,남,51세,상해없음,원동기,남,17세,경상
2013022300100375,2013년 2월 23일 15시,토요일,경상남도 진주시 평거동,중상사고,0,1,0,0,차대사람 - 횡단중,신호위반,건조,맑음,교차로 - 교차로안,승용,남,55세,상해없음,보행자,남,24세,중상
2013022300100376,2013년 2월 23일 15시,토요일,경상남도 김해시 부원동,중상사고,0,1,0,0,차대차 - 측면직각충돌,교차로운행방법위반,건조,맑음,교차로 - 교차로안,승합,여,56세,상해없음,원동기,여,44세,중상
2013022300100377,2013년 2월 23일 15시,토요일,경상남도 합천군 초계면,경상사고,0,0,2,0,차대차 - 측면직각충돌,교차로운행방법위반,건조,맑음,교차로 - 교차로안,화물,남,64세,경상,화물,남,30세,경상
2013022300100378,2013년 2월 23일 15시,토요일,경상남도 하동군 진교면,중상사고,0,1,1,0,차대차 - 정면충돌,교차로운행방법위반,건조,맑음,교차로 - 교차로안,승용,남,75세,상해없음,승용,남,39세,경상
2013022300100379,2013년 2월 23일 15시,토요일,경상남도 창원시 마산합포구 산호동,경상사고,0,0,1,0,차대사람 - 길가장자리구역통행중,안전운전불이행,건조,맑음,교차로 - 교차로부근,승용,여,34세,상해없음,보행자,여,86세,경상
2013022300100404,2013년 2월 23일 16시,토요일,경상남도 창원시 성산구 상남동,경상사고,0,0,1,0,차대차 - 기타,교차로운행방법위반,건조,맑음,교차로 - 교차로부근,승용,남,35세,상해없음,원동기,남,24세,경상
2013022300100421,2013년 2월 23일 17시,토요일,경상남도 창원시 마산합포구 구산면,사망사고,1,0,0,0,차대차 - 추돌 - 진행중,안전운전불이행,건조,맑음,단일로 - 기타,승용,남,34세,상해없음,농기계,남,76세,사망
2013022300100422,2013년 2월 23일 17시,토요일,경상남도 함안군 대산면,중상사고,0,1,0,0,차대차 - 측면직각충돌,안전운전불이행,건조,맑음,교차로 - 교차로안,화물,여,45세,상해없음,이륜,남,77세,중상
2013022300100459,2013년 2월 23일 18시,토요일,경상남도 진주시 계동,경상사고,0,0,1,0,차대차 - 측면직각충돌,직진우회전진행방해,건조,맑음,교차로 - 교차로안,이륜,남,42세,상해없음,승용,남,61세,상해없음
2013022300100492,2013년 2월 23일 19시,토요일,경상남도 김해시 삼계동,경상사고,0,0,1,0,차대사람 - 길가장자리구역통행중,안전운전불이행,건조,맑음,단일로 - 기타,승용,남,27세,상해없음,보행자,여,54세,경상
2013022300100493,2013년 2월 23일 19시,토요일,경상남도 함양군 안의면,경상사고,0,0,1,0,차대차 - 정면충돌,신호위반,건조,맑음,교차로 - 교차로안,승용,남,31세,상해없음,승용,남,31세,경상
2013022300100494,2013년 2월 23일 19시,토요일,경상남도 양산시 소주동,경상사고,0,0,1,0,차대차 - 기타,안전운전불이행,건조,맑음,단일로 - 기타,원동기,기타불명,기타불명,기타불명,승합,남,43세,상해없음
2013022300100495,2013년 2월 23일 19시,토요일,경상남도 양산시 주남동,부상신고사고,0,0,0,1,차대차 - 기타,직진우회전진행방해,건조,맑음,교차로 - 교차로안,승용,남,48세,상해없음,원동기,남,27세,부상신고
2013022300100527,2013년 2월 23일 20시,토요일,경상남도 진주시 상대동,경상사고,0,0,1,0,차대차 - 추돌 - 주정차중,안전운전불이행,건조,맑음,단일로 - 기타,승용,남,50세,상해없음,승용,남,31세,경상
2013022300100528,2013년 2월 23일 20시,토요일,경상남도 산청군 산청읍,경상사고,0,0,1,1,차대차 - 측면직각충돌,교차로운행방법위반,건조,맑음,교차로 - 교차로안,승용,여,56세,경상,화물,남,45세,상해없음
2013022300100562,2013년 2월 23일 21시,토요일,경상남도 창원시 마산회원구 구암동,경상사고,0,0,1,0,차대사람 - 횡단중,안전운전불이행,건조,맑음,단일로 - 기타,승용,남,56세,상해없음,보행자,남,4세,경상
2013022300100583,2013년 2월 23일 22시,토요일,경상남도 창원시 진해구 석동,경상사고,0,0,1,0,차대차 - 추돌 - 진행중,안전운전불이행,건조,맑음,교차로 - 교차로부근,원동기,남,23세,경상,승용,남,29세,상해없음
2013022300100608,2013년 2월 23일 23시,토요일,경상남도 거제시 옥포동,경상사고,0,0,1,0,차대차 - 추돌 - 주정차중,안전운전불이행,건조,맑음,단일로 - 기타,승용,남,41세,상해없음,승용,남,56세,경상
2013022400100014,2013년 2월 24일 00시,일요일,경상남도 김해시 장유면,중상사고,0,2,3,0,차대차 - 추돌 - 진행중,안전운전불이행,건조,맑음,단일로 - 기타,승용,남,44세,상해없음,승용,남,39세,중상
2013022400100072,2013년 2월 24일 02시,일요일,경상남도 김해시 삼계동,경상사고,0,0,1,0,차대사람 - 횡단중,안전운전불이행,건조,맑음,교차로 - 교차로안,화물,남,57세,상해없음,보행자,남,43세,경상
2013022400100073,2013년 2월 24일 02시,일요일,경상남도 창원시 의창구 동읍,중상사고,0,1,0,0,차대차 - 추돌 - 진행중,안전운전불이행,건조,맑음,단일로 - 기타,승용,남,22세,상해없음,승용,남,48세,중상
2013022400100086,2013년 2월 24일 03시,일요일,경상남도 거제시 양정동,중상사고,0,1,0,0,차대사람 - 기타,안전운전불이행,습기,흐림,단일로 - 기타,승용,남,58세,상해없음,보행자,남,27세,중상
2013022400100096,2013년 2월 24일 04시,일요일,경상남도 거제시 고현동,경상사고,0,0,1,0,차대사람 - 기타,안전운전불이행,건조,맑음,단일로 - 기타,기타불명,기타불명,기타불명,기타불명,보행자,남,23세,경상
2013022400100136,2013년 2월 24일 07시,일요일,경상남도 김해시 장유면,경상사고,0,0,1,0,차대차 - 추돌 - 진행중,안전거리미확보,건조,맑음,단일로 - 기타,특수,남,52세,상해없음,승용,남,31세,경상
2013022400100164,2013년 2월 24일 09시,일요일,경상남도 창원시 마산합포구 자산동,경상사고,0,0,1,0,차대차 - 추돌 - 진행중,안전운전불이행,건조,맑음,단일로 - 기타,승용,남,41세,상해없음,승용,남,56세,경상
2013022400100165,2013년 2월 24일 09시,일요일,경상남도 창원시 마산합포구 교방동,경상사고,0,0,2,0,차대차 - 추돌 - 진행중,안전운전불이행,건조,맑음,교차로 - 교차로부근,승용,남,52세,상해없음,승용,여,29세,경상
2013022400100188,2013년 2월 24일 10시,일요일,경상남도 남해군 미조면,중상사고,0,2,0,0,차대차 - 측면직각충돌,교차로운행방법위반,건조,맑음,교차로 - 교차로부근,화물,남,40세,상해없음,승용,여,60세,중상
2013022400100189,2013년 2월 24일 10시,일요일,경상남도 창원시 성산구 안민동,중상사고,0,1,1,0,차대차 - 정면충돌,중앙선침범,건조,맑음,단일로 - 기타,승용,남,27세,상해없음,승용,남,64세,중상
2013022400100190,2013년 2월 24일 10시,일요일,경상남도 창원시 의창구 명서동,중상사고,0,1,0,0,차대차 - 측면직각충돌,안전운전불이행,건조,맑음,단일로 - 횡단보도상,승용,남,30세,상해없음,자전거,남,53세,중상
2013022400100229,2013년 2월 24일 12시,일요일,경상남도 양산시 물금읍,경상사고,0,0,1,0,차대차 - 기타,안전운전불이행,건조,맑음,교차로 - 교차로부근,승용,여,43세,기타불명,승용,남,32세,경상
2013022400100230,2013년 2월 24일 12시,일요일,경상남도 남해군 삼동면,중상사고,0,1,3,0,차대차 - 정면충돌,중앙선침범,건조,맑음,기타 - 기타,화물,남,28세,상해없음,승용,남,41세,중상
2013022400100245,2013년 2월 24일 13시,일요일,경상남도 김해시 진영읍,경상사고,0,0,3,0,차대사람 - 기타,안전운전불이행,건조,맑음,단일로 - 기타,승용,남,42세,상해없음,보행자,여,48세,경상
2013022400100316,2013년 2월 24일 16시,일요일,경상남도 진주시 장재동,경상사고,0,0,2,0,차대차 - 기타,중앙선침범,건조,맑음,단일로 - 기타,승용,남,52세,상해없음,승합,남,54세,경상
2013022400100317,2013년 2월 24일 16시,일요일,경상남도 김해시 부원동,중상사고,0,1,0,0,차대사람 - 기타,안전운전불이행,건조,맑음,단일로 - 기타,화물,남,29세,상해없음,보행자,남,47세,중상
2013022400100318,2013년 2월 24일 16시,일요일,경상남도 김해시 외동,경상사고,0,0,1,0,차대사람 - 기타,안전운전불이행,건조,맑음,단일로 - 기타,승용,남,34세,상해없음,보행자,남,13세,경상
2013022400100319,2013년 2월 24일 16시,일요일,경상남도 김해시 장유면,중상사고,0,1,0,1,차대차 - 추돌 - 진행중,안전운전불이행,건조,맑음,교차로 - 교차로안,승용,여,66세,부상신고,승용,여,45세,중상
2013022400100337,2013년 2월 24일 17시,일요일,경상남도 함양군 함양읍,중상사고,0,1,0,0,차대차 - 기타,안전거리미확보,건조,맑음,단일로 - 기타,승용,여,51세,상해없음,승용,남,42세,중상
2013022400100346,2013년 2월 24일 17시,일요일,경상남도 양산시 중부동,중상사고,0,1,0,0,차대차 - 기타,신호위반,건조,맑음,교차로 - 교차로안,승용,남,70세,기타불명,승용,남,50세,중상
2013022400100347,2013년 2월 24일 17시,일요일,경상남도 거제시 하청면,경상사고,0,0,2,0,차대차 - 기타,안전운전불이행,건조,맑음,단일로 - 기타,승용,남,63세,상해없음,승용,여,52세,경상
2013022400100370,2013년 2월 24일 18시,일요일,경상남도 김해시 구산동,경상사고,0,0,1,0,차대차 - 기타,안전운전불이행,건조,맑음,교차로 - 교차로부근,이륜,남,45세,상해없음,승합,여,44세,경상
2013022400100371,2013년 2월 24일 18시,일요일,경상남도 합천군 쌍백면,중상사고,0,1,0,0,차량단독 - 도로외이탈 - 기타,안전운전불이행,건조,맑음,단일로 - 기타,이륜,남,67세,중상,,,,
2013022400100372,2013년 2월 24일 18시,일요일,경상남도 거제시 일운면,중상사고,0,1,0,0,차대사람 - 기타,보행자보호의무위반,건조,맑음,교차로 - 교차로안,승용,남,49세,상해없음,보행자,여,46세,중상
2013022400100373,2013년 2월 24일 18시,일요일,경상남도 거제시 능포동,중상사고,0,1,0,0,차대사람 - 기타,안전운전불이행,건조,맑음,단일로 - 기타,승용,남,26세,상해없음,보행자,남,8세,중상
2013022400100374,2013년 2월 24일 18시,일요일,경상남도 산청군 산청읍,경상사고,0,0,1,0,차대차 - 측면직각충돌,안전운전불이행,건조,맑음,교차로 - 교차로부근,화물,남,70세,상해없음,원동기,남,80세,경상
2013022400100414,2013년 2월 24일 19시,일요일,경상남도 김해시 안동,중상사고,0,1,0,0,차대사람 - 기타,안전운전불이행,건조,맑음,단일로 - 기타,승용,남,50세,상해없음,보행자,남,42세,중상
2013022400100415,2013년 2월 24일 19시,일요일,경상남도 함양군 백전면,중상사고,0,1,1,0,차대차 - 측면직각충돌,중앙선침범,건조,맑음,단일로 - 기타,승용,남,47세,상해없음,승용,남,36세,중상
2013022400100443,2013년 2월 24일 20시,일요일,경상남도 거제시 상동동,중상사고,0,2,2,0,차대차 - 기타,안전운전불이행,건조,맑음,단일로 - 기타,승용,남,27세,상해없음,승용,남,52세,경상
2013022400100444,2013년 2월 24일 20시,일요일,경상남도 창원시 성산구 상남동,경상사고,0,0,2,0,차대차 - 측면직각충돌,안전거리미확보,건조,맑음,단일로 - 기타,승합,남,24세,상해없음,승용,남,35세,경상
2013022400100495,2013년 2월 24일 22시,일요일,경상남도 김해시 풍유동,중상사고,0,1,1,0,차대차 - 측면직각충돌,중앙선침범,건조,맑음,단일로 - 기타,승용,여,45세,경상,승용,남,24세,중상
2013022400100508,2013년 2월 24일 23시,일요일,경상남도 창원시 마산합포구 교방동,경상사고,0,0,1,0,차대사람 - 기타,안전운전불이행,건조,맑음,단일로 - 기타,승용,남,35세,상해없음,보행자,남,31세,경상
2013022400100509,2013년 2월 24일 23시,일요일,경상남도 김해시 어방동,경상사고,0,0,1,0,차대차 - 추돌 - 진행중,안전운전불이행,건조,맑음,교차로 - 교차로부근,승용,남,26세,상해없음,승용,남,42세,경상
2013022400100510,2013년 2월 24일 23시,일요일,경상남도 산청군 시천면,중상사고,0,2,0,0,차량단독 - 도로외이탈 - 기타,안전운전불이행,건조,맑음,교차로 - 교차로안,화물,남,34세,중상,,,,
2013022500100005,2013년 2월 25일 00시,월요일,경상남도 창원시 성산구 상남동,경상사고,0,0,1,0,차대차 - 추돌 - 진행중,안전운전불이행,건조,맑음,교차로 - 교차로안,승용,남,26세,상해없음,승용,남,61세,경상
2013022500100027,2013년 2월 25일 05시,월요일,경상남도 창원시 마산회원구 석전동,중상사고,0,1,0,0,차대사람 - 기타,안전운전불이행,건조,맑음,단일로 - 기타,화물,남,49세,상해없음,보행자,여,22세,중상
2013022500100070,2013년 2월 25일 08시,월요일,경상남도 김해시 화목동,중상사고,0,1,1,0,차대차 - 기타,신호위반,건조,맑음,교차로 - 교차로안,승용,남,30세,경상,이륜,남,19세,중상
2013022500100086,2013년 2월 25일 09시,월요일,경상남도 통영시 무전동,중상사고,0,1,0,0,차대차 - 측면직각충돌,안전운전불이행,건조,맑음,교차로 - 교차로부근,승용,남,46세,상해없음,이륜,남,29세,중상
2013022500100087,2013년 2월 25일 09시,월요일,경상남도 양산시 물금읍,중상사고,0,1,0,0,차대차 - 측면직각충돌,교차로운행방법위반,건조,맑음,교차로 - 교차로안,승합,여,41세,상해없음,이륜,여,62세,중상
2013022500100110,2013년 2월 25일 10시,월요일,경상남도 창원시 의창구 팔용동,중상사고,0,1,0,0,차대차 - 기타,안전운전불이행,건조,맑음,교차로 - 교차로부근,화물,남,57세,상해없음,이륜,남,22세,중상
2013022500100129,2013년 2월 25일 11시,월요일,경상남도 양산시 원동면,중상사고,0,1,0,0,차대차 - 측면직각충돌,안전운전불이행,건조,맑음,교차로 - 교차로안,승용,남,25세,상해없음,승용,남,39세,중상
2013022500100144,2013년 2월 25일 12시,월요일,경상남도 창원시 진해구 이동,경상사고,0,0,1,0,차대차 - 기타,교차로운행방법위반,건조,맑음,교차로 - 교차로안,승용,여,53세,상해없음,승용,여,33세,상해없음
2013022500100162,2013년 2월 25일 13시,월요일,경상남도 창원시 성산구 천선동,중상사고,0,1,6,0,차대차 - 추돌 - 주정차중,안전거리미확보,건조,맑음,단일로 - 터널,승용,여,38세,경상,승용,여,30세,상해없음
2013022500100187,2013년 2월 25일 14시,월요일,경상남도 양산시 중부동,중상사고,0,1,0,0,차대차 - 기타,안전운전불이행,건조,맑음,교차로 - 교차로안,승합,남,47세,상해없음,자전거,여,55세,중상
2013022500100215,2013년 2월 25일 15시,월요일,경상남도 창원시 마산회원구 회원동,경상사고,0,0,1,1,차대차 - 기타,중앙선침범,건조,맑음,단일로 - 기타,승용,남,62세,부상신고,승용,남,39세,경상
2013022500100241,2013년 2월 25일 16시,월요일,경상남도 창원시 의창구 서상동,경상사고,0,0,1,0,차대차 - 기타,신호위반,건조,맑음,교차로 - 교차로안,화물,남,52세,상해없음,승용,남,51세,경상
2013022500100267,2013년 2월 25일 17시,월요일,경상남도 사천시 벌리동,중상사고,0,1,1,0,차대차 - 기타,신호위반,건조,맑음,교차로 - 교차로안,승용,여,54세,상해없음,승용,여,48세,중상
2013022500100268,2013년 2월 25일 17시,월요일,경상남도 남해군 남해읍,중상사고,0,1,0,0,차대차 - 정면충돌,안전운전불이행,건조,맑음,교차로 - 교차로안,화물,남,45세,상해없음,승용,남,46세,중상
2013022500100269,2013년 2월 25일 17시,월요일,경상남도 창원시 마산회원구 내서읍,경상사고,0,0,1,0,차대차 - 기타,안전운전불이행,건조,맑음,교차로 - 교차로안,승용,남,40세,상해없음,승합,남,42세,상해없음
2013022500100302,2013년 2월 25일 18시,월요일,경상남도 통영시 무전동,경상사고,0,0,1,0,차대차 - 기타,차로위반,건조,맑음,단일로 - 기타,승용,남,60세,상해없음,승용,여,40세,상해없음
2013022500100303,2013년 2월 25일 18시,월요일,경상남도 김해시 어방동,경상사고,0,0,1,0,차대차 - 측면직각충돌,직진우회전진행방해,건조,맑음,교차로 - 교차로안,승용,남,56세,상해없음,승용,남,49세,상해없음
2013022500100336,2013년 2월 25일 19시,월요일,경상남도 창원시 의창구 중동,경상사고,0,0,1,0,차대차 - 기타,안전운전불이행,건조,맑음,단일로 - 기타,승용,남,48세,상해없음,승용,남,52세,경상
2013022500100352,2013년 2월 25일 20시,월요일,경상남도 남해군 남해읍,중상사고,0,1,0,0,차대사람 - 횡단중,기타,건조,기타,단일로 - 횡단보도상,화물,남,28세,상해없음,보행자,남,9세,중상
2013022500100353,2013년 2월 25일 20시,월요일,경상남도 창원시 의창구 도계동,경상사고,0,0,1,1,차대차 - 추돌 - 주정차중,안전운전불이행,건조,맑음,교차로 - 교차로부근,승용,남,33세,상해없음,승용,남,41세,부상신고
2013022500100382,2013년 2월 25일 21시,월요일,경상남도 함양군 함양읍,중상사고,0,2,0,0,차대차 - 정면충돌,중앙선침범,건조,맑음,단일로 - 기타,화물,남,65세,상해없음,승용,남,37세,중상
2013022500100437,2013년 2월 25일 23시,월요일,경상남도 양산시 중부동,경상사고,0,0,1,0,차대차 - 측면직각충돌,직진우회전진행방해,건조,맑음,교차로 - 교차로안,승용,남,19세,상해없음,승용,여,51세,경상
2013022500100438,2013년 2월 25일 23시,월요일,경상남도 거제시 연초면,중상사고,0,1,0,0,차대차 - 측면직각충돌,신호위반,건조,맑음,교차로 - 교차로안,승용,남,45세,상해없음,승용,여,27세,중상
2013022500100439,2013년 2월 25일 23시,월요일,경상남도 함안군 산인면,경상사고,0,0,1,0,차대차 - 측면직각충돌,신호위반,건조,맑음,교차로 - 교차로안,승용,여,46세,상해없음,승용,남,53세,경상
2013022500100440,2013년 2월 25일 23시,월요일,경상남도 창원시 마산회원구 양덕동,중상사고,0,1,0,0,차대차 - 추돌 - 진행중,안전운전불이행,건조,맑음,단일로 - 기타,승용,남,30세,상해없음,승용,여,32세,중상
2013022600100022,2013년 2월 26일 00시,화요일,경상남도 창원시 진해구 경화동,경상사고,0,0,2,0,차대차 - 추돌 - 주정차중,안전운전불이행,건조,맑음,교차로 - 교차로부근,승용,남,45세,상해없음,승용,여,45세,경상
2013022600100073,2013년 2월 26일 04시,화요일,경상남도 거제시 연초면,중상사고,0,1,0,0,차대차 - 측면직각충돌,안전운전불이행,건조,맑음,교차로 - 교차로안,승용,남,46세,상해없음,승용,남,32세,중상
2013022600100083,2013년 2월 26일 05시,화요일,경상남도 함안군 칠원면,중상사고,0,1,0,0,차대사람 - 길가장자리구역통행중,안전운전불이행,건조,맑음,단일로 - 기타,승용,남,35세,상해없음,보행자,남,76세,중상
2013022600100084,2013년 2월 26일 05시,화요일,경상남도 창원시 성산구 남양동,경상사고,0,0,6,0,차대차 - 측면직각충돌,안전운전불이행,건조,맑음,교차로 - 교차로안,승용,남,33세,상해없음,승용,남,36세,경상
2013022600100093,2013년 2월 26일 06시,화요일,경상남도 김해시 외동,중상사고,0,1,0,0,차대차 - 추돌 - 주정차중,중앙선침범,건조,맑음,단일로 - 기타,승용,남,29세,중상,승용,여,45세,상해없음
2013022600100124,2013년 2월 26일 08시,화요일,경상남도 창녕군 도천면,경상사고,0,0,1,0,차대차 - 기타,안전운전불이행,건조,맑음,단일로 - 기타,승용,기타불명,기타불명,기타불명,특수,남,21세,경상
2013022600100145,2013년 2월 26일 09시,화요일,경상남도 김해시 삼방동,경상사고,0,0,1,0,차대차 - 측면직각충돌,교차로운행방법위반,건조,맑음,교차로 - 교차로부근,화물,남,39세,상해없음,승용,남,55세,경상
2013022600100175,2013년 2월 26일 10시,화요일,경상남도 사천시 사천읍,중상사고,0,2,0,0,차대차 - 기타,안전거리미확보,건조,맑음,단일로 - 기타,승용,남,44세,상해없음,화물,남,46세,상해없음
2013022600100188,2013년 2월 26일 11시,화요일,경상남도 양산시 물금읍,부상신고사고,0,0,0,1,차대차 - 추돌 - 주정차중,안전운전불이행,건조,맑음,단일로 - 기타,승용,남,52세,상해없음,승합,남,43세,부상신고
2013022600100201,2013년 2월 26일 12시,화요일,경상남도 양산시 물금읍,중상사고,0,1,0,0,차대차 - 측면직각충돌,안전운전불이행,건조,맑음,단일로 - 횡단보도상,승용,남,45세,상해없음,자전거,남,14세,중상
2013022600100202,2013년 2월 26일 12시,화요일,경상남도 거제시 장평동,중상사고,0,1,0,0,차대차 - 기타,안전운전불이행,건조,맑음,교차로 - 교차로안,승용,여,32세,상해없음,이륜,남,51세,중상
2013022600100228,2013년 2월 26일 13시,화요일,경상남도 창원시 진해구 석동,경상사고,0,0,2,0,차대차 - 추돌 - 진행중,안전운전불이행,건조,맑음,단일로 - 기타,승용,여,32세,기타불명,승용,여,52세,상해없음
2013022600100248,2013년 2월 26일 14시,화요일,경상남도 진주시 칠암동,중상사고,0,1,0,0,차대차 - 측면직각충돌,안전운전불이행,건조,맑음,교차로 - 교차로안,승용,남,61세,상해없음,자전거,남,71세,중상
2013022600100281,2013년 2월 26일 16시,화요일,경상남도 김해시 삼계동,중상사고,0,1,0,0,차대사람 - 기타,보행자보호의무위반,건조,맑음,교차로 - 교차로부근,승용,여,32세,상해없음,보행자,여,84세,중상
2013022600100282,2013년 2월 26일 16시,화요일,경상남도 양산시 중부동,경상사고,0,0,1,0,차대사람 - 기타,안전운전불이행,건조,맑음,단일로 - 기타,승용,여,40세,상해없음,보행자,남,10세,경상
2013022600100283,2013년 2월 26일 16시,화요일,경상남도 거제시 하청면,중상사고,0,1,0,0,차대사람 - 기타,안전운전불이행,건조,맑음,교차로 - 교차로안,승용,여,22세,상해없음,보행자,여,74세,중상
2013022600100305,2013년 2월 26일 17시,화요일,경상남도 창원시 성산구 대방동,중상사고,0,1,1,0,차대차 - 추돌 - 진행중,안전운전불이행,건조,맑음,교차로 - 교차로안,승용,남,43세,상해없음,승용,남,58세,중상
2013022600100306,2013년 2월 26일 17시,화요일,경상남도 창원시 마산회원구 양덕동,사망사고,1,0,0,0,차량단독 - 기타,안전운전불이행,건조,흐림,단일로 - 기타,승합,남,46세,상해없음,,,,
2013022600100307,2013년 2월 26일 17시,화요일,경상남도 창원시 마산회원구 회원동,경상사고,0,0,1,0,차대사람 - 보도통행중,안전운전불이행,건조,맑음,단일로 - 기타,승용,남,57세,상해없음,보행자,여,15세,경상
2013022600100308,2013년 2월 26일 17시,화요일,경상남도 창원시 마산회원구 양덕동,경상사고,0,0,1,2,차대차 - 기타,신호위반,건조,맑음,교차로 - 교차로안,승용,남,60세,상해없음,승용,여,44세,경상