사고번호,사고일시,요일,시군구,사고내용,사망자수,중상자수,경상자수,부상신고자수,사고유형,법규위반,노면상태,기상상태,도로형태,가해운전자 차종,가해운전자 성별,가해운전자 연령,가해운전자 상해정도,피해운전자 차종,피해운전자 성별,피해운전자 연령,피해운전자 상해정도
2013022600100395,2013년 2월 26일 20시,화요일,경상남도 김해시 풍유동,중상사고,0,1,0,0,차대차 - 측면직각충돌,신호위반,건조,맑음,교차로 - 교차로안,승용,남,44세,상해없음,승용,남,25세,중상
2013022600100420,2013년 2월 26일 21시,화요일,경상남도 김해시 동상동,중상사고,0,1,0,0,차대차 - 측면직각충돌,교차로운행방법위반,건조,맑음,교차로 - 교차로안,승용,남,29세,기타불명,원동기,남,18세,중상
2013022600100421,2013년 2월 26일 21시,화요일,경상남도 김해시 삼방동,중상사고,0,1,0,0,차대차 - 추돌 - 주정차중,안전운전불이행,건조,맑음,단일로 - 기타,승용,남,60세,상해없음,승용,여,42세,중상
2013022600100422,2013년 2월 26일 21시,화요일,경상남도 양산시 동면,경상사고,0,0,2,3,차대차 - 측면직각충돌,안전운전불이행,건조,맑음,단일로 - 기타,승용,남,45세,상해없음,승용,남,38세,경상
2013022600100423,2013년 2월 26일 21시,화요일,경상남도 창원시 성산구 반지동,중상사고,0,1,0,0,차대사람 - 차도통행중,안전운전불이행,건조,맑음,교차로 - 교차로부근,승용,여,29세,상해없음,보행자,여,33세,중상
2013022600100454,2013년 2월 26일 22시,화요일,경상남도 거제시 장승포동,중상사고,0,1,0,0,차대차 - 기타,안전운전불이행,건조,맑음,교차로 - 교차로안,승용,남,54세,상해없음,승용,여,40세,중상
2013022600100455,2013년 2월 26일 22시,화요일,경상남도 창원시 마산회원구 석전동,중상사고,0,1,2,0,차대차 - 추돌 - 주정차중,안전운전불이행,건조,맑음,단일로 - 기타,승용,남,64세,상해없음,화물,남,70세,경상
2013022700100036,2013년 2월 27일 01시,수요일,경상남도 진주시 정촌면,중상사고,0,3,1,0,차대차 - 추돌 - 주정차중,안전운전불이행,건조,맑음,교차로 - 교차로부근,승용,남,40세,상해없음,승용,여,24세,중상
2013022700100053,2013년 2월 27일 02시,수요일,경상남도 김해시 부원동,경상사고,0,0,1,0,차대차 - 측면직각충돌,신호위반,건조,맑음,교차로 - 교차로안,승용,남,31세,상해없음,화물,남,21세,경상
2013022700100096,2013년 2월 27일 06시,수요일,경상남도 진주시 상대동,중상사고,0,1,0,0,차대사람 - 기타,안전운전불이행,습기,안개,교차로 - 교차로안,화물,남,47세,상해없음,보행자,여,71세,중상
2013022700100097,2013년 2월 27일 06시,수요일,경상남도 통영시 무전동,중상사고,0,1,0,0,차대차 - 측면직각충돌,교차로운행방법위반,건조,맑음,교차로 - 교차로안,승용,남,53세,상해없음,승합,남,52세,상해없음
2013022700100107,2013년 2월 27일 07시,수요일,경상남도 김해시 외동,중상사고,0,1,0,0,차대사람 - 횡단중,보행자보호의무위반,건조,맑음,교차로 - 교차로안,화물,남,38세,기타불명,보행자,여,71세,중상
2013022700100138,2013년 2월 27일 08시,수요일,경상남도 합천군 초계면,경상사고,0,0,1,0,차대차 - 추돌 - 진행중,안전운전불이행,건조,맑음,단일로 - 기타,건설기계,남,49세,상해없음,농기계,남,72세,경상
2013022700100163,2013년 2월 27일 09시,수요일,경상남도 창원시 진해구 용원동,경상사고,0,0,1,0,차대차 - 측면직각충돌,차로위반,건조,맑음,단일로 - 기타,승용,남,65세,상해없음,화물,남,47세,상해없음
2013022700100164,2013년 2월 27일 09시,수요일,경상남도 통영시 사량면,중상사고,0,1,0,0,차대차 - 정면충돌,중앙선침범,건조,맑음,단일로 - 기타,승합,남,63세,상해없음,승합,남,67세,상해없음
2013022700100186,2013년 2월 27일 10시,수요일,경상남도 진주시 이반성면,경상사고,0,0,1,0,차대차 - 추돌 - 진행중,안전운전불이행,건조,맑음,단일로 - 기타,승용,여,53세,상해없음,원동기,남,82세,경상
2013022700100187,2013년 2월 27일 10시,수요일,경상남도 창원시 진해구 여좌동,사망사고,1,0,0,0,차대차 - 기타,안전운전불이행,건조,맑음,단일로 - 기타,승용,여,40세,상해없음,자전거,여,65세,사망
2013022700100188,2013년 2월 27일 10시,수요일,경상남도 창원시 의창구 대원동,중상사고,0,1,0,0,차대차 - 추돌 - 진행중,안전운전불이행,건조,맑음,단일로 - 터널,화물,남,48세,상해없음,승용,남,59세,상해없음
2013022700100189,2013년 2월 27일 10시,수요일,경상남도 김해시 장유면,중상사고,0,1,0,0,차대차 - 측면직각충돌,불법유턴,건조,맑음,교차로 - 교차로부근,화물,남,41세,상해없음,화물,남,47세,중상
2013022700100219,2013년 2월 27일 11시,수요일,경상남도 양산시 물금읍,경상사고,0,0,2,0,차대차 - 측면직각충돌,직진우회전진행방해,건조,맑음,교차로 - 교차로안,화물,남,58세,상해없음,승용,남,52세,경상
2013022700100220,2013년 2월 27일 11시,수요일,경상남도 함안군 가야읍,중상사고,0,1,0,0,차대사람 - 횡단중,안전운전불이행,건조,맑음,교차로 - 교차로부근,화물,남,55세,상해없음,보행자,여,81세,중상
2013022700100221,2013년 2월 27일 11시,수요일,경상남도 창원시 마산합포구 산호동,경상사고,0,0,1,0,차대차 - 측면직각충돌,안전운전불이행,건조,맑음,교차로 - 교차로안,승용,남,55세,상해없음,자전거,남,27세,경상
2013022700100222,2013년 2월 27일 11시,수요일,경상남도 김해시 진영읍,중상사고,0,1,0,0,차대차 - 추돌 - 주정차중,안전거리미확보,건조,맑음,단일로 - 기타,이륜,남,34세,중상,승용,남,40세,상해없음
2013022700100246,2013년 2월 27일 12시,수요일,경상남도 김해시 한림면,중상사고,0,1,0,0,차대차 - 기타,중앙선침범,건조,맑음,교차로 - 교차로부근,승합,남,50세,상해없음,화물,남,52세,상해없음
2013022700100272,2013년 2월 27일 13시,수요일,경상남도 김해시 서상동,경상사고,0,0,1,0,차대차 - 측면직각충돌,기타,건조,맑음,교차로 - 교차로안,승용,남,48세,상해없음,이륜,남,32세,경상
2013022700100300,2013년 2월 27일 14시,수요일,경상남도 김해시 장유면,중상사고,0,1,0,0,차대차 - 기타,교차로운행방법위반,건조,맑음,교차로 - 교차로안,승용,여,55세,상해없음,승용,여,56세,중상
2013022700100327,2013년 2월 27일 15시,수요일,경상남도 하동군 청암면,중상사고,0,1,0,0,차대사람 - 횡단중,중앙선침범,건조,맑음,단일로 - 기타,화물,남,58세,상해없음,보행자,남,10세,중상
2013022700100359,2013년 2월 27일 16시,수요일,경상남도 통영시 북신동,경상사고,0,0,1,0,차대사람 - 횡단중,안전운전불이행,건조,맑음,단일로 - 횡단보도부근,승용,남,30세,상해없음,보행자,남,7세,경상
2013022700100360,2013년 2월 27일 16시,수요일,경상남도 김해시 어방동,경상사고,0,0,1,0,차대차 - 측면직각충돌,교차로운행방법위반,건조,맑음,교차로 - 교차로안,승합,남,37세,상해없음,승용,남,59세,경상
2013022700100361,2013년 2월 27일 16시,수요일,경상남도 거제시 상동동,중상사고,0,1,0,0,차대사람 - 기타,안전운전불이행,건조,맑음,기타 - 기타,승용,여,28세,상해없음,보행자,여,6세,중상
2013022700100362,2013년 2월 27일 16시,수요일,경상남도 창원시 의창구 팔용동,경상사고,0,0,1,0,차대차 - 기타,안전운전불이행,건조,맑음,교차로 - 교차로부근,기타불명,기타불명,기타불명,기타불명,승용,여,52세,경상
2013022700100363,2013년 2월 27일 16시,수요일,경상남도 김해시 장유면,중상사고,0,1,0,0,차대차 - 추돌 - 주정차중,안전거리미확보,건조,맑음,단일로 - 기타,승용,남,35세,상해없음,승용,남,52세,중상
2013022700100419,2013년 2월 27일 18시,수요일,경상남도 진주시 금산면,중상사고,0,1,0,0,차대사람 - 길가장자리구역통행중,안전운전불이행,건조,맑음,교차로 - 교차로안,화물,남,55세,상해없음,보행자,여,40세,중상
2013022700100420,2013년 2월 27일 18시,수요일,경상남도 하동군 하동읍,중상사고,0,2,0,0,차대차 - 추돌 - 진행중,안전운전불이행,건조,맑음,교차로 - 교차로부근,승용,남,42세,상해없음,승용,남,51세,중상
2013022700100421,2013년 2월 27일 18시,수요일,경상남도 창원시 성산구 사파동,경상사고,0,0,1,0,차대차 - 측면직각충돌,안전운전불이행,건조,맑음,교차로 - 교차로부근,승용,남,32세,상해없음,승용,남,51세,경상
2013022700100449,2013년 2월 27일 19시,수요일,경상남도 김해시 어방동,경상사고,0,0,1,0,차대차 - 측면직각충돌,교차로운행방법위반,건조,맑음,교차로 - 교차로안,화물,남,54세,상해없음,승용,남,59세,경상
2013022700100475,2013년 2월 27일 20시,수요일,경상남도 양산시 상북면,중상사고,0,1,0,1,차대차 - 추돌 - 주정차중,안전거리미확보,습기,비,단일로 - 기타,승합,남,64세,부상신고,승용,남,39세,중상
2013022700100476,2013년 2월 27일 20시,수요일,경상남도 거제시 고현동,경상사고,0,0,1,0,차대사람 - 차도통행중,안전운전불이행,건조,맑음,단일로 - 기타,승용,남,41세,상해없음,보행자,남,42세,경상
2013022700100541,2013년 2월 27일 22시,수요일,경상남도 진주시 평거동,중상사고,0,1,0,0,차대차 - 측면직각충돌,교차로운행방법위반,건조,맑음,교차로 - 교차로안,승용,여,35세,상해없음,이륜,남,34세,중상
2013022800100022,2013년 2월 28일 00시,목요일,경상남도 창원시 마산회원구 양덕동,중상사고,0,1,0,0,차대차 - 측면직각충돌,안전운전불이행,건조,맑음,단일로 - 기타,승용,여,56세,상해없음,원동기,남,17세,중상
2013022800100046,2013년 2월 28일 02시,목요일,경상남도 창원시 성산구 신촌동,중상사고,0,1,0,0,차대차 - 추돌 - 주정차중,안전운전불이행,건조,맑음,교차로 - 교차로부근,승용,남,32세,상해없음,승용,남,26세,중상
2013022800100055,2013년 2월 28일 03시,목요일,경상남도 창원시 진해구 석동,중상사고,0,1,0,0,차대차 - 추돌 - 주정차중,안전운전불이행,건조,맑음,단일로 - 기타,승용,남,29세,상해없음,승용,남,38세,중상
2013022800100073,2013년 2월 28일 05시,목요일,경상남도 창원시 의창구 동정동,사망사고,1,0,0,0,차대사람 - 횡단중,안전운전불이행,건조,맑음,단일로 - 기타,승용,남,69세,상해없음,보행자,여,78세,사망
2013022800100086,2013년 2월 28일 06시,목요일,경상남도 창원시 성산구 내동,중상사고,0,1,0,0,차량단독 - 기타,안전운전불이행,건조,맑음,단일로 - 기타,이륜,남,22세,상해없음,,,,
2013022800100087,2013년 2월 28일 06시,목요일,경상남도 김해시 진영읍,경상사고,0,0,1,0,차대차 - 측면직각충돌,교차로운행방법위반,건조,맑음,교차로 - 교차로안,승합,남,60세,상해없음,승용,남,29세,경상
2013022800100106,2013년 2월 28일 07시,목요일,경상남도 창원시 성산구 가음정동,경상사고,0,0,1,0,차대차 - 기타,안전운전불이행,건조,맑음,교차로 - 교차로안,승용,남,48세,상해없음,자전거,남,17세,경상
2013022800100137,2013년 2월 28일 08시,목요일,경상남도 창원시 마산합포구 추산동,부상신고사고,0,0,0,1,차대차 - 측면직각충돌,안전운전불이행,건조,맑음,단일로 - 기타,원동기,여,29세,부상신고,승용,여,54세,상해없음
2013022800100166,2013년 2월 28일 09시,목요일,경상남도 거창군 거창읍,경상사고,0,0,1,0,차대사람 - 횡단중,안전운전불이행,건조,맑음,단일로 - 기타,화물,남,44세,상해없음,보행자,남,60세,경상
2013022800100167,2013년 2월 28일 09시,목요일,경상남도 창원시 의창구 팔용동,중상사고,0,1,0,0,차대차 - 추돌 - 주정차중,안전거리미확보,건조,흐림,단일로 - 기타,승합,남,63세,상해없음,승용,남,51세,중상
2013022800100221,2013년 2월 28일 11시,목요일,경상남도 양산시 물금읍,경상사고,0,0,1,0,차대사람 - 횡단중,안전운전불이행,건조,맑음,교차로 - 교차로부근,승용,남,38세,상해없음,보행자,여,69세,경상
2013022800100247,2013년 2월 28일 12시,목요일,경상남도 창원시 의창구 동읍,경상사고,0,0,1,0,차대차 - 기타,차로위반,건조,맑음,단일로 - 기타,승용,남,60세,상해없음,화물,남,29세,경상
2013022800100269,2013년 2월 28일 13시,목요일,경상남도 창원시 마산합포구 자산동,중상사고,0,1,0,0,차대차 - 측면직각충돌,안전운전불이행,건조,맑음,단일로 - 기타,승용,여,37세,상해없음,자전거,남,55세,중상
2013022800100270,2013년 2월 28일 13시,목요일,경상남도 양산시 동면,경상사고,0,0,2,0,차대차 - 측면직각충돌,중앙선침범,건조,맑음,단일로 - 기타,이륜,여,32세,기타불명,승용,남,31세,경상
2013022800100299,2013년 2월 28일 14시,목요일,경상남도 통영시 항남동,중상사고,0,1,1,0,차대사람 - 횡단중,보행자보호의무위반,건조,맑음,단일로 - 횡단보도상,승용,여,44세,상해없음,보행자,여,45세,중상
2013022800100300,2013년 2월 28일 14시,목요일,경상남도 창녕군 장마면,경상사고,0,0,1,0,차대차 - 기타,안전운전불이행,건조,맑음,단일로 - 기타,원동기,남,70세,경상,승용,남,39세,상해없음
2013022800100301,2013년 2월 28일 14시,목요일,경상남도 함안군 가야읍,중상사고,0,1,0,0,차대차 - 측면직각충돌,안전운전불이행,건조,맑음,교차로 - 교차로안,승용,남,57세,상해없음,이륜,남,60세,중상
2013022800100327,2013년 2월 28일 15시,목요일,경상남도 진주시 망경동,경상사고,0,0,1,0,차대차 - 측면직각충돌,기타,건조,맑음,단일로 - 기타,이륜,남,85세,경상,승용,여,70세,상해없음
2013022800100328,2013년 2월 28일 15시,목요일,경상남도 밀양시 삼문동,중상사고,0,1,0,0,차대사람 - 횡단중,안전운전불이행,건조,맑음,단일로 - 기타,승용,남,63세,상해없음,보행자,남,6세,중상
2013022800100329,2013년 2월 28일 15시,목요일,경상남도 양산시 북정동,중상사고,0,1,0,0,차대차 - 기타,교차로운행방법위반,건조,맑음,교차로 - 교차로안,화물,남,53세,상해없음,자전거,여,11세,중상
2013022800100330,2013년 2월 28일 15시,목요일,경상남도 고성군 거류면,경상사고,0,0,2,0,차대차 - 추돌 - 주정차중,안전운전불이행,건조,맑음,단일로 - 기타,승용,남,32세,상해없음,승용,남,36세,경상
2013022800100331,2013년 2월 28일 15시,목요일,경상남도 거제시 장평동,중상사고,0,1,0,0,차대사람 - 기타,안전운전불이행,건조,맑음,기타 - 기타,승합,남,33세,상해없음,보행자,여,49세,중상
2013022800100356,2013년 2월 28일 16시,목요일,경상남도 사천시 봉남동,중상사고,0,1,0,0,차대차 - 측면직각충돌,교차로운행방법위반,건조,맑음,교차로 - 교차로안,승용,남,31세,상해없음,농기계,남,75세,중상
2013022800100378,2013년 2월 28일 17시,목요일,경상남도 창원시 진해구 충무동,중상사고,0,1,0,0,차대사람 - 횡단중,안전운전불이행,건조,흐림,교차로 - 교차로부근,승용,여,36세,상해없음,보행자,남,72세,중상
2013022800100379,2013년 2월 28일 17시,목요일,경상남도 사천시 사천읍,경상사고,0,0,1,0,차량단독 - 기타,안전운전불이행,건조,맑음,단일로 - 기타,이륜,남,72세,상해없음,,,,
2013022800100380,2013년 2월 28일 17시,목요일,경상남도 거창군 거창읍,중상사고,0,1,0,0,차대차 - 측면직각충돌,교차로운행방법위반,건조,맑음,교차로 - 교차로안,화물,남,51세,상해없음,승용,여,59세,중상
2013022800100381,2013년 2월 28일 17시,목요일,경상남도 남해군 이동면,경상사고,0,0,2,0,차대차 - 측면직각충돌,중앙선침범,건조,맑음,기타 - 기타,승용,여,55세,상해없음,승용,남,56세,경상
2013022800100382,2013년 2월 28일 17시,목요일,경상남도 창원시 마산회원구 양덕동,경상사고,0,0,1,0,차대차 - 기타,안전운전불이행,건조,맑음,단일로 - 기타,승용,남,55세,상해없음,자전거,남,56세,경상
2013022800100408,2013년 2월 28일 18시,목요일,경상남도 김해시 삼방동,중상사고,0,1,0,0,차량단독 - 기타,안전운전불이행,건조,맑음,단일로 - 기타,승합,남,51세,상해없음,,,,
2013022800100409,2013년 2월 28일 18시,목요일,경상남도 창녕군 창녕읍,중상사고,0,1,0,0,차대차 - 기타,기타,건조,맑음,단일로 - 기타,승용,남,44세,상해없음,농기계,남,77세,중상
2013022800100410,2013년 2월 28일 18시,목요일,경상남도 김해시 진영읍,경상사고,0,0,1,0,차대차 - 추돌 - 주정차중,안전거리미확보,건조,맑음,단일로 - 기타,승용,여,52세,상해없음,승용,여,34세,경상
2013022800100453,2013년 2월 28일 19시,목요일,경상남도 통영시 중앙동,중상사고,0,1,0,0,차대차 - 기타,교차로운행방법위반,건조,맑음,교차로 - 교차로안,승합,남,74세,상해없음,승용,여,23세,중상
2013022800100481,2013년 2월 28일 20시,목요일,경상남도 창원시 성산구 상남동,경상사고,0,0,1,0,차대차 - 기타,교차로운행방법위반,기타,맑음,교차로 - 교차로안,승용,여,26세,상해없음,자전거,남,19세,경상
2013022800100512,2013년 2월 28일 21시,목요일,경상남도 창원시 진해구 석동,중상사고,0,1,0,0,차대사람 - 기타,안전운전불이행,건조,맑음,교차로 - 교차로안,화물,여,43세,상해없음,보행자,남,29세,중상
2013022800100513,2013년 2월 28일 21시,목요일,경상남도 거제시 연초면,경상사고,0,0,2,0,차대차 - 기타,안전운전불이행,건조,맑음,기타 - 기타,화물,남,32세,상해없음,승용,여,38세,경상
2013030100100029,2013년 3월 1일 00시,금요일,경상남도 진주시 신안동,경상사고,0,0,1,0,차대차 - 측면직각충돌,안전운전불이행,건조,맑음,단일로 - 기타,원동기,남,16세,경상,승용,남,34세,상해없음
2013030100100030,2013년 3월 1일 00시,금요일,경상남도 김해시 삼계동,중상사고,0,1,0,0,차대사람 - 횡단중,안전운전불이행,습기,비,단일로 - 기타,승용,남,56세,상해없음,보행자,여,20세,중상
2013030100100031,2013년 3월 1일 00시,금요일,경상남도 창녕군 도천면,중상사고,0,1,0,0,차대차 - 추돌 - 주정차중,안전운전불이행,건조,흐림,단일로 - 기타,승합,여,45세,중상,농기계,남,57세,기타불명
2013030100100032,2013년 3월 1일 00시,금요일,경상남도 창원시 성산구 남양동,중상사고,0,1,2,0,차대차 - 기타,교차로운행방법위반,기타,맑음,교차로 - 교차로안,승용,남,53세,상해없음,승용,남,55세,중상
2013030100100086,2013년 3월 1일 02시,금요일,경상남도 창원시 마산회원구 내서읍,중상사고,0,3,0,0,차대차 - 측면직각충돌,안전운전불이행,습기,비,교차로 - 교차로안,승용,남,30세,상해없음,화물,남,52세,중상
2013030100100148,2013년 3월 1일 05시,금요일,경상남도 김해시 외동,경상사고,0,0,1,0,차대차 - 기타,안전운전불이행,건조,맑음,교차로 - 교차로안,승용,남,61세,상해없음,승합,남,52세,상해없음
2013030100100173,2013년 3월 1일 06시,금요일,경상남도 진주시 이현동,중상사고,0,1,0,0,차대사람 - 횡단중,안전운전불이행,건조,맑음,교차로 - 교차로안,승용,여,60세,상해없음,보행자,여,68세,중상
2013030100100174,2013년 3월 1일 06시,금요일,경상남도 창원시 마산회원구 양덕동,중상사고,0,1,0,0,차대차 - 기타,안전운전불이행,습기,비,단일로 - 기타,승용,남,42세,상해없음,원동기,남,73세,중상
2013030100100186,2013년 3월 1일 07시,금요일,경상남도 거제시 아주동,경상사고,0,0,2,0,차대차 - 추돌 - 진행중,안전운전불이행,건조,맑음,교차로 - 교차로부근,승용,남,32세,상해없음,승용,남,28세,경상
2013030100100187,2013년 3월 1일 07시,금요일,경상남도 창원시 성산구 웅남동,경상사고,0,0,1,0,차대차 - 기타,교차로운행방법위반,습기,비,교차로 - 교차로안,승용,남,33세,상해없음,승용,남,60세,경상
2013030100100221,2013년 3월 1일 09시,금요일,경상남도 양산시 물금읍,부상신고사고,0,0,0,1,차대차 - 추돌 - 주정차중,안전운전불이행,습기,비,단일로 - 횡단보도부근,승용,여,45세,상해없음,승용,남,45세,부상신고
2013030100100277,2013년 3월 1일 12시,금요일,경상남도 진주시 사봉면,경상사고,0,0,1,0,차대차 - 기타,신호위반,건조,맑음,교차로 - 교차로안,승용,남,27세,상해없음,승용,남,51세,경상
2013030100100292,2013년 3월 1일 13시,금요일,경상남도 창원시 의창구 북면,사망사고,1,4,3,0,차대차 - 추돌 - 진행중,안전운전불이행,건조,맑음,단일로 - 터널,승용,남,45세,상해없음,승용,여,51세,중상
2013030100100317,2013년 3월 1일 14시,금요일,경상남도 통영시 도남동,중상사고,0,1,0,0,차대사람 - 횡단중,보행자보호의무위반,건조,맑음,단일로 - 횡단보도상,승합,남,60세,상해없음,보행자,남,5세,중상
2013030100100318,2013년 3월 1일 14시,금요일,경상남도 사천시 벌리동,경상사고,0,0,1,0,차대사람 - 기타,안전운전불이행,건조,맑음,교차로 - 교차로부근,승용,여,24세,상해없음,보행자,여,35세,경상
2013030100100336,2013년 3월 1일 15시,금요일,경상남도 진주시 평거동,중상사고,0,1,3,0,차대차 - 추돌 - 주정차중,안전운전불이행,건조,맑음,단일로 - 기타,승용,남,55세,상해없음,승용,남,31세,경상
2013030100100337,2013년 3월 1일 15시,금요일,경상남도 사천시 곤양면,경상사고,0,0,3,0,차대차 - 기타,안전운전불이행,건조,맑음,교차로 - 교차로부근,승용,여,59세,상해없음,승용,남,45세,경상
2013030100100338,2013년 3월 1일 15시,금요일,경상남도 밀양시 단장면,경상사고,0,0,1,0,차대차 - 측면직각충돌,안전운전불이행,건조,맑음,교차로 - 교차로안,승용,여,62세,경상,화물,남,57세,상해없음
2013030100100370,2013년 3월 1일 16시,금요일,경상남도 창원시 진해구 용원동,경상사고,0,0,1,0,차대차 - 추돌 - 주정차중,안전거리미확보,건조,맑음,교차로 - 교차로부근,원동기,남,44세,경상,화물,남,54세,상해없음
2013030100100371,2013년 3월 1일 16시,금요일,경상남도 사천시 서동,경상사고,0,0,2,0,차대차 - 기타,안전운전불이행,건조,맑음,교차로 - 교차로부근,화물,남,53세,경상,승용,여,32세,상해없음
2013030100100372,2013년 3월 1일 16시,금요일,경상남도 거제시 능포동,부상신고사고,0,0,0,1,차대차 - 기타,교차로운행방법위반,건조,맑음,교차로 - 교차로부근,이륜,여,33세,부상신고,승용,여,37세,상해없음
2013030100100425,2013년 3월 1일 18시,금요일,경상남도 사천시 사천읍,경상사고,0,0,1,0,차대차 - 기타,교차로운행방법위반,건조,맑음,교차로 - 교차로안,승용,남,51세,상해없음,승용,여,55세,경상
2013030100100426,2013년 3월 1일 18시,금요일,경상남도 김해시 구산동,경상사고,0,0,2,0,차대사람 - 횡단중,신호위반,건조,맑음,교차로 - 교차로부근,이륜,남,16세,상해없음,보행자,여,30세,경상
2013030100100427,2013년 3월 1일 18시,금요일,경상남도 창녕군 이방면,사망사고,1,0,0,0,차대사람 - 기타,안전운전불이행,건조,흐림,단일로 - 기타,화물,남,64세,상해없음,보행자,여,69세,사망
2013030100100428,2013년 3월 1일 18시,금요일,경상남도 양산시 중부동,경상사고,0,0,1,0,차대사람 - 횡단중,안전운전불이행,건조,맑음,단일로 - 횡단보도부근,이륜,남,19세,상해없음,보행자,남,51세,경상
2013030100100454,2013년 3월 1일 19시,금요일,경상남도 양산시 북정동,부상신고사고,0,0,0,2,차대차 - 추돌 - 주정차중,안전운전불이행,건조,맑음,교차로 - 교차로부근,승용,남,60세,상해없음,승용,남,47세,부상신고
2013030100100495,2013년 3월 1일 21시,금요일,경상남도 통영시 미수동,경상사고,0,0,1,0,차대사람 - 차도통행중,안전운전불이행,건조,맑음,단일로 - 기타,승용,남,26세,상해없음,보행자,남,53세,경상
2013030100100496,2013년 3월 1일 21시,금요일,경상남도 창원시 마산회원구 봉암동,중상사고,0,1,1,0,차량단독 - 공작물충돌,안전운전불이행,건조,맑음,단일로 - 기타,승용,남,32세,경상,,,,
2013030100100540,2013년 3월 1일 23시,금요일,경상남도 통영시 북신동,중상사고,0,1,0,0,차대차 - 추돌 - 진행중,교차로운행방법위반,건조,맑음,교차로 - 교차로안,승용,남,37세,상해없음,승용,남,41세,상해없음
2013030200100019,2013년 3월 2일 00시,토요일,경상남도 통영시 무전동,경상사고,0,0,1,0,차대사람 - 차도통행중,안전운전불이행,건조,맑음,교차로 - 교차로안,승용,남,46세,상해없음,보행자,여,13세,경상
2013030200100042,2013년 3월 2일 01시,토요일,경상남도 창원시 의창구 용호동,중상사고,0,1,0,0,차대차 - 정면충돌,교차로운행방법위반,건조,맑음,교차로 - 교차로부근,승용,남,39세,상해없음,자전거,남,42세,중상
2013030200100064,2013년 3월 2일 03시,토요일,경상남도 김해시 삼계동,중상사고,0,1,0,0,차대차 - 측면직각충돌,신호위반,건조,맑음,교차로 - 교차로안,승용,남,27세,상해없음,승용,남,35세,중상
2013030200100093,2013년 3월 2일 06시,토요일,경상남도 창원시 마산합포구 동성동,경상사고,0,0,3,0,차대차 - 측면직각충돌,교차로운행방법위반,건조,맑음,교차로 - 교차로안,승용,남,51세,상해없음,승용,남,48세,상해없음
2013030200100104,2013년 3월 2일 07시,토요일,경상남도 김해시 풍유동,중상사고,0,3,1,0,차대차 - 기타,신호위반,건조,맑음,교차로 - 교차로안,승용,남,26세,상해없음,승용,여,53세,경상
2013030200100114,2013년 3월 2일 08시,토요일,경상남도 밀양시 상남면,중상사고,0,2,1,1,차대차 - 측면직각충돌,교차로운행방법위반,건조,맑음,교차로 - 교차로안,화물,남,42세,상해없음,승용,여,57세,중상
2013030200100135,2013년 3월 2일 09시,토요일,경상남도 통영시 광도면,경상사고,0,0,1,0,차대차 - 추돌 - 진행중,안전거리미확보,건조,맑음,단일로 - 기타,승용,남,45세,상해없음,승용,남,33세,경상
2013030200100155,2013년 3월 2일 10시,토요일,경상남도 사천시 동금동,경상사고,0,0,1,0,차대차 - 기타,교차로운행방법위반,건조,맑음,교차로 - 교차로안,승용,여,46세,상해없음,원동기,남,69세,경상
2013030200100156,2013년 3월 2일 10시,토요일,경상남도 김해시 장유면,경상사고,0,0,3,0,차대차 - 측면직각충돌,중앙선침범,건조,맑음,단일로 - 기타,화물,남,70세,상해없음,승용,여,39세,경상
2013030200100173,2013년 3월 2일 11시,토요일,경상남도 남해군 설천면,경상사고,0,0,2,0,차대차 - 추돌 - 주정차중,안전운전불이행,건조,맑음,기타 - 기타,승용,남,52세,상해없음,승용,남,73세,경상
2013030200100201,2013년 3월 2일 12시,토요일,경상남도 진주시 신안동,중상사고,0,1,0,0,차대사람 - 횡단중,안전운전불이행,건조,맑음,단일로 - 기타,승용,남,45세,상해없음,보행자,여,36세,중상
2013030200100202,2013년 3월 2일 12시,토요일,경상남도 통영시 항남동,중상사고,0,1,0,0,차대사람 - 횡단중,보행자보호의무위반,건조,맑음,교차로 - 교차로안,승용,남,45세,상해없음,보행자,남,57세,중상
2013030200100222,2013년 3월 2일 13시,토요일,경상남도 창원시 마산회원구 회원동,중상사고,0,1,1,0,차대차 - 기타,안전운전불이행,건조,맑음,단일로 - 기타,승용,남,60세,상해없음,원동기,남,80세,경상
2013030200100244,2013년 3월 2일 14시,토요일,경상남도 밀양시 부북면,경상사고,0,0,2,0,차대차 - 정면충돌,중앙선침범,건조,맑음,단일로 - 기타,화물,남,69세,상해없음,승용,남,51세,경상
2013030200100319,2013년 3월 2일 17시,토요일,경상남도 창원시 진해구 경화동,경상사고,0,0,1,0,차대차 - 측면직각충돌,교차로운행방법위반,건조,맑음,교차로 - 교차로안,원동기,남,52세,경상,승용,남,42세,상해없음
2013030200100320,2013년 3월 2일 17시,토요일,경상남도 양산시 북정동,중상사고,0,1,0,0,차대차 - 측면직각충돌,기타,건조,맑음,교차로 - 교차로안,이륜,남,42세,중상,화물,남,33세,상해없음
2013030200100321,2013년 3월 2일 17시,토요일,경상남도 거제시 장평동,중상사고,0,1,0,0,차대차 - 기타,중앙선침범,건조,맑음,단일로 - 기타,원동기,남,27세,상해없음,자전거,남,40세,중상
2013030200100322,2013년 3월 2일 17시,토요일,경상남도 김해시 장유면,부상신고사고,0,0,0,1,차대차 - 기타,안전운전불이행,건조,맑음,단일로 - 기타,자전거,남,11세,부상신고,승용,남,63세,상해없음
2013030200100334,2013년 3월 2일 18시,토요일,경상남도 김해시 대동면,경상사고,0,0,1,0,차대차 - 측면직각충돌,안전운전불이행,건조,맑음,단일로 - 기타,승용,여,39세,상해없음,승용,여,29세,상해없음