사고번호,사고일시,요일,시군구,사고내용,사망자수,중상자수,경상자수,부상신고자수,사고유형,법규위반,노면상태,기상상태,도로형태,가해운전자 차종,가해운전자 성별,가해운전자 연령,가해운전자 상해정도,피해운전자 차종,피해운전자 성별,피해운전자 연령,피해운전자 상해정도
2013031200100165,2013년 3월 12일 10시,화요일,경상남도 밀양시 삼문동,부상신고사고,0,0,0,1,차대사람 - 차도통행중,교차로운행방법위반,건조,맑음,교차로 - 교차로안,승용,여,60세,상해없음,보행자,남,90세,부상신고
2013031200100188,2013년 3월 12일 11시,화요일,경상남도 창원시 마산합포구 상남동,경상사고,0,0,1,0,차대차 - 측면직각충돌,안전운전불이행,건조,맑음,교차로 - 교차로부근,화물,남,53세,상해없음,승용,남,49세,경상
2013031200100189,2013년 3월 12일 11시,화요일,경상남도 밀양시 삼문동,경상사고,0,0,1,0,차대차 - 측면직각충돌,교차로운행방법위반,건조,맑음,교차로 - 교차로안,승용,남,61세,상해없음,승용,남,63세,경상
2013031200100214,2013년 3월 12일 12시,화요일,경상남도 진주시 상평동,중상사고,0,1,0,0,차대차 - 측면직각충돌,안전거리미확보,건조,맑음,교차로 - 교차로부근,원동기,남,86세,중상,승용,여,41세,상해없음
2013031200100215,2013년 3월 12일 12시,화요일,경상남도 거제시 옥포동,경상사고,0,0,1,0,차대사람 - 기타,안전운전불이행,건조,맑음,단일로 - 기타,승용,남,40세,상해없음,보행자,여,38세,경상
2013031200100216,2013년 3월 12일 12시,화요일,경상남도 남해군 남해읍,중상사고,0,1,0,0,차대사람 - 보도통행중,보행자보호의무위반,건조,맑음,단일로 - 횡단보도상,화물,남,53세,상해없음,보행자,여,70세,중상
2013031200100237,2013년 3월 12일 13시,화요일,경상남도 진주시 정촌면,경상사고,0,0,1,0,차대차 - 추돌 - 주정차중,안전운전불이행,건조,맑음,교차로 - 교차로부근,승합,남,44세,상해없음,승용,여,36세,경상
2013031200100238,2013년 3월 12일 13시,화요일,경상남도 사천시 사천읍,경상사고,0,0,1,0,차대차 - 측면직각충돌,교차로운행방법위반,건조,맑음,교차로 - 교차로안,승용,여,57세,상해없음,승용,여,48세,경상
2013031200100255,2013년 3월 12일 14시,화요일,경상남도 사천시 사천읍,경상사고,0,0,1,0,차대차 - 추돌 - 진행중,안전운전불이행,건조,맑음,단일로 - 기타,승용,남,60세,상해없음,승용,남,39세,경상
2013031200100277,2013년 3월 12일 15시,화요일,경상남도 창원시 마산회원구 봉암동,경상사고,0,0,2,1,차대차 - 측면직각충돌,안전운전불이행,건조,맑음,단일로 - 기타,화물,남,49세,상해없음,승합,남,33세,상해없음
2013031200100303,2013년 3월 12일 16시,화요일,경상남도 밀양시 삼문동,경상사고,0,0,1,0,차대사람 - 보도통행중,보행자보호의무위반,건조,맑음,단일로 - 횡단보도상,승용,남,70세,상해없음,보행자,여,13세,경상
2013031200100304,2013년 3월 12일 16시,화요일,경상남도 합천군 합천읍,중상사고,0,1,0,0,차량단독 - 공작물충돌,안전운전불이행,건조,맑음,교차로 - 교차로부근,이륜,남,54세,중상,,,,
2013031200100305,2013년 3월 12일 16시,화요일,경상남도 거제시 아주동,경상사고,0,0,1,0,차대차 - 추돌 - 진행중,안전운전불이행,건조,맑음,교차로 - 교차로안,승합,여,38세,상해없음,승용,여,32세,경상
2013031200100306,2013년 3월 12일 16시,화요일,경상남도 산청군 단성면,경상사고,0,0,1,0,차대차 - 측면직각충돌,중앙선침범,건조,맑음,단일로 - 기타,승합,남,57세,상해없음,건설기계,남,55세,경상
2013031200100307,2013년 3월 12일 16시,화요일,경상남도 창원시 의창구 동정동,중상사고,0,1,1,0,차대차 - 측면직각충돌,교차로운행방법위반,건조,맑음,교차로 - 교차로안,승용,남,26세,상해없음,승합,남,45세,중상
2013031200100325,2013년 3월 12일 17시,화요일,경상남도 양산시 남부동,중상사고,0,1,0,0,차대차 - 기타,안전운전불이행,건조,맑음,단일로 - 기타,승용,남,27세,기타불명,자전거,남,63세,중상
2013031200100393,2013년 3월 12일 19시,화요일,경상남도 창원시 마산합포구 완월동,경상사고,0,0,1,0,차대차 - 측면직각충돌,교차로운행방법위반,건조,맑음,교차로 - 교차로안,승합,남,42세,상해없음,이륜,남,39세,경상
2013031200100394,2013년 3월 12일 19시,화요일,경상남도 창원시 마산합포구 중앙동3가,중상사고,0,1,0,0,차대사람 - 횡단중,안전운전불이행,건조,맑음,교차로 - 교차로안,승용,여,62세,상해없음,보행자,남,52세,중상
2013031200100395,2013년 3월 12일 19시,화요일,경상남도 거제시 장평동,경상사고,0,0,1,0,차대차 - 추돌 - 진행중,안전운전불이행,건조,맑음,교차로 - 교차로부근,승용,남,32세,상해없음,자전거,남,27세,경상
2013031200100421,2013년 3월 12일 20시,화요일,경상남도 밀양시 내이동,중상사고,0,2,0,0,차대차 - 측면직각충돌,교차로운행방법위반,건조,맑음,교차로 - 교차로안,승용,남,59세,상해없음,승용,여,45세,중상
2013031200100422,2013년 3월 12일 20시,화요일,경상남도 거제시 옥포동,중상사고,0,1,0,0,차대사람 - 기타,안전운전불이행,건조,흐림,교차로 - 교차로안,승용,남,34세,상해없음,보행자,남,60세,중상
2013031200100423,2013년 3월 12일 20시,화요일,경상남도 거제시 사등면,중상사고,0,1,0,0,차대사람 - 길가장자리구역통행중,안전운전불이행,습기,비,단일로 - 기타,승용,남,38세,상해없음,보행자,여,59세,중상
2013031200100424,2013년 3월 12일 20시,화요일,경상남도 김해시 장유면,중상사고,0,1,0,0,차대차 - 기타,안전운전불이행,습기,비,교차로 - 교차로부근,승용,남,49세,상해없음,승용,여,38세,중상
2013031200100457,2013년 3월 12일 21시,화요일,경상남도 양산시 물금읍,경상사고,0,0,2,0,차대차 - 기타,안전운전불이행,건조,맑음,교차로 - 교차로안,화물,남,47세,기타불명,승용,남,40세,경상
2013031200100503,2013년 3월 12일 22시,화요일,경상남도 진주시 평거동,경상사고,0,0,1,0,차대차 - 측면직각충돌,교차로운행방법위반,습기,흐림,교차로 - 교차로안,승용,남,28세,상해없음,원동기,남,31세,경상
2013031200100504,2013년 3월 12일 22시,화요일,경상남도 창원시 진해구 태평동,중상사고,0,2,0,0,차대사람 - 차도통행중,안전운전불이행,습기,비,교차로 - 교차로안,승용,여,30세,상해없음,보행자,여,14세,중상
2013031200100505,2013년 3월 12일 22시,화요일,경상남도 김해시 삼계동,중상사고,0,1,0,0,차대사람 - 횡단중,안전운전불이행,습기,비,교차로 - 교차로부근,이륜,남,37세,상해없음,보행자,남,16세,중상
2013031200100506,2013년 3월 12일 22시,화요일,경상남도 의령군 부림면,경상사고,0,0,1,0,차량단독 - 공작물충돌,안전운전불이행,건조,흐림,단일로 - 기타,승용,남,52세,경상,,,,
2013031200100507,2013년 3월 12일 22시,화요일,경상남도 의령군 의령읍,중상사고,0,1,0,0,차대차 - 측면직각충돌,교차로운행방법위반,습기,흐림,교차로 - 교차로안,승용,여,25세,상해없음,이륜,남,45세,중상
2013031200100508,2013년 3월 12일 22시,화요일,경상남도 창원시 마산회원구 구암동,경상사고,0,0,1,0,차대사람 - 기타,안전운전불이행,습기,비,교차로 - 교차로부근,승용,남,29세,상해없음,보행자,남,53세,경상
2013031200100509,2013년 3월 12일 22시,화요일,경상남도 창원시 마산회원구 합성동,중상사고,0,2,0,0,차대차 - 추돌 - 주정차중,안전운전불이행,습기,비,교차로 - 교차로부근,승용,남,55세,상해없음,승용,남,45세,중상
2013031200100510,2013년 3월 12일 22시,화요일,경상남도 창원시 의창구 봉곡동,중상사고,0,1,1,0,차대차 - 추돌 - 진행중,안전거리미확보,건조,맑음,교차로 - 교차로부근,승용,남,63세,상해없음,화물,여,44세,중상
2013031200100563,2013년 3월 12일 23시,화요일,경상남도 김해시 구산동,경상사고,0,0,1,0,차대차 - 추돌 - 진행중,안전운전불이행,습기,비,단일로 - 기타,승용,남,27세,상해없음,승용,남,39세,경상
2013031200100564,2013년 3월 12일 23시,화요일,경상남도 김해시 구산동,경상사고,0,0,1,0,차대차 - 기타,안전거리미확보,습기,비,단일로 - 기타,승용,남,62세,상해없음,원동기,남,44세,경상
2013031200100565,2013년 3월 12일 23시,화요일,경상남도 거제시 연초면,중상사고,0,1,0,0,차대사람 - 횡단중,안전운전불이행,기타,비,교차로 - 교차로부근,승용,남,50세,상해없음,보행자,여,18세,중상
2013031200100566,2013년 3월 12일 23시,화요일,경상남도 창원시 의창구 신월동,경상사고,0,0,1,0,차대차 - 측면직각충돌,중앙선침범,습기,비,교차로 - 교차로부근,승용,남,46세,상해없음,승용,남,53세,경상
2013031300100026,2013년 3월 13일 00시,수요일,경상남도 창원시 의창구 동읍,경상사고,0,0,2,0,차대차 - 정면충돌,안전운전불이행,습기,비,교차로 - 교차로안,기타불명,기타불명,기타불명,기타불명,승용,남,29세,경상
2013031300100027,2013년 3월 13일 00시,수요일,경상남도 창원시 의창구 팔용동,경상사고,0,0,2,0,차대차 - 측면직각충돌,중앙선침범,습기,비,교차로 - 교차로부근,승용,여,43세,상해없음,승용,남,57세,경상
2013031300100060,2013년 3월 13일 01시,수요일,경상남도 창원시 성산구 상남동,경상사고,0,0,1,1,차대차 - 측면직각충돌,직진우회전진행방해,습기,비,교차로 - 교차로안,승용,남,35세,상해없음,승용,남,21세,경상
2013031300100082,2013년 3월 13일 02시,수요일,경상남도 남해군 미조면,경상사고,0,0,1,0,차대사람 - 차도통행중,안전운전불이행,건조,기타,기타 - 기타,승용,남,46세,상해없음,보행자,남,49세,경상
2013031300100083,2013년 3월 13일 02시,수요일,경상남도 창원시 성산구 대방동,경상사고,0,0,2,0,차대차 - 추돌 - 주정차중,안전거리미확보,습기,비,단일로 - 기타,승용,남,44세,상해없음,승용,남,61세,경상
2013031300100111,2013년 3월 13일 04시,수요일,경상남도 김해시 진영읍,중상사고,0,1,0,0,차대사람 - 횡단중,안전운전불이행,습기,비,교차로 - 교차로안,화물,남,37세,상해없음,보행자,남,50세,중상
2013031300100164,2013년 3월 13일 07시,수요일,경상남도 사천시 죽림동,중상사고,0,2,1,0,차대차 - 추돌 - 주정차중,안전운전불이행,습기,비,교차로 - 교차로안,승합,남,60세,상해없음,승용,남,37세,상해없음
2013031300100165,2013년 3월 13일 07시,수요일,경상남도 거창군 가조면,사망사고,1,0,0,0,차대차 - 추돌 - 진행중,안전운전불이행,습기,흐림,단일로 - 기타,승용,남,52세,상해없음,자전거,여,70세,사망
2013031300100166,2013년 3월 13일 07시,수요일,경상남도 하동군 진교면,중상사고,0,2,0,0,차대차 - 측면직각충돌,신호위반,습기,비,교차로 - 교차로안,승용,남,50세,상해없음,승용,남,40세,중상
2013031300100167,2013년 3월 13일 07시,수요일,경상남도 창녕군 남지읍,중상사고,0,1,1,0,차량단독 - 전도전복,안전운전불이행,습기,비,단일로 - 기타,화물,남,38세,상해없음,,,,
2013031300100192,2013년 3월 13일 08시,수요일,경상남도 창원시 의창구 봉곡동,경상사고,0,0,1,0,차대사람 - 기타,안전운전불이행,습기,비,교차로 - 교차로부근,승용,여,41세,상해없음,보행자,남,42세,경상
2013031300100193,2013년 3월 13일 08시,수요일,경상남도 김해시 한림면,사망사고,1,0,0,0,차량단독 - 전도전복,안전운전불이행,습기,비,단일로 - 기타,승용,남,44세,사망,,,,
2013031300100218,2013년 3월 13일 09시,수요일,경상남도 통영시 광도면,경상사고,0,0,1,0,차대사람 - 횡단중,기타,습기,흐림,단일로 - 횡단보도상,승용,여,57세,상해없음,보행자,여,32세,경상
2013031300100236,2013년 3월 13일 10시,수요일,경상남도 함양군 함양읍,중상사고,0,1,0,0,차대사람 - 길가장자리구역통행중,안전운전불이행,건조,맑음,단일로 - 기타,승용,남,63세,상해없음,보행자,여,70세,중상
2013031300100256,2013년 3월 13일 11시,수요일,경상남도 창원시 의창구 도계동,경상사고,0,0,1,0,차대사람 - 기타,안전운전불이행,습기,흐림,단일로 - 기타,승용,남,35세,상해없음,보행자,여,55세,경상
2013031300100300,2013년 3월 13일 13시,수요일,경상남도 통영시 무전동,경상사고,0,0,1,0,차대차 - 측면직각충돌,안전운전불이행,건조,맑음,교차로 - 교차로안,승용,남,28세,상해없음,승용,남,40세,경상
2013031300100354,2013년 3월 13일 15시,수요일,경상남도 진주시 정촌면,경상사고,0,0,1,0,차대차 - 측면직각충돌,신호위반,건조,맑음,교차로 - 교차로안,승용,남,72세,상해없음,승용,남,43세,경상
2013031300100355,2013년 3월 13일 15시,수요일,경상남도 창원시 의창구 대산면,중상사고,0,1,1,0,차대차 - 기타,안전운전불이행,건조,흐림,단일로 - 기타,승용,남,48세,상해없음,승용,남,33세,중상
2013031300100376,2013년 3월 13일 16시,수요일,경상남도 창녕군 창녕읍,경상사고,0,0,1,0,차대차 - 측면직각충돌,안전운전불이행,건조,맑음,교차로 - 교차로부근,승용,남,57세,상해없음,승용,남,31세,경상
2013031300100377,2013년 3월 13일 16시,수요일,경상남도 양산시 평산동,중상사고,0,1,0,0,차대사람 - 횡단중,보행자보호의무위반,건조,맑음,단일로 - 횡단보도상,승합,남,61세,상해없음,보행자,남,8세,중상
2013031300100412,2013년 3월 13일 17시,수요일,경상남도 진주시 강남동,중상사고,0,1,0,0,차대사람 - 보도통행중,기타,건조,맑음,단일로 - 기타,화물,여,26세,상해없음,보행자,여,23세,중상
2013031300100413,2013년 3월 13일 17시,수요일,경상남도 김해시 구산동,경상사고,0,0,3,0,차대차 - 추돌 - 주정차중,안전운전불이행,건조,맑음,단일로 - 기타,원동기,남,17세,상해없음,승용,여,44세,경상
2013031300100414,2013년 3월 13일 17시,수요일,경상남도 양산시 물금읍,중상사고,0,1,0,0,차대차 - 기타,신호위반,건조,맑음,교차로 - 교차로안,화물,남,73세,기타불명,승용,남,60세,중상
2013031300100441,2013년 3월 13일 18시,수요일,경상남도 사천시 곤양면,중상사고,0,1,0,0,차대차 - 측면직각충돌,기타,건조,맑음,교차로 - 교차로안,승용,남,58세,상해없음,화물,남,62세,중상
2013031300100442,2013년 3월 13일 18시,수요일,경상남도 함양군 함양읍,경상사고,0,0,1,0,차대사람 - 보도통행중,안전운전불이행,건조,맑음,단일로 - 기타,승용,여,47세,상해없음,보행자,남,8세,경상
2013031300100443,2013년 3월 13일 18시,수요일,경상남도 양산시 삼호동,경상사고,0,0,1,0,차대사람 - 기타,안전운전불이행,건조,맑음,단일로 - 횡단보도부근,승용,여,26세,기타불명,보행자,남,40세,경상
2013031300100475,2013년 3월 13일 19시,수요일,경상남도 양산시 북정동,경상사고,0,0,1,0,차대차 - 기타,교차로운행방법위반,건조,맑음,교차로 - 교차로안,승용,남,27세,상해없음,승용,남,39세,경상
2013031300100476,2013년 3월 13일 19시,수요일,경상남도 김해시 진영읍,부상신고사고,0,0,0,1,차대차 - 측면직각충돌,안전운전불이행,건조,흐림,교차로 - 교차로안,승용,남,45세,상해없음,승용,여,28세,부상신고
2013031300100504,2013년 3월 13일 20시,수요일,경상남도 양산시 삼호동,부상신고사고,0,0,0,1,차대차 - 측면직각충돌,중앙선침범,습기,비,기타 - 기타,승용,여,41세,상해없음,이륜,남,38세,부상신고
2013031300100505,2013년 3월 13일 20시,수요일,경상남도 창원시 성산구 상남동,경상사고,0,0,1,0,차대차 - 측면직각충돌,안전운전불이행,건조,맑음,단일로 - 기타,승용,남,52세,상해없음,승합,남,32세,경상
2013031300100532,2013년 3월 13일 21시,수요일,경상남도 김해시 외동,중상사고,0,1,0,0,차대사람 - 기타,안전운전불이행,건조,맑음,단일로 - 기타,승용,남,60세,상해없음,보행자,남,34세,중상
2013031400100015,2013년 3월 14일 00시,목요일,경상남도 김해시 어방동,경상사고,0,0,1,0,차대사람 - 횡단중,안전운전불이행,습기,흐림,단일로 - 기타,승용,남,22세,상해없음,보행자,여,20세,경상
2013031400100016,2013년 3월 14일 00시,목요일,경상남도 양산시 동면,경상사고,0,0,1,0,차대차 - 측면직각충돌,안전운전불이행,건조,맑음,교차로 - 교차로부근,승용,남,46세,상해없음,이륜,남,28세,경상
2013031400100054,2013년 3월 14일 02시,목요일,경상남도 진주시 칠암동,부상신고사고,0,0,0,1,차량단독 - 전도전복,안전운전불이행,건조,맑음,단일로 - 기타,승용,남,39세,부상신고,,,,
2013031400100055,2013년 3월 14일 02시,목요일,경상남도 거제시 고현동,경상사고,0,0,2,0,차대차 - 측면직각충돌,교차로운행방법위반,습기,흐림,교차로 - 교차로안,승용,남,40세,상해없음,승용,남,39세,상해없음
2013031400100056,2013년 3월 14일 02시,목요일,경상남도 거제시 고현동,중상사고,0,1,0,0,차대사람 - 기타,안전운전불이행,건조,맑음,기타 - 기타,승용,남,47세,상해없음,보행자,남,39세,중상
2013031400100099,2013년 3월 14일 06시,목요일,경상남도 남해군 창선면,사망사고,1,0,0,0,차량단독 - 도로외이탈 - 추락,안전운전불이행,건조,맑음,단일로 - 기타,원동기,남,67세,사망,,,,
2013031400100118,2013년 3월 14일 07시,목요일,경상남도 창원시 진해구 풍호동,경상사고,0,0,1,0,차대차 - 측면직각충돌,안전운전불이행,건조,맑음,단일로 - 기타,승합,남,63세,상해없음,승용,남,35세,경상
2013031400100158,2013년 3월 14일 08시,목요일,경상남도 창원시 진해구 마천동,중상사고,0,1,0,0,차대차 - 측면직각충돌,안전운전불이행,건조,맑음,교차로 - 교차로안,화물,남,75세,상해없음,승용,여,39세,상해없음
2013031400100159,2013년 3월 14일 08시,목요일,경상남도 양산시 삼호동,경상사고,0,0,2,0,차대차 - 측면직각충돌,교차로운행방법위반,건조,맑음,교차로 - 교차로안,승용,여,30세,상해없음,승용,남,27세,경상
2013031400100198,2013년 3월 14일 10시,목요일,경상남도 하동군 진교면,중상사고,0,1,0,0,차대차 - 정면충돌,중앙선침범,건조,맑음,단일로 - 기타,승용,남,65세,상해없음,승용,남,53세,중상
2013031400100199,2013년 3월 14일 10시,목요일,경상남도 창원시 마산회원구 내서읍,경상사고,0,0,1,0,차대차 - 추돌 - 진행중,안전운전불이행,건조,맑음,교차로 - 교차로부근,승용,남,49세,상해없음,승용,남,47세,경상
2013031400100200,2013년 3월 14일 10시,목요일,경상남도 김해시 한림면,중상사고,0,2,4,0,차대차 - 추돌 - 주정차중,안전운전불이행,건조,맑음,단일로 - 기타,화물,남,37세,상해없음,화물,남,41세,경상
2013031400100224,2013년 3월 14일 11시,목요일,경상남도 창녕군 창녕읍,중상사고,0,2,0,0,차대차 - 기타,교차로운행방법위반,건조,맑음,교차로 - 교차로안,화물,남,33세,상해없음,이륜,남,66세,중상
2013031400100248,2013년 3월 14일 12시,목요일,경상남도 사천시 송포동,경상사고,0,0,1,0,차대차 - 측면직각충돌,안전운전불이행,건조,맑음,교차로 - 교차로안,승합,여,48세,상해없음,승용,여,41세,경상
2013031400100271,2013년 3월 14일 13시,목요일,경상남도 진주시 상대동,중상사고,0,1,5,0,차대차 - 기타,안전거리미확보,건조,맑음,단일로 - 기타,화물,남,20세,경상,승용,남,50세,경상
2013031400100272,2013년 3월 14일 13시,목요일,경상남도 고성군 고성읍,경상사고,0,0,1,0,차대차 - 추돌 - 진행중,안전운전불이행,건조,맑음,교차로 - 교차로부근,화물,여,49세,상해없음,승용,여,44세,경상
2013031400100273,2013년 3월 14일 13시,목요일,경상남도 김해시 풍유동,중상사고,0,1,0,0,차대차 - 추돌 - 주정차중,안전운전불이행,건조,맑음,교차로 - 교차로부근,화물,남,58세,상해없음,승용,여,47세,중상
2013031400100321,2013년 3월 14일 15시,목요일,경상남도 진주시 상대동,중상사고,0,1,1,0,차대차 - 측면직각충돌,직진우회전진행방해,건조,맑음,교차로 - 교차로안,승용,남,49세,상해없음,이륜,남,70세,경상
2013031400100346,2013년 3월 14일 16시,목요일,경상남도 김해시 어방동,경상사고,0,0,1,0,차대사람 - 횡단중,보행자보호의무위반,건조,맑음,단일로 - 기타,승용,남,31세,상해없음,보행자,여,38세,경상
2013031400100347,2013년 3월 14일 16시,목요일,경상남도 창원시 의창구 동읍,중상사고,0,1,0,0,차대사람 - 길가장자리구역통행중,안전운전불이행,건조,맑음,단일로 - 기타,이륜,남,46세,상해없음,보행자,여,30세,중상
2013031400100380,2013년 3월 14일 17시,목요일,경상남도 창원시 진해구 안골동,경상사고,0,0,1,0,차대차 - 측면직각충돌,안전운전불이행,건조,맑음,단일로 - 기타,화물,남,60세,상해없음,화물,남,38세,경상
2013031400100381,2013년 3월 14일 17시,목요일,경상남도 거제시 아주동,부상신고사고,0,0,0,1,차대차 - 기타,안전운전불이행,건조,맑음,단일로 - 터널,승용,남,38세,상해없음,승용,남,44세,부상신고
2013031400100382,2013년 3월 14일 17시,목요일,경상남도 창원시 성산구 중앙동,경상사고,0,0,1,0,차대차 - 추돌 - 진행중,직진우회전진행방해,건조,맑음,교차로 - 교차로안,승합,남,56세,상해없음,승용,남,57세,경상
2013031400100383,2013년 3월 14일 17시,목요일,경상남도 창원시 의창구 봉곡동,중상사고,0,1,0,0,차대사람 - 기타,기타,건조,맑음,교차로 - 교차로부근,화물,남,51세,상해없음,보행자,여,12세,중상
2013031400100384,2013년 3월 14일 17시,목요일,경상남도 김해시 주촌면,중상사고,0,1,2,0,차대차 - 기타,안전운전불이행,건조,맑음,단일로 - 기타,화물,남,60세,상해없음,승용,남,41세,중상
2013031400100414,2013년 3월 14일 18시,목요일,경상남도 양산시 삼호동,경상사고,0,0,1,0,차대사람 - 횡단중,보행자보호의무위반,건조,맑음,교차로 - 교차로안,승용,남,29세,상해없음,보행자,남,55세,경상
2013031400100415,2013년 3월 14일 18시,목요일,경상남도 양산시 북부동,경상사고,0,0,1,0,차량단독 - 기타,기타,건조,맑음,단일로 - 기타,승합,남,44세,상해없음,,,,
2013031400100452,2013년 3월 14일 19시,목요일,경상남도 통영시 도천동,경상사고,0,0,2,0,차대차 - 추돌 - 주정차중,안전운전불이행,건조,맑음,단일로 - 기타,화물,남,37세,경상,승합,남,58세,경상
2013031400100453,2013년 3월 14일 19시,목요일,경상남도 밀양시 내이동,경상사고,0,0,1,0,차대차 - 측면직각충돌,교차로운행방법위반,건조,맑음,교차로 - 교차로부근,승용,여,51세,상해없음,승용,남,21세,경상
2013031400100454,2013년 3월 14일 19시,목요일,경상남도 거제시 고현동,중상사고,0,1,0,0,차대차 - 기타,안전운전불이행,건조,맑음,단일로 - 기타,승용,남,51세,상해없음,화물,남,24세,상해없음
2013031400100455,2013년 3월 14일 19시,목요일,경상남도 남해군 창선면,경상사고,0,0,2,0,차대차 - 정면충돌,중앙선침범,건조,맑음,기타 - 기타,화물,남,70세,상해없음,승용,여,45세,경상
2013031400100456,2013년 3월 14일 19시,목요일,경상남도 창원시 의창구 팔용동,경상사고,0,0,1,0,차대차 - 기타,기타,건조,맑음,교차로 - 교차로부근,승용,남,41세,상해없음,이륜,남,33세,경상
2013031400100488,2013년 3월 14일 20시,목요일,경상남도 고성군 고성읍,경상사고,0,0,1,0,차대차 - 기타,안전운전불이행,건조,맑음,교차로 - 교차로안,승용,기타불명,기타불명,기타불명,원동기,남,16세,경상
2013031400100489,2013년 3월 14일 20시,목요일,경상남도 창원시 성산구 남산동,중상사고,0,1,0,0,차대차 - 정면충돌,신호위반,건조,맑음,교차로 - 교차로안,승용,남,58세,상해없음,승용,남,37세,중상
2013031400100522,2013년 3월 14일 21시,목요일,경상남도 진주시 하대동,경상사고,0,0,1,0,차대사람 - 차도통행중,교차로운행방법위반,건조,맑음,교차로 - 교차로안,승용,남,51세,상해없음,보행자,여,27세,경상
2013031400100547,2013년 3월 14일 22시,목요일,경상남도 창원시 마산합포구 자산동,경상사고,0,0,2,0,차대차 - 기타,불법유턴,건조,맑음,단일로 - 기타,화물,남,31세,상해없음,승용,여,39세,경상
2013031400100578,2013년 3월 14일 23시,목요일,경상남도 통영시 북신동,경상사고,0,0,3,0,차대차 - 측면직각충돌,신호위반,건조,맑음,교차로 - 교차로안,화물,남,27세,상해없음,승용,남,54세,경상
2013031400100579,2013년 3월 14일 23시,목요일,경상남도 거제시 아주동,중상사고,0,1,0,0,차대사람 - 기타,안전운전불이행,건조,맑음,단일로 - 기타,승용,남,48세,상해없음,보행자,남,35세,중상
2013031500100009,2013년 3월 15일 00시,금요일,경상남도 창원시 마산회원구 내서읍,부상신고사고,0,0,0,1,차대차 - 추돌 - 주정차중,안전운전불이행,건조,기타,단일로 - 기타,원동기,남,16세,부상신고,승용,남,26세,상해없음
2013031500100036,2013년 3월 15일 02시,금요일,경상남도 창원시 의창구 팔용동,중상사고,0,2,0,0,차대차 - 추돌 - 진행중,안전운전불이행,건조,맑음,교차로 - 교차로부근,승용,남,52세,상해없음,화물,남,33세,중상
2013031500100074,2013년 3월 15일 06시,금요일,경상남도 거제시 고현동,중상사고,0,1,0,0,차대사람 - 기타,안전운전불이행,건조,맑음,교차로 - 교차로안,승용,남,64세,상해없음,보행자,남,40세,중상
2013031500100140,2013년 3월 15일 08시,금요일,경상남도 창원시 진해구 이동,경상사고,0,0,2,0,차대차 - 측면직각충돌,교차로운행방법위반,건조,맑음,교차로 - 교차로안,승용,여,54세,경상,승용,남,47세,경상
2013031500100141,2013년 3월 15일 08시,금요일,경상남도 창원시 진해구 자은동,경상사고,0,0,1,0,차대차 - 측면직각충돌,교차로운행방법위반,건조,맑음,교차로 - 교차로안,승용,기타불명,기타불명,기타불명,승용,여,40세,경상
2013031500100142,2013년 3월 15일 08시,금요일,경상남도 창원시 진해구 이동,경상사고,0,0,2,0,차대차 - 측면직각충돌,안전운전불이행,건조,맑음,교차로 - 교차로안,승용,여,33세,경상,승용,남,53세,경상
2013031500100143,2013년 3월 15일 08시,금요일,경상남도 밀양시 삼문동,중상사고,0,1,0,0,차대차 - 측면직각충돌,안전운전불이행,건조,맑음,교차로 - 교차로안,화물,남,54세,상해없음,자전거,남,59세,중상
2013031500100144,2013년 3월 15일 08시,금요일,경상남도 양산시 동면,중상사고,0,1,0,0,차대차 - 측면직각충돌,신호위반,건조,맑음,교차로 - 교차로안,화물,남,51세,상해없음,승용,여,52세,중상
2013031500100145,2013년 3월 15일 08시,금요일,경상남도 남해군 남해읍,경상사고,0,0,1,0,차대차 - 추돌 - 진행중,안전운전불이행,건조,맑음,기타 - 기타,화물,남,58세,상해없음,승용,남,65세,상해없음
2013031500100146,2013년 3월 15일 08시,금요일,경상남도 함안군 가야읍,경상사고,0,0,1,0,차대사람 - 횡단중,안전운전불이행,건조,맑음,교차로 - 교차로안,승용,남,25세,상해없음,보행자,여,12세,경상
2013031500100147,2013년 3월 15일 08시,금요일,경상남도 창원시 성산구 대방동,중상사고,0,1,4,0,차대차 - 정면충돌,중앙선침범,건조,맑음,교차로 - 교차로부근,승용,남,51세,상해없음,승합,여,52세,중상
2013031500100148,2013년 3월 15일 08시,금요일,경상남도 창원시 의창구 대산면,중상사고,0,1,0,0,차대사람 - 횡단중,안전운전불이행,건조,맑음,교차로 - 교차로부근,승용,남,30세,상해없음,보행자,남,8세,중상
2013031500100149,2013년 3월 15일 08시,금요일,경상남도 김해시 장유면,중상사고,0,1,0,0,차대차 - 기타,교차로운행방법위반,건조,맑음,교차로 - 교차로안,승용,남,44세,상해없음,이륜,남,73세,중상
2013031500100185,2013년 3월 15일 09시,금요일,경상남도 사천시 사천읍,중상사고,0,1,0,0,차대차 - 기타,안전운전불이행,건조,맑음,단일로 - 기타,승용,남,57세,상해없음,승합,남,41세,중상
2013031500100186,2013년 3월 15일 09시,금요일,경상남도 김해시 부원동,경상사고,0,0,1,0,차대사람 - 길가장자리구역통행중,안전운전불이행,건조,맑음,단일로 - 기타,승용,남,51세,상해없음,보행자,여,70세,경상
2013031500100187,2013년 3월 15일 09시,금요일,경상남도 김해시 안동,중상사고,0,2,1,0,차대차 - 측면직각충돌,직진우회전진행방해,건조,맑음,교차로 - 교차로안,승용,남,35세,경상,승용,남,49세,중상
2013031500100205,2013년 3월 15일 10시,금요일,경상남도 김해시 삼정동,중상사고,0,1,0,0,차대차 - 추돌 - 주정차중,안전운전불이행,건조,맑음,단일로 - 기타,승용,남,52세,상해없음,승용,남,39세,중상