사고번호,사고일시,요일,시군구,사고내용,사망자수,중상자수,경상자수,부상신고자수,사고유형,법규위반,노면상태,기상상태,도로형태,가해운전자 차종,가해운전자 성별,가해운전자 연령,가해운전자 상해정도,피해운전자 차종,피해운전자 성별,피해운전자 연령,피해운전자 상해정도
2013031500100223,2013년 3월 15일 11시,금요일,경상남도 진주시 평거동,중상사고,0,2,0,0,차대차 - 측면직각충돌,신호위반,건조,맑음,교차로 - 교차로안,건설기계,남,58세,상해없음,승용,남,52세,중상
2013031500100242,2013년 3월 15일 12시,금요일,경상남도 김해시 부원동,경상사고,0,0,1,0,차대사람 - 기타,안전운전불이행,건조,맑음,단일로 - 기타,승용,남,36세,상해없음,보행자,남,49세,경상
2013031500100243,2013년 3월 15일 12시,금요일,경상남도 합천군 가야면,중상사고,0,1,0,0,차대차 - 추돌 - 주정차중,안전운전불이행,건조,맑음,단일로 - 기타,화물,남,43세,상해없음,화물,남,42세,중상
2013031500100263,2013년 3월 15일 13시,금요일,경상남도 밀양시 내이동,경상사고,0,0,1,0,차대사람 - 길가장자리구역통행중,안전운전불이행,건조,맑음,교차로 - 교차로안,원동기,남,77세,상해없음,보행자,남,55세,경상
2013031500100264,2013년 3월 15일 13시,금요일,경상남도 창원시 의창구 동읍,경상사고,0,0,2,0,차대차 - 추돌 - 주정차중,안전거리미확보,건조,맑음,단일로 - 기타,화물,남,57세,상해없음,승용,남,45세,경상
2013031500100301,2013년 3월 15일 14시,금요일,경상남도 양산시 명곡동,중상사고,0,1,0,0,차대차 - 측면직각충돌,중앙선침범,건조,맑음,단일로 - 기타,승용,여,47세,상해없음,화물,남,37세,중상
2013031500100302,2013년 3월 15일 14시,금요일,경상남도 거제시 고현동,중상사고,0,1,0,0,차대사람 - 기타,보행자보호의무위반,건조,맑음,단일로 - 기타,화물,남,40세,상해없음,보행자,여,73세,중상
2013031500100329,2013년 3월 15일 15시,금요일,경상남도 진주시 상봉동,중상사고,0,1,0,0,차대차 - 추돌 - 주정차중,안전운전불이행,건조,맑음,교차로 - 교차로안,화물,여,49세,상해없음,화물,남,43세,중상
2013031500100330,2013년 3월 15일 15시,금요일,경상남도 양산시 평산동,중상사고,0,1,0,0,차대사람 - 횡단중,안전운전불이행,건조,맑음,단일로 - 기타,승용,여,25세,상해없음,보행자,남,10세,중상
2013031500100367,2013년 3월 15일 16시,금요일,경상남도 고성군 고성읍,경상사고,0,0,1,0,차대차 - 측면직각충돌,직진우회전진행방해,건조,맑음,교차로 - 교차로안,승용,여,58세,상해없음,승용,남,54세,경상
2013031500100392,2013년 3월 15일 17시,금요일,경상남도 거창군 거창읍,중상사고,0,1,0,0,차대사람 - 횡단중,안전운전불이행,건조,맑음,단일로 - 기타,화물,남,60세,상해없음,보행자,남,11세,중상
2013031500100393,2013년 3월 15일 17시,금요일,경상남도 양산시 주남동,중상사고,0,1,1,0,차대차 - 측면직각충돌,신호위반,건조,맑음,교차로 - 교차로안,승용,남,40세,상해없음,승용,여,51세,중상
2013031500100394,2013년 3월 15일 17시,금요일,경상남도 김해시 진영읍,부상신고사고,0,0,0,1,차량단독 - 기타,안전운전불이행,건조,맑음,교차로 - 교차로부근,화물,남,31세,부상신고,,,,
2013031500100456,2013년 3월 15일 19시,금요일,경상남도 밀양시 초동면,사망사고,1,0,0,0,차대사람 - 횡단중,안전운전불이행,건조,맑음,단일로 - 기타,승용,남,47세,상해없음,보행자,남,79세,사망
2013031500100457,2013년 3월 15일 19시,금요일,경상남도 함안군 산인면,경상사고,0,0,3,0,차대차 - 측면직각충돌,안전거리미확보,건조,맑음,단일로 - 터널,건설기계,기타불명,기타불명,기타불명,승용,남,43세,경상
2013031500100564,2013년 3월 15일 22시,금요일,경상남도 하동군 적량면,중상사고,0,1,0,0,차대사람 - 횡단중,안전운전불이행,건조,맑음,교차로 - 교차로부근,승용,여,51세,상해없음,보행자,여,71세,중상
2013031600100041,2013년 3월 16일 01시,토요일,경상남도 김해시 구산동,중상사고,0,1,1,0,차대차 - 측면직각충돌,안전거리미확보,건조,맑음,단일로 - 기타,승용,남,40세,상해없음,승용,남,57세,상해없음
2013031600100042,2013년 3월 16일 01시,토요일,경상남도 김해시 풍유동,중상사고,0,1,3,0,차대차 - 추돌 - 주정차중,안전운전불이행,건조,맑음,교차로 - 교차로부근,승용,남,37세,상해없음,승용,여,27세,경상
2013031600100095,2013년 3월 16일 05시,토요일,경상남도 거제시 아주동,중상사고,0,1,0,0,차대사람 - 기타,안전운전불이행,건조,맑음,단일로 - 기타,승용,남,54세,상해없음,보행자,남,53세,중상
2013031600100136,2013년 3월 16일 08시,토요일,경상남도 사천시 사남면,중상사고,0,1,0,0,차대사람 - 차도통행중,안전운전불이행,건조,맑음,단일로 - 기타,화물,남,56세,상해없음,보행자,여,70세,중상
2013031600100137,2013년 3월 16일 08시,토요일,경상남도 김해시 풍유동,사망사고,1,0,0,0,차대사람 - 기타,안전운전불이행,건조,맑음,단일로 - 기타,화물,남,38세,상해없음,보행자,남,45세,사망
2013031600100172,2013년 3월 16일 10시,토요일,경상남도 창원시 마산합포구 두월동1가,경상사고,0,0,3,0,차대차 - 측면직각충돌,기타,건조,맑음,교차로 - 교차로안,승용,남,73세,경상,승용,남,39세,경상
2013031600100173,2013년 3월 16일 10시,토요일,경상남도 함양군 함양읍,부상신고사고,0,0,0,1,차대차 - 측면직각충돌,안전운전불이행,건조,맑음,교차로 - 교차로안,자전거,남,11세,부상신고,특수,남,33세,상해없음
2013031600100180,2013년 3월 16일 11시,토요일,경상남도 김해시 대동면,중상사고,0,1,0,0,차대차 - 기타,안전운전불이행,건조,맑음,단일로 - 기타,화물,남,60세,상해없음,승용,여,50세,중상
2013031600100186,2013년 3월 16일 11시,토요일,경상남도 밀양시 무안면,경상사고,0,0,1,0,차대차 - 추돌 - 주정차중,안전운전불이행,건조,맑음,단일로 - 기타,화물,남,44세,상해없음,화물,남,47세,경상
2013031600100187,2013년 3월 16일 11시,토요일,경상남도 김해시 대성동,중상사고,0,1,0,0,차대사람 - 횡단중,안전운전불이행,건조,맑음,교차로 - 교차로안,승용,여,32세,상해없음,보행자,여,71세,중상
2013031600100188,2013년 3월 16일 11시,토요일,경상남도 양산시 동면,중상사고,0,2,0,0,차대차 - 측면직각충돌,중앙선침범,건조,맑음,교차로 - 교차로부근,건설기계,남,56세,중상,화물,남,50세,중상
2013031600100189,2013년 3월 16일 11시,토요일,경상남도 양산시 북부동,중상사고,0,1,0,0,차대사람 - 횡단중,보행자보호의무위반,건조,맑음,단일로 - 횡단보도상,승용,남,46세,상해없음,보행자,남,77세,중상
2013031600100190,2013년 3월 16일 11시,토요일,경상남도 고성군 고성읍,경상사고,0,0,1,0,차대차 - 측면직각충돌,안전운전불이행,건조,맑음,단일로 - 기타,이륜,남,17세,상해없음,승용,남,43세,상해없음
2013031600100214,2013년 3월 16일 12시,토요일,경상남도 창원시 진해구 석동,경상사고,0,0,1,0,차대사람 - 기타,안전운전불이행,건조,맑음,단일로 - 기타,승용,남,40세,상해없음,보행자,여,60세,경상
2013031600100233,2013년 3월 16일 13시,토요일,경상남도 통영시 정량동,경상사고,0,0,1,0,차대사람 - 횡단중,보행자보호의무위반,건조,맑음,단일로 - 기타,화물,남,60세,상해없음,보행자,여,27세,경상
2013031600100234,2013년 3월 16일 13시,토요일,경상남도 거제시 장평동,경상사고,0,0,1,0,차대차 - 기타,안전운전불이행,건조,맑음,교차로 - 교차로부근,승용,남,42세,상해없음,승용,여,38세,경상
2013031600100235,2013년 3월 16일 13시,토요일,경상남도 창원시 의창구 북면,경상사고,0,0,1,0,차대차 - 추돌 - 진행중,중앙선침범,건조,맑음,단일로 - 기타,승용,남,45세,상해없음,특수,남,56세,경상
2013031600100236,2013년 3월 16일 13시,토요일,경상남도 창원시 의창구 팔용동,중상사고,0,1,0,0,차대사람 - 기타,안전운전불이행,건조,맑음,교차로 - 교차로안,승합,남,52세,상해없음,보행자,여,67세,중상
2013031600100261,2013년 3월 16일 14시,토요일,경상남도 사천시 벌리동,경상사고,0,0,1,0,차대사람 - 횡단중,보행자보호의무위반,건조,맑음,단일로 - 횡단보도상,승용,여,34세,상해없음,보행자,여,12세,경상
2013031600100262,2013년 3월 16일 14시,토요일,경상남도 거제시 장승포동,경상사고,0,0,1,0,차대사람 - 기타,안전운전불이행,건조,맑음,단일로 - 기타,승용,남,48세,상해없음,보행자,남,4세,경상
2013031600100263,2013년 3월 16일 14시,토요일,경상남도 함안군 군북면,중상사고,0,2,4,0,차대차 - 추돌 - 진행중,안전운전불이행,건조,맑음,단일로 - 기타,승용,남,46세,중상,승용,남,33세,상해없음
2013031600100314,2013년 3월 16일 16시,토요일,경상남도 통영시 북신동,경상사고,0,0,1,0,차대사람 - 길가장자리구역통행중,안전운전불이행,건조,맑음,단일로 - 기타,승용,남,52세,상해없음,보행자,여,12세,경상
2013031600100315,2013년 3월 16일 16시,토요일,경상남도 함양군 함양읍,중상사고,0,1,0,0,차대차 - 측면직각충돌,안전운전불이행,건조,맑음,교차로 - 교차로안,승용,여,55세,상해없음,이륜,남,82세,중상
2013031600100359,2013년 3월 16일 17시,토요일,경상남도 밀양시 내이동,중상사고,0,1,1,0,차대차 - 추돌 - 진행중,안전운전불이행,건조,맑음,교차로 - 교차로부근,승용,남,31세,상해없음,승용,남,64세,경상
2013031600100360,2013년 3월 16일 17시,토요일,경상남도 거제시 동부면,부상신고사고,0,0,0,1,차대차 - 기타,안전운전불이행,건조,맑음,단일로 - 기타,승용,남,38세,상해없음,승합,남,57세,상해없음
2013031600100395,2013년 3월 16일 18시,토요일,경상남도 거제시 고현동,경상사고,0,0,2,0,차대차 - 기타,중앙선침범,건조,맑음,단일로 - 기타,승용,남,46세,상해없음,승합,남,34세,경상
2013031600100432,2013년 3월 16일 19시,토요일,경상남도 창원시 진해구 석동,중상사고,0,1,0,0,차량단독 - 공작물충돌,안전운전불이행,건조,맑음,단일로 - 터널,승용,남,18세,기타불명,,,,
2013031600100433,2013년 3월 16일 19시,토요일,경상남도 함양군 함양읍,중상사고,0,1,1,1,차대차 - 측면직각충돌,교차로운행방법위반,건조,맑음,교차로 - 교차로안,화물,남,26세,부상신고,승용,여,31세,경상
2013031600100434,2013년 3월 16일 19시,토요일,경상남도 거제시 동부면,중상사고,0,1,0,0,차대사람 - 기타,안전운전불이행,건조,맑음,단일로 - 기타,승용,남,29세,상해없음,보행자,여,10세,중상
2013031600100435,2013년 3월 16일 19시,토요일,경상남도 김해시 장유면,중상사고,0,4,0,0,차대차 - 측면직각충돌,신호위반,건조,맑음,교차로 - 교차로안,승용,남,31세,상해없음,승용,남,33세,중상
2013031600100471,2013년 3월 16일 20시,토요일,경상남도 양산시 평산동,경상사고,0,0,1,0,차대차 - 기타,중앙선침범,건조,맑음,교차로 - 교차로부근,원동기,남,33세,기타불명,원동기,여,45세,경상
2013031600100499,2013년 3월 16일 21시,토요일,경상남도 양산시 평산동,중상사고,0,2,0,0,차대차 - 기타,안전운전불이행,건조,맑음,교차로 - 교차로부근,화물,남,44세,상해없음,승용,여,43세,중상
2013031600100500,2013년 3월 16일 21시,토요일,경상남도 거제시 일운면,중상사고,0,1,0,0,차대차 - 기타,안전운전불이행,건조,맑음,단일로 - 기타,승용,남,50세,상해없음,승용,남,39세,중상
2013031600100501,2013년 3월 16일 21시,토요일,경상남도 창원시 의창구 팔용동,경상사고,0,0,1,0,차대차 - 추돌 - 주정차중,안전거리미확보,건조,맑음,교차로 - 교차로부근,승용,남,61세,상해없음,승용,여,32세,상해없음
2013031600100538,2013년 3월 16일 22시,토요일,경상남도 김해시 어방동,중상사고,0,1,1,0,차대차 - 측면직각충돌,신호위반,건조,맑음,교차로 - 교차로안,승용,남,20세,상해없음,승용,남,40세,경상
2013031600100539,2013년 3월 16일 22시,토요일,경상남도 김해시 진영읍,중상사고,0,1,1,0,차대사람 - 기타,보행자보호의무위반,건조,맑음,교차로 - 교차로부근,이륜,남,19세,중상,보행자,남,28세,경상
2013031600100570,2013년 3월 16일 23시,토요일,경상남도 양산시 용당동,경상사고,0,0,2,0,차대차 - 추돌 - 진행중,안전운전불이행,건조,맑음,단일로 - 기타,기타불명,기타불명,기타불명,기타불명,승용,여,40세,경상
2013031700100022,2013년 3월 17일 00시,일요일,경상남도 창원시 마산합포구 자산동,중상사고,0,1,0,0,차대사람 - 횡단중,신호위반,건조,맑음,단일로 - 횡단보도상,승용,남,54세,상해없음,보행자,여,38세,중상
2013031700100044,2013년 3월 17일 01시,일요일,경상남도 밀양시 초동면,사망사고,1,0,0,0,차량단독 - 공작물충돌,안전운전불이행,건조,맑음,단일로 - 기타,승용,남,43세,사망,,,,
2013031700100045,2013년 3월 17일 01시,일요일,경상남도 창원시 마산회원구 구암동,경상사고,0,0,1,0,차대사람 - 기타,안전운전불이행,건조,맑음,단일로 - 기타,기타불명,기타불명,기타불명,기타불명,보행자,여,38세,경상
2013031700100080,2013년 3월 17일 03시,일요일,경상남도 거제시 사등면,경상사고,0,0,1,0,차대차 - 측면직각충돌,안전운전불이행,건조,맑음,단일로 - 기타,승용,남,21세,상해없음,승용,남,53세,경상
2013031700100122,2013년 3월 17일 07시,일요일,경상남도 창원시 의창구 팔용동,경상사고,0,0,1,0,차대차 - 추돌 - 진행중,안전운전불이행,건조,맑음,단일로 - 기타,승용,남,29세,상해없음,승용,남,31세,경상
2013031700100135,2013년 3월 17일 08시,일요일,경상남도 합천군 대양면,경상사고,0,0,1,0,차대차 - 정면충돌,중앙선침범,건조,맑음,단일로 - 기타,화물,남,58세,상해없음,승용,남,62세,경상
2013031700100136,2013년 3월 17일 08시,일요일,경상남도 산청군 생초면,중상사고,0,1,0,0,차량단독 - 도로외이탈 - 추락,안전운전불이행,건조,맑음,단일로 - 기타,승용,여,26세,중상,,,,
2013031700100198,2013년 3월 17일 12시,일요일,경상남도 김해시 대동면,중상사고,0,1,1,0,차대차 - 기타,중앙선침범,건조,흐림,단일로 - 횡단보도상,승용,여,56세,상해없음,원동기,남,14세,경상
2013031700100199,2013년 3월 17일 12시,일요일,경상남도 거제시 상동동,경상사고,0,0,3,0,차대차 - 추돌 - 진행중,안전운전불이행,건조,맑음,교차로 - 교차로안,승용,남,26세,상해없음,승합,남,45세,상해없음
2013031700100217,2013년 3월 17일 13시,일요일,경상남도 양산시 원동면,중상사고,0,1,0,0,차대사람 - 기타,안전운전불이행,건조,맑음,단일로 - 기타,자전거,남,61세,상해없음,보행자,여,72세,중상
2013031700100244,2013년 3월 17일 14시,일요일,경상남도 사천시 서동,경상사고,0,0,1,0,차대사람 - 차도통행중,안전운전불이행,건조,맑음,단일로 - 기타,승합,남,59세,상해없음,보행자,남,56세,경상
2013031700100245,2013년 3월 17일 14시,일요일,경상남도 김해시 서상동,경상사고,0,0,1,0,차대차 - 측면직각충돌,교차로운행방법위반,건조,흐림,교차로 - 교차로안,승용,남,48세,상해없음,승용,남,55세,경상
2013031700100246,2013년 3월 17일 14시,일요일,경상남도 창원시 성산구 사파동,중상사고,0,1,0,0,차대차 - 기타,안전운전불이행,건조,맑음,단일로 - 기타,승용,남,44세,상해없음,승용,남,57세,상해없음
2013031700100265,2013년 3월 17일 15시,일요일,경상남도 거창군 거창읍,중상사고,0,2,1,0,차대차 - 측면직각충돌,교차로운행방법위반,건조,맑음,교차로 - 교차로안,승용,남,44세,상해없음,승용,남,50세,경상
2013031700100266,2013년 3월 17일 15시,일요일,경상남도 거제시 일운면,경상사고,0,0,1,0,차대차 - 측면직각충돌,안전운전불이행,건조,맑음,단일로 - 기타,승용,남,39세,상해없음,승용,여,52세,경상
2013031700100267,2013년 3월 17일 15시,일요일,경상남도 창원시 의창구 대산면,중상사고,0,1,0,0,차대차 - 추돌 - 주정차중,안전운전불이행,건조,맑음,단일로 - 기타,화물,남,56세,상해없음,화물,남,40세,중상
2013031700100286,2013년 3월 17일 16시,일요일,경상남도 창원시 마산합포구 가포동,사망사고,1,0,0,1,차량단독 - 도로외이탈 - 추락,안전운전불이행,건조,맑음,단일로 - 기타,승용,남,40세,부상신고,,,,
2013031700100287,2013년 3월 17일 16시,일요일,경상남도 김해시 생림면,중상사고,0,1,2,0,차대차 - 기타,교차로운행방법위반,건조,흐림,교차로 - 교차로안,승용,여,50세,경상,승용,남,51세,중상
2013031700100315,2013년 3월 17일 17시,일요일,경상남도 창원시 진해구 용원동,중상사고,0,2,1,0,차대차 - 기타,중앙선침범,습기,흐림,단일로 - 기타,화물,남,33세,상해없음,승용,남,52세,중상
2013031700100316,2013년 3월 17일 17시,일요일,경상남도 의령군 정곡면,중상사고,0,1,3,0,차대차 - 측면직각충돌,신호위반,건조,맑음,교차로 - 교차로안,승합,남,31세,상해없음,승용,남,44세,경상
2013031700100328,2013년 3월 17일 18시,일요일,경상남도 김해시 장유면,중상사고,0,1,0,0,차대사람 - 기타,안전운전불이행,건조,맑음,기타 - 기타,승합,남,55세,상해없음,보행자,여,48세,중상
2013031700100350,2013년 3월 17일 18시,일요일,경상남도 사천시 용현면,경상사고,0,0,2,0,차대차 - 기타,안전운전불이행,습기,비,단일로 - 기타,승용,여,23세,상해없음,승용,남,57세,경상
2013031700100351,2013년 3월 17일 18시,일요일,경상남도 창원시 의창구 소계동,중상사고,0,1,0,0,차대차 - 기타,중앙선침범,건조,맑음,단일로 - 기타,승용,남,48세,상해없음,승용,남,41세,상해없음
2013031700100399,2013년 3월 17일 19시,일요일,경상남도 창녕군 창녕읍,중상사고,0,1,0,0,차대차 - 추돌 - 주정차중,안전운전불이행,습기,비,단일로 - 기타,승용,남,57세,중상,화물,기타불명,기타불명,기타불명
2013031700100400,2013년 3월 17일 19시,일요일,경상남도 함양군 함양읍,중상사고,0,1,0,0,차대사람 - 차도통행중,안전운전불이행,습기,비,단일로 - 기타,화물,남,35세,상해없음,보행자,남,41세,중상
2013031700100454,2013년 3월 17일 20시,일요일,경상남도 사천시 사천읍,중상사고,0,1,0,0,차대사람 - 길가장자리구역통행중,중앙선침범,습기,비,단일로 - 기타,승용,남,37세,상해없음,보행자,여,18세,중상
2013031700100455,2013년 3월 17일 20시,일요일,경상남도 밀양시 내일동,경상사고,0,0,1,0,차대사람 - 차도통행중,안전운전불이행,습기,비,교차로 - 교차로안,이륜,남,41세,상해없음,보행자,남,74세,경상
2013031700100456,2013년 3월 17일 20시,일요일,경상남도 양산시 물금읍,중상사고,0,1,0,0,차대사람 - 횡단중,보행자보호의무위반,습기,비,교차로 - 교차로안,승용,남,24세,상해없음,보행자,여,56세,중상
2013031700100509,2013년 3월 17일 21시,일요일,경상남도 양산시 덕계동,경상사고,0,0,3,0,차대차 - 추돌 - 주정차중,안전운전불이행,습기,비,교차로 - 교차로부근,승용,여,46세,상해없음,승용,남,26세,경상
2013031700100510,2013년 3월 17일 21시,일요일,경상남도 창원시 성산구 대방동,경상사고,0,0,3,0,차대차 - 측면직각충돌,신호위반,습기,비,교차로 - 교차로안,승용,남,29세,상해없음,승용,여,40세,경상
2013031700100511,2013년 3월 17일 21시,일요일,경상남도 창원시 의창구 대산면,중상사고,0,1,0,0,차대차 - 측면직각충돌,차로위반,습기,비,단일로 - 기타,승용,남,27세,상해없음,승합,남,56세,상해없음
2013031700100547,2013년 3월 17일 22시,일요일,경상남도 사천시 동금동,경상사고,0,0,1,0,차대차 - 측면직각충돌,안전운전불이행,습기,비,교차로 - 교차로부근,승용,남,41세,상해없음,승용,여,42세,경상
2013031700100580,2013년 3월 17일 23시,일요일,경상남도 진주시 평거동,경상사고,0,0,1,0,차대차 - 추돌 - 진행중,안전거리미확보,습기,비,단일로 - 기타,승용,남,24세,상해없음,원동기,남,29세,경상
2013031700100581,2013년 3월 17일 23시,일요일,경상남도 통영시 무전동,중상사고,0,2,1,0,차대차 - 측면직각충돌,직진우회전진행방해,습기,비,교차로 - 교차로안,승용,여,31세,상해없음,승용,남,43세,중상
2013031700100582,2013년 3월 17일 23시,일요일,경상남도 통영시 광도면,중상사고,0,1,0,0,차대사람 - 횡단중,보행자보호의무위반,습기,비,교차로 - 교차로부근,승용,여,51세,상해없음,보행자,남,30세,중상
2013031700100583,2013년 3월 17일 23시,일요일,경상남도 거제시 고현동,중상사고,0,1,0,0,차대사람 - 기타,안전운전불이행,습기,비,기타 - 기타,승합,남,52세,상해없음,보행자,여,30세,중상
2013031800100020,2013년 3월 18일 00시,월요일,경상남도 김해시 부원동,사망사고,1,0,0,0,차대사람 - 횡단중,안전운전불이행,습기,비,교차로 - 교차로부근,화물,남,41세,상해없음,보행자,여,70세,사망
2013031800100021,2013년 3월 18일 00시,월요일,경상남도 창원시 마산회원구 석전동,경상사고,0,0,1,0,차대차 - 추돌 - 주정차중,안전운전불이행,습기,비,단일로 - 기타,승용,남,26세,상해없음,승용,남,55세,경상
2013031800100040,2013년 3월 18일 01시,월요일,경상남도 진주시 상평동,부상신고사고,0,0,0,1,차대차 - 추돌 - 주정차중,안전운전불이행,습기,비,단일로 - 기타,승용,남,28세,부상신고,승용,남,39세,상해없음
2013031800100060,2013년 3월 18일 03시,월요일,경상남도 창원시 진해구 청안동,중상사고,0,1,0,0,차대차 - 기타,안전운전불이행,습기,비,단일로 - 기타,승용,남,29세,중상,건설기계,남,40세,기타불명
2013031800100092,2013년 3월 18일 06시,월요일,경상남도 진주시 옥봉동,중상사고,0,1,0,0,차대차 - 정면충돌,신호위반,습기,비,교차로 - 교차로안,원동기,남,66세,중상,승합,남,43세,상해없음
2013031800100093,2013년 3월 18일 06시,월요일,경상남도 의령군 의령읍,중상사고,0,1,0,0,차대사람 - 횡단중,안전운전불이행,습기,비,교차로 - 교차로부근,승용,여,50세,상해없음,보행자,여,73세,중상
2013031800100094,2013년 3월 18일 06시,월요일,경상남도 창원시 의창구 명서동,경상사고,0,0,2,0,차대차 - 추돌 - 진행중,안전운전불이행,습기,비,단일로 - 기타,승용,남,65세,상해없음,화물,남,50세,경상
2013031800100127,2013년 3월 18일 07시,월요일,경상남도 창녕군 고암면,경상사고,0,0,1,0,차대차 - 기타,중앙선침범,습기,비,교차로 - 교차로부근,승용,남,19세,상해없음,승용,남,37세,경상
2013031800100159,2013년 3월 18일 08시,월요일,경상남도 창원시 의창구 명서동,경상사고,0,0,1,0,차대차 - 기타,안전운전불이행,건조,맑음,교차로 - 교차로안,승용,남,39세,상해없음,자전거,남,20세,경상
2013031800100183,2013년 3월 18일 09시,월요일,경상남도 통영시 도천동,중상사고,0,1,2,0,차대차 - 추돌 - 진행중,안전거리미확보,건조,맑음,단일로 - 기타,승용,여,36세,상해없음,승용,남,47세,경상
2013031800100184,2013년 3월 18일 09시,월요일,경상남도 창원시 의창구 소답동,중상사고,0,1,0,0,차대차 - 기타,안전운전불이행,건조,맑음,단일로 - 기타,승용,여,54세,상해없음,승용,남,26세,중상
2013031800100209,2013년 3월 18일 10시,월요일,경상남도 진주시 상봉동,중상사고,0,1,0,0,차대차 - 측면직각충돌,직진우회전진행방해,건조,맑음,교차로 - 교차로안,승용,남,52세,상해없음,이륜,남,46세,중상
2013031800100210,2013년 3월 18일 10시,월요일,경상남도 통영시 항남동,중상사고,0,1,0,0,차량단독 - 기타,안전운전불이행,건조,맑음,교차로 - 교차로부근,승합,남,47세,상해없음,,,,
2013031800100211,2013년 3월 18일 10시,월요일,경상남도 김해시 구산동,중상사고,0,2,0,0,차대차 - 추돌 - 진행중,교차로운행방법위반,건조,맑음,단일로 - 기타,승용,남,56세,상해없음,화물,남,55세,중상
2013031800100212,2013년 3월 18일 10시,월요일,경상남도 합천군 합천읍,경상사고,0,0,1,0,차량단독 - 공작물충돌,안전운전불이행,건조,맑음,단일로 - 기타,화물,남,68세,경상,,,,
2013031800100213,2013년 3월 18일 10시,월요일,경상남도 창원시 성산구 남산동,경상사고,0,0,2,0,차대차 - 측면직각충돌,직진우회전진행방해,건조,맑음,교차로 - 교차로안,승합,남,26세,상해없음,승용,남,54세,상해없음
2013031800100261,2013년 3월 18일 12시,월요일,경상남도 양산시 덕계동,부상신고사고,0,0,0,1,차대차 - 측면직각충돌,직진우회전진행방해,건조,맑음,교차로 - 교차로안,승용,남,59세,상해없음,승용,남,52세,부상신고
2013031800100291,2013년 3월 18일 13시,월요일,경상남도 김해시 구산동,경상사고,0,0,1,0,차대차 - 측면직각충돌,중앙선침범,건조,맑음,단일로 - 기타,건설기계,남,54세,상해없음,승용,여,41세,경상
2013031800100292,2013년 3월 18일 13시,월요일,경상남도 합천군 삼가면,경상사고,0,0,2,0,차대차 - 측면직각충돌,교차로운행방법위반,건조,맑음,교차로 - 교차로안,승용,남,33세,상해없음,승용,남,60세,경상
2013031800100353,2013년 3월 18일 15시,월요일,경상남도 진주시 인사동,경상사고,0,0,1,0,차대차 - 측면직각충돌,안전운전불이행,건조,맑음,교차로 - 교차로부근,승용,여,39세,상해없음,자전거,남,58세,경상
2013031800100354,2013년 3월 18일 15시,월요일,경상남도 창녕군 이방면,중상사고,0,1,0,0,차대차 - 기타,중앙선침범,건조,맑음,단일로 - 기타,화물,남,64세,상해없음,이륜,남,85세,중상
2013031800100388,2013년 3월 18일 16시,월요일,경상남도 진주시 상평동,중상사고,0,1,1,0,차대차 - 측면직각충돌,직진우회전진행방해,건조,맑음,교차로 - 교차로안,화물,남,32세,상해없음,승용,남,42세,경상
2013031800100389,2013년 3월 18일 16시,월요일,경상남도 창원시 진해구 이동,중상사고,0,1,2,0,차대차 - 추돌 - 주정차중,보행자보호의무위반,건조,맑음,단일로 - 횡단보도상,화물,남,50세,상해없음,승용,남,29세,경상
2013031800100390,2013년 3월 18일 16시,월요일,경상남도 김해시 외동,경상사고,0,0,1,0,차대사람 - 횡단중,안전운전불이행,건조,맑음,단일로 - 기타,승용,여,42세,상해없음,보행자,남,1세,경상
2013031800100391,2013년 3월 18일 16시,월요일,경상남도 창원시 의창구 도계동,중상사고,0,2,2,0,차대차 - 기타,안전거리미확보,건조,맑음,단일로 - 기타,화물,남,56세,상해없음,승용,남,51세,중상
2013031800100429,2013년 3월 18일 17시,월요일,경상남도 창원시 마산합포구 추산동,경상사고,0,0,1,0,차대차 - 추돌 - 진행중,안전거리미확보,건조,맑음,단일로 - 기타,승용,남,47세,상해없음,승용,여,39세,경상
2013031800100430,2013년 3월 18일 17시,월요일,경상남도 양산시 남부동,중상사고,0,1,0,0,차대사람 - 기타,안전운전불이행,건조,맑음,단일로 - 기타,승용,남,36세,상해없음,보행자,여,7세,중상
2013031800100431,2013년 3월 18일 17시,월요일,경상남도 산청군 신안면,중상사고,0,1,1,0,차대차 - 측면직각충돌,안전운전불이행,건조,맑음,교차로 - 교차로안,화물,남,35세,상해없음,화물,남,50세,경상
2013031800100465,2013년 3월 18일 18시,월요일,경상남도 창원시 마산합포구 추산동,중상사고,0,1,0,0,차대사람 - 기타,안전운전불이행,건조,맑음,단일로 - 기타,승용,여,30세,상해없음,보행자,여,56세,중상
2013031800100466,2013년 3월 18일 18시,월요일,경상남도 통영시 도천동,중상사고,0,1,0,0,차대차 - 기타,안전거리미확보,건조,맑음,단일로 - 교량,승용,남,25세,상해없음,승용,남,43세,중상
2013031800100467,2013년 3월 18일 18시,월요일,경상남도 통영시 정량동,경상사고,0,0,1,0,차대차 - 측면직각충돌,안전운전불이행,건조,맑음,교차로 - 교차로안,승용,여,39세,상해없음,이륜,남,64세,경상
2013031800100468,2013년 3월 18일 18시,월요일,경상남도 하동군 금성면,경상사고,0,0,2,0,차대차 - 정면충돌,중앙선침범,건조,맑음,단일로 - 기타,화물,남,51세,상해없음,승용,여,39세,경상
2013031800100469,2013년 3월 18일 18시,월요일,경상남도 창원시 마산회원구 내서읍,중상사고,0,1,0,0,차대차 - 정면충돌,안전운전불이행,건조,맑음,단일로 - 기타,승용,여,47세,상해없음,자전거,남,16세,중상