사고번호,사고일시,요일,시군구,사고내용,사망자수,중상자수,경상자수,부상신고자수,사고유형,법규위반,노면상태,기상상태,도로형태,가해운전자 차종,가해운전자 성별,가해운전자 연령,가해운전자 상해정도,피해운전자 차종,피해운전자 성별,피해운전자 연령,피해운전자 상해정도
2013032100100571,2013년 3월 21일 22시,목요일,경상남도 거제시 고현동,경상사고,0,0,1,0,차대차 - 기타,안전운전불이행,건조,맑음,교차로 - 교차로안,승용,여,34세,상해없음,원동기,남,51세,경상
2013032200100017,2013년 3월 22일 00시,금요일,경상남도 통영시 북신동,중상사고,0,1,0,0,차대차 - 측면직각충돌,중앙선침범,건조,맑음,단일로 - 기타,이륜,남,50세,중상,승용,남,45세,상해없음
2013032200100018,2013년 3월 22일 00시,금요일,경상남도 양산시 평산동,부상신고사고,0,0,0,1,차대차 - 측면직각충돌,교차로운행방법위반,건조,맑음,교차로 - 교차로안,승용,여,21세,상해없음,승용,여,46세,부상신고
2013032200100032,2013년 3월 22일 01시,금요일,경상남도 김해시 풍유동,경상사고,0,0,1,0,차대차 - 기타,신호위반,건조,맑음,교차로 - 교차로안,승용,남,62세,상해없음,승용,남,41세,경상
2013032200100085,2013년 3월 22일 05시,금요일,경상남도 진주시 장재동,경상사고,0,0,1,0,차대사람 - 기타,안전운전불이행,건조,맑음,교차로 - 교차로부근,화물,남,31세,상해없음,보행자,남,62세,경상
2013032200100086,2013년 3월 22일 05시,금요일,경상남도 양산시 삼호동,중상사고,0,1,1,1,차대차 - 측면직각충돌,신호위반,건조,맑음,교차로 - 교차로안,승용,남,53세,상해없음,화물,남,59세,경상
2013032200100119,2013년 3월 22일 07시,금요일,경상남도 창원시 마산합포구 상남동,경상사고,0,0,1,0,차대사람 - 기타,안전운전불이행,건조,맑음,단일로 - 기타,승용,남,51세,상해없음,보행자,여,22세,경상
2013032200100120,2013년 3월 22일 07시,금요일,경상남도 창원시 마산합포구 진동면,경상사고,0,0,1,0,차대차 - 기타,안전거리미확보,건조,맑음,단일로 - 기타,승용,남,40세,상해없음,승용,남,30세,경상
2013032200100121,2013년 3월 22일 07시,금요일,경상남도 진주시 상평동,경상사고,0,0,2,0,차대차 - 기타,안전운전불이행,건조,맑음,교차로 - 교차로안,승용,여,54세,상해없음,승용,남,37세,경상
2013032200100156,2013년 3월 22일 08시,금요일,경상남도 창원시 진해구 충무동,중상사고,0,1,0,0,차대사람 - 길가장자리구역통행중,안전운전불이행,건조,맑음,단일로 - 기타,승용,여,27세,상해없음,보행자,여,64세,중상
2013032200100157,2013년 3월 22일 08시,금요일,경상남도 양산시 중부동,경상사고,0,0,4,0,차대차 - 추돌 - 진행중,안전거리미확보,건조,맑음,미분류 - 미분류,승용,남,33세,경상,승용,남,44세,상해없음
2013032200100158,2013년 3월 22일 08시,금요일,경상남도 김해시 장유면,중상사고,0,2,0,0,차대차 - 추돌 - 진행중,안전운전불이행,건조,맑음,교차로 - 교차로안,승용,남,30세,상해없음,승용,남,54세,중상
2013032200100159,2013년 3월 22일 08시,금요일,경상남도 김해시 흥동,경상사고,0,0,1,0,차대차 - 추돌 - 진행중,안전운전불이행,건조,맑음,교차로 - 교차로부근,화물,남,34세,상해없음,승용,남,29세,경상
2013032200100186,2013년 3월 22일 09시,금요일,경상남도 창원시 마산합포구 서성동,경상사고,0,0,1,0,차대차 - 기타,안전운전불이행,건조,맑음,단일로 - 기타,화물,남,63세,상해없음,승용,여,42세,경상
2013032200100187,2013년 3월 22일 09시,금요일,경상남도 창원시 진해구 경화동,경상사고,0,0,1,0,차대차 - 측면직각충돌,교차로운행방법위반,건조,맑음,교차로 - 교차로안,승용,남,54세,상해없음,이륜,남,77세,경상
2013032200100188,2013년 3월 22일 09시,금요일,경상남도 김해시 삼정동,경상사고,0,0,1,0,차대차 - 측면직각충돌,안전운전불이행,건조,맑음,단일로 - 기타,승용,남,30세,상해없음,승용,여,23세,경상
2013032200100189,2013년 3월 22일 09시,금요일,경상남도 거제시 아양동,경상사고,0,0,1,0,차대차 - 추돌 - 진행중,안전운전불이행,건조,맑음,단일로 - 기타,승용,남,30세,상해없음,승용,남,25세,경상
2013032200100213,2013년 3월 22일 10시,금요일,경상남도 창원시 마산회원구 회성동,경상사고,0,0,2,0,차대차 - 추돌 - 진행중,안전운전불이행,건조,맑음,교차로 - 교차로부근,승용,남,52세,상해없음,승용,여,41세,경상
2013032200100255,2013년 3월 22일 12시,금요일,경상남도 사천시 사천읍,중상사고,0,1,0,0,차대차 - 기타,신호위반,건조,맑음,교차로 - 교차로안,승용,여,48세,상해없음,승용,여,56세,중상
2013032200100272,2013년 3월 22일 13시,금요일,경상남도 창원시 마산회원구 석전동,중상사고,0,1,0,0,차대차 - 기타,신호위반,건조,맑음,교차로 - 교차로부근,승용,남,66세,상해없음,자전거,여,65세,중상
2013032200100298,2013년 3월 22일 14시,금요일,경상남도 창원시 마산합포구 상남동,경상사고,0,0,1,0,차대차 - 측면직각충돌,신호위반,건조,맑음,교차로 - 교차로부근,승용,남,58세,상해없음,승용,여,33세,상해없음
2013032200100299,2013년 3월 22일 14시,금요일,경상남도 양산시 중부동,부상신고사고,0,0,0,1,차대차 - 기타,안전운전불이행,건조,맑음,교차로 - 교차로부근,승용,남,57세,상해없음,기타불명,기타불명,기타불명,기타불명
2013032200100324,2013년 3월 22일 15시,금요일,경상남도 진주시 칠암동,중상사고,0,1,0,0,차대차 - 측면직각충돌,불법유턴,건조,맑음,교차로 - 교차로안,승용,남,58세,상해없음,원동기,남,30세,중상
2013032200100394,2013년 3월 22일 17시,금요일,경상남도 진주시 주약동,경상사고,0,0,1,0,차대차 - 추돌 - 주정차중,안전운전불이행,건조,맑음,교차로 - 교차로부근,원동기,남,19세,경상,승용,남,40세,상해없음
2013032200100395,2013년 3월 22일 17시,금요일,경상남도 진주시 망경동,경상사고,0,0,1,0,차대사람 - 차도통행중,안전운전불이행,건조,맑음,단일로 - 기타,승용,기타불명,기타불명,기타불명,보행자,여,50세,경상
2013032200100396,2013년 3월 22일 17시,금요일,경상남도 양산시 동면,중상사고,0,1,0,0,차대사람 - 기타,안전운전불이행,건조,맑음,교차로 - 교차로부근,승용,남,58세,기타불명,보행자,남,72세,중상
2013032200100427,2013년 3월 22일 18시,금요일,경상남도 밀양시 삼문동,경상사고,0,0,1,0,차대차 - 기타,안전운전불이행,건조,맑음,단일로 - 횡단보도상,승용,여,46세,상해없음,자전거,남,46세,경상
2013032200100428,2013년 3월 22일 18시,금요일,경상남도 양산시 어곡동,중상사고,0,1,0,0,차대차 - 측면직각충돌,안전운전불이행,건조,맑음,단일로 - 기타,승용,남,44세,상해없음,자전거,남,46세,중상
2013032200100429,2013년 3월 22일 18시,금요일,경상남도 거제시 연초면,경상사고,0,0,1,0,차대사람 - 기타,안전운전불이행,건조,맑음,기타 - 기타,승용,남,32세,상해없음,보행자,남,36세,경상
2013032200100430,2013년 3월 22일 18시,금요일,경상남도 거제시 장평동,경상사고,0,0,2,0,차대차 - 측면직각충돌,신호위반,건조,맑음,교차로 - 교차로안,승용,여,37세,상해없음,승용,여,44세,경상
2013032200100431,2013년 3월 22일 18시,금요일,경상남도 창원시 의창구 팔용동,중상사고,0,1,0,0,차대사람 - 횡단중,보행자보호의무위반,건조,맑음,교차로 - 교차로부근,승용,남,54세,상해없음,보행자,여,35세,중상
2013032200100472,2013년 3월 22일 19시,금요일,경상남도 진주시 상대동,경상사고,0,0,1,0,차대차 - 추돌 - 주정차중,교차로운행방법위반,건조,맑음,교차로 - 교차로부근,승용,남,54세,상해없음,승용,남,28세,경상
2013032200100473,2013년 3월 22일 19시,금요일,경상남도 김해시 생림면,경상사고,0,0,2,0,차대차 - 측면직각충돌,안전운전불이행,건조,맑음,교차로 - 교차로안,승용,남,60세,경상,승용,여,41세,경상
2013032200100474,2013년 3월 22일 19시,금요일,경상남도 김해시 내동,중상사고,0,2,0,0,차대차 - 추돌 - 주정차중,안전거리미확보,건조,맑음,단일로 - 기타,승용,남,63세,상해없음,승용,남,28세,중상
2013032200100511,2013년 3월 22일 20시,금요일,경상남도 거제시 사등면,중상사고,0,1,0,0,차대사람 - 차도통행중,안전운전불이행,건조,맑음,교차로 - 교차로안,승용,남,33세,상해없음,보행자,여,21세,중상
2013032200100512,2013년 3월 22일 20시,금요일,경상남도 창원시 의창구 명서동,경상사고,0,0,1,0,차대차 - 추돌 - 주정차중,안전운전불이행,건조,맑음,단일로 - 기타,승용,남,42세,상해없음,승용,남,31세,경상
2013032200100547,2013년 3월 22일 21시,금요일,경상남도 사천시 벌리동,중상사고,0,1,1,0,차대차 - 측면직각충돌,안전운전불이행,건조,맑음,교차로 - 교차로안,승용,여,31세,상해없음,원동기,남,16세,중상
2013032200100548,2013년 3월 22일 21시,금요일,경상남도 김해시 내동,경상사고,0,0,3,0,차대차 - 기타,안전거리미확보,건조,맑음,단일로 - 기타,건설기계,남,65세,상해없음,승용,남,51세,경상
2013032200100549,2013년 3월 22일 21시,금요일,경상남도 양산시 중부동,경상사고,0,0,2,0,차대차 - 기타,안전운전불이행,건조,맑음,교차로 - 교차로안,승용,여,46세,상해없음,승용,여,37세,경상
2013032200100594,2013년 3월 22일 22시,금요일,경상남도 창원시 의창구 중동,중상사고,0,1,0,0,차대사람 - 기타,안전운전불이행,건조,맑음,단일로 - 기타,승용,남,40세,상해없음,보행자,여,41세,중상
2013032200100626,2013년 3월 22일 23시,금요일,경상남도 진주시 상대동,경상사고,0,0,1,0,차대차 - 추돌 - 주정차중,안전운전불이행,건조,맑음,교차로 - 교차로부근,승용,남,54세,상해없음,승용,남,35세,경상
2013032200100627,2013년 3월 22일 23시,금요일,경상남도 진주시 상봉동,중상사고,0,1,0,0,차대사람 - 횡단중,안전운전불이행,건조,맑음,교차로 - 교차로안,승용,남,49세,상해없음,보행자,남,33세,중상
2013032300100018,2013년 3월 23일 00시,토요일,경상남도 남해군 남해읍,중상사고,0,1,0,0,차대사람 - 기타,안전운전불이행,건조,맑음,기타 - 기타,승용,남,37세,기타불명,보행자,남,65세,중상
2013032300100057,2013년 3월 23일 01시,토요일,경상남도 창원시 진해구 용원동,경상사고,0,0,1,0,차대차 - 추돌 - 주정차중,안전운전불이행,건조,맑음,교차로 - 교차로부근,승용,남,46세,상해없음,승용,남,63세,경상
2013032300100110,2013년 3월 23일 04시,토요일,경상남도 창원시 성산구 상남동,경상사고,0,0,2,0,차대차 - 측면직각충돌,안전운전불이행,건조,맑음,교차로 - 교차로안,승용,남,25세,상해없음,승용,남,23세,경상
2013032300100125,2013년 3월 23일 05시,토요일,경상남도 양산시 중부동,경상사고,0,0,1,1,차량단독 - 공작물충돌,안전운전불이행,건조,맑음,교차로 - 교차로안,승용,남,29세,상해없음,,,,
2013032300100142,2013년 3월 23일 06시,토요일,경상남도 창원시 마산합포구 상남동,사망사고,1,0,0,0,차대사람 - 횡단중,안전운전불이행,건조,맑음,단일로 - 기타,화물,남,62세,상해없음,보행자,여,69세,사망
2013032300100143,2013년 3월 23일 06시,토요일,경상남도 통영시 북신동,사망사고,1,0,0,0,차대사람 - 횡단중,보행자보호의무위반,건조,맑음,단일로 - 기타,승용,남,64세,상해없음,보행자,여,69세,사망
2013032300100144,2013년 3월 23일 06시,토요일,경상남도 창원시 성산구 사파동,중상사고,0,1,0,0,차대차 - 측면직각충돌,직진우회전진행방해,건조,맑음,교차로 - 교차로안,승용,여,38세,상해없음,승용,남,53세,중상
2013032300100158,2013년 3월 23일 07시,토요일,경상남도 창녕군 부곡면,중상사고,0,3,0,0,차대차 - 정면충돌,중앙선침범,건조,맑음,교차로 - 교차로부근,승용,남,53세,중상,승용,남,40세,중상
2013032300100159,2013년 3월 23일 07시,토요일,경상남도 남해군 미조면,경상사고,0,0,1,0,차대차 - 기타,안전운전불이행,습기,맑음,기타 - 기타,화물,남,75세,상해없음,화물,남,46세,경상
2013032300100179,2013년 3월 23일 08시,토요일,경상남도 김해시 장유면,중상사고,0,1,0,0,차대사람 - 횡단중,안전운전불이행,건조,맑음,단일로 - 횡단보도상,승용,남,38세,상해없음,보행자,남,70세,중상
2013032300100203,2013년 3월 23일 09시,토요일,경상남도 김해시 외동,경상사고,0,0,2,0,차대차 - 측면직각충돌,안전운전불이행,건조,맑음,교차로 - 교차로안,승용,남,43세,상해없음,승용,남,55세,경상
2013032300100204,2013년 3월 23일 09시,토요일,경상남도 함양군 함양읍,경상사고,0,0,1,0,차대차 - 측면직각충돌,신호위반,건조,맑음,교차로 - 교차로안,화물,남,54세,상해없음,승용,남,67세,경상
2013032300100205,2013년 3월 23일 09시,토요일,경상남도 함안군 칠원면,중상사고,0,1,2,0,차대차 - 추돌 - 진행중,안전거리미확보,건조,맑음,단일로 - 터널,화물,남,60세,상해없음,승용,남,51세,상해없음
2013032300100206,2013년 3월 23일 09시,토요일,경상남도 함안군 칠원면,중상사고,0,3,1,0,차대차 - 추돌 - 진행중,안전운전불이행,건조,맑음,단일로 - 터널,승용,남,38세,경상,승용,남,53세,중상
2013032300100285,2013년 3월 23일 12시,토요일,경상남도 김해시 생림면,중상사고,0,1,2,0,차대차 - 추돌 - 진행중,안전거리미확보,건조,맑음,단일로 - 기타,화물,남,35세,상해없음,승용,남,35세,경상
2013032300100286,2013년 3월 23일 12시,토요일,경상남도 하동군 하동읍,중상사고,0,2,1,0,차대차 - 추돌 - 진행중,안전운전불이행,건조,맑음,단일로 - 기타,승용,남,41세,상해없음,승용,남,60세,경상
2013032300100317,2013년 3월 23일 13시,토요일,경상남도 양산시 중부동,경상사고,0,0,1,0,차대사람 - 횡단중,보행자보호의무위반,건조,맑음,단일로 - 기타,승용,여,33세,상해없음,보행자,여,83세,경상
2013032300100318,2013년 3월 23일 13시,토요일,경상남도 창원시 의창구 명서동,경상사고,0,0,1,0,차대차 - 측면직각충돌,직진우회전진행방해,건조,맑음,교차로 - 교차로안,승용,남,55세,상해없음,이륜,남,43세,경상
2013032300100319,2013년 3월 23일 13시,토요일,경상남도 하동군 고전면,부상신고사고,0,0,0,1,차대차 - 기타,안전운전불이행,건조,맑음,단일로 - 기타,승용,기타불명,기타불명,기타불명,승용,남,59세,부상신고
2013032300100353,2013년 3월 23일 14시,토요일,경상남도 진주시 상대동,중상사고,0,1,0,0,차량단독 - 기타,안전운전불이행,건조,맑음,단일로 - 기타,승합,남,46세,상해없음,,,,
2013032300100354,2013년 3월 23일 14시,토요일,경상남도 창원시 진해구 석동,경상사고,0,0,1,0,차대차 - 추돌 - 진행중,안전운전불이행,건조,맑음,단일로 - 터널,승용,기타불명,기타불명,기타불명,승용,남,48세,경상
2013032300100355,2013년 3월 23일 14시,토요일,경상남도 창원시 의창구 동읍,경상사고,0,0,1,0,차대사람 - 기타,안전운전불이행,건조,맑음,단일로 - 기타,화물,남,44세,상해없음,보행자,남,40세,경상
2013032300100388,2013년 3월 23일 15시,토요일,경상남도 창원시 의창구 봉곡동,중상사고,0,1,0,0,차대사람 - 기타,안전운전불이행,건조,맑음,단일로 - 기타,승합,남,38세,상해없음,보행자,여,46세,중상
2013032300100436,2013년 3월 23일 16시,토요일,경상남도 양산시 물금읍,중상사고,0,1,0,0,차대차 - 측면직각충돌,안전운전불이행,건조,맑음,교차로 - 교차로안,승용,남,26세,상해없음,자전거,남,5세,중상
2013032300100465,2013년 3월 23일 17시,토요일,경상남도 거제시 장평동,중상사고,0,1,0,0,차대차 - 측면직각충돌,직진우회전진행방해,건조,맑음,교차로 - 교차로안,승용,남,72세,상해없음,이륜,남,29세,중상
2013032300100466,2013년 3월 23일 17시,토요일,경상남도 의령군 궁류면,경상사고,0,0,1,0,차대차 - 측면직각충돌,교차로운행방법위반,건조,맑음,교차로 - 교차로안,승용,여,48세,경상,승용,남,45세,상해없음
2013032300100500,2013년 3월 23일 18시,토요일,경상남도 창원시 마산합포구 진전면,중상사고,0,1,0,0,차량단독 - 공작물충돌,안전운전불이행,건조,맑음,단일로 - 기타,승용,남,40세,중상,,,,
2013032300100501,2013년 3월 23일 18시,토요일,경상남도 통영시 광도면,경상사고,0,0,2,0,차대차 - 추돌 - 진행중,안전거리미확보,건조,맑음,단일로 - 기타,특수,남,47세,상해없음,화물,남,54세,경상
2013032300100502,2013년 3월 23일 18시,토요일,경상남도 통영시 도천동,경상사고,0,0,2,0,차대차 - 추돌 - 진행중,안전운전불이행,건조,맑음,교차로 - 교차로부근,승용,남,31세,상해없음,승용,남,49세,경상
2013032300100503,2013년 3월 23일 18시,토요일,경상남도 통영시 중앙동,경상사고,0,0,1,0,차대차 - 측면직각충돌,안전운전불이행,건조,맑음,단일로 - 횡단보도상,원동기,남,53세,경상,승용,남,42세,상해없음
2013032300100504,2013년 3월 23일 18시,토요일,경상남도 거제시 고현동,중상사고,0,1,1,0,차대차 - 추돌 - 진행중,안전운전불이행,건조,맑음,단일로 - 기타,이륜,남,16세,상해없음,승용,남,29세,중상
2013032300100551,2013년 3월 23일 19시,토요일,경상남도 창원시 진해구 덕산동,경상사고,0,0,1,0,차대차 - 추돌 - 진행중,안전운전불이행,건조,맑음,단일로 - 기타,승용,남,50세,상해없음,이륜,남,32세,경상
2013032300100583,2013년 3월 23일 20시,토요일,경상남도 진주시 가좌동,중상사고,0,1,0,0,차대사람 - 횡단중,안전운전불이행,건조,맑음,단일로 - 기타,승용,남,56세,상해없음,보행자,남,9세,중상
2013032300100584,2013년 3월 23일 20시,토요일,경상남도 창원시 의창구 봉곡동,중상사고,0,2,0,0,차대차 - 측면직각충돌,교차로운행방법위반,건조,맑음,교차로 - 교차로안,승용,여,57세,상해없음,승용,남,64세,중상
2013032300100585,2013년 3월 23일 20시,토요일,경상남도 김해시 장유면,중상사고,0,1,3,0,차대차 - 측면직각충돌,중앙선침범,건조,맑음,단일로 - 기타,승용,남,48세,상해없음,승용,남,28세,중상
2013032300100647,2013년 3월 23일 22시,토요일,경상남도 창원시 진해구 여좌동,경상사고,0,0,1,0,차대차 - 측면직각충돌,교차로운행방법위반,건조,맑음,교차로 - 교차로안,화물,남,61세,상해없음,이륜,남,62세,경상
2013032300100648,2013년 3월 23일 22시,토요일,경상남도 김해시 외동,경상사고,0,0,1,0,차대차 - 추돌 - 진행중,안전운전불이행,건조,맑음,단일로 - 기타,승용,남,33세,상해없음,화물,남,28세,경상
2013032300100649,2013년 3월 23일 22시,토요일,경상남도 김해시 삼정동,사망사고,1,0,0,0,차량단독 - 기타,안전운전불이행,건조,맑음,단일로 - 기타,이륜,남,19세,사망,,,,
2013032300100650,2013년 3월 23일 22시,토요일,경상남도 창녕군 길곡면,중상사고,0,3,0,0,차대차 - 정면충돌,안전운전불이행,건조,맑음,단일로 - 기타,승합,남,36세,중상,화물,남,67세,중상
2013032300100651,2013년 3월 23일 22시,토요일,경상남도 거제시 고현동,경상사고,0,0,2,0,차대차 - 측면직각충돌,교차로운행방법위반,건조,맑음,교차로 - 교차로안,승용,남,26세,경상,승용,여,63세,경상
2013032300100680,2013년 3월 23일 23시,토요일,경상남도 통영시 무전동,경상사고,0,0,1,0,차대사람 - 차도통행중,안전운전불이행,건조,맑음,교차로 - 교차로부근,승용,남,48세,상해없음,보행자,남,28세,경상
2013032400100012,2013년 3월 24일 00시,일요일,경상남도 진주시 봉곡동,중상사고,0,1,0,0,차대사람 - 기타,안전운전불이행,건조,맑음,단일로 - 기타,승용,남,63세,상해없음,보행자,남,40세,중상
2013032400100013,2013년 3월 24일 00시,일요일,경상남도 거제시 고현동,경상사고,0,0,1,0,차대차 - 측면직각충돌,중앙선침범,건조,맑음,단일로 - 기타,승용,남,32세,기타불명,승용,남,25세,경상
2013032400100032,2013년 3월 24일 01시,일요일,경상남도 창원시 마산합포구 중앙동1가,중상사고,0,1,0,0,차대차 - 추돌 - 주정차중,안전운전불이행,건조,맑음,교차로 - 교차로부근,승용,남,33세,상해없음,승용,남,56세,중상
2013032400100058,2013년 3월 24일 02시,일요일,경상남도 창원시 마산합포구 월남동1가,중상사고,0,1,0,0,차대차 - 측면직각충돌,안전운전불이행,건조,맑음,교차로 - 교차로안,승용,남,50세,상해없음,원동기,남,46세,중상
2013032400100083,2013년 3월 24일 04시,일요일,경상남도 김해시 어방동,경상사고,0,0,2,0,차대차 - 추돌 - 주정차중,안전운전불이행,건조,맑음,단일로 - 기타,승용,남,27세,상해없음,승용,남,62세,경상
2013032400100103,2013년 3월 24일 06시,일요일,경상남도 밀양시 삼랑진읍,중상사고,0,1,0,0,차량단독 - 공작물충돌,안전운전불이행,건조,맑음,단일로 - 기타,승용,남,26세,상해없음,,,,
2013032400100118,2013년 3월 24일 07시,일요일,경상남도 사천시 벌리동,중상사고,0,2,0,0,차대차 - 추돌 - 주정차중,안전운전불이행,건조,맑음,단일로 - 기타,원동기,남,17세,중상,승용,남,54세,기타불명
2013032400100119,2013년 3월 24일 07시,일요일,경상남도 양산시 중부동,경상사고,0,0,1,1,차대차 - 추돌 - 주정차중,안전운전불이행,건조,맑음,단일로 - 기타,승용,남,52세,상해없음,승용,남,46세,부상신고
2013032400100149,2013년 3월 24일 09시,일요일,경상남도 진주시 호탄동,중상사고,0,1,4,0,차대차 - 측면직각충돌,신호위반,건조,맑음,교차로 - 교차로안,승용,남,23세,상해없음,승합,남,40세,경상
2013032400100150,2013년 3월 24일 09시,일요일,경상남도 하동군 금남면,경상사고,0,0,1,0,차대차 - 추돌 - 주정차중,안전운전불이행,건조,맑음,단일로 - 기타,건설기계,남,52세,상해없음,승용,남,47세,상해없음
2013032400100151,2013년 3월 24일 09시,일요일,경상남도 하동군 금남면,중상사고,0,1,0,0,차대차 - 측면직각충돌,안전운전불이행,건조,맑음,단일로 - 기타,승용,여,48세,상해없음,승합,남,52세,상해없음
2013032400100170,2013년 3월 24일 10시,일요일,경상남도 사천시 동금동,중상사고,0,1,0,0,차대차 - 기타,교차로운행방법위반,건조,맑음,교차로 - 교차로안,자전거,남,68세,중상,화물,남,61세,상해없음
2013032400100171,2013년 3월 24일 10시,일요일,경상남도 함안군 칠원면,경상사고,0,0,1,0,차대사람 - 길가장자리구역통행중,안전운전불이행,건조,맑음,단일로 - 기타,승용,남,16세,상해없음,보행자,여,53세,경상
2013032400100196,2013년 3월 24일 12시,일요일,경상남도 합천군 합천읍,중상사고,0,1,0,0,차대사람 - 기타,교차로운행방법위반,건조,맑음,교차로 - 교차로안,승용,남,40세,상해없음,보행자,여,61세,중상
2013032400100221,2013년 3월 24일 13시,일요일,경상남도 김해시 구산동,경상사고,0,0,1,0,차대차 - 추돌 - 진행중,안전거리미확보,건조,맑음,교차로 - 교차로부근,승용,남,43세,상해없음,승용,남,27세,경상
2013032400100245,2013년 3월 24일 14시,일요일,경상남도 창원시 마산합포구 해운동,경상사고,0,0,1,0,차대사람 - 기타,안전운전불이행,건조,흐림,단일로 - 기타,승용,남,47세,상해없음,보행자,남,22세,경상
2013032400100246,2013년 3월 24일 14시,일요일,경상남도 통영시 사량면,경상사고,0,0,1,0,차대사람 - 길가장자리구역통행중,안전운전불이행,건조,맑음,단일로 - 기타,농기계,남,70세,상해없음,보행자,남,79세,경상
2013032400100269,2013년 3월 24일 15시,일요일,경상남도 창원시 진해구 이동,중상사고,0,1,0,0,차대차 - 기타,안전운전불이행,건조,맑음,단일로 - 기타,원동기,남,44세,중상,승용,남,32세,기타불명
2013032400100270,2013년 3월 24일 15시,일요일,경상남도 김해시 부원동,중상사고,0,1,0,0,차대사람 - 기타,안전운전불이행,건조,맑음,교차로 - 교차로부근,승용,남,33세,상해없음,보행자,남,52세,중상
2013032400100271,2013년 3월 24일 15시,일요일,경상남도 거제시 장승포동,경상사고,0,0,1,0,차대차 - 정면충돌,중앙선침범,건조,맑음,단일로 - 기타,승용,남,26세,기타불명,승용,여,25세,경상
2013032400100301,2013년 3월 24일 16시,일요일,경상남도 사천시 좌룡동,경상사고,0,0,2,0,차대차 - 추돌 - 진행중,안전운전불이행,건조,맑음,교차로 - 교차로부근,승합,남,42세,상해없음,승용,남,44세,경상
2013032400100302,2013년 3월 24일 16시,일요일,경상남도 김해시 외동,중상사고,0,1,0,0,차대사람 - 기타,안전운전불이행,건조,맑음,단일로 - 기타,승용,남,18세,상해없음,보행자,남,18세,중상
2013032400100324,2013년 3월 24일 17시,일요일,경상남도 창녕군 이방면,경상사고,0,0,1,0,차대차 - 기타,안전운전불이행,건조,맑음,단일로 - 기타,승용,기타불명,기타불명,기타불명,승용,여,36세,경상
2013032400100353,2013년 3월 24일 18시,일요일,경상남도 거제시 옥포동,중상사고,0,1,0,0,차대차 - 기타,안전운전불이행,건조,맑음,교차로 - 교차로안,승용,남,62세,상해없음,이륜,남,43세,중상
2013032400100380,2013년 3월 24일 19시,일요일,경상남도 창원시 진해구 여좌동,경상사고,0,0,1,0,차대차 - 기타,안전운전불이행,건조,맑음,단일로 - 기타,승용,여,34세,상해없음,승용,남,34세,경상
2013032400100381,2013년 3월 24일 19시,일요일,경상남도 함안군 가야읍,경상사고,0,0,1,0,차대사람 - 보도통행중,보행자보호의무위반,건조,맑음,교차로 - 교차로부근,승용,남,24세,상해없음,보행자,남,45세,경상
2013032400100415,2013년 3월 24일 20시,일요일,경상남도 창원시 마산합포구 서성동,중상사고,0,1,0,0,차대사람 - 차도통행중,안전운전불이행,건조,흐림,단일로 - 기타,승용,남,60세,상해없음,보행자,여,71세,중상
2013032400100416,2013년 3월 24일 20시,일요일,경상남도 고성군 고성읍,경상사고,0,0,1,0,차대차 - 측면직각충돌,신호위반,건조,맑음,교차로 - 교차로안,승용,남,68세,상해없음,화물,남,53세,상해없음
2013032400100417,2013년 3월 24일 20시,일요일,경상남도 창원시 마산합포구 산호동,중상사고,0,1,1,0,차대차 - 측면직각충돌,안전운전불이행,건조,맑음,교차로 - 교차로안,승용,남,30세,상해없음,승용,남,51세,경상
2013032400100446,2013년 3월 24일 21시,일요일,경상남도 진주시 호탄동,경상사고,0,0,1,0,차대사람 - 횡단중,신호위반,건조,맑음,교차로 - 교차로안,승용,남,59세,상해없음,보행자,여,16세,경상
2013032400100447,2013년 3월 24일 21시,일요일,경상남도 양산시 소주동,부상신고사고,0,0,0,1,차대사람 - 횡단중,안전운전불이행,건조,맑음,단일로 - 기타,승용,남,46세,상해없음,보행자,남,45세,부상신고
2013032400100448,2013년 3월 24일 21시,일요일,경상남도 함안군 가야읍,중상사고,0,1,0,0,차대차 - 측면직각충돌,신호위반,건조,맑음,교차로 - 교차로부근,승용,남,25세,상해없음,승용,여,44세,중상
2013032400100449,2013년 3월 24일 21시,일요일,경상남도 창원시 성산구 외동,중상사고,0,1,0,0,차대차 - 추돌 - 주정차중,안전운전불이행,기타,맑음,단일로 - 기타,승용,남,40세,상해없음,승용,여,41세,중상
2013032400100472,2013년 3월 24일 22시,일요일,경상남도 진주시 본성동,중상사고,0,3,1,0,차대차 - 추돌 - 진행중,안전운전불이행,건조,맑음,단일로 - 기타,승용,남,32세,상해없음,승용,남,41세,경상
2013032400100488,2013년 3월 24일 23시,일요일,경상남도 창원시 진해구 경화동,경상사고,0,0,1,0,차대차 - 측면직각충돌,안전운전불이행,건조,맑음,교차로 - 교차로안,기타불명,기타불명,기타불명,기타불명,원동기,남,20세,경상
2013032500100009,2013년 3월 25일 00시,월요일,경상남도 합천군 합천읍,중상사고,0,1,0,0,차대차 - 기타,안전운전불이행,건조,맑음,단일로 - 기타,승용,남,29세,상해없음,승용,남,63세,기타불명
2013032500100070,2013년 3월 25일 07시,월요일,경상남도 창원시 마산합포구 오동동,경상사고,0,0,1,0,차량단독 - 기타,기타,건조,맑음,단일로 - 기타,승합,남,51세,상해없음,,,,
2013032500100071,2013년 3월 25일 07시,월요일,경상남도 창원시 마산회원구 구암동,경상사고,0,0,1,0,차대차 - 측면직각충돌,안전운전불이행,건조,맑음,단일로 - 기타,승용,남,47세,상해없음,승용,남,43세,경상