사고번호,사고일시,요일,시군구,사고내용,사망자수,중상자수,경상자수,부상신고자수,사고유형,법규위반,노면상태,기상상태,도로형태,가해운전자 차종,가해운전자 성별,가해운전자 연령,가해운전자 상해정도,피해운전자 차종,피해운전자 성별,피해운전자 연령,피해운전자 상해정도
2013032800100139,2013년 3월 28일 08시,목요일,경상남도 밀양시 내이동,중상사고,0,2,0,0,차대차 - 추돌 - 주정차중,안전운전불이행,건조,맑음,단일로 - 기타,화물,남,37세,상해없음,승용,여,42세,중상
2013032800100140,2013년 3월 28일 08시,목요일,경상남도 거창군 거창읍,경상사고,0,0,3,0,차대차 - 측면직각충돌,교차로운행방법위반,건조,맑음,교차로 - 교차로안,화물,남,63세,상해없음,승용,남,31세,경상
2013032800100141,2013년 3월 28일 08시,목요일,경상남도 양산시 동면,부상신고사고,0,0,0,1,차대차 - 기타,안전운전불이행,건조,맑음,교차로 - 교차로안,승합,남,36세,기타불명,승용,남,50세,부상신고
2013032800100175,2013년 3월 28일 09시,목요일,경상남도 밀양시 삼랑진읍,경상사고,0,0,1,0,차대차 - 정면충돌,안전운전불이행,건조,맑음,단일로 - 기타,화물,남,38세,상해없음,승용,여,38세,경상
2013032800100176,2013년 3월 28일 09시,목요일,경상남도 양산시 명동,경상사고,0,0,2,0,차대차 - 기타,안전운전불이행,건조,맑음,단일로 - 기타,화물,남,45세,상해없음,화물,남,47세,경상
2013032800100177,2013년 3월 28일 09시,목요일,경상남도 남해군 삼동면,중상사고,0,1,0,0,차대사람 - 기타,안전운전불이행,건조,맑음,기타 - 기타,화물,남,59세,상해없음,보행자,남,54세,중상
2013032800100178,2013년 3월 28일 09시,목요일,경상남도 의령군 화정면,중상사고,0,1,0,0,차대차 - 기타,안전운전불이행,건조,맑음,교차로 - 교차로안,화물,남,54세,상해없음,승용,여,58세,중상
2013032800100199,2013년 3월 28일 10시,목요일,경상남도 창원시 마산회원구 석전동,경상사고,0,0,1,0,차량단독 - 기타,안전운전불이행,건조,맑음,단일로 - 기타,승합,남,46세,상해없음,,,,
2013032800100216,2013년 3월 28일 11시,목요일,경상남도 창원시 진해구 이동,경상사고,0,0,1,0,차대차 - 추돌 - 진행중,안전운전불이행,건조,맑음,단일로 - 기타,건설기계,남,35세,상해없음,승용,여,56세,경상
2013032800100217,2013년 3월 28일 11시,목요일,경상남도 양산시 북부동,중상사고,0,1,0,0,차대사람 - 횡단중,신호위반,건조,맑음,교차로 - 교차로부근,승용,여,52세,기타불명,보행자,남,48세,중상
2013032800100266,2013년 3월 28일 13시,목요일,경상남도 통영시 동호동,중상사고,0,1,0,0,차대차 - 측면직각충돌,안전운전불이행,건조,맑음,교차로 - 교차로안,원동기,남,39세,중상,승용,남,66세,상해없음
2013032800100267,2013년 3월 28일 13시,목요일,경상남도 거제시 고현동,경상사고,0,0,1,0,차대차 - 추돌 - 진행중,안전운전불이행,건조,맑음,교차로 - 교차로안,승용,남,32세,상해없음,승용,남,23세,상해없음
2013032800100268,2013년 3월 28일 13시,목요일,경상남도 거제시 옥포동,경상사고,0,0,1,0,차대차 - 추돌 - 진행중,교차로운행방법위반,건조,맑음,교차로 - 교차로부근,승용,남,36세,상해없음,승용,여,35세,경상
2013032800100269,2013년 3월 28일 13시,목요일,경상남도 남해군 삼동면,경상사고,0,0,2,0,차대차 - 측면직각충돌,중앙선침범,건조,맑음,단일로 - 기타,승용,여,36세,상해없음,승용,남,48세,경상
2013032800100290,2013년 3월 28일 14시,목요일,경상남도 창원시 마산합포구 중앙동1가,중상사고,0,1,0,0,차대차 - 측면직각충돌,교차로운행방법위반,건조,맑음,교차로 - 교차로안,화물,남,49세,상해없음,자전거,남,22세,중상
2013032800100291,2013년 3월 28일 14시,목요일,경상남도 창원시 의창구 팔용동,중상사고,0,2,0,0,차대차 - 측면직각충돌,신호위반,건조,맑음,교차로 - 교차로안,승용,남,29세,상해없음,승용,여,54세,중상
2013032800100310,2013년 3월 28일 15시,목요일,경상남도 창원시 마산합포구 중앙동2가,중상사고,0,1,0,0,차대사람 - 횡단중,안전운전불이행,건조,맑음,교차로 - 교차로부근,승용,남,61세,상해없음,보행자,여,21세,중상
2013032800100311,2013년 3월 28일 15시,목요일,경상남도 밀양시 상남면,경상사고,0,0,1,0,차대차 - 추돌 - 진행중,안전운전불이행,건조,맑음,단일로 - 기타,화물,남,38세,상해없음,화물,남,38세,경상
2013032800100339,2013년 3월 28일 16시,목요일,경상남도 진주시 가좌동,경상사고,0,0,1,0,차대사람 - 기타,안전운전불이행,건조,맑음,단일로 - 기타,승합,남,43세,상해없음,보행자,여,81세,경상
2013032800100340,2013년 3월 28일 16시,목요일,경상남도 창원시 진해구 용원동,중상사고,0,1,0,0,차대사람 - 횡단중,보행자보호의무위반,건조,맑음,교차로 - 교차로부근,승용,남,39세,상해없음,보행자,여,2세,중상
2013032800100341,2013년 3월 28일 16시,목요일,경상남도 통영시 무전동,중상사고,0,1,0,0,차대차 - 측면직각충돌,차로위반,건조,맑음,단일로 - 기타,승용,여,50세,상해없음,원동기,남,19세,중상
2013032800100342,2013년 3월 28일 16시,목요일,경상남도 거제시 고현동,중상사고,0,1,0,0,차대사람 - 기타,안전운전불이행,건조,맑음,단일로 - 횡단보도부근,승합,남,64세,상해없음,보행자,여,12세,중상
2013032800100370,2013년 3월 28일 17시,목요일,경상남도 창원시 마산합포구 진동면,중상사고,0,2,1,0,차대차 - 측면직각충돌,안전운전불이행,건조,맑음,단일로 - 기타,승용,남,61세,상해없음,승용,여,42세,중상
2013032800100371,2013년 3월 28일 17시,목요일,경상남도 밀양시 무안면,중상사고,0,2,0,0,차대차 - 측면직각충돌,안전운전불이행,건조,맑음,단일로 - 기타,건설기계,남,68세,상해없음,이륜,남,81세,중상
2013032800100372,2013년 3월 28일 17시,목요일,경상남도 양산시 상북면,경상사고,0,0,1,0,차대사람 - 횡단중,안전운전불이행,건조,맑음,단일로 - 기타,화물,남,56세,기타불명,보행자,여,70세,경상
2013032800100373,2013년 3월 28일 17시,목요일,경상남도 거제시 장평동,경상사고,0,0,1,0,차대차 - 측면직각충돌,신호위반,건조,맑음,교차로 - 교차로안,승용,여,28세,상해없음,이륜,남,26세,경상
2013032800100374,2013년 3월 28일 17시,목요일,경상남도 거제시 고현동,중상사고,0,1,0,0,차대차 - 추돌 - 진행중,신호위반,건조,맑음,교차로 - 교차로안,승용,남,35세,상해없음,이륜,남,36세,중상
2013032800100409,2013년 3월 28일 18시,목요일,경상남도 양산시 소주동,중상사고,0,1,0,0,차대차 - 측면직각충돌,신호위반,건조,맑음,교차로 - 교차로안,화물,남,52세,상해없음,원동기,남,33세,중상
2013032800100448,2013년 3월 28일 19시,목요일,경상남도 창녕군 창녕읍,경상사고,0,0,1,0,차대사람 - 차도통행중,안전운전불이행,건조,맑음,단일로 - 기타,화물,남,44세,상해없음,보행자,남,53세,경상
2013032800100471,2013년 3월 28일 20시,목요일,경상남도 창원시 마산합포구 월영동,중상사고,0,2,0,0,차대차 - 측면직각충돌,안전운전불이행,건조,맑음,단일로 - 기타,승용,남,61세,상해없음,승용,남,26세,중상
2013032800100472,2013년 3월 28일 20시,목요일,경상남도 창원시 진해구 석동,경상사고,0,0,1,0,차대사람 - 횡단중,보행자보호의무위반,건조,맑음,교차로 - 교차로안,승용,여,41세,상해없음,보행자,여,15세,경상
2013032800100473,2013년 3월 28일 20시,목요일,경상남도 창원시 성산구 가음정동,중상사고,0,1,0,0,차대차 - 추돌 - 주정차중,안전운전불이행,건조,맑음,교차로 - 교차로부근,승용,남,51세,상해없음,승용,남,57세,상해없음
2013032800100506,2013년 3월 28일 21시,목요일,경상남도 진주시 평거동,경상사고,0,0,1,0,차대차 - 측면직각충돌,신호위반,건조,맑음,교차로 - 교차로안,승용,남,54세,상해없음,승용,남,31세,경상
2013032800100507,2013년 3월 28일 21시,목요일,경상남도 사천시 선구동,경상사고,0,0,1,0,차대사람 - 기타,안전운전불이행,건조,맑음,교차로 - 교차로부근,기타불명,기타불명,기타불명,기타불명,보행자,남,49세,경상
2013032800100508,2013년 3월 28일 21시,목요일,경상남도 김해시 내동,경상사고,0,0,2,0,차대차 - 측면직각충돌,안전운전불이행,건조,맑음,단일로 - 기타,승용,남,33세,상해없음,자전거,남,12세,경상
2013032800100509,2013년 3월 28일 21시,목요일,경상남도 함양군 수동면,경상사고,0,0,2,0,차대차 - 측면직각충돌,신호위반,건조,맑음,교차로 - 교차로안,승합,남,40세,상해없음,화물,남,58세,경상
2013032800100510,2013년 3월 28일 21시,목요일,경상남도 창원시 마산회원구 봉암동,경상사고,0,0,1,0,차대차 - 측면직각충돌,신호위반,건조,맑음,교차로 - 교차로안,승용,여,45세,상해없음,승용,남,49세,경상
2013032800100538,2013년 3월 28일 22시,목요일,경상남도 창원시 성산구 반지동,경상사고,0,0,1,0,차대차 - 추돌 - 주정차중,안전운전불이행,건조,맑음,교차로 - 교차로안,승용,남,31세,상해없음,승용,여,26세,경상
2013032800100539,2013년 3월 28일 22시,목요일,경상남도 창원시 의창구 봉림동,중상사고,0,1,0,0,차대차 - 측면직각충돌,직진우회전진행방해,건조,맑음,교차로 - 교차로안,승용,남,45세,상해없음,이륜,남,39세,중상
2013032900100022,2013년 3월 29일 00시,금요일,경상남도 통영시 무전동,경상사고,0,0,1,0,차대사람 - 길가장자리구역통행중,안전운전불이행,건조,맑음,단일로 - 기타,승용,남,60세,상해없음,보행자,여,26세,경상
2013032900100023,2013년 3월 29일 00시,금요일,경상남도 창녕군 부곡면,경상사고,0,0,1,0,차대차 - 추돌 - 주정차중,안전운전불이행,건조,맑음,단일로 - 기타,승용,남,39세,상해없음,화물,남,37세,기타불명
2013032900100037,2013년 3월 29일 01시,금요일,경상남도 창원시 의창구 명서동,중상사고,0,1,0,0,차대차 - 측면직각충돌,직진우회전진행방해,건조,맑음,교차로 - 교차로안,화물,남,24세,상해없음,승용,남,49세,중상
2013032900100048,2013년 3월 29일 02시,금요일,경상남도 진주시 평안동,경상사고,0,0,1,0,차대차 - 기타,안전운전불이행,건조,맑음,단일로 - 기타,기타불명,기타불명,기타불명,기타불명,자전거,남,24세,경상
2013032900100049,2013년 3월 29일 02시,금요일,경상남도 창원시 진해구 경화동,경상사고,0,0,1,0,차대차 - 정면충돌,신호위반,건조,맑음,단일로 - 기타,승용,남,44세,상해없음,원동기,남,16세,경상
2013032900100089,2013년 3월 29일 06시,금요일,경상남도 양산시 중부동,중상사고,0,1,0,0,차대사람 - 횡단중,안전운전불이행,건조,맑음,교차로 - 교차로부근,승용,여,32세,기타불명,보행자,남,61세,중상
2013032900100110,2013년 3월 29일 07시,금요일,경상남도 창녕군 도천면,중상사고,0,1,0,0,차대차 - 측면직각충돌,교차로운행방법위반,건조,맑음,교차로 - 교차로안,원동기,남,70세,중상,화물,남,45세,상해없음
2013032900100111,2013년 3월 29일 07시,금요일,경상남도 창원시 의창구 신월동,중상사고,0,1,0,0,차대차 - 측면직각충돌,직진우회전진행방해,건조,맑음,교차로 - 교차로안,승용,남,27세,상해없음,승용,남,56세,중상
2013032900100146,2013년 3월 29일 08시,금요일,경상남도 거제시 옥포동,경상사고,0,0,1,0,차대차 - 측면직각충돌,차로위반,건조,맑음,교차로 - 교차로부근,화물,남,37세,상해없음,승용,여,39세,경상
2013032900100147,2013년 3월 29일 08시,금요일,경상남도 창원시 마산회원구 봉암동,경상사고,0,0,1,0,차대차 - 추돌 - 주정차중,안전운전불이행,건조,맑음,단일로 - 기타,승용,남,38세,상해없음,특수,남,30세,경상
2013032900100180,2013년 3월 29일 09시,금요일,경상남도 진주시 상대동,중상사고,0,1,0,0,차대차 - 측면직각충돌,불법유턴,건조,맑음,단일로 - 횡단보도상,자전거,남,70세,중상,화물,남,46세,상해없음
2013032900100181,2013년 3월 29일 09시,금요일,경상남도 창원시 의창구 명서동,경상사고,0,0,1,0,차대차 - 기타,교차로운행방법위반,건조,맑음,교차로 - 교차로안,승용,남,57세,상해없음,승용,여,38세,경상
2013032900100182,2013년 3월 29일 09시,금요일,경상남도 창원시 의창구 대산면,경상사고,0,0,1,0,차대차 - 기타,안전거리미확보,건조,맑음,단일로 - 기타,승용,남,25세,상해없음,승용,여,44세,경상
2013032900100209,2013년 3월 29일 10시,금요일,경상남도 창원시 마산합포구 동성동,중상사고,0,1,0,0,차대사람 - 기타,보행자보호의무위반,건조,맑음,단일로 - 횡단보도상,승용,남,66세,상해없음,보행자,여,73세,중상
2013032900100210,2013년 3월 29일 10시,금요일,경상남도 거제시 장평동,중상사고,0,1,0,0,차대차 - 기타,신호위반,건조,맑음,교차로 - 교차로부근,이륜,남,18세,상해없음,승용,여,40세,중상
2013032900100211,2013년 3월 29일 10시,금요일,경상남도 함안군 칠원면,중상사고,0,1,0,0,차대사람 - 기타,안전운전불이행,건조,맑음,단일로 - 기타,승용,여,36세,상해없음,보행자,여,65세,중상
2013032900100212,2013년 3월 29일 10시,금요일,경상남도 의령군 의령읍,경상사고,0,0,1,0,차대차 - 측면직각충돌,안전운전불이행,건조,맑음,단일로 - 기타,화물,남,47세,상해없음,승용,여,57세,경상
2013032900100234,2013년 3월 29일 11시,금요일,경상남도 양산시 상북면,중상사고,0,2,0,0,차대차 - 측면직각충돌,안전운전불이행,건조,맑음,교차로 - 교차로부근,승용,남,45세,상해없음,화물,남,38세,중상
2013032900100277,2013년 3월 29일 13시,금요일,경상남도 합천군 삼가면,중상사고,0,1,0,0,차량단독 - 전도전복,안전운전불이행,건조,맑음,단일로 - 기타,이륜,남,68세,중상,,,,
2013032900100306,2013년 3월 29일 14시,금요일,경상남도 합천군 청덕면,경상사고,0,0,2,0,차대차 - 추돌 - 진행중,안전거리미확보,건조,맑음,단일로 - 기타,승용,남,38세,상해없음,승용,여,58세,경상
2013032900100348,2013년 3월 29일 15시,금요일,경상남도 진주시 문산읍,중상사고,0,5,0,0,차량단독 - 도로외이탈 - 기타,안전운전불이행,건조,맑음,단일로 - 기타,승용,남,73세,중상,,,,
2013032900100349,2013년 3월 29일 15시,금요일,경상남도 진주시 정촌면,중상사고,0,1,0,0,차대차 - 추돌 - 주정차중,중앙선침범,건조,맑음,단일로 - 기타,화물,남,21세,상해없음,화물,남,32세,중상
2013032900100388,2013년 3월 29일 16시,금요일,경상남도 통영시 광도면,경상사고,0,0,1,0,차대차 - 측면직각충돌,중앙선침범,건조,맑음,단일로 - 기타,승용,남,31세,상해없음,승용,남,39세,경상
2013032900100417,2013년 3월 29일 17시,금요일,경상남도 창원시 진해구 자은동,경상사고,0,0,1,0,차대사람 - 차도통행중,안전운전불이행,건조,맑음,단일로 - 기타,화물,남,38세,상해없음,보행자,여,5세,경상
2013032900100418,2013년 3월 29일 17시,금요일,경상남도 통영시 정량동,경상사고,0,0,1,0,차대차 - 측면직각충돌,직진우회전진행방해,건조,맑음,교차로 - 교차로부근,이륜,남,71세,경상,승용,남,25세,상해없음
2013032900100419,2013년 3월 29일 17시,금요일,경상남도 창원시 성산구 상남동,중상사고,0,1,0,0,차대사람 - 차도통행중,안전운전불이행,건조,맑음,단일로 - 기타,원동기,남,18세,상해없음,보행자,여,52세,중상
2013032900100420,2013년 3월 29일 17시,금요일,경상남도 김해시 장유면,중상사고,0,3,0,0,차대차 - 추돌 - 주정차중,안전운전불이행,건조,맑음,단일로 - 기타,승용,여,44세,상해없음,승용,여,39세,중상
2013032900100446,2013년 3월 29일 18시,금요일,경상남도 김해시 삼계동,경상사고,0,0,1,0,차대차 - 기타,안전운전불이행,건조,맑음,단일로 - 기타,승용,남,24세,상해없음,이륜,남,17세,경상
2013032900100489,2013년 3월 29일 19시,금요일,경상남도 진주시 명석면,사망사고,1,0,0,0,차대사람 - 기타,안전운전불이행,건조,맑음,단일로 - 기타,화물,남,68세,상해없음,보행자,남,56세,사망
2013032900100490,2013년 3월 29일 19시,금요일,경상남도 통영시 항남동,경상사고,0,0,4,1,차대차 - 측면직각충돌,중앙선침범,건조,맑음,단일로 - 기타,화물,남,47세,부상신고,승합,남,43세,경상
2013032900100491,2013년 3월 29일 19시,금요일,경상남도 창원시 마산회원구 합성동,경상사고,0,0,1,0,차대사람 - 차도통행중,안전운전불이행,건조,맑음,단일로 - 기타,승용,남,57세,상해없음,보행자,남,26세,경상
2013032900100522,2013년 3월 29일 20시,금요일,경상남도 창원시 성산구 가음정동,경상사고,0,0,1,0,차대차 - 추돌 - 주정차중,안전운전불이행,건조,맑음,단일로 - 기타,승용,남,55세,상해없음,승용,여,22세,경상
2013032900100523,2013년 3월 29일 20시,금요일,경상남도 창원시 마산회원구 합성동,경상사고,0,0,1,0,차대사람 - 기타,안전운전불이행,건조,맑음,단일로 - 기타,승용,여,22세,상해없음,보행자,남,28세,경상
2013032900100564,2013년 3월 29일 21시,금요일,경상남도 거제시 상동동,경상사고,0,0,1,0,차대차 - 기타,안전운전불이행,건조,맑음,교차로 - 교차로부근,승용,여,47세,상해없음,승용,여,39세,상해없음
2013032900100612,2013년 3월 29일 22시,금요일,경상남도 함양군 함양읍,경상사고,0,0,1,0,차대차 - 측면직각충돌,안전운전불이행,건조,맑음,교차로 - 교차로안,승용,남,57세,상해없음,원동기,남,17세,경상
2013032900100613,2013년 3월 29일 22시,금요일,경상남도 창원시 마산회원구 내서읍,중상사고,0,1,0,0,차대차 - 기타,신호위반,건조,맑음,교차로 - 교차로안,승용,여,45세,상해없음,원동기,남,16세,중상
2013032900100614,2013년 3월 29일 22시,금요일,경상남도 창원시 의창구 봉곡동,경상사고,0,0,1,0,차대사람 - 기타,안전운전불이행,건조,맑음,단일로 - 기타,기타불명,기타불명,기타불명,기타불명,보행자,남,52세,경상
2013032900100646,2013년 3월 29일 23시,금요일,경상남도 진주시 상대동,경상사고,0,0,1,0,차대차 - 기타,안전거리미확보,건조,맑음,교차로 - 교차로안,원동기,남,41세,경상,승용,남,51세,상해없음
2013032900100647,2013년 3월 29일 23시,금요일,경상남도 함안군 가야읍,경상사고,0,0,1,0,차대차 - 기타,안전운전불이행,건조,맑음,단일로 - 기타,승용,남,25세,상해없음,승용,여,51세,경상
2013032900100648,2013년 3월 29일 23시,금요일,경상남도 창원시 마산회원구 내서읍,중상사고,0,1,0,0,차대차 - 정면충돌,중앙선침범,건조,맑음,미분류 - 미분류,승용,여,45세,상해없음,승용,남,42세,상해없음
2013033000100019,2013년 3월 30일 00시,토요일,경상남도 김해시 삼방동,경상사고,0,0,1,0,차대사람 - 차도통행중,안전운전불이행,건조,맑음,단일로 - 기타,기타불명,기타불명,기타불명,기타불명,보행자,남,21세,경상
2013033000100069,2013년 3월 30일 02시,토요일,경상남도 밀양시 가곡동,경상사고,0,0,1,0,차대사람 - 기타,안전운전불이행,건조,맑음,단일로 - 기타,승용,남,39세,상해없음,보행자,남,49세,경상
2013033000100089,2013년 3월 30일 03시,토요일,경상남도 진주시 금곡면,중상사고,0,1,0,0,차량단독 - 공작물충돌,안전운전불이행,건조,맑음,단일로 - 기타,승용,남,25세,상해없음,,,,
2013033000100104,2013년 3월 30일 04시,토요일,경상남도 진주시 상대동,경상사고,0,0,1,0,차대차 - 추돌 - 주정차중,안전운전불이행,건조,맑음,교차로 - 교차로부근,승용,남,35세,상해없음,승용,남,58세,상해없음
2013033000100105,2013년 3월 30일 04시,토요일,경상남도 양산시 덕계동,경상사고,0,0,3,1,차대차 - 추돌 - 진행중,안전운전불이행,건조,맑음,기타 - 기타,승용,남,26세,상해없음,승합,남,51세,부상신고
2013033000100106,2013년 3월 30일 04시,토요일,경상남도 창원시 성산구 중앙동,중상사고,0,2,0,0,차대차 - 추돌 - 주정차중,안전운전불이행,건조,맑음,단일로 - 기타,승용,남,44세,상해없음,승용,남,31세,중상
2013033000100131,2013년 3월 30일 06시,토요일,경상남도 창원시 마산합포구 신포동1가,경상사고,0,0,2,0,차대차 - 기타,안전거리미확보,건조,맑음,교차로 - 교차로부근,승용,남,22세,상해없음,승용,남,57세,경상
2013033000100132,2013년 3월 30일 06시,토요일,경상남도 김해시 진례면,중상사고,0,2,0,0,차량단독 - 전도전복,안전운전불이행,건조,맑음,단일로 - 기타,화물,남,52세,상해없음,,,,
2013033000100171,2013년 3월 30일 08시,토요일,경상남도 합천군 묘산면,중상사고,0,1,0,0,차대차 - 측면직각충돌,중앙선침범,건조,맑음,단일로 - 기타,화물,남,57세,상해없음,이륜,남,66세,중상
2013033000100172,2013년 3월 30일 08시,토요일,경상남도 창원시 의창구 퇴촌동,중상사고,0,1,0,0,차대사람 - 횡단중,안전운전불이행,건조,맑음,기타 - 기타,승합,남,40세,상해없음,보행자,남,28세,중상
2013033000100173,2013년 3월 30일 08시,토요일,경상남도 창원시 성산구 가음동,경상사고,0,0,1,0,차대차 - 추돌 - 주정차중,안전운전불이행,건조,맑음,교차로 - 교차로부근,화물,남,62세,상해없음,승용,남,65세,경상
2013033000100174,2013년 3월 30일 08시,토요일,경상남도 창녕군 장마면,중상사고,0,2,1,0,차대차 - 측면직각충돌,차로위반,건조,맑음,단일로 - 기타,화물,남,42세,상해없음,승용,남,44세,중상
2013033000100202,2013년 3월 30일 09시,토요일,경상남도 사천시 죽림동,경상사고,0,0,6,0,차대차 - 추돌 - 주정차중,안전운전불이행,건조,맑음,단일로 - 기타,승용,남,41세,경상,화물,남,49세,상해없음
2013033000100203,2013년 3월 30일 09시,토요일,경상남도 양산시 물금읍,부상신고사고,0,0,0,1,차대차 - 측면직각충돌,안전운전불이행,건조,맑음,단일로 - 기타,승용,여,46세,상해없음,승용,남,28세,부상신고
2013033000100204,2013년 3월 30일 09시,토요일,경상남도 하동군 화개면,경상사고,0,0,1,0,차대사람 - 길가장자리구역통행중,안전운전불이행,건조,맑음,단일로 - 교량,승용,여,46세,상해없음,보행자,남,60세,경상
2013033000100227,2013년 3월 30일 10시,토요일,경상남도 창원시 마산합포구 신포동1가,경상사고,0,0,1,0,차대차 - 측면직각충돌,교차로운행방법위반,건조,맑음,교차로 - 교차로안,승용,남,62세,상해없음,원동기,남,48세,경상
2013033000100228,2013년 3월 30일 10시,토요일,경상남도 김해시 삼계동,중상사고,0,1,1,0,차대차 - 추돌 - 주정차중,안전운전불이행,습기,맑음,교차로 - 교차로부근,화물,남,33세,상해없음,승용,남,51세,중상
2013033000100254,2013년 3월 30일 11시,토요일,경상남도 사천시 서포면,경상사고,0,0,2,0,차대차 - 추돌 - 진행중,안전운전불이행,건조,맑음,단일로 - 기타,화물,남,47세,상해없음,승용,남,24세,경상
2013033000100255,2013년 3월 30일 11시,토요일,경상남도 의령군 화정면,중상사고,0,1,0,0,차대차 - 추돌 - 진행중,안전운전불이행,건조,맑음,단일로 - 기타,화물,남,60세,상해없음,이륜,남,77세,중상
2013033000100278,2013년 3월 30일 12시,토요일,경상남도 남해군 고현면,경상사고,0,0,1,0,차대차 - 측면직각충돌,교차로운행방법위반,건조,맑음,교차로 - 교차로부근,원동기,남,73세,경상,승용,남,41세,상해없음
2013033000100306,2013년 3월 30일 13시,토요일,경상남도 사천시 대방동,경상사고,0,0,3,0,차대차 - 추돌 - 주정차중,안전운전불이행,건조,맑음,단일로 - 기타,승용,남,44세,상해없음,승용,남,41세,경상
2013033000100307,2013년 3월 30일 13시,토요일,경상남도 산청군 신안면,부상신고사고,0,0,0,1,차대차 - 측면직각충돌,교차로운행방법위반,건조,맑음,교차로 - 교차로안,화물,남,28세,상해없음,승용,남,51세,상해없음
2013033000100308,2013년 3월 30일 13시,토요일,경상남도 창원시 성산구 외동,경상사고,0,0,1,0,차대차 - 측면직각충돌,신호위반,건조,맑음,교차로 - 교차로안,승용,남,58세,상해없음,자전거,남,16세,경상
2013033000100309,2013년 3월 30일 13시,토요일,경상남도 창원시 의창구 명서동,중상사고,0,1,0,0,차대사람 - 차도통행중,안전운전불이행,건조,맑음,단일로 - 기타,승용,남,52세,상해없음,보행자,남,16세,중상
2013033000100340,2013년 3월 30일 14시,토요일,경상남도 창원시 의창구 소답동,경상사고,0,0,1,0,차대차 - 기타,안전거리미확보,건조,맑음,교차로 - 교차로부근,승용,남,29세,상해없음,승용,여,52세,상해없음
2013033000100369,2013년 3월 30일 15시,토요일,경상남도 창원시 진해구 용원동,경상사고,0,0,1,0,차대차 - 추돌 - 진행중,안전운전불이행,건조,맑음,교차로 - 교차로안,승용,남,52세,상해없음,승용,여,41세,경상
2013033000100370,2013년 3월 30일 15시,토요일,경상남도 하동군 진교면,경상사고,0,0,3,0,차대차 - 추돌 - 진행중,안전거리미확보,건조,맑음,단일로 - 터널,승용,남,18세,상해없음,승용,남,23세,경상
2013033000100399,2013년 3월 30일 16시,토요일,경상남도 창원시 진해구 용원동,경상사고,0,0,6,0,차대차 - 추돌 - 진행중,안전거리미확보,건조,맑음,교차로 - 교차로부근,승용,여,37세,상해없음,승용,남,28세,경상
2013033000100400,2013년 3월 30일 16시,토요일,경상남도 양산시 북정동,경상사고,0,0,2,0,차대차 - 측면직각충돌,직진우회전진행방해,건조,맑음,교차로 - 교차로안,건설기계,남,50세,상해없음,승용,남,23세,경상
2013033000100401,2013년 3월 30일 16시,토요일,경상남도 양산시 물금읍,경상사고,0,0,1,0,차대차 - 측면직각충돌,안전운전불이행,건조,맑음,교차로 - 교차로부근,이륜,남,17세,상해없음,승용,남,71세,경상
2013033000100402,2013년 3월 30일 16시,토요일,경상남도 함안군 칠서면,중상사고,0,2,3,0,차대차 - 측면직각충돌,중앙선침범,건조,맑음,단일로 - 기타,승용,여,51세,경상,건설기계,남,53세,경상
2013033000100403,2013년 3월 30일 16시,토요일,경상남도 김해시 장유면,경상사고,0,0,1,0,차대차 - 측면직각충돌,안전운전불이행,건조,맑음,교차로 - 교차로안,승용,남,59세,상해없음,이륜,남,43세,경상
2013033000100435,2013년 3월 30일 17시,토요일,경상남도 창원시 마산합포구 진전면,경상사고,0,0,2,0,차대차 - 측면직각충돌,안전거리미확보,건조,맑음,단일로 - 기타,승용,여,52세,경상,화물,남,31세,경상
2013033000100436,2013년 3월 30일 17시,토요일,경상남도 창원시 마산합포구 남성동,경상사고,0,0,1,0,차대차 - 추돌 - 진행중,안전거리미확보,건조,맑음,단일로 - 기타,승용,남,64세,상해없음,승용,남,60세,상해없음
2013033000100437,2013년 3월 30일 17시,토요일,경상남도 진주시 하대동,중상사고,0,2,0,0,차대차 - 기타,안전운전불이행,건조,맑음,교차로 - 교차로안,승합,남,44세,상해없음,자전거,여,10세,중상
2013033000100438,2013년 3월 30일 17시,토요일,경상남도 거창군 마리면,중상사고,0,1,0,0,차량단독 - 공작물충돌,안전운전불이행,건조,맑음,단일로 - 기타,화물,남,55세,상해없음,,,,
2013033000100439,2013년 3월 30일 17시,토요일,경상남도 양산시 동면,경상사고,0,0,1,0,차대차 - 측면직각충돌,안전운전불이행,건조,맑음,단일로 - 기타,승용,여,59세,상해없음,승용,남,59세,경상
2013033000100440,2013년 3월 30일 17시,토요일,경상남도 남해군 남해읍,사망사고,1,0,0,0,차대사람 - 횡단중,보행자보호의무위반,건조,맑음,단일로 - 횡단보도상,승용,남,47세,상해없음,보행자,여,73세,사망
2013033000100441,2013년 3월 30일 17시,토요일,경상남도 창원시 성산구 안민동,경상사고,0,0,1,0,차대차 - 측면직각충돌,신호위반,건조,맑음,교차로 - 교차로안,승용,남,54세,상해없음,승합,남,58세,경상
2013033000100442,2013년 3월 30일 17시,토요일,경상남도 창원시 성산구 반림동,중상사고,0,1,0,0,차대사람 - 횡단중,안전운전불이행,건조,맑음,단일로 - 기타,승용,여,38세,상해없음,보행자,남,12세,중상
2013033000100483,2013년 3월 30일 18시,토요일,경상남도 거제시 연초면,중상사고,0,1,0,0,차대차 - 기타,안전운전불이행,건조,맑음,단일로 - 기타,승용,남,40세,상해없음,이륜,남,53세,중상
2013033000100538,2013년 3월 30일 19시,토요일,경상남도 진주시 칠암동,경상사고,0,0,1,0,차대차 - 기타,안전운전불이행,건조,흐림,단일로 - 기타,자전거,남,51세,경상,승용,여,66세,상해없음