사고번호,사고일시,요일,시군구,사고내용,사망자수,중상자수,경상자수,부상신고자수,사고유형,법규위반,노면상태,기상상태,도로형태,가해운전자 차종,가해운전자 성별,가해운전자 연령,가해운전자 상해정도,피해운전자 차종,피해운전자 성별,피해운전자 연령,피해운전자 상해정도
2013033000100539,2013년 3월 30일 19시,토요일,경상남도 김해시 삼정동,중상사고,0,1,0,0,차대차 - 측면직각충돌,직진우회전진행방해,건조,맑음,교차로 - 교차로안,승용,남,68세,상해없음,승용,여,48세,중상
2013033000100581,2013년 3월 30일 20시,토요일,경상남도 함양군 함양읍,경상사고,0,0,1,0,차대사람 - 횡단중,안전운전불이행,건조,맑음,교차로 - 교차로안,승용,여,51세,상해없음,보행자,남,10세,경상
2013033000100623,2013년 3월 30일 21시,토요일,경상남도 통영시 북신동,경상사고,0,0,1,0,차대차 - 측면직각충돌,안전운전불이행,건조,맑음,교차로 - 교차로안,승용,남,31세,상해없음,이륜,남,16세,경상
2013033000100662,2013년 3월 30일 22시,토요일,경상남도 김해시 부원동,경상사고,0,0,3,0,차대차 - 측면직각충돌,안전거리미확보,건조,맑음,단일로 - 기타,승합,남,43세,상해없음,승용,여,41세,경상
2013033000100663,2013년 3월 30일 22시,토요일,경상남도 함안군 가야읍,중상사고,0,1,0,0,차대사람 - 기타,안전운전불이행,건조,흐림,단일로 - 기타,화물,남,32세,상해없음,보행자,여,16세,중상
2013033000100700,2013년 3월 30일 23시,토요일,경상남도 사천시 사천읍,사망사고,1,0,0,0,차대사람 - 기타,안전운전불이행,건조,흐림,단일로 - 기타,승용,남,25세,상해없음,보행자,남,45세,사망
2013033000100701,2013년 3월 30일 23시,토요일,경상남도 사천시 벌리동,경상사고,0,0,1,0,차대차 - 측면직각충돌,직진우회전진행방해,건조,맑음,교차로 - 교차로안,승용,남,60세,상해없음,승용,남,63세,상해없음
2013033000100702,2013년 3월 30일 23시,토요일,경상남도 창원시 성산구 웅남동,사망사고,1,1,0,1,차대차 - 측면직각충돌,신호위반,건조,맑음,교차로 - 교차로안,승용,남,23세,상해없음,승용,남,50세,상해없음
2013033000100703,2013년 3월 30일 23시,토요일,경상남도 김해시 주촌면,중상사고,0,1,0,0,차량단독 - 도로외이탈 - 추락,안전운전불이행,건조,맑음,기타 - 기타,원동기,남,31세,중상,,,,
2013033100100013,2013년 3월 31일 00시,일요일,경상남도 진주시 금산면,부상신고사고,0,0,0,1,차량단독 - 기타,안전운전불이행,습기,비,단일로 - 기타,승용,남,44세,부상신고,,,,
2013033100100014,2013년 3월 31일 00시,일요일,경상남도 창원시 진해구 경화동,경상사고,0,0,2,0,차대차 - 추돌 - 주정차중,안전운전불이행,건조,맑음,교차로 - 교차로부근,승용,남,26세,상해없음,승용,여,67세,기타불명
2013033100100015,2013년 3월 31일 00시,일요일,경상남도 창원시 성산구 상남동,경상사고,0,0,1,0,차대차 - 추돌 - 진행중,안전거리미확보,건조,맑음,교차로 - 교차로안,승용,남,56세,상해없음,승용,남,60세,상해없음
2013033100100042,2013년 3월 31일 01시,일요일,경상남도 창원시 성산구 상남동,경상사고,0,0,1,0,차대사람 - 횡단중,안전운전불이행,건조,맑음,단일로 - 기타,승용,남,23세,상해없음,보행자,여,40세,경상
2013033100100070,2013년 3월 31일 02시,일요일,경상남도 창원시 마산회원구 내서읍,중상사고,0,1,1,0,차대차 - 추돌 - 주정차중,안전운전불이행,습기,비,단일로 - 기타,승용,남,35세,상해없음,승용,남,57세,중상
2013033100100091,2013년 3월 31일 04시,일요일,경상남도 거제시 고현동,중상사고,0,4,0,0,차대차 - 기타,교차로운행방법위반,기타,비,교차로 - 교차로안,승용,여,43세,상해없음,승용,여,37세,중상
2013033100100092,2013년 3월 31일 04시,일요일,경상남도 김해시 진례면,중상사고,0,2,0,0,차량단독 - 도로외이탈 - 추락,안전운전불이행,습기,비,단일로 - 기타,승용,남,53세,상해없음,,,,
2013033100100107,2013년 3월 31일 05시,일요일,경상남도 진주시 상평동,경상사고,0,0,2,0,차대차 - 추돌 - 주정차중,안전운전불이행,습기,비,교차로 - 교차로안,승용,남,20세,상해없음,승용,남,63세,경상
2013033100100125,2013년 3월 31일 07시,일요일,경상남도 창원시 마산합포구 남성동,경상사고,0,0,1,0,차대사람 - 길가장자리구역통행중,안전운전불이행,습기,맑음,단일로 - 기타,승용,남,54세,상해없음,보행자,여,35세,경상
2013033100100126,2013년 3월 31일 07시,일요일,경상남도 창원시 마산회원구 석전동,중상사고,0,1,3,0,차대차 - 측면직각충돌,안전운전불이행,건조,맑음,교차로 - 교차로안,승용,남,65세,상해없음,승용,남,56세,경상
2013033100100182,2013년 3월 31일 11시,일요일,경상남도 진주시 상대동,경상사고,0,0,1,0,차대차 - 기타,안전운전불이행,건조,맑음,교차로 - 교차로안,승용,여,25세,상해없음,자전거,남,43세,경상
2013033100100203,2013년 3월 31일 12시,일요일,경상남도 김해시 구산동,중상사고,0,1,0,0,차대사람 - 횡단중,안전운전불이행,건조,맑음,교차로 - 교차로안,화물,남,48세,상해없음,보행자,여,11세,중상
2013033100100204,2013년 3월 31일 12시,일요일,경상남도 거제시 장평동,중상사고,0,1,0,0,차대차 - 측면직각충돌,교차로운행방법위반,건조,맑음,교차로 - 교차로안,승용,여,46세,상해없음,이륜,남,41세,중상
2013033100100205,2013년 3월 31일 12시,일요일,경상남도 창원시 의창구 팔용동,중상사고,0,1,0,0,차대차 - 측면직각충돌,교차로운행방법위반,건조,맑음,교차로 - 교차로안,승용,남,43세,상해없음,화물,남,28세,중상
2013033100100221,2013년 3월 31일 13시,일요일,경상남도 진주시 망경동,중상사고,0,1,0,0,차대차 - 기타,안전운전불이행,건조,맑음,교차로 - 교차로부근,승용,남,45세,상해없음,기타불명,여,75세,중상
2013033100100222,2013년 3월 31일 13시,일요일,경상남도 사천시 곤명면,부상신고사고,0,0,0,1,차대차 - 정면충돌,안전운전불이행,건조,맑음,단일로 - 기타,화물,남,70세,부상신고,승용,남,34세,상해없음
2013033100100223,2013년 3월 31일 13시,일요일,경상남도 김해시 어방동,경상사고,0,0,2,0,차대차 - 측면직각충돌,교차로운행방법위반,건조,맑음,교차로 - 교차로안,승용,남,53세,경상,승용,남,57세,상해없음
2013033100100282,2013년 3월 31일 15시,일요일,경상남도 통영시 북신동,경상사고,0,0,2,1,차대차 - 추돌 - 진행중,안전운전불이행,건조,맑음,단일로 - 기타,화물,남,55세,부상신고,화물,남,35세,경상
2013033100100283,2013년 3월 31일 15시,일요일,경상남도 사천시 정동면,경상사고,0,0,2,0,차대차 - 측면직각충돌,중앙선침범,건조,맑음,교차로 - 교차로부근,승용,여,50세,상해없음,승용,남,37세,경상
2013033100100284,2013년 3월 31일 15시,일요일,경상남도 밀양시 청도면,중상사고,0,3,0,0,차대차 - 정면충돌,중앙선침범,건조,맑음,단일로 - 기타,승용,남,26세,상해없음,이륜,남,26세,중상
2013033100100285,2013년 3월 31일 15시,일요일,경상남도 김해시 어방동,경상사고,0,0,1,0,차대차 - 추돌 - 진행중,안전운전불이행,건조,맑음,교차로 - 교차로안,승용,여,28세,상해없음,승용,남,54세,경상
2013033100100286,2013년 3월 31일 15시,일요일,경상남도 하동군 하동읍,중상사고,0,1,4,0,차대차 - 추돌 - 진행중,안전운전불이행,건조,맑음,단일로 - 기타,승용,여,55세,상해없음,승용,남,47세,경상
2013033100100287,2013년 3월 31일 15시,일요일,경상남도 거제시 남부면,경상사고,0,0,3,0,차대차 - 추돌 - 진행중,안전운전불이행,건조,맑음,교차로 - 교차로안,승용,남,29세,상해없음,승용,남,35세,경상
2013033100100319,2013년 3월 31일 16시,일요일,경상남도 김해시 장유면,경상사고,0,0,4,0,차대차 - 추돌 - 주정차중,안전운전불이행,건조,맑음,단일로 - 기타,승용,남,34세,상해없음,승용,여,38세,경상
2013033100100320,2013년 3월 31일 16시,일요일,경상남도 김해시 진영읍,경상사고,0,0,6,0,차대차 - 측면직각충돌,안전거리미확보,건조,맑음,단일로 - 기타,승용,남,45세,경상,승용,남,57세,경상
2013033100100345,2013년 3월 31일 17시,일요일,경상남도 김해시 동상동,중상사고,0,1,0,0,차량단독 - 기타,안전운전불이행,건조,맑음,단일로 - 기타,자전거,남,65세,중상,,,,
2013033100100346,2013년 3월 31일 17시,일요일,경상남도 거창군 거창읍,경상사고,0,0,1,0,차대사람 - 차도통행중,안전운전불이행,건조,맑음,단일로 - 기타,승용,남,48세,상해없음,보행자,남,21세,경상
2013033100100347,2013년 3월 31일 17시,일요일,경상남도 하동군 청암면,사망사고,1,2,1,0,차량단독 - 도로외이탈 - 추락,안전운전불이행,건조,맑음,단일로 - 기타,승용,남,75세,경상,,,,
2013033100100348,2013년 3월 31일 17시,일요일,경상남도 창원시 성산구 성산동,중상사고,0,1,0,0,차대차 - 측면직각충돌,신호위반,건조,맑음,교차로 - 교차로안,승용,남,36세,상해없음,승용,남,24세,중상
2013033100100349,2013년 3월 31일 17시,일요일,경상남도 김해시 진영읍,경상사고,0,0,1,0,차대차 - 기타,교차로운행방법위반,건조,맑음,교차로 - 교차로안,승용,여,58세,상해없음,이륜,남,27세,경상
2013033100100372,2013년 3월 31일 18시,일요일,경상남도 거창군 거창읍,중상사고,0,1,0,0,차대사람 - 차도통행중,안전운전불이행,건조,맑음,단일로 - 기타,승용,여,61세,상해없음,보행자,남,17세,중상
2013033100100373,2013년 3월 31일 18시,일요일,경상남도 양산시 물금읍,경상사고,0,0,2,0,차대차 - 추돌 - 주정차중,안전운전불이행,건조,맑음,단일로 - 기타,승용,남,53세,상해없음,승용,남,29세,경상
2013033100100374,2013년 3월 31일 18시,일요일,경상남도 산청군 단성면,중상사고,0,1,1,0,차대차 - 정면충돌,교차로운행방법위반,건조,맑음,교차로 - 교차로안,승용,여,50세,경상,승용,남,54세,중상
2013033100100406,2013년 3월 31일 19시,일요일,경상남도 거창군 가조면,중상사고,0,5,0,0,차대차 - 정면충돌,중앙선침범,건조,맑음,단일로 - 기타,승용,여,63세,중상,승용,남,37세,중상
2013033100100438,2013년 3월 31일 20시,일요일,경상남도 거제시 장승포동,중상사고,0,1,0,0,차대사람 - 기타,신호위반,건조,맑음,교차로 - 교차로부근,승용,남,50세,상해없음,보행자,남,31세,중상
2013033100100469,2013년 3월 31일 21시,일요일,경상남도 진주시 초전동,경상사고,0,0,2,1,차대차 - 기타,안전운전불이행,건조,맑음,교차로 - 교차로안,화물,남,59세,부상신고,승용,남,55세,경상
2013033100100470,2013년 3월 31일 21시,일요일,경상남도 거제시 옥포동,경상사고,0,0,1,0,차대차 - 측면직각충돌,안전운전불이행,건조,맑음,교차로 - 교차로안,승용,남,33세,상해없음,승용,남,21세,경상
2013033100100496,2013년 3월 31일 22시,일요일,경상남도 통영시 광도면,경상사고,0,0,1,0,차대사람 - 기타,안전운전불이행,건조,맑음,단일로 - 기타,승용,여,54세,상해없음,보행자,남,53세,경상
2013033100100497,2013년 3월 31일 22시,일요일,경상남도 거제시 장평동,경상사고,0,0,1,0,차대차 - 기타,중앙선침범,건조,맑음,기타 - 기타,승용,여,33세,상해없음,승용,남,34세,기타불명
2013033100100498,2013년 3월 31일 22시,일요일,경상남도 창원시 마산회원구 회성동,중상사고,0,1,0,0,차대사람 - 횡단중,안전운전불이행,건조,맑음,교차로 - 교차로안,승용,남,31세,상해없음,보행자,여,71세,중상
2013033100100519,2013년 3월 31일 23시,일요일,경상남도 진주시 칠암동,중상사고,0,1,2,1,차대차 - 기타,중앙선침범,건조,맑음,단일로 - 기타,승용,여,29세,부상신고,승용,남,41세,중상
2013033100100520,2013년 3월 31일 23시,일요일,경상남도 창녕군 남지읍,중상사고,0,2,1,0,차대차 - 정면충돌,중앙선침범,건조,맑음,단일로 - 기타,승용,남,35세,중상,승합,남,49세,경상
2013040100100008,2013년 4월 1일 00시,월요일,경상남도 창원시 진해구 여좌동,경상사고,0,0,3,0,차대차 - 측면직각충돌,교차로운행방법위반,건조,맑음,교차로 - 교차로안,승용,남,46세,상해없음,승용,남,31세,경상
2013040100100009,2013년 4월 1일 00시,월요일,경상남도 사천시 사천읍,중상사고,0,2,2,0,차대차 - 기타,안전운전불이행,건조,맑음,단일로 - 기타,승용,남,29세,상해없음,승용,여,40세,중상
2013040100100023,2013년 4월 1일 01시,월요일,경상남도 양산시 덕계동,중상사고,0,4,0,0,차대차 - 측면직각충돌,교차로운행방법위반,건조,맑음,교차로 - 교차로안,승용,남,57세,상해없음,승용,남,36세,중상
2013040100100024,2013년 4월 1일 01시,월요일,경상남도 의령군 봉수면,사망사고,1,0,0,0,차량단독 - 도로외이탈 - 추락,안전운전불이행,건조,맑음,단일로 - 기타,이륜,남,56세,사망,,,,
2013040100100027,2013년 4월 1일 02시,월요일,경상남도 창원시 진해구 여좌동,중상사고,0,2,0,0,차대차 - 기타,직진우회전진행방해,건조,맑음,교차로 - 교차로안,승합,남,50세,상해없음,승용,여,36세,중상
2013040100100050,2013년 4월 1일 05시,월요일,경상남도 진주시 가좌동,경상사고,0,0,1,0,차대사람 - 횡단중,안전운전불이행,건조,맑음,교차로 - 교차로부근,승용,남,30세,상해없음,보행자,남,16세,경상
2013040100100051,2013년 4월 1일 05시,월요일,경상남도 사천시 벌리동,중상사고,0,1,0,0,차대사람 - 횡단중,보행자보호의무위반,건조,맑음,교차로 - 교차로안,승용,여,65세,상해없음,보행자,여,65세,중상
2013040100100052,2013년 4월 1일 05시,월요일,경상남도 김해시 불암동,경상사고,0,0,1,0,차대차 - 추돌 - 주정차중,안전운전불이행,건조,맑음,단일로 - 기타,화물,남,31세,상해없음,승용,남,24세,경상
2013040100100053,2013년 4월 1일 05시,월요일,경상남도 고성군 고성읍,경상사고,0,0,1,0,차대차 - 정면충돌,신호위반,건조,맑음,교차로 - 교차로안,승용,남,22세,상해없음,승용,남,65세,경상
2013040100100079,2013년 4월 1일 07시,월요일,경상남도 진주시 상대동,부상신고사고,0,0,0,1,차대사람 - 횡단중,안전운전불이행,건조,맑음,단일로 - 횡단보도상,승용,남,29세,상해없음,보행자,남,14세,부상신고
2013040100100080,2013년 4월 1일 07시,월요일,경상남도 진주시 인사동,경상사고,0,0,1,0,차대차 - 기타,안전운전불이행,건조,맑음,교차로 - 교차로안,승용,여,49세,상해없음,자전거,남,46세,경상
2013040100100082,2013년 4월 1일 07시,월요일,경상남도 김해시 삼방동,경상사고,0,0,1,0,차대사람 - 기타,안전운전불이행,건조,맑음,단일로 - 기타,승용,남,63세,상해없음,보행자,남,16세,경상
2013040100100083,2013년 4월 1일 07시,월요일,경상남도 양산시 하북면,중상사고,0,3,0,0,차대차 - 측면직각충돌,신호위반,건조,맑음,교차로 - 교차로안,승용,여,39세,상해없음,승용,남,49세,중상
2013040100100137,2013년 4월 1일 09시,월요일,경상남도 창원시 마산합포구 해운동,경상사고,0,0,1,0,차대차 - 측면직각충돌,안전운전불이행,건조,맑음,교차로 - 교차로부근,승용,여,56세,상해없음,자전거,남,23세,경상
2013040100100138,2013년 4월 1일 09시,월요일,경상남도 창원시 의창구 팔용동,경상사고,0,0,1,0,차대차 - 추돌 - 진행중,안전운전불이행,건조,맑음,교차로 - 교차로안,승용,여,43세,상해없음,승용,남,75세,경상
2013040100100165,2013년 4월 1일 10시,월요일,경상남도 통영시 항남동,중상사고,0,1,0,0,차대사람 - 횡단중,보행자보호의무위반,건조,맑음,교차로 - 교차로안,화물,남,60세,상해없음,보행자,여,40세,중상
2013040100100166,2013년 4월 1일 10시,월요일,경상남도 통영시 광도면,중상사고,0,1,0,0,차대차 - 기타,교차로운행방법위반,건조,맑음,교차로 - 교차로안,원동기,남,63세,중상,승용,남,65세,상해없음
2013040100100167,2013년 4월 1일 10시,월요일,경상남도 함양군 서상면,중상사고,0,1,0,0,차대사람 - 기타,안전운전불이행,건조,맑음,단일로 - 기타,승용,남,41세,상해없음,보행자,여,72세,중상
2013040100100168,2013년 4월 1일 10시,월요일,경상남도 창원시 마산회원구 합성동,경상사고,0,0,1,0,차대사람 - 기타,안전운전불이행,건조,맑음,단일로 - 횡단보도상,승용,남,40세,상해없음,보행자,여,44세,경상
2013040100100217,2013년 4월 1일 12시,월요일,경상남도 거창군 거창읍,경상사고,0,0,1,0,차대차 - 측면직각충돌,교차로운행방법위반,건조,맑음,교차로 - 교차로안,승용,남,47세,상해없음,승용,남,58세,경상
2013040100100240,2013년 4월 1일 13시,월요일,경상남도 합천군 묘산면,경상사고,0,0,1,0,차량단독 - 공작물충돌,안전운전불이행,건조,맑음,교차로 - 교차로안,원동기,여,57세,경상,,,,
2013040100100241,2013년 4월 1일 13시,월요일,경상남도 양산시 물금읍,중상사고,0,2,0,0,차대차 - 측면직각충돌,안전운전불이행,건조,맑음,단일로 - 기타,승용,여,32세,상해없음,승용,남,22세,중상
2013040100100242,2013년 4월 1일 13시,월요일,경상남도 창원시 의창구 명서동,경상사고,0,0,1,0,차대차 - 측면직각충돌,안전운전불이행,건조,맑음,교차로 - 교차로부근,승용,여,31세,상해없음,자전거,여,46세,경상
2013040100100271,2013년 4월 1일 14시,월요일,경상남도 창원시 진해구 인의동,중상사고,0,1,0,0,차대사람 - 기타,안전운전불이행,건조,맑음,단일로 - 기타,승용,남,27세,상해없음,보행자,남,25세,중상
2013040100100272,2013년 4월 1일 14시,월요일,경상남도 통영시 정량동,경상사고,0,0,1,0,차대차 - 측면직각충돌,안전운전불이행,건조,맑음,단일로 - 기타,승용,여,58세,상해없음,승용,여,32세,경상
2013040100100295,2013년 4월 1일 15시,월요일,경상남도 진주시 장대동,경상사고,0,0,1,0,차대사람 - 보도통행중,신호위반,건조,맑음,단일로 - 횡단보도상,승용,남,34세,상해없음,보행자,남,21세,경상
2013040100100296,2013년 4월 1일 15시,월요일,경상남도 김해시 외동,경상사고,0,0,1,0,차대차 - 측면직각충돌,교차로운행방법위반,건조,맑음,교차로 - 교차로안,승용,여,24세,상해없음,승용,여,46세,경상
2013040100100330,2013년 4월 1일 16시,월요일,경상남도 김해시 생림면,경상사고,0,0,1,0,차대차 - 측면직각충돌,신호위반,건조,맑음,교차로 - 교차로안,승용,여,37세,상해없음,승용,남,38세,경상
2013040100100331,2013년 4월 1일 16시,월요일,경상남도 고성군 동해면,경상사고,0,0,1,0,차대차 - 정면충돌,중앙선침범,건조,맑음,단일로 - 기타,승용,남,30세,상해없음,이륜,남,44세,경상
2013040100100360,2013년 4월 1일 17시,월요일,경상남도 창원시 마산합포구 진북면,중상사고,0,1,0,0,차대사람 - 길가장자리구역통행중,안전운전불이행,건조,맑음,단일로 - 기타,이륜,기타불명,기타불명,기타불명,보행자,여,77세,중상
2013040100100361,2013년 4월 1일 17시,월요일,경상남도 창원시 진해구 석동,중상사고,0,1,0,0,차대차 - 기타,신호위반,건조,맑음,교차로 - 교차로안,승용,남,65세,기타불명,원동기,남,37세,중상
2013040100100362,2013년 4월 1일 17시,월요일,경상남도 하동군 하동읍,경상사고,0,0,3,0,차대차 - 추돌 - 주정차중,안전운전불이행,건조,맑음,단일로 - 기타,승용,남,65세,상해없음,승용,여,48세,경상
2013040100100390,2013년 4월 1일 18시,월요일,경상남도 김해시 외동,경상사고,0,0,1,0,차대차 - 기타,중앙선침범,건조,맑음,교차로 - 교차로부근,승용,남,40세,상해없음,원동기,남,19세,경상
2013040100100413,2013년 4월 1일 19시,월요일,경상남도 김해시 외동,중상사고,0,1,1,0,차대차 - 추돌 - 주정차중,안전거리미확보,건조,맑음,단일로 - 기타,승용,여,60세,경상,승용,남,50세,중상
2013040100100414,2013년 4월 1일 19시,월요일,경상남도 창원시 성산구 성주동,경상사고,0,0,1,0,차대차 - 추돌 - 주정차중,안전운전불이행,기타,맑음,교차로 - 교차로안,승용,남,46세,상해없음,승용,여,37세,경상
2013040100100448,2013년 4월 1일 20시,월요일,경상남도 창원시 마산합포구 진동면,사망사고,1,0,0,0,차대사람 - 차도통행중,안전운전불이행,건조,맑음,단일로 - 기타,화물,남,42세,상해없음,보행자,남,63세,사망
2013040100100469,2013년 4월 1일 21시,월요일,경상남도 창원시 진해구 풍호동,경상사고,0,0,1,0,차대차 - 정면충돌,안전운전불이행,건조,맑음,단일로 - 기타,승용,여,45세,상해없음,승용,여,41세,경상
2013040100100500,2013년 4월 1일 22시,월요일,경상남도 김해시 장유면,경상사고,0,0,1,0,차대차 - 측면직각충돌,직진우회전진행방해,건조,맑음,교차로 - 교차로안,화물,남,44세,상해없음,승용,여,30세,경상
2013040200100020,2013년 4월 2일 00시,화요일,경상남도 거제시 장평동,경상사고,0,0,2,0,차대차 - 추돌 - 주정차중,안전운전불이행,건조,맑음,교차로 - 교차로부근,승용,여,33세,상해없음,승용,남,24세,경상
2013040200100021,2013년 4월 2일 00시,화요일,경상남도 창원시 성산구 가음정동,중상사고,0,1,0,0,차대사람 - 횡단중,안전운전불이행,기타,맑음,교차로 - 교차로안,승용,남,44세,상해없음,보행자,남,26세,중상
2013040200100037,2013년 4월 2일 01시,화요일,경상남도 창원시 마산회원구 두척동,경상사고,0,0,1,0,차대차 - 추돌 - 주정차중,안전운전불이행,건조,맑음,단일로 - 기타,승용,남,36세,상해없음,화물,남,54세,경상
2013040200100096,2013년 4월 2일 05시,화요일,경상남도 창원시 의창구 사림동,경상사고,0,0,2,0,차대차 - 추돌 - 주정차중,안전운전불이행,기타,맑음,단일로 - 기타,승용,여,32세,상해없음,승용,여,25세,경상
2013040200100107,2013년 4월 2일 06시,화요일,경상남도 창원시 마산합포구 진전면,경상사고,0,0,1,0,차대차 - 기타,중앙선침범,건조,맑음,단일로 - 기타,승용,남,40세,상해없음,승용,여,59세,경상
2013040200100131,2013년 4월 2일 07시,화요일,경상남도 통영시 서호동,경상사고,0,0,1,0,차대차 - 측면직각충돌,신호위반,건조,맑음,교차로 - 교차로안,승용,남,55세,상해없음,승용,남,38세,경상
2013040200100132,2013년 4월 2일 07시,화요일,경상남도 김해시 내동,경상사고,0,0,1,0,차대차 - 추돌 - 주정차중,안전운전불이행,건조,맑음,단일로 - 기타,승용,남,36세,상해없음,승용,여,48세,경상
2013040200100133,2013년 4월 2일 07시,화요일,경상남도 의령군 봉수면,중상사고,0,1,0,0,차대사람 - 기타,안전운전불이행,건조,맑음,단일로 - 기타,승용,남,42세,상해없음,보행자,남,64세,중상
2013040200100168,2013년 4월 2일 08시,화요일,경상남도 사천시 사남면,경상사고,0,0,1,0,차대차 - 기타,신호위반,건조,맑음,교차로 - 교차로안,승용,여,25세,상해없음,화물,남,56세,상해없음
2013040200100169,2013년 4월 2일 08시,화요일,경상남도 사천시 벌리동,경상사고,0,0,1,0,차대사람 - 기타,안전운전불이행,건조,맑음,단일로 - 기타,승용,남,21세,기타불명,보행자,남,25세,경상
2013040200100200,2013년 4월 2일 09시,화요일,경상남도 양산시 중부동,경상사고,0,0,1,0,차대차 - 측면직각충돌,안전운전불이행,건조,맑음,단일로 - 기타,승용,기타불명,기타불명,기타불명,자전거,남,13세,경상
2013040200100201,2013년 4월 2일 09시,화요일,경상남도 김해시 진례면,중상사고,0,2,0,0,차대차 - 추돌 - 주정차중,안전운전불이행,건조,맑음,단일로 - 기타,승용,여,42세,상해없음,승용,여,36세,중상
2013040200100227,2013년 4월 2일 10시,화요일,경상남도 양산시 유산동,중상사고,0,1,0,0,차대차 - 측면직각충돌,교차로운행방법위반,건조,맑음,교차로 - 교차로부근,승용,남,47세,상해없음,승용,여,39세,중상
2013040200100247,2013년 4월 2일 11시,화요일,경상남도 진주시 금산면,경상사고,0,0,1,0,차대차 - 측면직각충돌,신호위반,건조,맑음,교차로 - 교차로안,승용,여,37세,상해없음,승용,남,46세,경상
2013040200100248,2013년 4월 2일 11시,화요일,경상남도 창녕군 영산면,경상사고,0,0,1,1,차대차 - 측면직각충돌,교차로운행방법위반,건조,맑음,교차로 - 교차로안,승용,남,58세,부상신고,승용,남,23세,경상
2013040200100308,2013년 4월 2일 14시,화요일,경상남도 진주시 인사동,중상사고,0,1,0,0,차대차 - 측면직각충돌,안전거리미확보,건조,맑음,단일로 - 기타,승용,남,31세,상해없음,이륜,남,72세,중상
2013040200100309,2013년 4월 2일 14시,화요일,경상남도 양산시 어곡동,사망사고,1,0,0,0,차대차 - 추돌 - 주정차중,안전운전불이행,건조,맑음,기타 - 기타,화물,남,49세,사망,승용,남,28세,상해없음
2013040200100334,2013년 4월 2일 15시,화요일,경상남도 창원시 진해구 석동,중상사고,0,2,0,1,차대차 - 측면직각충돌,차로위반,건조,맑음,교차로 - 교차로부근,승용,여,32세,부상신고,승용,남,23세,중상
2013040200100335,2013년 4월 2일 15시,화요일,경상남도 통영시 북신동,경상사고,0,0,1,0,차대사람 - 횡단중,안전운전불이행,건조,맑음,교차로 - 교차로안,승용,여,28세,상해없음,보행자,여,10세,경상
2013040200100336,2013년 4월 2일 15시,화요일,경상남도 통영시 북신동,중상사고,0,1,0,0,차대사람 - 횡단중,안전운전불이행,건조,맑음,교차로 - 교차로안,화물,남,59세,상해없음,보행자,여,47세,중상
2013040200100337,2013년 4월 2일 15시,화요일,경상남도 김해시 어방동,중상사고,0,1,1,0,차대차 - 측면직각충돌,차로위반,건조,맑음,단일로 - 기타,승용,남,49세,경상,승합,남,43세,상해없음
2013040200100338,2013년 4월 2일 15시,화요일,경상남도 창원시 마산회원구 구암동,중상사고,0,1,0,0,차대차 - 측면직각충돌,안전운전불이행,건조,흐림,단일로 - 기타,자전거,남,34세,중상,승용,남,55세,상해없음
2013040200100363,2013년 4월 2일 16시,화요일,경상남도 통영시 항남동,경상사고,0,0,1,0,차대사람 - 횡단중,보행자보호의무위반,건조,맑음,단일로 - 횡단보도상,승용,남,30세,상해없음,보행자,여,38세,경상
2013040200100393,2013년 4월 2일 17시,화요일,경상남도 김해시 어방동,중상사고,0,1,0,0,차대차 - 측면직각충돌,기타,건조,맑음,단일로 - 기타,승합,남,37세,상해없음,승합,남,70세,상해없음
2013040200100394,2013년 4월 2일 17시,화요일,경상남도 창원시 의창구 사림동,중상사고,0,1,0,0,차대사람 - 기타,안전운전불이행,건조,맑음,단일로 - 기타,승용,여,51세,상해없음,보행자,남,4세,중상
2013040200100421,2013년 4월 2일 18시,화요일,경상남도 산청군 산청읍,부상신고사고,0,0,0,1,차량단독 - 공작물충돌,안전운전불이행,건조,맑음,단일로 - 기타,승용,남,35세,부상신고,,,,
2013040200100422,2013년 4월 2일 18시,화요일,경상남도 창원시 의창구 용호동,경상사고,0,0,3,0,차대차 - 기타,차로위반,건조,맑음,단일로 - 기타,승합,남,46세,상해없음,승용,여,53세,경상
2013040200100457,2013년 4월 2일 19시,화요일,경상남도 진주시 초전동,중상사고,0,1,0,0,차대차 - 추돌 - 주정차중,안전운전불이행,건조,맑음,단일로 - 기타,자전거,남,18세,중상,승용,남,32세,상해없음
2013040200100458,2013년 4월 2일 19시,화요일,경상남도 양산시 물금읍,중상사고,0,1,0,0,차대차 - 측면직각충돌,신호위반,건조,맑음,단일로 - 횡단보도상,승용,남,31세,상해없음,자전거,남,22세,중상
2013040200100489,2013년 4월 2일 20시,화요일,경상남도 진주시 상대동,중상사고,0,1,0,0,차대차 - 측면직각충돌,교차로운행방법위반,건조,맑음,교차로 - 교차로안,승용,여,65세,상해없음,이륜,남,26세,중상
2013040200100490,2013년 4월 2일 20시,화요일,경상남도 진주시 지수면,경상사고,0,0,1,0,차대사람 - 기타,안전운전불이행,건조,맑음,단일로 - 기타,승용,남,45세,상해없음,보행자,남,25세,경상
2013040200100491,2013년 4월 2일 20시,화요일,경상남도 통영시 도산면,중상사고,0,1,0,0,차대사람 - 횡단중,안전운전불이행,건조,맑음,단일로 - 기타,승용,남,39세,상해없음,보행자,남,48세,중상
2013040200100492,2013년 4월 2일 20시,화요일,경상남도 밀양시 산외면,사망사고,1,0,0,0,차대차 - 기타,안전운전불이행,건조,맑음,단일로 - 기타,승용,남,52세,상해없음,농기계,남,56세,사망