사고번호,사고일시,요일,시군구,사고내용,사망자수,중상자수,경상자수,부상신고자수,사고유형,법규위반,노면상태,기상상태,도로형태,가해운전자 차종,가해운전자 성별,가해운전자 연령,가해운전자 상해정도,피해운전자 차종,피해운전자 성별,피해운전자 연령,피해운전자 상해정도
2013040200100493,2013년 4월 2일 20시,화요일,경상남도 합천군 가야면,사망사고,1,0,0,0,차량단독 - 도로외이탈 - 기타,안전운전불이행,건조,맑음,단일로 - 기타,이륜,남,51세,사망,,,,
2013040200100494,2013년 4월 2일 20시,화요일,경상남도 고성군 삼산면,사망사고,1,0,0,0,차대사람 - 차도통행중,안전운전불이행,건조,맑음,단일로 - 기타,승용,남,31세,상해없음,보행자,남,58세,사망
2013040200100521,2013년 4월 2일 21시,화요일,경상남도 창원시 마산합포구 해운동,경상사고,0,0,1,0,차대사람 - 기타,안전운전불이행,건조,맑음,단일로 - 기타,승용,여,58세,상해없음,보행자,남,13세,경상
2013040200100522,2013년 4월 2일 21시,화요일,경상남도 의령군 의령읍,중상사고,0,2,0,0,차대차 - 측면직각충돌,중앙선침범,건조,흐림,단일로 - 기타,승용,남,42세,상해없음,승용,여,26세,중상
2013040200100523,2013년 4월 2일 21시,화요일,경상남도 창원시 성산구 남산동,중상사고,0,2,2,0,차대차 - 기타,안전운전불이행,건조,맑음,교차로 - 교차로안,승용,남,41세,상해없음,승용,남,30세,경상
2013040200100560,2013년 4월 2일 22시,화요일,경상남도 김해시 어방동,경상사고,0,0,1,0,차대차 - 추돌 - 주정차중,안전운전불이행,건조,맑음,단일로 - 기타,승용,남,49세,상해없음,승용,남,27세,경상
2013040200100561,2013년 4월 2일 22시,화요일,경상남도 양산시 물금읍,사망사고,1,0,0,0,차대사람 - 횡단중,안전운전불이행,건조,맑음,기타 - 기타,승용,여,27세,상해없음,보행자,남,51세,사망
2013040200100587,2013년 4월 2일 23시,화요일,경상남도 창원시 마산합포구 해운동,경상사고,0,0,1,0,차대사람 - 기타,안전운전불이행,건조,맑음,단일로 - 기타,승용,남,45세,상해없음,보행자,여,37세,경상
2013040300100012,2013년 4월 3일 00시,수요일,경상남도 창원시 성산구 상남동,중상사고,0,2,0,0,차대차 - 기타,안전운전불이행,건조,맑음,교차로 - 교차로부근,승용,남,29세,상해없음,승용,남,51세,중상
2013040300100056,2013년 4월 3일 03시,수요일,경상남도 양산시 북부동,부상신고사고,0,0,0,1,차대차 - 측면직각충돌,교차로운행방법위반,건조,맑음,교차로 - 교차로안,승용,남,30세,상해없음,승용,남,48세,부상신고
2013040300100087,2013년 4월 3일 06시,수요일,경상남도 거제시 거제면,중상사고,0,1,0,0,차대차 - 측면직각충돌,안전운전불이행,건조,맑음,교차로 - 교차로안,승용,남,25세,상해없음,화물,남,50세,중상
2013040300100105,2013년 4월 3일 07시,수요일,경상남도 통영시 광도면,중상사고,0,1,0,0,차대차 - 추돌 - 진행중,안전운전불이행,건조,맑음,단일로 - 기타,승용,여,46세,상해없음,승합,남,58세,상해없음
2013040300100106,2013년 4월 3일 07시,수요일,경상남도 밀양시 하남읍,중상사고,0,1,2,0,차대차 - 기타,교차로운행방법위반,건조,맑음,교차로 - 교차로안,화물,남,38세,상해없음,승용,여,52세,중상
2013040300100107,2013년 4월 3일 07시,수요일,경상남도 창원시 의창구 중동,중상사고,0,1,0,0,차대차 - 측면직각충돌,교차로운행방법위반,건조,맑음,교차로 - 교차로안,승용,남,32세,상해없음,자전거,남,32세,중상
2013040300100121,2013년 4월 3일 08시,수요일,경상남도 김해시 진례면,경상사고,0,0,1,0,차대차 - 기타,안전운전불이행,건조,맑음,단일로 - 기타,승용,남,39세,상해없음,승합,남,45세,경상
2013040300100145,2013년 4월 3일 08시,수요일,경상남도 김해시 외동,경상사고,0,0,1,0,차대차 - 측면직각충돌,신호위반,건조,맑음,교차로 - 교차로안,화물,남,58세,상해없음,승용,여,49세,경상
2013040300100146,2013년 4월 3일 08시,수요일,경상남도 거제시 고현동,경상사고,0,0,3,0,차대차 - 추돌 - 진행중,안전운전불이행,건조,맑음,단일로 - 기타,승용,여,40세,상해없음,승용,남,42세,경상
2013040300100169,2013년 4월 3일 09시,수요일,경상남도 거제시 사등면,경상사고,0,0,1,0,차대차 - 기타,안전운전불이행,건조,맑음,단일로 - 기타,승용,여,36세,상해없음,승용,여,40세,경상
2013040300100170,2013년 4월 3일 09시,수요일,경상남도 창원시 성산구 불모산동,중상사고,0,2,0,0,차대차 - 추돌 - 진행중,안전거리미확보,건조,맑음,단일로 - 터널,화물,남,28세,상해없음,승합,남,33세,중상
2013040300100195,2013년 4월 3일 10시,수요일,경상남도 김해시 진영읍,경상사고,0,0,2,0,차대차 - 추돌 - 진행중,안전거리미확보,건조,맑음,단일로 - 기타,승용,여,53세,경상,승용,남,61세,상해없음
2013040300100215,2013년 4월 3일 11시,수요일,경상남도 창원시 마산합포구 추산동,경상사고,0,0,1,0,차대사람 - 기타,안전운전불이행,건조,맑음,단일로 - 기타,승용,남,63세,상해없음,보행자,남,42세,경상
2013040300100216,2013년 4월 3일 11시,수요일,경상남도 창원시 진해구 이동,경상사고,0,0,1,0,차대차 - 측면직각충돌,안전운전불이행,건조,맑음,단일로 - 기타,승용,여,55세,상해없음,원동기,남,52세,경상
2013040300100217,2013년 4월 3일 11시,수요일,경상남도 김해시 삼방동,중상사고,0,1,0,0,차대사람 - 기타,안전운전불이행,건조,맑음,단일로 - 기타,이륜,남,21세,상해없음,보행자,여,46세,중상
2013040300100237,2013년 4월 3일 12시,수요일,경상남도 거제시 둔덕면,경상사고,0,0,4,0,차대차 - 기타,중앙선침범,건조,맑음,단일로 - 기타,승용,여,48세,상해없음,화물,남,63세,경상
2013040300100260,2013년 4월 3일 13시,수요일,경상남도 진주시 가좌동,중상사고,0,1,1,0,차대차 - 정면충돌,신호위반,건조,맑음,교차로 - 교차로안,승용,여,55세,경상,승용,남,38세,중상
2013040300100261,2013년 4월 3일 13시,수요일,경상남도 하동군 하동읍,경상사고,0,0,1,0,차대사람 - 횡단중,안전운전불이행,건조,맑음,단일로 - 기타,승용,남,73세,상해없음,보행자,여,56세,경상
2013040300100262,2013년 4월 3일 13시,수요일,경상남도 창원시 마산회원구 석전동,중상사고,0,1,0,0,차대차 - 추돌 - 진행중,안전운전불이행,건조,맑음,단일로 - 기타,이륜,남,17세,중상,승용,남,38세,상해없음
2013040300100288,2013년 4월 3일 14시,수요일,경상남도 사천시 동금동,중상사고,0,1,0,0,차대차 - 측면직각충돌,안전운전불이행,건조,맑음,단일로 - 기타,화물,남,65세,상해없음,승용,남,44세,중상
2013040300100289,2013년 4월 3일 14시,수요일,경상남도 창원시 의창구 용호동,경상사고,0,0,2,0,차대차 - 측면직각충돌,안전거리미확보,건조,맑음,단일로 - 기타,화물,남,46세,상해없음,승용,여,34세,경상
2013040300100321,2013년 4월 3일 15시,수요일,경상남도 함안군 함안면,중상사고,0,1,1,0,차대차 - 측면직각충돌,신호위반,건조,맑음,교차로 - 교차로안,승용,여,25세,경상,건설기계,남,35세,중상
2013040300100322,2013년 4월 3일 15시,수요일,경상남도 창원시 마산회원구 석전동,중상사고,0,1,0,0,차대차 - 추돌 - 진행중,안전운전불이행,건조,맑음,단일로 - 기타,승합,남,32세,상해없음,원동기,남,49세,중상
2013040300100323,2013년 4월 3일 15시,수요일,경상남도 창원시 마산회원구 석전동,중상사고,0,1,0,0,차대사람 - 기타,안전운전불이행,기타,맑음,기타 - 기타,승용,남,25세,상해없음,보행자,남,9세,중상
2013040300100324,2013년 4월 3일 15시,수요일,경상남도 김해시 진영읍,경상사고,0,0,1,0,차대차 - 추돌 - 주정차중,안전거리미확보,건조,맑음,교차로 - 교차로부근,화물,남,39세,상해없음,승용,여,38세,경상
2013040300100355,2013년 4월 3일 16시,수요일,경상남도 창원시 진해구 태백동,중상사고,0,1,1,0,차대차 - 추돌 - 진행중,안전운전불이행,건조,맑음,단일로 - 기타,승용,남,41세,상해없음,승용,여,37세,중상
2013040300100356,2013년 4월 3일 16시,수요일,경상남도 통영시 광도면,중상사고,0,1,0,0,차대차 - 측면직각충돌,교차로운행방법위반,건조,맑음,교차로 - 교차로안,화물,남,47세,상해없음,승용,여,24세,중상
2013040300100357,2013년 4월 3일 16시,수요일,경상남도 거창군 거창읍,중상사고,0,1,0,0,차대차 - 측면직각충돌,안전운전불이행,건조,맑음,단일로 - 기타,화물,남,51세,상해없음,이륜,남,60세,중상
2013040300100358,2013년 4월 3일 16시,수요일,경상남도 합천군 합천읍,사망사고,1,0,0,0,차대사람 - 기타,안전운전불이행,건조,맑음,교차로 - 교차로안,화물,남,42세,상해없음,보행자,여,73세,사망
2013040300100391,2013년 4월 3일 17시,수요일,경상남도 진주시 장대동,중상사고,0,1,1,1,차대사람 - 기타,안전운전불이행,건조,맑음,단일로 - 기타,화물,남,49세,부상신고,보행자,여,58세,중상
2013040300100392,2013년 4월 3일 17시,수요일,경상남도 김해시 서상동,중상사고,0,1,0,0,차대차 - 기타,신호위반,건조,맑음,단일로 - 기타,자전거,남,57세,중상,이륜,남,17세,상해없음
2013040300100393,2013년 4월 3일 17시,수요일,경상남도 양산시 남부동,중상사고,0,1,0,0,차대차 - 측면직각충돌,신호위반,건조,맑음,교차로 - 교차로안,화물,남,48세,상해없음,승용,남,49세,중상
2013040300100394,2013년 4월 3일 17시,수요일,경상남도 양산시 동면,부상신고사고,0,0,0,1,차대차 - 측면직각충돌,안전거리미확보,건조,맑음,단일로 - 기타,승용,여,41세,상해없음,화물,남,65세,상해없음
2013040300100395,2013년 4월 3일 17시,수요일,경상남도 창원시 의창구 사림동,경상사고,0,0,1,0,차대차 - 측면직각충돌,신호위반,건조,맑음,교차로 - 교차로안,승용,남,53세,상해없음,승용,여,24세,경상
2013040300100396,2013년 4월 3일 17시,수요일,경상남도 창원시 성산구 상남동,부상신고사고,0,0,0,1,차대차 - 측면직각충돌,안전거리미확보,건조,맑음,단일로 - 기타,승용,남,58세,상해없음,승용,여,60세,부상신고
2013040300100397,2013년 4월 3일 17시,수요일,경상남도 창원시 의창구 용호동,중상사고,0,1,0,0,차대차 - 추돌 - 주정차중,안전운전불이행,건조,맑음,단일로 - 기타,승용,남,51세,상해없음,승용,남,45세,기타불명
2013040300100398,2013년 4월 3일 17시,수요일,경상남도 김해시 장유면,중상사고,0,1,0,0,차대사람 - 횡단중,안전운전불이행,건조,맑음,교차로 - 교차로안,특수,남,68세,상해없음,보행자,여,74세,중상
2013040300100437,2013년 4월 3일 18시,수요일,경상남도 창원시 마산합포구 문화동,경상사고,0,0,2,0,차대차 - 측면직각충돌,신호위반,건조,맑음,교차로 - 교차로안,승용,남,65세,상해없음,승용,남,44세,상해없음
2013040300100438,2013년 4월 3일 18시,수요일,경상남도 통영시 광도면,중상사고,0,1,0,0,차대차 - 측면직각충돌,안전운전불이행,건조,맑음,교차로 - 교차로안,승용,남,41세,상해없음,승용,남,41세,중상
2013040300100439,2013년 4월 3일 18시,수요일,경상남도 통영시 광도면,중상사고,0,1,0,0,차대차 - 추돌 - 진행중,안전운전불이행,건조,맑음,단일로 - 기타,화물,남,27세,상해없음,승용,남,37세,중상
2013040300100440,2013년 4월 3일 18시,수요일,경상남도 김해시 삼계동,중상사고,0,1,0,0,차대사람 - 기타,안전운전불이행,건조,맑음,단일로 - 기타,승합,여,40세,상해없음,보행자,남,14세,중상
2013040300100441,2013년 4월 3일 18시,수요일,경상남도 함양군 안의면,중상사고,0,1,1,0,차대차 - 추돌 - 진행중,신호위반,건조,맑음,교차로 - 교차로안,화물,남,56세,상해없음,승용,남,45세,경상
2013040300100480,2013년 4월 3일 19시,수요일,경상남도 창원시 마산합포구 중앙동3가,경상사고,0,0,1,0,차대사람 - 기타,안전운전불이행,건조,맑음,단일로 - 횡단보도상,승합,남,67세,상해없음,보행자,남,27세,경상
2013040300100481,2013년 4월 3일 19시,수요일,경상남도 진주시 가좌동,경상사고,0,0,3,0,차대차 - 측면직각충돌,안전거리미확보,건조,맑음,교차로 - 교차로안,승합,남,59세,상해없음,승용,남,41세,경상
2013040300100482,2013년 4월 3일 19시,수요일,경상남도 창원시 의창구 도계동,중상사고,0,1,0,0,차대차 - 기타,교차로운행방법위반,건조,맑음,교차로 - 교차로안,승용,여,53세,상해없음,이륜,남,34세,중상
2013040300100511,2013년 4월 3일 20시,수요일,경상남도 창원시 의창구 봉곡동,사망사고,1,0,0,0,차량단독 - 공작물충돌,안전운전불이행,건조,맑음,단일로 - 기타,화물,남,46세,사망,,,,
2013040300100556,2013년 4월 3일 21시,수요일,경상남도 밀양시 삼랑진읍,경상사고,0,0,2,0,차대차 - 추돌 - 진행중,안전운전불이행,건조,맑음,단일로 - 기타,승용,남,44세,상해없음,승용,남,35세,경상
2013040300100557,2013년 4월 3일 21시,수요일,경상남도 거제시 옥포동,중상사고,0,1,0,0,차대사람 - 기타,안전운전불이행,건조,맑음,교차로 - 교차로안,기타불명,기타불명,기타불명,기타불명,보행자,남,11세,중상
2013040300100585,2013년 4월 3일 22시,수요일,경상남도 김해시 내동,경상사고,0,0,3,0,차대차 - 기타,신호위반,건조,맑음,교차로 - 교차로부근,승용,여,52세,상해없음,승용,남,56세,경상
2013040400100021,2013년 4월 4일 00시,목요일,경상남도 통영시 광도면,경상사고,0,0,1,0,차대차 - 측면직각충돌,교차로운행방법위반,건조,맑음,교차로 - 교차로안,승용,남,38세,상해없음,승용,남,35세,경상
2013040400100055,2013년 4월 4일 02시,목요일,경상남도 창원시 마산합포구 교방동,중상사고,0,2,0,0,차대차 - 기타,안전운전불이행,건조,맑음,단일로 - 기타,원동기,남,17세,중상,승용,남,36세,기타불명
2013040400100056,2013년 4월 4일 02시,목요일,경상남도 김해시 어방동,경상사고,0,0,1,0,차대차 - 기타,안전운전불이행,건조,맑음,교차로 - 교차로안,승용,여,54세,상해없음,승용,남,29세,상해없음
2013040400100066,2013년 4월 4일 03시,목요일,경상남도 거제시 고현동,경상사고,0,0,1,0,차대차 - 기타,안전운전불이행,건조,맑음,교차로 - 교차로안,승용,여,31세,상해없음,승용,남,51세,경상
2013040400100090,2013년 4월 4일 06시,목요일,경상남도 거제시 아주동,경상사고,0,0,2,0,차대차 - 기타,신호위반,건조,맑음,교차로 - 교차로안,승용,남,55세,상해없음,승용,남,34세,경상
2013040400100091,2013년 4월 4일 06시,목요일,경상남도 창원시 의창구 팔용동,중상사고,0,1,0,0,차대차 - 측면직각충돌,안전운전불이행,건조,맑음,단일로 - 기타,화물,남,61세,상해없음,화물,남,51세,중상
2013040400100115,2013년 4월 4일 07시,목요일,경상남도 창원시 마산합포구 교방동,경상사고,0,0,1,0,차대차 - 기타,안전거리미확보,건조,맑음,교차로 - 교차로부근,승용,남,48세,상해없음,승용,남,34세,경상
2013040400100116,2013년 4월 4일 07시,목요일,경상남도 진주시 정촌면,경상사고,0,0,2,0,차대차 - 추돌 - 진행중,안전운전불이행,건조,맑음,단일로 - 기타,승용,남,26세,상해없음,승용,남,34세,경상
2013040400100117,2013년 4월 4일 07시,목요일,경상남도 김해시 삼방동,경상사고,0,0,7,1,차대차 - 추돌 - 주정차중,안전거리미확보,건조,맑음,교차로 - 교차로부근,승합,남,57세,상해없음,승용,남,44세,부상신고
2013040400100118,2013년 4월 4일 07시,목요일,경상남도 양산시 북정동,경상사고,0,0,2,0,차대차 - 측면직각충돌,안전운전불이행,건조,맑음,교차로 - 교차로안,승용,여,37세,상해없음,승용,여,45세,경상
2013040400100119,2013년 4월 4일 07시,목요일,경상남도 거제시 아주동,경상사고,0,0,4,0,차대차 - 기타,신호위반,건조,맑음,교차로 - 교차로부근,승용,남,32세,상해없음,화물,남,40세,경상
2013040400100120,2013년 4월 4일 07시,목요일,경상남도 창원시 성산구 성주동,중상사고,0,1,0,0,차대차 - 측면직각충돌,안전운전불이행,건조,맑음,교차로 - 교차로안,승용,남,57세,상해없음,자전거,남,17세,중상
2013040400100155,2013년 4월 4일 08시,목요일,경상남도 통영시 광도면,경상사고,0,0,2,0,차대차 - 측면직각충돌,안전운전불이행,건조,맑음,단일로 - 기타,화물,남,41세,상해없음,승용,남,34세,경상
2013040400100156,2013년 4월 4일 08시,목요일,경상남도 김해시 어방동,경상사고,0,0,1,0,차대차 - 기타,신호위반,건조,맑음,교차로 - 교차로안,승용,여,40세,상해없음,승용,남,53세,경상
2013040400100231,2013년 4월 4일 11시,목요일,경상남도 진주시 문산읍,경상사고,0,0,1,0,차대차 - 측면직각충돌,기타,건조,맑음,교차로 - 교차로안,승용,여,47세,경상,화물,남,36세,상해없음
2013040400100232,2013년 4월 4일 11시,목요일,경상남도 양산시 북부동,중상사고,0,1,0,0,차대차 - 기타,중앙선침범,건조,맑음,단일로 - 기타,원동기,남,22세,상해없음,승용,여,47세,중상
2013040400100247,2013년 4월 4일 12시,목요일,경상남도 김해시 내동,중상사고,0,1,0,0,차대차 - 측면직각충돌,직진우회전진행방해,건조,맑음,교차로 - 교차로안,승용,여,48세,상해없음,이륜,남,29세,중상
2013040400100248,2013년 4월 4일 12시,목요일,경상남도 양산시 용당동,중상사고,0,1,1,0,차대차 - 기타,신호위반,건조,맑음,교차로 - 교차로안,승용,남,34세,상해없음,승용,남,27세,중상
2013040400100269,2013년 4월 4일 13시,목요일,경상남도 밀양시 상남면,중상사고,0,1,0,0,차대차 - 측면직각충돌,신호위반,건조,맑음,교차로 - 교차로안,승용,여,32세,상해없음,승용,여,54세,중상
2013040400100286,2013년 4월 4일 14시,목요일,경상남도 통영시 무전동,경상사고,0,0,1,0,차대차 - 정면충돌,안전운전불이행,건조,맑음,단일로 - 기타,승용,여,57세,상해없음,승용,여,38세,경상
2013040400100313,2013년 4월 4일 15시,목요일,경상남도 양산시 소주동,중상사고,0,1,0,0,차대차 - 기타,교차로운행방법위반,건조,맑음,단일로 - 기타,화물,남,64세,상해없음,원동기,남,58세,중상
2013040400100347,2013년 4월 4일 16시,목요일,경상남도 진주시 상평동,경상사고,0,0,4,0,차대차 - 기타,기타,건조,맑음,단일로 - 기타,승용,남,50세,상해없음,승용,남,30세,경상
2013040400100348,2013년 4월 4일 16시,목요일,경상남도 통영시 미수동,중상사고,0,1,0,0,차대사람 - 횡단중,안전운전불이행,건조,맑음,교차로 - 교차로안,승용,남,58세,상해없음,보행자,남,6세,중상
2013040400100349,2013년 4월 4일 16시,목요일,경상남도 거제시 장평동,중상사고,0,1,0,0,차대사람 - 기타,안전운전불이행,건조,맑음,단일로 - 횡단보도부근,승용,남,37세,상해없음,보행자,남,10세,중상
2013040400100380,2013년 4월 4일 17시,목요일,경상남도 사천시 서동,경상사고,0,0,1,0,차대사람 - 기타,안전운전불이행,건조,맑음,교차로 - 교차로부근,승용,남,49세,상해없음,보행자,여,60세,경상
2013040400100381,2013년 4월 4일 17시,목요일,경상남도 창녕군 영산면,중상사고,0,1,0,0,차대차 - 측면직각충돌,안전운전불이행,건조,맑음,단일로 - 기타,화물,남,39세,상해없음,화물,남,53세,중상
2013040400100418,2013년 4월 4일 18시,목요일,경상남도 진주시 봉곡동,중상사고,0,1,0,0,차대사람 - 횡단중,보행자보호의무위반,건조,맑음,교차로 - 교차로안,승용,여,41세,상해없음,보행자,여,68세,중상
2013040400100419,2013년 4월 4일 18시,목요일,경상남도 거제시 옥포동,중상사고,0,1,0,0,차대사람 - 기타,안전운전불이행,건조,맑음,교차로 - 교차로안,승용,남,51세,상해없음,보행자,남,63세,중상
2013040400100420,2013년 4월 4일 18시,목요일,경상남도 창원시 성산구 웅남동,경상사고,0,0,1,0,차대사람 - 횡단중,신호위반,건조,맑음,교차로 - 교차로안,승용,여,52세,상해없음,보행자,여,29세,경상
2013040400100421,2013년 4월 4일 18시,목요일,경상남도 창원시 마산회원구 합성동,중상사고,0,1,0,0,차대사람 - 보도통행중,안전운전불이행,건조,맑음,단일로 - 기타,기타불명,기타불명,기타불명,기타불명,보행자,여,73세,중상
2013040400100461,2013년 4월 4일 19시,목요일,경상남도 진주시 신안동,부상신고사고,0,0,0,1,차대차 - 기타,안전운전불이행,건조,맑음,단일로 - 기타,화물,남,64세,상해없음,자전거,여,21세,부상신고
2013040400100462,2013년 4월 4일 19시,목요일,경상남도 창원시 진해구 여좌동,중상사고,0,1,0,0,차대사람 - 횡단중,안전운전불이행,건조,맑음,단일로 - 기타,승용,남,70세,상해없음,보행자,남,68세,중상
2013040400100484,2013년 4월 4일 20시,목요일,경상남도 진주시 정촌면,경상사고,0,0,2,0,차량단독 - 도로외이탈 - 추락,안전운전불이행,건조,맑음,단일로 - 교량,승용,남,23세,상해없음,,,,
2013040400100485,2013년 4월 4일 20시,목요일,경상남도 밀양시 하남읍,중상사고,0,1,0,0,차량단독 - 도로외이탈 - 추락,안전운전불이행,건조,맑음,단일로 - 기타,화물,남,60세,중상,,,,
2013040400100520,2013년 4월 4일 21시,목요일,경상남도 창원시 의창구 봉곡동,경상사고,0,0,1,0,차대차 - 측면직각충돌,교차로운행방법위반,건조,맑음,교차로 - 교차로안,화물,남,57세,상해없음,승용,남,50세,상해없음
2013040400100545,2013년 4월 4일 22시,목요일,경상남도 창원시 진해구 석동,경상사고,0,0,1,0,차대차 - 추돌 - 주정차중,안전운전불이행,건조,맑음,교차로 - 교차로부근,원동기,남,21세,상해없음,승용,여,46세,경상
2013040400100588,2013년 4월 4일 23시,목요일,경상남도 거제시 옥포동,중상사고,0,1,0,0,차대사람 - 횡단중,안전운전불이행,건조,맑음,단일로 - 횡단보도상,승용,남,49세,상해없음,보행자,여,28세,중상
2013040500100025,2013년 4월 5일 00시,금요일,경상남도 양산시 북정동,사망사고,1,0,0,0,차대사람 - 기타,안전운전불이행,건조,맑음,단일로 - 기타,승용,여,58세,상해없음,보행자,남,51세,사망
2013040500100051,2013년 4월 5일 02시,금요일,경상남도 창원시 진해구 용원동,경상사고,0,0,1,0,차대차 - 추돌 - 주정차중,안전운전불이행,건조,맑음,교차로 - 교차로부근,승합,남,39세,상해없음,승용,여,33세,경상
2013040500100096,2013년 4월 5일 06시,금요일,경상남도 진주시 정촌면,중상사고,0,1,0,0,차대차 - 추돌 - 주정차중,안전거리미확보,건조,맑음,단일로 - 기타,승용,남,57세,상해없음,승용,남,40세,중상
2013040500100097,2013년 4월 5일 06시,금요일,경상남도 밀양시 내이동,경상사고,0,0,1,0,차대차 - 측면직각충돌,안전운전불이행,건조,맑음,교차로 - 교차로안,승용,남,67세,상해없음,승용,여,50세,경상
2013040500100098,2013년 4월 5일 06시,금요일,경상남도 창원시 마산회원구 석전동,경상사고,0,0,1,0,차대차 - 정면충돌,신호위반,건조,맑음,교차로 - 교차로안,승용,여,38세,상해없음,화물,남,54세,경상
2013040500100110,2013년 4월 5일 07시,금요일,경상남도 창원시 마산합포구 진동면,중상사고,0,1,0,0,차량단독 - 전도전복,안전운전불이행,건조,맑음,단일로 - 기타,화물,남,46세,상해없음,,,,
2013040500100111,2013년 4월 5일 07시,금요일,경상남도 창원시 마산회원구 봉암동,중상사고,0,1,0,0,차대차 - 측면직각충돌,안전운전불이행,건조,맑음,단일로 - 기타,승용,남,52세,상해없음,자전거,남,49세,중상
2013040500100138,2013년 4월 5일 08시,금요일,경상남도 창원시 마산합포구 월영동,경상사고,0,0,1,0,차대사람 - 길가장자리구역통행중,안전운전불이행,건조,맑음,단일로 - 기타,승용,여,52세,상해없음,보행자,남,51세,경상
2013040500100139,2013년 4월 5일 08시,금요일,경상남도 진주시 상대동,중상사고,0,1,0,0,차대사람 - 횡단중,안전운전불이행,건조,맑음,교차로 - 교차로안,승용,남,36세,상해없음,보행자,여,65세,중상
2013040500100140,2013년 4월 5일 08시,금요일,경상남도 김해시 내동,경상사고,0,0,1,0,차대사람 - 기타,안전운전불이행,건조,맑음,단일로 - 기타,화물,남,46세,상해없음,보행자,남,71세,경상
2013040500100141,2013년 4월 5일 08시,금요일,경상남도 양산시 물금읍,경상사고,0,0,1,0,차대차 - 측면직각충돌,차로위반,건조,맑음,기타 - 기타,승용,남,35세,상해없음,승용,남,40세,경상
2013040500100142,2013년 4월 5일 08시,금요일,경상남도 양산시 물금읍,중상사고,0,1,0,0,차대사람 - 횡단중,보행자보호의무위반,건조,맑음,단일로 - 횡단보도상,화물,여,27세,상해없음,보행자,여,84세,중상
2013040500100143,2013년 4월 5일 08시,금요일,경상남도 창원시 마산회원구 구암동,중상사고,0,3,0,0,차량단독 - 공작물충돌,안전운전불이행,건조,맑음,기타 - 기타,승용,남,43세,중상,,,,
2013040500100209,2013년 4월 5일 10시,금요일,경상남도 함안군 칠원면,중상사고,0,1,2,0,차대차 - 정면충돌,안전운전불이행,건조,맑음,교차로 - 교차로부근,승용,남,65세,상해없음,승용,여,58세,경상
2013040500100232,2013년 4월 5일 11시,금요일,경상남도 창원시 의창구 도계동,중상사고,0,1,0,0,차대차 - 측면직각충돌,교차로운행방법위반,건조,맑음,교차로 - 교차로안,화물,남,31세,상해없음,승용,여,49세,중상
2013040500100253,2013년 4월 5일 12시,금요일,경상남도 밀양시 상남면,중상사고,0,4,1,0,차대차 - 추돌 - 진행중,안전운전불이행,건조,맑음,단일로 - 기타,화물,남,43세,상해없음,승용,여,49세,중상
2013040500100254,2013년 4월 5일 12시,금요일,경상남도 남해군 서면,중상사고,0,1,0,0,차대차 - 측면직각충돌,안전운전불이행,건조,맑음,기타 - 기타,승합,남,41세,상해없음,농기계,남,64세,중상
2013040500100255,2013년 4월 5일 12시,금요일,경상남도 창원시 마산회원구 석전동,중상사고,0,1,0,0,차대사람 - 기타,안전운전불이행,건조,맑음,교차로 - 교차로안,승용,남,70세,상해없음,보행자,여,63세,중상
2013040500100256,2013년 4월 5일 12시,금요일,경상남도 창원시 의창구 동읍,경상사고,0,0,4,0,차대차 - 추돌 - 진행중,안전거리미확보,건조,맑음,단일로 - 터널,승용,남,42세,상해없음,화물,남,29세,경상
2013040500100281,2013년 4월 5일 13시,금요일,경상남도 사천시 서포면,중상사고,0,1,0,0,차대차 - 기타,안전운전불이행,건조,맑음,단일로 - 기타,승용,남,41세,상해없음,화물,남,52세,중상
2013040500100282,2013년 4월 5일 13시,금요일,경상남도 합천군 적중면,경상사고,0,0,3,0,차대차 - 측면직각충돌,안전운전불이행,건조,맑음,단일로 - 기타,승용,여,59세,경상,화물,남,56세,경상
2013040500100283,2013년 4월 5일 13시,금요일,경상남도 양산시 물금읍,경상사고,0,0,1,0,차대차 - 측면직각충돌,안전운전불이행,건조,맑음,교차로 - 교차로부근,승용,여,44세,상해없음,자전거,남,63세,경상
2013040500100333,2013년 4월 5일 15시,금요일,경상남도 김해시 삼계동,경상사고,0,0,1,0,차량단독 - 전도전복,안전운전불이행,건조,맑음,교차로 - 교차로부근,이륜,남,35세,경상,,,,
2013040500100375,2013년 4월 5일 16시,금요일,경상남도 남해군 삼동면,경상사고,0,0,1,0,차대차 - 측면직각충돌,안전운전불이행,건조,맑음,교차로 - 교차로부근,농기계,남,74세,경상,승용,남,73세,상해없음
2013040500100417,2013년 4월 5일 17시,금요일,경상남도 창원시 마산합포구 문화동,경상사고,0,0,1,0,차대사람 - 기타,기타,건조,맑음,단일로 - 기타,승합,남,37세,상해없음,보행자,여,21세,경상
2013040500100418,2013년 4월 5일 17시,금요일,경상남도 창원시 성산구 중앙동,경상사고,0,0,1,0,차대사람 - 횡단중,안전운전불이행,건조,맑음,단일로 - 횡단보도상,화물,남,33세,상해없음,보행자,남,19세,경상
2013040500100459,2013년 4월 5일 18시,금요일,경상남도 창원시 진해구 석동,중상사고,0,1,0,0,차대사람 - 기타,안전운전불이행,건조,맑음,단일로 - 기타,원동기,남,19세,상해없음,보행자,여,54세,중상
2013040500100460,2013년 4월 5일 18시,금요일,경상남도 창원시 성산구 성주동,중상사고,0,1,0,0,차대차 - 측면직각충돌,직진우회전진행방해,건조,맑음,교차로 - 교차로안,승용,여,27세,상해없음,자전거,남,32세,중상
2013040500100501,2013년 4월 5일 19시,금요일,경상남도 합천군 합천읍,경상사고,0,0,1,0,차대차 - 측면직각충돌,중앙선침범,건조,맑음,단일로 - 기타,화물,남,73세,상해없음,원동기,남,40세,경상