사고번호,사고일시,요일,시군구,사고내용,사망자수,중상자수,경상자수,부상신고자수,사고유형,법규위반,노면상태,기상상태,도로형태,가해운전자 차종,가해운전자 성별,가해운전자 연령,가해운전자 상해정도,피해운전자 차종,피해운전자 성별,피해운전자 연령,피해운전자 상해정도
2013040500100555,2013년 4월 5일 20시,금요일,경상남도 창녕군 창녕읍,중상사고,0,2,0,0,차대차 - 추돌 - 주정차중,안전운전불이행,건조,맑음,단일로 - 기타,화물,남,69세,중상,건설기계,남,50세,기타불명
2013040500100584,2013년 4월 5일 21시,금요일,경상남도 양산시 북부동,중상사고,0,1,0,0,차대차 - 추돌 - 진행중,안전거리미확보,건조,맑음,교차로 - 교차로안,승용,여,24세,상해없음,승용,남,44세,중상
2013040500100585,2013년 4월 5일 21시,금요일,경상남도 하동군 진교면,중상사고,0,1,0,0,차대사람 - 차도통행중,안전운전불이행,건조,맑음,교차로 - 교차로부근,승용,남,28세,상해없음,보행자,남,58세,중상
2013040500100586,2013년 4월 5일 21시,금요일,경상남도 거제시 능포동,경상사고,0,0,1,0,차대차 - 기타,안전운전불이행,건조,흐림,기타 - 기타,승용,남,27세,상해없음,승용,남,36세,상해없음
2013040500100587,2013년 4월 5일 21시,금요일,경상남도 창원시 성산구 대방동,중상사고,0,2,0,0,차대차 - 측면직각충돌,직진우회전진행방해,건조,맑음,교차로 - 교차로안,화물,남,54세,상해없음,승용,여,54세,중상
2013040500100624,2013년 4월 5일 22시,금요일,경상남도 김해시 구산동,부상신고사고,0,0,0,1,차대사람 - 횡단중,안전운전불이행,건조,맑음,교차로 - 교차로부근,승용,남,51세,상해없음,보행자,남,39세,부상신고
2013040500100663,2013년 4월 5일 23시,금요일,경상남도 창원시 진해구 자은동,중상사고,0,1,0,0,차대차 - 추돌 - 주정차중,안전운전불이행,건조,맑음,교차로 - 교차로부근,승용,남,35세,상해없음,승용,남,34세,중상
2013040500100664,2013년 4월 5일 23시,금요일,경상남도 사천시 벌리동,경상사고,0,0,3,0,차대차 - 측면직각충돌,신호위반,건조,흐림,교차로 - 교차로안,승용,남,25세,경상,승용,남,52세,경상
2013040500100665,2013년 4월 5일 23시,금요일,경상남도 창원시 성산구 신촌동,경상사고,0,0,2,0,차대차 - 측면직각충돌,신호위반,건조,맑음,교차로 - 교차로안,승용,남,31세,상해없음,승용,남,46세,경상
2013040500100666,2013년 4월 5일 23시,금요일,경상남도 창원시 의창구 팔용동,중상사고,0,1,0,0,차대차 - 측면직각충돌,교차로운행방법위반,건조,맑음,교차로 - 교차로안,승용,남,57세,상해없음,이륜,남,17세,중상
2013040600100026,2013년 4월 6일 00시,토요일,경상남도 창원시 진해구 용원동,중상사고,0,1,0,0,차대차 - 측면직각충돌,안전운전불이행,건조,맑음,단일로 - 기타,승용,남,44세,상해없음,승용,여,38세,중상
2013040600100027,2013년 4월 6일 00시,토요일,경상남도 창원시 마산회원구 석전동,중상사고,0,1,0,0,차대사람 - 기타,안전운전불이행,건조,맑음,단일로 - 기타,승용,남,56세,상해없음,보행자,남,47세,중상
2013040600100028,2013년 4월 6일 00시,토요일,경상남도 창원시 의창구 팔용동,중상사고,0,1,0,0,차대차 - 기타,교차로운행방법위반,건조,맑음,교차로 - 교차로안,승용,여,23세,상해없음,승용,남,62세,중상
2013040600100052,2013년 4월 6일 01시,토요일,경상남도 창원시 의창구 명서동,중상사고,0,1,0,0,차대차 - 추돌 - 진행중,안전거리미확보,습기,비,교차로 - 교차로안,승용,남,34세,상해없음,승용,남,61세,중상
2013040600100053,2013년 4월 6일 01시,토요일,경상남도 창원시 의창구 팔용동,경상사고,0,0,1,0,차량단독 - 기타,안전운전불이행,건조,맑음,교차로 - 교차로부근,승용,남,50세,상해없음,,,,
2013040600100081,2013년 4월 6일 02시,토요일,경상남도 김해시 어방동,경상사고,0,0,1,0,차대차 - 측면직각충돌,교차로운행방법위반,건조,맑음,교차로 - 교차로안,승용,남,57세,상해없음,화물,남,22세,경상
2013040600100082,2013년 4월 6일 02시,토요일,경상남도 창원시 의창구 팔용동,경상사고,0,0,3,0,차대차 - 측면직각충돌,안전운전불이행,습기,비,교차로 - 교차로안,승용,여,21세,상해없음,승용,남,56세,경상
2013040600100116,2013년 4월 6일 03시,토요일,경상남도 김해시 진영읍,경상사고,0,0,2,0,차량단독 - 공작물충돌,안전운전불이행,습기,비,단일로 - 기타,승용,남,19세,경상,,,,
2013040600100135,2013년 4월 6일 04시,토요일,경상남도 창원시 마산합포구 상남동,경상사고,0,0,2,0,차대차 - 측면직각충돌,신호위반,습기,비,교차로 - 교차로안,승용,남,52세,상해없음,승용,남,59세,경상
2013040600100151,2013년 4월 6일 05시,토요일,경상남도 창원시 의창구 팔용동,경상사고,0,0,1,0,차대차 - 기타,안전운전불이행,습기,비,교차로 - 교차로안,승용,여,29세,상해없음,승용,남,42세,상해없음
2013040600100171,2013년 4월 6일 06시,토요일,경상남도 양산시 어곡동,중상사고,0,1,0,0,차대차 - 측면직각충돌,중앙선침범,습기,비,단일로 - 기타,화물,여,49세,상해없음,승용,남,30세,중상
2013040600100195,2013년 4월 6일 07시,토요일,경상남도 양산시 삼호동,경상사고,0,0,1,0,차대차 - 측면직각충돌,신호위반,습기,안개,교차로 - 교차로안,승용,남,66세,상해없음,화물,남,37세,경상
2013040600100196,2013년 4월 6일 07시,토요일,경상남도 양산시 덕계동,중상사고,0,1,0,0,차대차 - 기타,안전운전불이행,습기,비,단일로 - 기타,승용,남,24세,상해없음,승용,남,32세,중상
2013040600100197,2013년 4월 6일 07시,토요일,경상남도 김해시 진영읍,중상사고,0,2,0,0,차대차 - 측면직각충돌,안전운전불이행,습기,비,단일로 - 기타,특수,남,36세,상해없음,특수,남,52세,중상
2013040600100214,2013년 4월 6일 08시,토요일,경상남도 김해시 외동,경상사고,0,0,1,0,차대차 - 측면직각충돌,신호위반,습기,비,교차로 - 교차로안,승용,남,54세,상해없음,승용,남,26세,경상
2013040600100215,2013년 4월 6일 08시,토요일,경상남도 창원시 의창구 동읍,중상사고,0,1,0,0,차대차 - 측면직각충돌,차로위반,습기,비,단일로 - 기타,화물,남,50세,기타불명,승용,남,21세,상해없음
2013040600100278,2013년 4월 6일 11시,토요일,경상남도 하동군 진교면,경상사고,0,0,1,0,차대차 - 측면직각충돌,중앙선침범,습기,비,단일로 - 기타,승용,남,48세,상해없음,승용,남,32세,경상
2013040600100309,2013년 4월 6일 12시,토요일,경상남도 창원시 의창구 팔용동,부상신고사고,0,0,0,1,차대차 - 추돌 - 주정차중,안전거리미확보,습기,비,교차로 - 교차로부근,승용,여,47세,상해없음,화물,남,55세,부상신고
2013040600100345,2013년 4월 6일 13시,토요일,경상남도 통영시 당동,경상사고,0,0,2,0,차대차 - 추돌 - 주정차중,안전운전불이행,습기,비,단일로 - 기타,승용,여,44세,상해없음,승용,여,50세,경상
2013040600100346,2013년 4월 6일 13시,토요일,경상남도 양산시 상북면,경상사고,0,0,1,0,차대차 - 추돌 - 주정차중,안전운전불이행,습기,비,미분류 - 미분류,화물,남,35세,상해없음,승용,남,28세,경상
2013040600100347,2013년 4월 6일 13시,토요일,경상남도 남해군 삼동면,중상사고,0,2,0,0,차량단독 - 전도전복,안전운전불이행,습기,비,단일로 - 기타,승용,남,80세,상해없음,,,,
2013040600100348,2013년 4월 6일 13시,토요일,경상남도 창원시 마산회원구 합성동,부상신고사고,0,0,0,1,차대사람 - 횡단중,보행자보호의무위반,습기,비,단일로 - 기타,승용,여,22세,상해없음,보행자,남,46세,부상신고
2013040600100349,2013년 4월 6일 13시,토요일,경상남도 창원시 의창구 동읍,경상사고,0,0,1,1,차대차 - 기타,안전운전불이행,습기,비,단일로 - 기타,승용,여,56세,부상신고,화물,남,54세,경상
2013040600100375,2013년 4월 6일 14시,토요일,경상남도 남해군 삼동면,중상사고,0,1,0,0,차대차 - 기타,중앙선침범,습기,비,단일로 - 기타,자전거,남,69세,중상,화물,남,51세,상해없음
2013040600100376,2013년 4월 6일 14시,토요일,경상남도 창원시 마산회원구 회원동,중상사고,0,1,0,0,차량단독 - 공작물충돌,안전운전불이행,습기,비,단일로 - 기타,승용,남,57세,상해없음,,,,
2013040600100411,2013년 4월 6일 15시,토요일,경상남도 통영시 광도면,중상사고,0,2,0,0,차대차 - 정면충돌,중앙선침범,건조,맑음,교차로 - 교차로부근,승용,남,22세,상해없음,승용,남,52세,중상
2013040600100412,2013년 4월 6일 15시,토요일,경상남도 창원시 의창구 동읍,중상사고,0,1,0,0,차대차 - 측면직각충돌,안전운전불이행,습기,비,단일로 - 기타,승용,남,57세,상해없음,승용,남,45세,상해없음
2013040600100438,2013년 4월 6일 16시,토요일,경상남도 김해시 흥동,중상사고,0,1,0,0,차대차 - 기타,안전운전불이행,습기,비,교차로 - 교차로안,승용,여,53세,상해없음,승용,여,53세,중상
2013040600100471,2013년 4월 6일 17시,토요일,경상남도 통영시 무전동,경상사고,0,0,1,0,차대사람 - 횡단중,안전운전불이행,건조,맑음,교차로 - 교차로부근,승용,남,54세,상해없음,보행자,여,30세,경상
2013040600100509,2013년 4월 6일 18시,토요일,경상남도 창원시 마산회원구 합성동,경상사고,0,0,1,0,차대사람 - 기타,안전운전불이행,습기,비,단일로 - 기타,이륜,여,44세,상해없음,보행자,여,30세,경상
2013040600100510,2013년 4월 6일 18시,토요일,경상남도 김해시 장유면,경상사고,0,0,1,0,차대차 - 기타,차로위반,습기,비,교차로 - 교차로부근,승합,남,52세,상해없음,승합,여,41세,경상
2013040600100552,2013년 4월 6일 19시,토요일,경상남도 통영시 도남동,경상사고,0,0,1,0,차대사람 - 기타,안전운전불이행,건조,맑음,단일로 - 기타,승합,남,60세,상해없음,보행자,남,38세,경상
2013040600100553,2013년 4월 6일 19시,토요일,경상남도 양산시 중부동,부상신고사고,0,0,0,1,차대차 - 측면직각충돌,교차로운행방법위반,습기,비,교차로 - 교차로안,승합,남,44세,상해없음,이륜,남,18세,부상신고
2013040600100554,2013년 4월 6일 19시,토요일,경상남도 양산시 삼호동,경상사고,0,0,2,0,차대차 - 측면직각충돌,안전운전불이행,습기,비,교차로 - 교차로부근,승용,기타불명,기타불명,기타불명,승합,남,33세,경상
2013040600100555,2013년 4월 6일 19시,토요일,경상남도 함안군 칠원면,경상사고,0,0,1,0,차대차 - 추돌 - 주정차중,안전운전불이행,습기,비,단일로 - 기타,화물,남,59세,상해없음,승용,남,54세,경상
2013040600100556,2013년 4월 6일 19시,토요일,경상남도 창원시 의창구 대산면,사망사고,1,0,0,0,차량단독 - 공작물충돌,안전운전불이행,습기,비,단일로 - 기타,승용,남,34세,사망,,,,
2013040600100611,2013년 4월 6일 20시,토요일,경상남도 진주시 상대동,중상사고,0,1,0,0,차대사람 - 횡단중,안전운전불이행,습기,비,단일로 - 기타,승용,남,31세,상해없음,보행자,남,45세,중상
2013040600100612,2013년 4월 6일 20시,토요일,경상남도 김해시 내동,중상사고,0,3,0,0,차대차 - 측면직각충돌,안전거리미확보,건조,맑음,단일로 - 기타,화물,남,52세,상해없음,승용,남,48세,중상
2013040600100613,2013년 4월 6일 20시,토요일,경상남도 창녕군 대합면,중상사고,0,1,0,0,차대사람 - 길가장자리구역통행중,안전운전불이행,습기,비,단일로 - 기타,승용,여,48세,상해없음,보행자,남,16세,중상
2013040600100614,2013년 4월 6일 20시,토요일,경상남도 김해시 한림면,중상사고,0,1,0,0,차대사람 - 횡단중,안전운전불이행,습기,비,단일로 - 기타,승용,남,45세,상해없음,보행자,남,48세,중상
2013040600100663,2013년 4월 6일 21시,토요일,경상남도 통영시 미수동,중상사고,0,1,0,0,차대차 - 측면직각충돌,안전운전불이행,습기,비,교차로 - 교차로안,승용,여,39세,상해없음,승용,여,25세,중상
2013040600100664,2013년 4월 6일 21시,토요일,경상남도 거제시 고현동,경상사고,0,0,1,0,차대차 - 기타,안전운전불이행,습기,비,교차로 - 교차로안,승용,남,55세,상해없음,승용,남,22세,경상
2013040600100665,2013년 4월 6일 21시,토요일,경상남도 의령군 의령읍,중상사고,0,1,0,0,차대사람 - 횡단중,보행자보호의무위반,습기,비,교차로 - 교차로부근,승용,남,50세,상해없음,보행자,여,53세,중상
2013040600100666,2013년 4월 6일 21시,토요일,경상남도 창원시 성산구 성주동,중상사고,0,1,0,0,차대사람 - 보도통행중,보행자보호의무위반,습기,비,단일로 - 횡단보도상,승용,남,59세,상해없음,보행자,남,66세,중상
2013040600100711,2013년 4월 6일 22시,토요일,경상남도 함양군 함양읍,경상사고,0,0,2,0,차대차 - 측면직각충돌,교차로운행방법위반,습기,비,교차로 - 교차로안,승합,남,68세,상해없음,승용,여,24세,경상
2013040600100712,2013년 4월 6일 22시,토요일,경상남도 함양군 함양읍,중상사고,0,1,0,0,차대사람 - 횡단중,안전운전불이행,습기,비,교차로 - 교차로안,승용,여,42세,상해없음,보행자,여,64세,중상
2013040600100713,2013년 4월 6일 22시,토요일,경상남도 창원시 의창구 팔용동,부상신고사고,0,0,0,2,차대차 - 기타,안전운전불이행,습기,비,교차로 - 교차로부근,승용,남,50세,상해없음,승용,남,46세,부상신고
2013040600100764,2013년 4월 6일 23시,토요일,경상남도 양산시 물금읍,경상사고,0,0,1,0,차대차 - 측면직각충돌,안전운전불이행,습기,비,교차로 - 교차로부근,승합,여,46세,상해없음,승용,남,32세,경상
2013040600100765,2013년 4월 6일 23시,토요일,경상남도 창원시 마산회원구 회원동,중상사고,0,1,0,0,차대사람 - 차도통행중,안전운전불이행,건조,맑음,단일로 - 기타,승용,기타불명,기타불명,기타불명,보행자,여,52세,중상
2013040600100766,2013년 4월 6일 23시,토요일,경상남도 창원시 마산회원구 내서읍,중상사고,0,1,1,0,차대차 - 추돌 - 진행중,안전운전불이행,습기,비,단일로 - 기타,승용,남,45세,상해없음,이륜,남,50세,경상
2013040700100027,2013년 4월 7일 00시,일요일,경상남도 하동군 진교면,사망사고,1,0,0,0,차량단독 - 공작물충돌,안전운전불이행,건조,맑음,단일로 - 기타,승용,남,49세,사망,,,,
2013040700100061,2013년 4월 7일 01시,일요일,경상남도 창원시 성산구 중앙동,중상사고,0,5,0,0,차대차 - 측면직각충돌,신호위반,습기,흐림,교차로 - 교차로안,승용,남,24세,상해없음,승용,남,56세,중상
2013040700100062,2013년 4월 7일 01시,일요일,경상남도 김해시 진례면,경상사고,0,0,1,0,차대사람 - 기타,안전운전불이행,건조,맑음,단일로 - 기타,기타불명,기타불명,기타불명,기타불명,보행자,남,58세,경상
2013040700100086,2013년 4월 7일 02시,일요일,경상남도 거창군 마리면,경상사고,0,0,1,0,차량단독 - 전도전복,안전운전불이행,습기,비,단일로 - 기타,승용,남,40세,경상,,,,
2013040700100087,2013년 4월 7일 02시,일요일,경상남도 김해시 한림면,중상사고,0,1,0,0,차대차 - 측면직각충돌,신호위반,습기,비,교차로 - 교차로부근,화물,남,40세,상해없음,승용,여,40세,중상
2013040700100103,2013년 4월 7일 03시,일요일,경상남도 거제시 옥포동,중상사고,0,1,0,0,차대차 - 추돌 - 주정차중,안전운전불이행,습기,흐림,교차로 - 교차로부근,승용,남,32세,상해없음,화물,남,36세,기타불명
2013040700100118,2013년 4월 7일 04시,일요일,경상남도 창원시 성산구 반지동,경상사고,0,0,2,0,차대차 - 추돌 - 진행중,안전운전불이행,건조,맑음,단일로 - 기타,승용,남,30세,상해없음,승용,남,54세,상해없음
2013040700100127,2013년 4월 7일 05시,일요일,경상남도 창원시 성산구 웅남동,경상사고,0,0,1,0,차대차 - 측면직각충돌,신호위반,습기,흐림,교차로 - 교차로안,승용,남,50세,상해없음,승용,남,51세,경상
2013040700100128,2013년 4월 7일 05시,일요일,경상남도 김해시 주촌면,중상사고,0,1,1,0,차대차 - 측면직각충돌,안전운전불이행,습기,흐림,교차로 - 교차로안,승용,남,62세,상해없음,화물,남,54세,경상
2013040700100145,2013년 4월 7일 06시,일요일,경상남도 창원시 의창구 동읍,부상신고사고,0,0,0,1,차대사람 - 기타,안전운전불이행,건조,맑음,단일로 - 기타,자전거,남,47세,상해없음,보행자,여,65세,부상신고
2013040700100192,2013년 4월 7일 10시,일요일,경상남도 양산시 물금읍,경상사고,0,0,1,0,차대차 - 측면직각충돌,안전운전불이행,건조,맑음,단일로 - 기타,승용,남,51세,상해없음,자전거,남,31세,경상
2013040700100213,2013년 4월 7일 11시,일요일,경상남도 통영시 사량면,중상사고,0,1,0,0,차량단독 - 도로외이탈 - 추락,안전운전불이행,건조,맑음,단일로 - 기타,승용,남,64세,중상,,,,
2013040700100214,2013년 4월 7일 11시,일요일,경상남도 창녕군 영산면,경상사고,0,0,2,0,차대차 - 추돌 - 주정차중,안전운전불이행,건조,흐림,단일로 - 기타,승용,남,45세,상해없음,승합,남,48세,경상
2013040700100230,2013년 4월 7일 12시,일요일,경상남도 사천시 사남면,중상사고,0,5,0,0,차대차 - 정면충돌,중앙선침범,건조,맑음,단일로 - 기타,승용,남,33세,상해없음,승용,남,62세,중상
2013040700100249,2013년 4월 7일 13시,일요일,경상남도 합천군 묘산면,경상사고,0,0,2,0,차대차 - 기타,안전운전불이행,건조,맑음,교차로 - 교차로안,농기계,남,73세,상해없음,승용,남,33세,경상
2013040700100279,2013년 4월 7일 14시,일요일,경상남도 통영시 서호동,경상사고,0,0,6,0,차대차 - 기타,교차로운행방법위반,건조,맑음,교차로 - 교차로안,승용,남,18세,경상,화물,남,46세,경상
2013040700100280,2013년 4월 7일 14시,일요일,경상남도 김해시 삼정동,중상사고,0,1,0,0,차대차 - 추돌 - 진행중,안전거리미확보,건조,맑음,단일로 - 기타,승용,남,53세,상해없음,이륜,남,24세,중상
2013040700100281,2013년 4월 7일 14시,일요일,경상남도 창녕군 창녕읍,중상사고,0,1,0,0,차대차 - 추돌 - 주정차중,안전운전불이행,건조,맑음,단일로 - 기타,승용,여,56세,중상,승용,여,39세,상해없음
2013040700100282,2013년 4월 7일 14시,일요일,경상남도 하동군 화개면,중상사고,0,2,3,0,차대차 - 추돌 - 주정차중,안전운전불이행,건조,맑음,단일로 - 기타,승용,남,51세,상해없음,승용,여,37세,중상
2013040700100316,2013년 4월 7일 15시,일요일,경상남도 창원시 마산합포구 교방동,중상사고,0,2,2,0,차대차 - 추돌 - 주정차중,안전운전불이행,건조,맑음,단일로 - 기타,승용,남,40세,상해없음,승용,남,30세,경상
2013040700100317,2013년 4월 7일 15시,일요일,경상남도 창원시 진해구 평안동,경상사고,0,0,1,0,차대사람 - 기타,안전운전불이행,건조,맑음,단일로 - 기타,승합,남,57세,상해없음,보행자,남,81세,경상
2013040700100348,2013년 4월 7일 16시,일요일,경상남도 창원시 진해구 경화동,중상사고,0,2,1,0,차대차 - 측면직각충돌,안전운전불이행,건조,맑음,교차로 - 교차로안,이륜,남,41세,중상,승용,남,52세,경상
2013040700100349,2013년 4월 7일 16시,일요일,경상남도 통영시 산양읍,중상사고,0,1,2,0,차대차 - 기타,교차로운행방법위반,건조,맑음,교차로 - 교차로안,승용,남,51세,상해없음,승용,여,57세,경상
2013040700100350,2013년 4월 7일 16시,일요일,경상남도 김해시 동상동,경상사고,0,0,1,0,차대사람 - 기타,안전운전불이행,건조,맑음,단일로 - 기타,승용,여,38세,상해없음,보행자,남,50세,경상
2013040700100351,2013년 4월 7일 16시,일요일,경상남도 양산시 평산동,중상사고,0,1,0,0,차대차 - 측면직각충돌,교차로운행방법위반,건조,맑음,교차로 - 교차로안,승용,남,48세,상해없음,승용,여,30세,중상
2013040700100352,2013년 4월 7일 16시,일요일,경상남도 창원시 성산구 대방동,경상사고,0,0,1,0,차대차 - 추돌 - 진행중,안전거리미확보,건조,맑음,교차로 - 교차로부근,승용,남,44세,상해없음,승합,남,54세,경상
2013040700100353,2013년 4월 7일 16시,일요일,경상남도 통영시 용남면,경상사고,0,0,4,0,차대차 - 추돌 - 진행중,안전운전불이행,건조,맑음,단일로 - 기타,승용,남,50세,상해없음,승용,남,35세,경상
2013040700100354,2013년 4월 7일 16시,일요일,경상남도 창원시 의창구 북면,경상사고,0,0,2,0,차대차 - 추돌 - 주정차중,안전운전불이행,건조,맑음,단일로 - 기타,승용,남,33세,상해없음,승용,남,29세,경상
2013040700100388,2013년 4월 7일 17시,일요일,경상남도 김해시 어방동,경상사고,0,0,1,0,차대차 - 측면직각충돌,신호위반,건조,맑음,교차로 - 교차로부근,이륜,남,18세,상해없음,자전거,남,14세,경상
2013040700100389,2013년 4월 7일 17시,일요일,경상남도 김해시 외동,중상사고,0,1,0,0,차대사람 - 횡단중,안전운전불이행,건조,맑음,단일로 - 횡단보도상,승용,여,40세,상해없음,보행자,여,77세,중상
2013040700100390,2013년 4월 7일 17시,일요일,경상남도 거창군 거창읍,경상사고,0,0,1,0,차대차 - 추돌 - 진행중,안전운전불이행,건조,맑음,단일로 - 기타,승용,남,68세,상해없음,승용,남,57세,상해없음
2013040700100391,2013년 4월 7일 17시,일요일,경상남도 거제시 고현동,경상사고,0,0,2,0,차대사람 - 횡단중,보행자보호의무위반,건조,맑음,단일로 - 횡단보도상,이륜,남,17세,상해없음,보행자,여,39세,경상
2013040700100392,2013년 4월 7일 17시,일요일,경상남도 거제시 아주동,경상사고,0,0,2,2,차대차 - 추돌 - 주정차중,안전운전불이행,건조,맑음,교차로 - 교차로부근,승합,남,31세,상해없음,승용,남,30세,경상
2013040700100393,2013년 4월 7일 17시,일요일,경상남도 거제시 고현동,중상사고,0,1,0,0,차대사람 - 횡단중,보행자보호의무위반,건조,맑음,단일로 - 횡단보도상,승용,남,69세,상해없음,보행자,여,45세,중상
2013040700100394,2013년 4월 7일 17시,일요일,경상남도 창원시 의창구 대원동,경상사고,0,0,1,0,차대차 - 측면직각충돌,신호위반,건조,맑음,교차로 - 교차로안,승용,남,49세,상해없음,자전거,남,45세,경상
2013040700100395,2013년 4월 7일 17시,일요일,경상남도 창원시 의창구 도계동,경상사고,0,0,3,0,차대차 - 추돌 - 주정차중,안전거리미확보,건조,맑음,교차로 - 교차로부근,승용,남,51세,상해없음,승용,남,31세,경상
2013040700100430,2013년 4월 7일 18시,일요일,경상남도 사천시 축동면,중상사고,0,1,6,0,차대차 - 기타,안전운전불이행,건조,맑음,교차로 - 교차로안,승합,남,52세,상해없음,승용,남,31세,경상
2013040700100431,2013년 4월 7일 18시,일요일,경상남도 사천시 벌리동,경상사고,0,0,1,0,차대사람 - 횡단중,안전운전불이행,건조,맑음,단일로 - 기타,승용,남,44세,상해없음,보행자,여,13세,경상
2013040700100432,2013년 4월 7일 18시,일요일,경상남도 김해시 동상동,중상사고,0,2,0,0,차대차 - 측면직각충돌,안전운전불이행,건조,맑음,교차로 - 교차로안,이륜,남,36세,중상,승용,남,39세,중상
2013040700100433,2013년 4월 7일 18시,일요일,경상남도 창원시 의창구 팔용동,경상사고,0,0,1,0,차대차 - 추돌 - 주정차중,안전운전불이행,건조,맑음,교차로 - 교차로부근,승용,남,48세,상해없음,승용,남,37세,경상
2013040700100466,2013년 4월 7일 19시,일요일,경상남도 창원시 마산회원구 내서읍,중상사고,0,1,0,0,차대사람 - 보도통행중,안전운전불이행,건조,맑음,단일로 - 횡단보도상,승용,여,35세,상해없음,보행자,남,65세,중상
2013040700100502,2013년 4월 7일 20시,일요일,경상남도 창원시 성산구 내동,중상사고,0,1,0,0,차대차 - 측면직각충돌,교차로운행방법위반,건조,맑음,교차로 - 교차로안,원동기,남,53세,상해없음,승용,여,43세,중상
2013040700100527,2013년 4월 7일 21시,일요일,경상남도 거제시 고현동,중상사고,0,1,0,0,차대사람 - 기타,안전운전불이행,건조,맑음,교차로 - 교차로부근,이륜,남,17세,상해없음,보행자,여,49세,중상
2013040700100548,2013년 4월 7일 22시,일요일,경상남도 창원시 의창구 사림동,경상사고,0,0,2,1,차대차 - 측면직각충돌,안전운전불이행,건조,맑음,단일로 - 기타,승용,남,18세,상해없음,승용,남,30세,경상
2013040700100566,2013년 4월 7일 23시,일요일,경상남도 하동군 악양면,중상사고,0,1,0,0,차대차 - 추돌 - 주정차중,안전운전불이행,건조,맑음,단일로 - 기타,승용,남,46세,상해없음,화물,남,64세,상해없음
2013040800100091,2013년 4월 8일 07시,월요일,경상남도 진주시 평거동,경상사고,0,0,1,0,차대차 - 측면직각충돌,신호위반,건조,맑음,교차로 - 교차로안,승용,남,32세,상해없음,승용,남,32세,경상
2013040800100092,2013년 4월 8일 07시,월요일,경상남도 창원시 마산회원구 합성동,경상사고,0,0,1,0,차대사람 - 길가장자리구역통행중,안전운전불이행,건조,맑음,단일로 - 기타,승합,여,41세,상해없음,보행자,남,17세,경상
2013040800100093,2013년 4월 8일 07시,월요일,경상남도 창원시 의창구 명서동,중상사고,0,1,0,0,차대차 - 측면직각충돌,신호위반,건조,맑음,교차로 - 교차로안,승용,남,30세,상해없음,승용,남,36세,중상
2013040800100094,2013년 4월 8일 07시,월요일,경상남도 창원시 의창구 팔용동,중상사고,0,2,0,0,차대차 - 추돌 - 주정차중,안전운전불이행,건조,맑음,교차로 - 교차로안,승용,남,22세,상해없음,승용,남,51세,중상
2013040800100095,2013년 4월 8일 07시,월요일,경상남도 창원시 의창구 동읍,경상사고,0,0,1,0,차대차 - 추돌 - 주정차중,안전거리미확보,건조,맑음,단일로 - 기타,승용,남,42세,상해없음,승용,남,51세,경상
2013040800100120,2013년 4월 8일 08시,월요일,경상남도 창원시 마산합포구 남성동,중상사고,0,1,0,0,차대차 - 측면직각충돌,신호위반,건조,맑음,교차로 - 교차로안,승용,여,57세,상해없음,화물,남,50세,중상
2013040800100121,2013년 4월 8일 08시,월요일,경상남도 진주시 하대동,경상사고,0,0,1,0,차대차 - 추돌 - 주정차중,안전운전불이행,건조,맑음,교차로 - 교차로부근,승용,여,50세,상해없음,승용,남,55세,경상
2013040800100122,2013년 4월 8일 08시,월요일,경상남도 사천시 축동면,중상사고,0,1,0,0,차대차 - 추돌 - 주정차중,안전운전불이행,건조,맑음,단일로 - 기타,승용,여,45세,상해없음,승용,남,75세,중상
2013040800100149,2013년 4월 8일 09시,월요일,경상남도 함안군 가야읍,중상사고,0,1,0,0,차대차 - 측면직각충돌,교차로운행방법위반,건조,맑음,교차로 - 교차로안,이륜,남,81세,상해없음,이륜,남,75세,상해없음
2013040800100150,2013년 4월 8일 09시,월요일,경상남도 김해시 진영읍,중상사고,0,1,0,0,차대차 - 측면직각충돌,차로위반,건조,맑음,단일로 - 기타,화물,남,62세,상해없음,건설기계,남,44세,중상
2013040800100176,2013년 4월 8일 10시,월요일,경상남도 고성군 고성읍,중상사고,0,1,1,0,차대차 - 측면직각충돌,신호위반,건조,맑음,교차로 - 교차로안,승용,여,31세,상해없음,승용,남,43세,중상
2013040800100194,2013년 4월 8일 11시,월요일,경상남도 양산시 중부동,중상사고,0,1,0,0,차대사람 - 보도통행중,기타,건조,맑음,단일로 - 기타,화물,남,63세,상해없음,보행자,여,72세,중상
2013040800100195,2013년 4월 8일 11시,월요일,경상남도 김해시 이동,중상사고,0,1,1,0,차대차 - 측면직각충돌,안전운전불이행,건조,맑음,교차로 - 교차로부근,건설기계,남,56세,상해없음,건설기계,남,35세,중상
2013040800100221,2013년 4월 8일 12시,월요일,경상남도 거제시 옥포동,경상사고,0,0,1,0,차대차 - 추돌 - 진행중,직진우회전진행방해,건조,맑음,교차로 - 교차로안,승용,여,45세,상해없음,이륜,남,45세,경상
2013040800100247,2013년 4월 8일 13시,월요일,경상남도 하동군 화개면,경상사고,0,0,1,0,차대사람 - 길가장자리구역통행중,안전운전불이행,건조,맑음,단일로 - 기타,승용,남,74세,상해없음,보행자,여,57세,경상
2013040800100264,2013년 4월 8일 14시,월요일,경상남도 양산시 동면,경상사고,0,0,2,0,차대차 - 측면직각충돌,안전운전불이행,건조,맑음,단일로 - 기타,화물,남,58세,상해없음,승합,남,46세,상해없음
2013040800100296,2013년 4월 8일 15시,월요일,경상남도 통영시 북신동,경상사고,0,0,1,0,차대차 - 측면직각충돌,차로위반,건조,맑음,단일로 - 기타,승용,여,39세,상해없음,승용,남,69세,경상