사고번호,사고일시,요일,시군구,사고내용,사망자수,중상자수,경상자수,부상신고자수,사고유형,법규위반,노면상태,기상상태,도로형태,가해운전자 차종,가해운전자 성별,가해운전자 연령,가해운전자 상해정도,피해운전자 차종,피해운전자 성별,피해운전자 연령,피해운전자 상해정도
2013040800100326,2013년 4월 8일 16시,월요일,경상남도 거제시 고현동,경상사고,0,0,1,0,차대차 - 추돌 - 진행중,안전운전불이행,건조,맑음,단일로 - 기타,승용,남,67세,상해없음,승용,여,40세,경상
2013040800100353,2013년 4월 8일 17시,월요일,경상남도 진주시 봉래동,중상사고,0,1,0,0,차대차 - 측면직각충돌,안전운전불이행,건조,맑음,단일로 - 기타,자전거,남,13세,중상,승용,여,48세,상해없음
2013040800100354,2013년 4월 8일 17시,월요일,경상남도 김해시 대동면,경상사고,0,0,1,0,차대차 - 정면충돌,교차로운행방법위반,건조,맑음,교차로 - 교차로안,화물,남,21세,상해없음,승용,여,43세,경상
2013040800100355,2013년 4월 8일 17시,월요일,경상남도 거창군 거창읍,중상사고,0,1,0,0,차대차 - 추돌 - 진행중,안전운전불이행,건조,맑음,단일로 - 기타,승용,여,36세,상해없음,승용,남,56세,중상
2013040800100356,2013년 4월 8일 17시,월요일,경상남도 거제시 옥포동,부상신고사고,0,0,0,1,차대사람 - 기타,안전운전불이행,건조,맑음,단일로 - 횡단보도상,승용,남,38세,상해없음,보행자,남,12세,부상신고
2013040800100357,2013년 4월 8일 17시,월요일,경상남도 김해시 장유면,중상사고,0,1,0,0,차대사람 - 횡단중,보행자보호의무위반,건조,맑음,단일로 - 기타,승용,남,36세,상해없음,보행자,남,10세,중상
2013040800100389,2013년 4월 8일 18시,월요일,경상남도 창원시 진해구 여좌동,경상사고,0,0,3,0,차대차 - 추돌 - 진행중,차로위반,건조,맑음,단일로 - 기타,화물,남,48세,상해없음,승용,남,62세,경상
2013040800100425,2013년 4월 8일 19시,월요일,경상남도 창원시 진해구 이동,중상사고,0,1,0,0,차대차 - 추돌 - 주정차중,안전운전불이행,건조,맑음,단일로 - 기타,자전거,남,68세,중상,화물,남,45세,기타불명
2013040800100448,2013년 4월 8일 20시,월요일,경상남도 사천시 사천읍,경상사고,0,0,6,0,차대차 - 기타,교차로운행방법위반,건조,맑음,교차로 - 교차로안,승용,여,35세,경상,승용,여,47세,상해없음
2013040800100449,2013년 4월 8일 20시,월요일,경상남도 거제시 고현동,경상사고,0,0,2,0,차대차 - 기타,안전운전불이행,건조,맑음,교차로 - 교차로안,승용,남,36세,상해없음,승용,남,33세,경상
2013040800100485,2013년 4월 8일 21시,월요일,경상남도 창원시 마산합포구 신포동1가,중상사고,0,1,2,0,차대차 - 기타,안전운전불이행,건조,맑음,교차로 - 교차로안,승용,남,48세,상해없음,승용,남,58세,중상
2013040800100486,2013년 4월 8일 21시,월요일,경상남도 함안군 칠서면,경상사고,0,0,1,0,차대차 - 측면직각충돌,신호위반,건조,맑음,교차로 - 교차로안,승용,여,53세,상해없음,화물,남,29세,경상
2013040800100521,2013년 4월 8일 22시,월요일,경상남도 진주시 신안동,경상사고,0,0,1,0,차량단독 - 기타,안전운전불이행,건조,맑음,단일로 - 기타,승합,남,47세,상해없음,,,,
2013040800100522,2013년 4월 8일 22시,월요일,경상남도 창원시 진해구 용원동,경상사고,0,0,1,0,차대사람 - 기타,안전운전불이행,건조,맑음,단일로 - 기타,승용,남,53세,기타불명,보행자,여,39세,경상
2013040800100523,2013년 4월 8일 22시,월요일,경상남도 창원시 성산구 상남동,중상사고,0,1,0,0,차대차 - 추돌 - 주정차중,안전운전불이행,기타,맑음,기타 - 기타,승용,남,46세,상해없음,승용,여,31세,중상
2013040800100555,2013년 4월 8일 23시,월요일,경상남도 창원시 진해구 석동,경상사고,0,0,1,0,차대차 - 추돌 - 주정차중,안전운전불이행,건조,맑음,교차로 - 교차로안,승용,남,31세,상해없음,승용,남,24세,경상
2013040800100556,2013년 4월 8일 23시,월요일,경상남도 창원시 진해구 서중동,사망사고,1,0,0,0,차대차 - 추돌 - 진행중,안전운전불이행,건조,맑음,단일로 - 기타,화물,남,45세,사망,특수,남,30세,상해없음
2013040900100012,2013년 4월 9일 00시,화요일,경상남도 창원시 진해구 제황산동,경상사고,0,0,3,0,차대차 - 측면직각충돌,직진우회전진행방해,건조,맑음,교차로 - 교차로안,승용,여,57세,상해없음,승용,남,55세,경상
2013040900100013,2013년 4월 9일 00시,화요일,경상남도 거제시 고현동,중상사고,0,1,0,0,차대차 - 기타,안전운전불이행,건조,맑음,단일로 - 기타,승용,남,41세,상해없음,승용,여,32세,중상
2013040900100032,2013년 4월 9일 01시,화요일,경상남도 창원시 진해구 이동,경상사고,0,0,1,0,차량단독 - 공작물충돌,안전운전불이행,건조,맑음,교차로 - 교차로부근,승용,여,53세,기타불명,,,,
2013040900100033,2013년 4월 9일 01시,화요일,경상남도 통영시 미수동,경상사고,0,0,1,0,차대사람 - 횡단중,안전운전불이행,건조,맑음,교차로 - 교차로안,화물,남,47세,상해없음,보행자,남,50세,경상
2013040900100052,2013년 4월 9일 02시,화요일,경상남도 창원시 의창구 소계동,중상사고,0,1,0,0,차대사람 - 기타,안전운전불이행,건조,맑음,단일로 - 기타,화물,남,45세,상해없음,보행자,남,48세,중상
2013040900100093,2013년 4월 9일 06시,화요일,경상남도 창원시 마산회원구 회성동,중상사고,0,1,2,0,차대차 - 추돌 - 주정차중,안전운전불이행,건조,맑음,단일로 - 기타,승합,남,53세,상해없음,건설기계,남,35세,상해없음
2013040900100118,2013년 4월 9일 07시,화요일,경상남도 창원시 진해구 용원동,중상사고,0,1,0,0,차대차 - 측면직각충돌,안전운전불이행,건조,맑음,교차로 - 교차로안,화물,남,45세,상해없음,원동기,기타불명,기타불명,기타불명
2013040900100119,2013년 4월 9일 07시,화요일,경상남도 하동군 진교면,중상사고,0,1,0,0,차대사람 - 기타,안전운전불이행,건조,맑음,기타 - 기타,화물,남,57세,상해없음,보행자,남,61세,중상
2013040900100146,2013년 4월 9일 08시,화요일,경상남도 창원시 의창구 북면,경상사고,0,0,1,0,차대사람 - 기타,안전운전불이행,건조,맑음,단일로 - 기타,승용,여,50세,상해없음,보행자,여,11세,경상
2013040900100178,2013년 4월 9일 09시,화요일,경상남도 양산시 중부동,경상사고,0,0,2,0,차대차 - 측면직각충돌,안전운전불이행,건조,맑음,교차로 - 교차로안,승용,남,33세,상해없음,승용,여,43세,경상
2013040900100179,2013년 4월 9일 09시,화요일,경상남도 고성군 고성읍,경상사고,0,0,1,0,차대차 - 측면직각충돌,안전거리미확보,건조,맑음,단일로 - 기타,승용,남,59세,상해없음,승용,남,35세,경상
2013040900100180,2013년 4월 9일 09시,화요일,경상남도 창원시 마산회원구 회원동,경상사고,0,0,1,0,차대사람 - 차도통행중,안전운전불이행,건조,맑음,교차로 - 교차로안,승용,남,29세,상해없음,보행자,남,75세,경상
2013040900100215,2013년 4월 9일 10시,화요일,경상남도 밀양시 삼문동,경상사고,0,0,1,0,차대사람 - 횡단중,보행자보호의무위반,건조,맑음,단일로 - 횡단보도상,자전거,남,26세,상해없음,보행자,여,70세,경상
2013040900100240,2013년 4월 9일 11시,화요일,경상남도 창원시 마산합포구 완월동,경상사고,0,0,1,0,차대사람 - 기타,안전운전불이행,건조,맑음,교차로 - 교차로안,승용,남,50세,상해없음,보행자,여,43세,경상
2013040900100241,2013년 4월 9일 11시,화요일,경상남도 밀양시 내이동,중상사고,0,1,0,0,차대차 - 측면직각충돌,교차로운행방법위반,건조,맑음,교차로 - 교차로안,화물,남,67세,상해없음,이륜,남,57세,중상
2013040900100279,2013년 4월 9일 13시,화요일,경상남도 사천시 선구동,중상사고,0,3,0,0,차대차 - 기타,교차로운행방법위반,건조,맑음,교차로 - 교차로안,승용,남,47세,상해없음,승용,남,55세,중상
2013040900100280,2013년 4월 9일 13시,화요일,경상남도 김해시 외동,경상사고,0,0,1,0,차대차 - 측면직각충돌,중앙선침범,건조,맑음,교차로 - 교차로안,자전거,여,47세,경상,승용,남,40세,상해없음
2013040900100308,2013년 4월 9일 14시,화요일,경상남도 의령군 정곡면,경상사고,0,0,1,0,차대차 - 추돌 - 진행중,안전운전불이행,건조,맑음,교차로 - 교차로부근,화물,남,69세,상해없음,이륜,남,74세,경상
2013040900100330,2013년 4월 9일 15시,화요일,경상남도 진주시 초전동,경상사고,0,0,1,0,차대사람 - 횡단중,안전운전불이행,건조,맑음,단일로 - 기타,승용,여,42세,상해없음,보행자,여,63세,경상
2013040900100331,2013년 4월 9일 15시,화요일,경상남도 거제시 일운면,중상사고,0,1,0,0,차대사람 - 기타,안전운전불이행,건조,맑음,단일로 - 기타,화물,남,46세,상해없음,보행자,여,56세,중상
2013040900100332,2013년 4월 9일 15시,화요일,경상남도 창원시 마산회원구 합성동,중상사고,0,1,0,0,차대사람 - 횡단중,보행자보호의무위반,건조,맑음,단일로 - 횡단보도상,승용,남,46세,상해없음,보행자,여,27세,중상
2013040900100344,2013년 4월 9일 16시,화요일,경상남도 김해시 생림면,경상사고,0,0,1,0,차대차 - 기타,안전운전불이행,건조,맑음,단일로 - 터널,승용,기타불명,기타불명,기타불명,승용,여,42세,경상
2013040900100358,2013년 4월 9일 16시,화요일,경상남도 거창군 거창읍,경상사고,0,0,2,0,차대차 - 측면직각충돌,교차로운행방법위반,건조,맑음,교차로 - 교차로안,승용,여,52세,상해없음,승용,여,26세,경상
2013040900100359,2013년 4월 9일 16시,화요일,경상남도 양산시 중부동,중상사고,0,3,0,0,차대차 - 측면직각충돌,안전운전불이행,건조,맑음,교차로 - 교차로부근,승합,여,65세,상해없음,승용,남,37세,중상
2013040900100389,2013년 4월 9일 17시,화요일,경상남도 밀양시 무안면,경상사고,0,0,1,0,차대차 - 기타,기타,건조,맑음,교차로 - 교차로안,승용,여,47세,상해없음,이륜,남,74세,경상
2013040900100390,2013년 4월 9일 17시,화요일,경상남도 고성군 고성읍,경상사고,0,0,3,0,차대차 - 측면직각충돌,교차로운행방법위반,건조,맑음,교차로 - 교차로안,화물,남,54세,상해없음,승용,여,36세,경상
2013040900100391,2013년 4월 9일 17시,화요일,경상남도 창원시 의창구 동읍,부상신고사고,0,0,0,1,차대차 - 추돌 - 진행중,안전운전불이행,건조,맑음,교차로 - 교차로안,승합,남,70세,상해없음,승용,남,58세,부상신고
2013040900100417,2013년 4월 9일 18시,화요일,경상남도 창원시 마산합포구 오동동,경상사고,0,0,2,0,차대차 - 기타,안전운전불이행,건조,맑음,단일로 - 기타,화물,남,59세,상해없음,승용,남,31세,경상
2013040900100418,2013년 4월 9일 18시,화요일,경상남도 사천시 정동면,부상신고사고,0,0,0,1,차대차 - 측면직각충돌,안전운전불이행,건조,맑음,교차로 - 교차로안,자전거,여,9세,부상신고,승용,여,50세,상해없음
2013040900100419,2013년 4월 9일 18시,화요일,경상남도 김해시 삼정동,중상사고,0,1,0,0,차대차 - 추돌 - 주정차중,안전운전불이행,건조,맑음,단일로 - 기타,승용,남,56세,상해없음,승용,남,25세,상해없음
2013040900100453,2013년 4월 9일 19시,화요일,경상남도 김해시 외동,중상사고,0,1,0,0,차대차 - 측면직각충돌,신호위반,건조,맑음,교차로 - 교차로안,이륜,남,18세,중상,승용,여,38세,상해없음
2013040900100509,2013년 4월 9일 21시,화요일,경상남도 진주시 강남동,중상사고,0,2,1,0,차대차 - 측면직각충돌,교차로운행방법위반,건조,흐림,교차로 - 교차로안,승용,남,26세,경상,승용,여,28세,중상
2013040900100510,2013년 4월 9일 21시,화요일,경상남도 김해시 삼방동,경상사고,0,0,1,0,차대사람 - 길가장자리구역통행중,안전운전불이행,건조,맑음,단일로 - 기타,이륜,남,15세,상해없음,보행자,남,10세,경상
2013040900100542,2013년 4월 9일 22시,화요일,경상남도 창원시 마산합포구 진북면,중상사고,0,1,0,0,차대사람 - 차도통행중,안전운전불이행,건조,맑음,단일로 - 기타,승용,여,51세,상해없음,보행자,남,47세,중상
2013040900100561,2013년 4월 9일 23시,화요일,경상남도 진주시 신안동,중상사고,0,2,0,0,차대차 - 측면직각충돌,신호위반,건조,기타,교차로 - 교차로안,승용,남,59세,상해없음,승용,남,62세,중상
2013041000100004,2013년 4월 10일 00시,수요일,경상남도 양산시 남부동,중상사고,0,1,0,0,차대차 - 추돌 - 주정차중,안전운전불이행,건조,맑음,단일로 - 기타,화물,기타불명,기타불명,기타불명,승용,여,52세,중상
2013041000100032,2013년 4월 10일 01시,수요일,경상남도 창원시 마산회원구 회원동,중상사고,0,1,0,0,차대차 - 추돌 - 주정차중,안전운전불이행,건조,맑음,단일로 - 기타,승용,여,29세,중상,화물,남,42세,기타불명
2013041000100069,2013년 4월 10일 06시,수요일,경상남도 창원시 성산구 신촌동,경상사고,0,0,4,0,차대차 - 기타,안전거리미확보,기타,맑음,단일로 - 기타,화물,남,47세,경상,승용,남,52세,경상
2013041000100090,2013년 4월 10일 07시,수요일,경상남도 거창군 거창읍,중상사고,0,1,0,0,차대사람 - 횡단중,안전운전불이행,건조,맑음,교차로 - 교차로부근,기타불명,기타불명,기타불명,기타불명,보행자,여,15세,중상
2013041000100091,2013년 4월 10일 07시,수요일,경상남도 김해시 한림면,경상사고,0,0,1,0,차대차 - 기타,안전운전불이행,건조,맑음,단일로 - 기타,원동기,남,82세,경상,승용,남,30세,상해없음
2013041000100139,2013년 4월 10일 08시,수요일,경상남도 진주시 명석면,부상신고사고,0,0,0,2,차대차 - 기타,안전거리미확보,건조,맑음,기타 - 기타,승용,여,46세,부상신고,화물,남,47세,부상신고
2013041000100140,2013년 4월 10일 08시,수요일,경상남도 진주시 명석면,경상사고,0,0,1,0,차대차 - 추돌 - 주정차중,안전거리미확보,건조,맑음,기타 - 기타,승용,남,28세,상해없음,승용,남,60세,경상
2013041000100141,2013년 4월 10일 08시,수요일,경상남도 통영시 도천동,중상사고,0,1,0,0,차대사람 - 횡단중,신호위반,건조,맑음,단일로 - 기타,승용,여,42세,상해없음,보행자,여,23세,중상
2013041000100142,2013년 4월 10일 08시,수요일,경상남도 거제시 고현동,경상사고,0,0,2,0,차대차 - 추돌 - 진행중,안전운전불이행,건조,맑음,교차로 - 교차로부근,승용,여,37세,기타불명,승용,여,28세,경상
2013041000100174,2013년 4월 10일 09시,수요일,경상남도 창원시 마산합포구 상남동,중상사고,0,1,1,0,차대차 - 추돌 - 주정차중,안전운전불이행,건조,맑음,단일로 - 기타,승용,남,30세,상해없음,승용,남,57세,경상
2013041000100175,2013년 4월 10일 09시,수요일,경상남도 밀양시 내이동,경상사고,0,0,1,1,차대차 - 측면직각충돌,안전운전불이행,건조,맑음,교차로 - 교차로안,승용,남,45세,상해없음,승합,여,44세,부상신고
2013041000100176,2013년 4월 10일 09시,수요일,경상남도 양산시 북부동,중상사고,0,1,0,0,차대차 - 측면직각충돌,교차로운행방법위반,건조,맑음,교차로 - 교차로안,승용,남,46세,기타불명,승용,여,47세,중상
2013041000100177,2013년 4월 10일 09시,수요일,경상남도 양산시 평산동,중상사고,0,2,1,0,차대차 - 측면직각충돌,안전거리미확보,건조,맑음,교차로 - 교차로부근,승용,남,32세,상해없음,승용,남,43세,중상
2013041000100178,2013년 4월 10일 09시,수요일,경상남도 고성군 영오면,경상사고,0,0,1,0,차대차 - 측면직각충돌,교차로운행방법위반,건조,맑음,교차로 - 교차로안,건설기계,남,30세,상해없음,원동기,남,46세,경상
2013041000100204,2013년 4월 10일 10시,수요일,경상남도 창원시 마산합포구 구산면,경상사고,0,0,3,0,차대차 - 정면충돌,중앙선침범,건조,맑음,단일로 - 기타,승용,남,41세,상해없음,화물,남,55세,경상
2013041000100205,2013년 4월 10일 10시,수요일,경상남도 김해시 삼정동,중상사고,0,1,0,0,차대사람 - 차도통행중,안전운전불이행,건조,맑음,단일로 - 기타,화물,남,52세,상해없음,보행자,여,70세,중상
2013041000100206,2013년 4월 10일 10시,수요일,경상남도 양산시 중부동,경상사고,0,0,1,0,차대차 - 측면직각충돌,안전운전불이행,건조,맑음,교차로 - 교차로안,승용,남,48세,상해없음,승용,남,55세,경상
2013041000100207,2013년 4월 10일 10시,수요일,경상남도 산청군 산청읍,중상사고,0,1,0,1,차대차 - 측면직각충돌,신호위반,건조,맑음,교차로 - 교차로안,화물,남,53세,부상신고,승용,남,64세,중상
2013041000100222,2013년 4월 10일 11시,수요일,경상남도 창녕군 도천면,중상사고,0,1,0,0,차대차 - 측면직각충돌,신호위반,건조,맑음,교차로 - 교차로안,특수,남,21세,상해없음,이륜,남,80세,중상
2013041000100223,2013년 4월 10일 11시,수요일,경상남도 거제시 아주동,중상사고,0,2,0,0,차대차 - 기타,안전거리미확보,건조,맑음,교차로 - 교차로부근,화물,남,42세,상해없음,화물,남,42세,중상
2013041000100224,2013년 4월 10일 11시,수요일,경상남도 함안군 가야읍,중상사고,0,1,0,0,차대사람 - 기타,안전운전불이행,건조,맑음,단일로 - 기타,승용,남,38세,상해없음,보행자,여,48세,중상
2013041000100245,2013년 4월 10일 12시,수요일,경상남도 사천시 용현면,중상사고,0,1,1,0,차대차 - 측면직각충돌,안전운전불이행,건조,맑음,교차로 - 교차로부근,승용,여,40세,상해없음,승용,남,54세,상해없음
2013041000100246,2013년 4월 10일 12시,수요일,경상남도 사천시 용현면,경상사고,0,0,2,0,차대차 - 측면직각충돌,안전거리미확보,건조,맑음,단일로 - 기타,승용,남,66세,상해없음,승용,여,33세,경상
2013041000100247,2013년 4월 10일 12시,수요일,경상남도 김해시 동상동,중상사고,0,1,0,0,차대차 - 측면직각충돌,교차로운행방법위반,건조,맑음,교차로 - 교차로안,원동기,남,55세,상해없음,화물,남,52세,상해없음
2013041000100273,2013년 4월 10일 13시,수요일,경상남도 창원시 마산회원구 내서읍,사망사고,1,0,0,0,차대사람 - 횡단중,보행자보호의무위반,건조,맑음,교차로 - 교차로부근,건설기계,남,40세,상해없음,보행자,남,74세,사망
2013041000100326,2013년 4월 10일 15시,수요일,경상남도 사천시 동금동,경상사고,0,0,2,0,차대차 - 측면직각충돌,교차로운행방법위반,건조,맑음,교차로 - 교차로안,건설기계,남,37세,상해없음,승용,남,32세,경상
2013041000100356,2013년 4월 10일 16시,수요일,경상남도 창원시 진해구 여좌동,경상사고,0,0,1,0,차대차 - 기타,안전운전불이행,건조,맑음,단일로 - 기타,자전거,남,13세,경상,승용,여,46세,상해없음
2013041000100357,2013년 4월 10일 16시,수요일,경상남도 합천군 봉산면,중상사고,0,1,0,1,차량단독 - 전도전복,안전운전불이행,건조,맑음,단일로 - 기타,건설기계,남,22세,부상신고,,,,
2013041000100388,2013년 4월 10일 17시,수요일,경상남도 창원시 마산합포구 신월동,경상사고,0,0,3,0,차대차 - 측면직각충돌,교차로운행방법위반,건조,맑음,교차로 - 교차로안,승용,남,57세,상해없음,승용,남,63세,상해없음
2013041000100389,2013년 4월 10일 17시,수요일,경상남도 김해시 내동,중상사고,0,1,0,0,차대사람 - 횡단중,안전운전불이행,건조,맑음,단일로 - 기타,승용,여,36세,상해없음,보행자,남,4세,중상
2013041000100390,2013년 4월 10일 17시,수요일,경상남도 고성군 고성읍,중상사고,0,1,0,0,차대차 - 측면직각충돌,안전운전불이행,건조,맑음,단일로 - 기타,승용,여,62세,상해없음,원동기,남,17세,중상
2013041000100462,2013년 4월 10일 19시,수요일,경상남도 창원시 마산회원구 내서읍,중상사고,0,2,7,0,차대차 - 추돌 - 주정차중,안전운전불이행,건조,맑음,교차로 - 교차로부근,승용,남,42세,상해없음,승합,남,54세,중상
2013041000100463,2013년 4월 10일 19시,수요일,경상남도 김해시 장유면,중상사고,0,2,0,0,차대사람 - 횡단중,보행자보호의무위반,건조,맑음,교차로 - 교차로부근,승용,여,33세,상해없음,보행자,여,52세,중상
2013041000100497,2013년 4월 10일 20시,수요일,경상남도 진주시 상평동,중상사고,0,2,0,0,차대차 - 기타,안전운전불이행,건조,맑음,교차로 - 교차로안,이륜,남,16세,중상,승용,여,40세,상해없음
2013041000100498,2013년 4월 10일 20시,수요일,경상남도 김해시 외동,중상사고,0,2,0,0,차대사람 - 길가장자리구역통행중,안전운전불이행,건조,맑음,교차로 - 교차로안,승용,남,48세,상해없음,보행자,여,66세,중상
2013041000100533,2013년 4월 10일 21시,수요일,경상남도 진주시 이반성면,부상신고사고,0,0,0,1,차량단독 - 공작물충돌,안전운전불이행,건조,맑음,단일로 - 기타,승용,여,33세,부상신고,,,,
2013041000100534,2013년 4월 10일 21시,수요일,경상남도 거창군 거창읍,경상사고,0,0,1,0,차대차 - 측면직각충돌,신호위반,건조,맑음,교차로 - 교차로안,화물,남,40세,상해없음,승용,여,47세,경상
2013041000100535,2013년 4월 10일 21시,수요일,경상남도 거제시 고현동,경상사고,0,0,1,0,차대차 - 추돌 - 진행중,안전운전불이행,건조,맑음,단일로 - 기타,승용,남,43세,상해없음,승용,여,46세,경상
2013041000100555,2013년 4월 10일 22시,수요일,경상남도 거제시 고현동,경상사고,0,0,1,0,차대차 - 기타,신호위반,건조,맑음,교차로 - 교차로안,승용,남,50세,상해없음,승용,남,57세,상해없음
2013041000100556,2013년 4월 10일 22시,수요일,경상남도 거제시 고현동,경상사고,0,0,2,0,차대차 - 기타,안전운전불이행,건조,맑음,교차로 - 교차로안,이륜,남,15세,경상,승용,남,43세,상해없음
2013041100100019,2013년 4월 11일 00시,목요일,경상남도 함안군 칠원면,경상사고,0,0,1,0,차대차 - 추돌 - 주정차중,안전운전불이행,건조,맑음,교차로 - 교차로부근,승용,남,29세,상해없음,승용,남,46세,경상
2013041100100033,2013년 4월 11일 01시,목요일,경상남도 진주시 이현동,사망사고,1,0,0,0,차량단독 - 공작물충돌,안전운전불이행,건조,맑음,단일로 - 기타,화물,남,39세,사망,,,,
2013041100100034,2013년 4월 11일 01시,목요일,경상남도 사천시 서동,경상사고,0,0,1,0,차대차 - 기타,안전운전불이행,건조,맑음,교차로 - 교차로안,승용,남,63세,상해없음,화물,남,46세,상해없음
2013041100100035,2013년 4월 11일 01시,목요일,경상남도 양산시 북부동,경상사고,0,0,2,0,차대사람 - 기타,안전운전불이행,건조,맑음,교차로 - 교차로부근,승용,남,30세,상해없음,보행자,남,41세,경상
2013041100100091,2013년 4월 11일 06시,목요일,경상남도 통영시 광도면,중상사고,0,1,0,0,차대차 - 측면직각충돌,중앙선침범,건조,맑음,단일로 - 기타,원동기,남,50세,중상,승용,남,54세,상해없음
2013041100100092,2013년 4월 11일 06시,목요일,경상남도 김해시 삼계동,경상사고,0,0,1,0,차대사람 - 횡단중,안전운전불이행,건조,맑음,단일로 - 기타,승용,남,47세,상해없음,보행자,여,38세,경상
2013041100100117,2013년 4월 11일 07시,목요일,경상남도 남해군 창선면,경상사고,0,0,1,0,차량단독 - 공작물충돌,안전운전불이행,건조,맑음,단일로 - 기타,승용,남,22세,경상,,,,
2013041100100144,2013년 4월 11일 08시,목요일,경상남도 창원시 진해구 용원동,경상사고,0,0,1,1,차대사람 - 보도통행중,안전운전불이행,건조,맑음,단일로 - 기타,원동기,남,44세,부상신고,보행자,남,2세,경상
2013041100100145,2013년 4월 11일 08시,목요일,경상남도 사천시 용현면,경상사고,0,0,1,0,차대차 - 측면직각충돌,신호위반,건조,맑음,교차로 - 교차로안,승용,여,35세,상해없음,승용,남,21세,경상
2013041100100146,2013년 4월 11일 08시,목요일,경상남도 김해시 어방동,경상사고,0,0,1,0,차대사람 - 횡단중,안전운전불이행,건조,맑음,교차로 - 교차로안,승합,남,70세,상해없음,보행자,남,14세,경상
2013041100100147,2013년 4월 11일 08시,목요일,경상남도 창원시 의창구 동읍,중상사고,0,1,0,0,차대사람 - 횡단중,신호위반,건조,맑음,단일로 - 기타,승용,남,26세,상해없음,보행자,여,6세,중상
2013041100100211,2013년 4월 11일 11시,목요일,경상남도 창원시 진해구 중평동,중상사고,0,1,0,0,차대사람 - 차도통행중,안전운전불이행,건조,맑음,단일로 - 기타,건설기계,남,47세,상해없음,보행자,여,55세,중상
2013041100100212,2013년 4월 11일 11시,목요일,경상남도 사천시 대방동,경상사고,0,0,1,0,차대차 - 기타,안전운전불이행,건조,맑음,단일로 - 기타,건설기계,남,53세,상해없음,승용,여,59세,경상
2013041100100213,2013년 4월 11일 11시,목요일,경상남도 창녕군 남지읍,경상사고,0,0,1,0,차대차 - 기타,안전운전불이행,건조,맑음,교차로 - 교차로부근,승용,남,55세,상해없음,자전거,남,72세,경상
2013041100100214,2013년 4월 11일 11시,목요일,경상남도 고성군 고성읍,경상사고,0,0,1,0,차량단독 - 기타,안전운전불이행,건조,맑음,단일로 - 기타,승합,남,30세,상해없음,,,,
2013041100100215,2013년 4월 11일 11시,목요일,경상남도 창원시 성산구 상남동,경상사고,0,0,2,0,차량단독 - 기타,안전운전불이행,건조,맑음,단일로 - 기타,승합,남,50세,상해없음,,,,
2013041100100216,2013년 4월 11일 11시,목요일,경상남도 창원시 마산회원구 구암동,부상신고사고,0,0,0,1,차대사람 - 보도통행중,안전운전불이행,건조,맑음,단일로 - 기타,승합,남,44세,상해없음,보행자,여,58세,부상신고
2013041100100247,2013년 4월 11일 12시,목요일,경상남도 함양군 함양읍,중상사고,0,1,0,0,차량단독 - 공작물충돌,안전운전불이행,건조,맑음,단일로 - 기타,원동기,남,77세,중상,,,,
2013041100100300,2013년 4월 11일 14시,목요일,경상남도 창원시 진해구 자은동,중상사고,0,1,0,0,차대사람 - 차도통행중,안전운전불이행,건조,맑음,교차로 - 교차로안,승용,여,34세,상해없음,보행자,여,72세,중상
2013041100100301,2013년 4월 11일 14시,목요일,경상남도 통영시 정량동,경상사고,0,0,1,0,차대차 - 측면직각충돌,직진우회전진행방해,건조,맑음,교차로 - 교차로안,화물,남,45세,상해없음,승용,남,25세,경상
2013041100100302,2013년 4월 11일 14시,목요일,경상남도 통영시 인평동,경상사고,0,0,1,0,차대차 - 기타,안전운전불이행,건조,맑음,단일로 - 기타,승용,남,43세,상해없음,승용,남,61세,경상
2013041100100303,2013년 4월 11일 14시,목요일,경상남도 함양군 유림면,중상사고,0,2,0,0,차대차 - 측면직각충돌,중앙선침범,건조,맑음,단일로 - 기타,승용,여,43세,상해없음,승합,남,45세,중상
2013041100100304,2013년 4월 11일 14시,목요일,경상남도 창원시 마산회원구 석전동,중상사고,0,1,1,0,차대차 - 측면직각충돌,안전운전불이행,건조,맑음,단일로 - 기타,승용,여,33세,상해없음,원동기,남,53세,경상
2013041100100305,2013년 4월 11일 14시,목요일,경상남도 김해시 장유면,경상사고,0,0,1,0,차대차 - 추돌 - 주정차중,안전운전불이행,건조,맑음,단일로 - 기타,승용,남,44세,상해없음,승용,남,45세,상해없음
2013041100100321,2013년 4월 11일 15시,목요일,경상남도 양산시 하북면,경상사고,0,0,2,0,차대차 - 측면직각충돌,신호위반,건조,맑음,교차로 - 교차로안,승용,남,58세,상해없음,화물,남,29세,경상
2013041100100350,2013년 4월 11일 16시,목요일,경상남도 창원시 마산합포구 문화동,경상사고,0,0,1,0,차대사람 - 길가장자리구역통행중,안전운전불이행,건조,맑음,단일로 - 기타,승합,남,46세,상해없음,보행자,여,13세,경상
2013041100100351,2013년 4월 11일 16시,목요일,경상남도 창원시 성산구 대방동,중상사고,0,1,0,0,차대차 - 측면직각충돌,교차로운행방법위반,건조,맑음,교차로 - 교차로안,승용,여,31세,상해없음,승용,여,43세,중상
2013041100100379,2013년 4월 11일 17시,목요일,경상남도 사천시 동금동,경상사고,0,0,1,0,차대차 - 기타,안전운전불이행,건조,맑음,단일로 - 기타,승용,여,43세,상해없음,자전거,남,42세,경상
2013041100100380,2013년 4월 11일 17시,목요일,경상남도 하동군 하동읍,경상사고,0,0,1,0,차대사람 - 횡단중,안전운전불이행,건조,맑음,교차로 - 교차로부근,승용,남,32세,상해없음,보행자,남,13세,경상
2013041100100381,2013년 4월 11일 17시,목요일,경상남도 거제시 장목면,중상사고,0,1,0,0,차대차 - 추돌 - 진행중,안전운전불이행,건조,맑음,단일로 - 기타,승용,남,33세,상해없음,승용,남,25세,중상