사고번호,사고일시,요일,시군구,사고내용,사망자수,중상자수,경상자수,부상신고자수,사고유형,법규위반,노면상태,기상상태,도로형태,가해운전자 차종,가해운전자 성별,가해운전자 연령,가해운전자 상해정도,피해운전자 차종,피해운전자 성별,피해운전자 연령,피해운전자 상해정도
2013042300100396,2013년 4월 23일 17시,화요일,경상남도 김해시 화목동,중상사고,0,1,0,0,차대차 - 기타,중앙선침범,습기,비,단일로 - 기타,승용,남,64세,상해없음,승용,남,42세,중상
2013042300100433,2013년 4월 23일 18시,화요일,경상남도 김해시 삼계동,중상사고,0,1,0,0,차대사람 - 횡단중,안전운전불이행,습기,비,단일로 - 기타,승용,여,36세,상해없음,보행자,여,12세,중상
2013042300100434,2013년 4월 23일 18시,화요일,경상남도 김해시 외동,중상사고,0,1,0,0,차대차 - 추돌 - 진행중,안전거리미확보,습기,비,교차로 - 교차로안,승용,여,25세,상해없음,승용,여,30세,중상
2013042300100435,2013년 4월 23일 18시,화요일,경상남도 창원시 의창구 두대동,중상사고,0,1,0,2,차대차 - 추돌 - 진행중,안전거리미확보,습기,비,교차로 - 교차로부근,승용,남,40세,상해없음,승용,남,20세,상해없음
2013042300100436,2013년 4월 23일 18시,화요일,경상남도 창원시 의창구 용호동,경상사고,0,0,1,0,차대차 - 추돌 - 진행중,안전거리미확보,건조,맑음,교차로 - 교차로부근,승용,남,50세,상해없음,승용,남,44세,경상
2013042300100497,2013년 4월 23일 19시,화요일,경상남도 창원시 마산합포구 구산면,중상사고,0,1,0,0,차대차 - 정면충돌,중앙선침범,습기,비,단일로 - 기타,승용,남,63세,상해없음,승용,여,60세,중상
2013042300100498,2013년 4월 23일 19시,화요일,경상남도 통영시 광도면,중상사고,0,2,2,0,차대차 - 측면직각충돌,신호위반,습기,비,교차로 - 교차로안,승용,남,52세,상해없음,승용,남,31세,중상
2013042300100499,2013년 4월 23일 19시,화요일,경상남도 양산시 소주동,중상사고,0,1,0,0,차대사람 - 횡단중,보행자보호의무위반,습기,비,교차로 - 교차로안,승용,남,45세,상해없음,보행자,남,50세,중상
2013042300100550,2013년 4월 23일 20시,화요일,경상남도 거창군 남상면,사망사고,1,0,0,0,차량단독 - 전도전복,안전운전불이행,습기,비,단일로 - 기타,화물,남,61세,사망,,,,
2013042300100551,2013년 4월 23일 20시,화요일,경상남도 양산시 덕계동,경상사고,0,0,1,0,차대차 - 측면직각충돌,안전운전불이행,습기,비,단일로 - 기타,승용,남,56세,상해없음,승용,여,49세,경상
2013042300100552,2013년 4월 23일 20시,화요일,경상남도 김해시 장유면,중상사고,0,2,0,0,차대차 - 추돌 - 주정차중,안전운전불이행,습기,비,교차로 - 교차로부근,승용,남,57세,상해없음,승용,남,51세,중상
2013042300100602,2013년 4월 23일 21시,화요일,경상남도 창원시 마산합포구 중앙동1가,경상사고,0,0,2,0,차대차 - 추돌 - 주정차중,안전운전불이행,습기,비,교차로 - 교차로부근,승용,남,45세,상해없음,승용,남,42세,경상
2013042300100603,2013년 4월 23일 21시,화요일,경상남도 창원시 마산회원구 내서읍,중상사고,0,1,1,0,차대차 - 기타,신호위반,습기,비,교차로 - 교차로안,화물,남,58세,중상,승용,여,44세,경상
2013042300100604,2013년 4월 23일 21시,화요일,경상남도 김해시 진영읍,경상사고,0,0,1,0,차대사람 - 횡단중,신호위반,습기,비,단일로 - 횡단보도상,원동기,남,21세,상해없음,보행자,여,23세,경상
2013042300100644,2013년 4월 23일 22시,화요일,경상남도 진주시 호탄동,중상사고,0,1,0,0,차량단독 - 기타,안전운전불이행,건조,맑음,단일로 - 기타,승용,남,33세,상해없음,,,,
2013042300100645,2013년 4월 23일 22시,화요일,경상남도 창원시 진해구 풍호동,경상사고,0,0,2,0,차대차 - 정면충돌,안전운전불이행,습기,비,교차로 - 교차로안,승용,여,53세,상해없음,승용,여,46세,경상
2013042300100646,2013년 4월 23일 22시,화요일,경상남도 거제시 연초면,중상사고,0,2,0,0,차대차 - 추돌 - 진행중,안전운전불이행,습기,비,교차로 - 교차로부근,승용,여,44세,상해없음,승용,남,47세,중상
2013042300100647,2013년 4월 23일 22시,화요일,경상남도 함안군 가야읍,경상사고,0,0,1,0,차대사람 - 보도통행중,안전운전불이행,습기,비,교차로 - 교차로안,화물,남,58세,상해없음,보행자,남,37세,경상
2013042300100648,2013년 4월 23일 22시,화요일,경상남도 창원시 마산회원구 합성동,경상사고,0,0,1,0,차대차 - 추돌 - 주정차중,안전운전불이행,습기,비,단일로 - 기타,승용,남,43세,상해없음,승용,여,52세,경상
2013042300100649,2013년 4월 23일 22시,화요일,경상남도 창원시 의창구 도계동,경상사고,0,0,1,0,차대차 - 측면직각충돌,직진우회전진행방해,습기,비,교차로 - 교차로안,승용,남,57세,상해없음,승용,남,24세,경상
2013042300100692,2013년 4월 23일 23시,화요일,경상남도 진주시 상대동,경상사고,0,0,3,0,차대차 - 측면직각충돌,신호위반,습기,비,교차로 - 교차로안,승용,남,34세,경상,승용,남,33세,경상
2013042300100693,2013년 4월 23일 23시,화요일,경상남도 통영시 북신동,중상사고,0,1,0,0,차대사람 - 횡단중,신호위반,습기,비,단일로 - 횡단보도부근,승용,남,25세,상해없음,보행자,남,17세,중상
2013042300100694,2013년 4월 23일 23시,화요일,경상남도 거제시 아주동,경상사고,0,0,1,0,차대차 - 측면직각충돌,신호위반,습기,흐림,교차로 - 교차로안,승용,남,28세,상해없음,승용,여,48세,경상
2013042300100695,2013년 4월 23일 23시,화요일,경상남도 창원시 의창구 용호동,경상사고,0,0,1,0,차대차 - 측면직각충돌,교차로운행방법위반,습기,비,교차로 - 교차로안,승용,남,42세,상해없음,이륜,남,17세,경상
2013042400100022,2013년 4월 24일 00시,수요일,경상남도 밀양시 내이동,경상사고,0,0,1,0,차대사람 - 기타,안전운전불이행,습기,맑음,단일로 - 기타,승용,남,26세,상해없음,보행자,여,32세,경상
2013042400100023,2013년 4월 24일 00시,수요일,경상남도 양산시 덕계동,경상사고,0,0,1,0,차대차 - 기타,교차로운행방법위반,건조,맑음,교차로 - 교차로안,승용,남,39세,상해없음,승용,여,50세,경상
2013042400100024,2013년 4월 24일 00시,수요일,경상남도 거제시 양정동,경상사고,0,0,2,0,차대차 - 추돌 - 진행중,안전거리미확보,습기,비,단일로 - 기타,화물,남,46세,상해없음,승용,남,28세,경상
2013042400100058,2013년 4월 24일 02시,수요일,경상남도 창원시 마산회원구 양덕동,경상사고,0,0,1,0,차대차 - 측면직각충돌,안전운전불이행,습기,비,단일로 - 기타,승용,여,34세,상해없음,승용,남,50세,경상
2013042400100073,2013년 4월 24일 03시,수요일,경상남도 창원시 의창구 용호동,중상사고,0,1,0,0,차대차 - 추돌 - 주정차중,안전운전불이행,습기,비,교차로 - 교차로부근,승용,여,41세,상해없음,승용,남,58세,중상
2013042400100120,2013년 4월 24일 07시,수요일,경상남도 김해시 삼방동,중상사고,0,1,0,0,차대차 - 추돌 - 주정차중,안전거리미확보,건조,맑음,교차로 - 교차로부근,승용,남,43세,상해없음,승용,여,52세,중상
2013042400100121,2013년 4월 24일 07시,수요일,경상남도 김해시 장유면,중상사고,0,1,0,0,차대사람 - 보도통행중,기타,습기,흐림,단일로 - 기타,승용,여,70세,상해없음,보행자,여,78세,중상
2013042400100155,2013년 4월 24일 08시,수요일,경상남도 진주시 상평동,경상사고,0,0,1,0,차대사람 - 기타,안전운전불이행,건조,맑음,교차로 - 교차로안,승용,남,64세,상해없음,보행자,여,5세,경상
2013042400100182,2013년 4월 24일 09시,수요일,경상남도 창원시 마산합포구 진동면,경상사고,0,0,1,0,차대차 - 측면직각충돌,교차로운행방법위반,건조,맑음,교차로 - 교차로안,승용,남,68세,상해없음,승용,남,57세,경상
2013042400100183,2013년 4월 24일 09시,수요일,경상남도 창원시 진해구 석동,경상사고,0,0,3,0,차대차 - 기타,안전운전불이행,건조,맑음,단일로 - 기타,화물,남,57세,상해없음,승용,여,38세,경상
2013042400100268,2013년 4월 24일 13시,수요일,경상남도 김해시 한림면,사망사고,1,0,0,0,차대사람 - 보도통행중,기타,건조,맑음,단일로 - 기타,화물,남,56세,상해없음,보행자,여,21세,사망
2013042400100297,2013년 4월 24일 14시,수요일,경상남도 함안군 가야읍,중상사고,0,1,0,0,차대사람 - 기타,안전운전불이행,건조,맑음,교차로 - 교차로안,화물,남,44세,상해없음,보행자,여,77세,중상
2013042400100314,2013년 4월 24일 15시,수요일,경상남도 김해시 장유면,중상사고,0,1,0,0,차대차 - 측면직각충돌,안전거리미확보,건조,맑음,단일로 - 기타,승용,남,77세,상해없음,화물,여,60세,중상
2013042400100338,2013년 4월 24일 15시,수요일,경상남도 사천시 향촌동,경상사고,0,0,1,0,차대차 - 측면직각충돌,교차로운행방법위반,건조,맑음,교차로 - 교차로안,화물,여,29세,상해없음,승용,남,28세,경상
2013042400100339,2013년 4월 24일 15시,수요일,경상남도 김해시 삼방동,경상사고,0,0,1,0,차대차 - 추돌 - 진행중,안전운전불이행,건조,맑음,단일로 - 기타,승용,남,41세,상해없음,승용,여,49세,경상
2013042400100375,2013년 4월 24일 16시,수요일,경상남도 창원시 진해구 풍호동,경상사고,0,0,1,0,차대사람 - 기타,안전운전불이행,건조,맑음,단일로 - 기타,승용,여,40세,상해없음,보행자,남,7세,경상
2013042400100376,2013년 4월 24일 16시,수요일,경상남도 밀양시 내이동,경상사고,0,0,1,0,차대사람 - 길가장자리구역통행중,안전운전불이행,건조,맑음,교차로 - 교차로안,화물,남,79세,상해없음,보행자,여,57세,경상
2013042400100377,2013년 4월 24일 16시,수요일,경상남도 양산시 유산동,중상사고,0,1,0,0,차대차 - 측면직각충돌,안전거리미확보,건조,맑음,교차로 - 교차로부근,화물,남,53세,상해없음,승용,남,54세,상해없음
2013042400100416,2013년 4월 24일 17시,수요일,경상남도 함안군 법수면,경상사고,0,0,1,0,차량단독 - 기타,안전운전불이행,건조,맑음,단일로 - 기타,이륜,남,71세,경상,,,,
2013042400100459,2013년 4월 24일 18시,수요일,경상남도 밀양시 삼문동,경상사고,0,0,1,0,차대사람 - 기타,안전운전불이행,건조,맑음,단일로 - 기타,승용,여,38세,상해없음,보행자,남,72세,경상
2013042400100460,2013년 4월 24일 18시,수요일,경상남도 김해시 상동면,경상사고,0,0,2,0,차대차 - 추돌 - 주정차중,안전거리미확보,건조,맑음,단일로 - 기타,승용,남,51세,상해없음,승용,남,28세,경상
2013042400100461,2013년 4월 24일 18시,수요일,경상남도 김해시 불암동,중상사고,0,1,0,0,차대차 - 측면직각충돌,신호위반,건조,맑음,교차로 - 교차로안,이륜,남,78세,중상,승용,남,29세,상해없음
2013042400100518,2013년 4월 24일 20시,수요일,경상남도 창원시 마산합포구 두월동1가,경상사고,0,0,1,0,차대차 - 측면직각충돌,안전운전불이행,건조,맑음,교차로 - 교차로안,승용,남,29세,상해없음,승용,남,45세,경상
2013042400100519,2013년 4월 24일 20시,수요일,경상남도 창원시 마산회원구 내서읍,중상사고,0,1,0,0,차대차 - 기타,안전운전불이행,건조,맑음,교차로 - 교차로부근,승용,여,45세,상해없음,자전거,남,12세,중상
2013042400100569,2013년 4월 24일 22시,수요일,경상남도 창원시 의창구 명서동,중상사고,0,1,0,0,차대사람 - 기타,안전운전불이행,건조,맑음,교차로 - 교차로부근,승용,남,49세,상해없음,보행자,남,50세,중상
2013042400100593,2013년 4월 24일 23시,수요일,경상남도 거제시 고현동,중상사고,0,1,3,0,차대차 - 기타,안전운전불이행,건조,맑음,단일로 - 기타,승용,여,35세,상해없음,승용,남,51세,경상
2013042500100013,2013년 4월 25일 00시,목요일,경상남도 창원시 마산합포구 신포동1가,경상사고,0,0,1,0,차대차 - 측면직각충돌,안전운전불이행,건조,맑음,교차로 - 교차로안,승용,남,66세,상해없음,승용,남,43세,경상
2013042500100014,2013년 4월 25일 00시,목요일,경상남도 창원시 진해구 용원동,경상사고,0,0,3,0,차대차 - 기타,안전운전불이행,건조,맑음,단일로 - 기타,승용,남,30세,상해없음,화물,남,21세,경상
2013042500100015,2013년 4월 25일 00시,목요일,경상남도 통영시 미수동,경상사고,0,0,3,0,차대차 - 추돌 - 진행중,안전운전불이행,건조,맑음,단일로 - 기타,승용,남,48세,상해없음,승용,남,49세,경상
2013042500100016,2013년 4월 25일 00시,목요일,경상남도 김해시 어방동,중상사고,0,2,0,0,차대차 - 측면직각충돌,신호위반,건조,맑음,교차로 - 교차로안,승용,남,23세,상해없음,이륜,남,16세,중상
2013042500100033,2013년 4월 25일 01시,목요일,경상남도 창원시 진해구 석동,중상사고,0,2,0,0,차대차 - 추돌 - 진행중,안전운전불이행,건조,맑음,단일로 - 기타,승용,남,33세,상해없음,승용,남,24세,중상
2013042500100063,2013년 4월 25일 05시,목요일,경상남도 김해시 장유면,중상사고,0,1,0,0,차량단독 - 기타,안전운전불이행,건조,맑음,단일로 - 기타,이륜,남,39세,중상,,,,
2013042500100072,2013년 4월 25일 06시,목요일,경상남도 거제시 장평동,경상사고,0,0,1,0,차대차 - 추돌 - 진행중,교차로운행방법위반,건조,맑음,교차로 - 교차로안,승용,여,41세,상해없음,자전거,여,44세,경상
2013042500100090,2013년 4월 25일 07시,목요일,경상남도 김해시 생림면,경상사고,0,0,2,0,차대차 - 추돌 - 진행중,안전거리미확보,건조,맑음,단일로 - 기타,승용,여,36세,상해없음,승용,여,30세,경상
2013042500100091,2013년 4월 25일 07시,목요일,경상남도 거창군 거창읍,중상사고,0,1,0,0,차대차 - 측면직각충돌,교차로운행방법위반,건조,맑음,교차로 - 교차로안,승용,여,32세,상해없음,원동기,여,45세,중상
2013042500100116,2013년 4월 25일 08시,목요일,경상남도 함안군 군북면,중상사고,0,1,0,0,차량단독 - 공작물충돌,안전운전불이행,건조,맑음,단일로 - 기타,건설기계,남,47세,중상,,,,
2013042500100147,2013년 4월 25일 09시,목요일,경상남도 창원시 의창구 대산면,중상사고,0,1,0,0,차대차 - 추돌 - 주정차중,안전운전불이행,건조,맑음,단일로 - 기타,승용,남,21세,상해없음,승용,남,69세,중상
2013042500100196,2013년 4월 25일 11시,목요일,경상남도 진주시 문산읍,중상사고,0,1,0,0,차대차 - 기타,직진우회전진행방해,건조,맑음,교차로 - 교차로안,이륜,남,75세,중상,승용,남,64세,상해없음
2013042500100197,2013년 4월 25일 11시,목요일,경상남도 창녕군 부곡면,경상사고,0,0,1,0,차대차 - 측면직각충돌,안전운전불이행,건조,맑음,교차로 - 교차로안,승용,남,79세,상해없음,승용,여,22세,상해없음
2013042500100198,2013년 4월 25일 11시,목요일,경상남도 창녕군 창녕읍,중상사고,0,1,1,0,차대차 - 측면직각충돌,신호위반,건조,맑음,교차로 - 교차로안,건설기계,남,38세,상해없음,승용,남,26세,중상
2013042500100199,2013년 4월 25일 11시,목요일,경상남도 양산시 신기동,경상사고,0,0,1,0,차대사람 - 차도통행중,안전운전불이행,건조,맑음,기타 - 기타,승용,남,58세,상해없음,보행자,여,37세,경상
2013042500100200,2013년 4월 25일 11시,목요일,경상남도 창원시 마산회원구 회성동,경상사고,0,0,1,0,차대차 - 측면직각충돌,안전운전불이행,건조,맑음,단일로 - 기타,화물,남,62세,상해없음,승용,여,42세,경상
2013042500100201,2013년 4월 25일 11시,목요일,경상남도 김해시 장유면,중상사고,0,1,1,0,차대차 - 정면충돌,교차로운행방법위반,건조,맑음,교차로 - 교차로안,승합,남,45세,상해없음,승용,여,25세,중상
2013042500100229,2013년 4월 25일 12시,목요일,경상남도 창녕군 창녕읍,중상사고,0,1,0,0,차대차 - 기타,안전운전불이행,건조,맑음,교차로 - 교차로안,원동기,여,56세,중상,승용,여,57세,상해없음
2013042500100230,2013년 4월 25일 12시,목요일,경상남도 하동군 하동읍,부상신고사고,0,0,0,2,차대차 - 측면직각충돌,안전운전불이행,건조,맑음,교차로 - 교차로안,화물,남,37세,부상신고,승용,여,40세,부상신고
2013042500100231,2013년 4월 25일 12시,목요일,경상남도 거제시 고현동,경상사고,0,0,2,0,차대차 - 측면직각충돌,안전운전불이행,건조,맑음,단일로 - 기타,화물,남,46세,상해없음,승용,남,38세,경상
2013042500100251,2013년 4월 25일 13시,목요일,경상남도 고성군 고성읍,경상사고,0,0,5,0,차대차 - 추돌 - 주정차중,안전운전불이행,건조,맑음,교차로 - 교차로부근,화물,남,54세,상해없음,승합,남,51세,경상
2013042500100252,2013년 4월 25일 13시,목요일,경상남도 의령군 부림면,중상사고,0,1,0,0,차대차 - 측면직각충돌,직진우회전진행방해,건조,맑음,교차로 - 교차로안,화물,여,49세,중상,화물,남,32세,상해없음
2013042500100253,2013년 4월 25일 13시,목요일,경상남도 김해시 장유면,중상사고,0,1,0,0,차대사람 - 차도통행중,안전운전불이행,건조,맑음,단일로 - 횡단보도부근,승용,남,38세,상해없음,보행자,남,61세,중상
2013042500100280,2013년 4월 25일 14시,목요일,경상남도 양산시 상북면,중상사고,0,1,0,0,차대차 - 추돌 - 진행중,안전운전불이행,건조,맑음,교차로 - 교차로부근,화물,남,56세,상해없음,승용,여,33세,중상
2013042500100281,2013년 4월 25일 14시,목요일,경상남도 창원시 마산회원구 내서읍,중상사고,0,1,2,0,차대차 - 추돌 - 진행중,안전운전불이행,건조,맑음,단일로 - 기타,승용,남,26세,상해없음,승용,여,52세,상해없음
2013042500100282,2013년 4월 25일 14시,목요일,경상남도 김해시 진영읍,경상사고,0,0,1,0,차대차 - 추돌 - 진행중,안전운전불이행,건조,맑음,교차로 - 교차로부근,승합,남,60세,상해없음,승용,여,53세,경상
2013042500100312,2013년 4월 25일 15시,목요일,경상남도 양산시 산막동,중상사고,0,1,0,0,차대차 - 측면직각충돌,안전운전불이행,습기,비,교차로 - 교차로부근,건설기계,남,47세,상해없음,화물,남,24세,중상
2013042500100313,2013년 4월 25일 15시,목요일,경상남도 고성군 동해면,중상사고,0,1,2,0,차대차 - 측면직각충돌,기타,건조,흐림,교차로 - 교차로안,승용,남,25세,상해없음,승용,남,63세,중상
2013042500100314,2013년 4월 25일 15시,목요일,경상남도 창원시 마산합포구 산호동,경상사고,0,0,1,0,차대차 - 추돌 - 진행중,안전운전불이행,건조,맑음,교차로 - 교차로안,승용,남,48세,상해없음,승용,남,41세,경상
2013042500100346,2013년 4월 25일 16시,목요일,경상남도 창원시 진해구 경화동,중상사고,0,1,0,0,차대차 - 측면직각충돌,교차로운행방법위반,건조,흐림,교차로 - 교차로안,원동기,남,75세,중상,화물,남,36세,상해없음
2013042500100347,2013년 4월 25일 16시,목요일,경상남도 양산시 물금읍,경상사고,0,0,2,0,차대차 - 측면직각충돌,안전운전불이행,건조,맑음,교차로 - 교차로부근,승용,여,58세,상해없음,승용,남,57세,상해없음
2013042500100348,2013년 4월 25일 16시,목요일,경상남도 양산시 중부동,경상사고,0,0,1,0,차대차 - 측면직각충돌,안전운전불이행,건조,맑음,단일로 - 기타,승용,여,42세,상해없음,자전거,남,16세,경상
2013042500100349,2013년 4월 25일 16시,목요일,경상남도 거제시 고현동,중상사고,0,1,0,0,차대사람 - 기타,신호위반,건조,맑음,교차로 - 교차로안,승용,여,52세,상해없음,보행자,여,22세,중상
2013042500100380,2013년 4월 25일 17시,목요일,경상남도 양산시 물금읍,경상사고,0,0,1,0,차대사람 - 기타,안전운전불이행,습기,맑음,기타 - 기타,승용,남,45세,상해없음,보행자,남,10세,경상
2013042500100401,2013년 4월 25일 18시,목요일,경상남도 통영시 무전동,중상사고,0,1,0,0,차대사람 - 횡단중,보행자보호의무위반,건조,맑음,단일로 - 횡단보도상,승용,여,46세,상해없음,보행자,여,79세,중상
2013042500100402,2013년 4월 25일 18시,목요일,경상남도 거제시 아주동,경상사고,0,0,1,0,차대차 - 기타,신호위반,건조,맑음,교차로 - 교차로안,승용,남,24세,상해없음,원동기,남,59세,경상
2013042500100403,2013년 4월 25일 18시,목요일,경상남도 창원시 의창구 대원동,경상사고,0,0,1,0,차대차 - 기타,안전운전불이행,기타,맑음,단일로 - 기타,승용,남,45세,상해없음,승용,여,54세,경상
2013042500100404,2013년 4월 25일 18시,목요일,경상남도 창원시 마산회원구 합성동,사망사고,1,0,0,0,차대사람 - 횡단중,안전운전불이행,건조,맑음,단일로 - 횡단보도상,승합,남,33세,상해없음,보행자,남,62세,사망
2013042500100431,2013년 4월 25일 19시,목요일,경상남도 김해시 삼계동,중상사고,0,2,0,0,차대차 - 측면직각충돌,신호위반,건조,맑음,교차로 - 교차로안,원동기,남,49세,중상,원동기,남,19세,중상
2013042500100463,2013년 4월 25일 20시,목요일,경상남도 사천시 동금동,중상사고,0,1,0,0,차대사람 - 길가장자리구역통행중,안전운전불이행,건조,맑음,단일로 - 기타,승용,남,52세,상해없음,보행자,여,52세,중상
2013042500100464,2013년 4월 25일 20시,목요일,경상남도 합천군 용주면,중상사고,0,1,0,0,차량단독 - 공작물충돌,안전운전불이행,건조,맑음,단일로 - 기타,승용,남,48세,중상,,,,
2013042500100465,2013년 4월 25일 20시,목요일,경상남도 창원시 의창구 도계동,경상사고,0,0,2,0,차대차 - 추돌 - 주정차중,안전운전불이행,건조,맑음,단일로 - 기타,승용,남,39세,상해없음,승용,남,51세,경상
2013042500100498,2013년 4월 25일 21시,목요일,경상남도 창원시 마산합포구 상남동,경상사고,0,0,1,0,차대차 - 기타,안전운전불이행,건조,맑음,교차로 - 교차로부근,승용,여,55세,경상,승용,남,32세,상해없음
2013042500100499,2013년 4월 25일 21시,목요일,경상남도 창원시 진해구 경화동,경상사고,0,0,4,0,차대차 - 기타,신호위반,건조,맑음,교차로 - 교차로안,승용,여,52세,상해없음,승용,남,30세,경상
2013042500100500,2013년 4월 25일 21시,목요일,경상남도 거창군 거창읍,사망사고,1,2,0,0,차대차 - 추돌 - 진행중,안전운전불이행,건조,맑음,교차로 - 교차로안,화물,남,49세,사망,화물,남,61세,중상
2013042500100501,2013년 4월 25일 21시,목요일,경상남도 창녕군 영산면,중상사고,0,1,0,0,차대차 - 기타,신호위반,건조,맑음,교차로 - 교차로안,화물,남,40세,상해없음,승용,남,60세,중상
2013042500100502,2013년 4월 25일 21시,목요일,경상남도 김해시 진영읍,중상사고,0,1,0,0,차대차 - 정면충돌,중앙선침범,건조,맑음,단일로 - 기타,승용,남,54세,상해없음,승용,남,58세,중상
2013042500100530,2013년 4월 25일 22시,목요일,경상남도 창원시 성산구 중앙동,경상사고,0,0,2,0,차대차 - 추돌 - 주정차중,안전운전불이행,기타,맑음,단일로 - 기타,이륜,남,30세,상해없음,승용,남,31세,경상
2013042600100018,2013년 4월 26일 00시,금요일,경상남도 진주시 상대동,중상사고,0,1,0,0,차대사람 - 기타,안전운전불이행,건조,맑음,단일로 - 기타,승용,남,35세,상해없음,보행자,남,56세,중상
2013042600100019,2013년 4월 26일 00시,금요일,경상남도 김해시 외동,중상사고,0,1,2,0,차대차 - 측면직각충돌,신호위반,건조,맑음,교차로 - 교차로안,승용,남,28세,경상,승용,남,41세,경상
2013042600100020,2013년 4월 26일 00시,금요일,경상남도 양산시 중부동,경상사고,0,0,1,0,차대사람 - 횡단중,보행자보호의무위반,건조,맑음,교차로 - 교차로부근,승용,남,46세,상해없음,보행자,남,20세,경상
2013042600100066,2013년 4월 26일 03시,금요일,경상남도 진주시 망경동,경상사고,0,0,1,0,차대차 - 측면직각충돌,안전운전불이행,건조,맑음,단일로 - 기타,승용,남,27세,상해없음,승용,남,45세,경상
2013042600100067,2013년 4월 26일 03시,금요일,경상남도 거제시 고현동,중상사고,0,1,1,0,차대차 - 기타,교차로운행방법위반,건조,맑음,교차로 - 교차로안,승용,여,56세,상해없음,승용,남,33세,경상
2013042600100107,2013년 4월 26일 06시,금요일,경상남도 창원시 성산구 내동,중상사고,0,1,0,0,차대사람 - 기타,안전운전불이행,기타,맑음,단일로 - 기타,승용,남,29세,상해없음,보행자,남,55세,중상
2013042600100133,2013년 4월 26일 07시,금요일,경상남도 사천시 좌룡동,경상사고,0,0,3,0,차대차 - 기타,안전운전불이행,건조,맑음,단일로 - 기타,승용,남,30세,상해없음,화물,남,37세,경상
2013042600100134,2013년 4월 26일 07시,금요일,경상남도 의령군 의령읍,중상사고,0,1,0,0,차대사람 - 횡단중,안전운전불이행,건조,맑음,단일로 - 기타,승용,여,74세,상해없음,보행자,남,14세,중상
2013042600100135,2013년 4월 26일 07시,금요일,경상남도 창원시 마산회원구 구암동,경상사고,0,0,1,0,차대차 - 추돌 - 진행중,안전운전불이행,건조,맑음,단일로 - 기타,승용,남,46세,상해없음,승용,남,26세,경상
2013042600100161,2013년 4월 26일 08시,금요일,경상남도 통영시 봉평동,중상사고,0,1,0,0,차량단독 - 공작물충돌,안전운전불이행,건조,맑음,단일로 - 기타,승합,남,70세,상해없음,,,,
2013042600100162,2013년 4월 26일 08시,금요일,경상남도 사천시 정동면,중상사고,0,1,0,0,차대차 - 기타,교차로운행방법위반,건조,맑음,교차로 - 교차로안,승합,남,38세,상해없음,승용,여,40세,중상
2013042600100163,2013년 4월 26일 08시,금요일,경상남도 창원시 성산구 내동,경상사고,0,0,1,0,차대차 - 측면직각충돌,안전운전불이행,건조,맑음,교차로 - 교차로안,승합,남,31세,상해없음,자전거,남,13세,경상
2013042600100197,2013년 4월 26일 09시,금요일,경상남도 양산시 소주동,경상사고,0,0,2,0,차대차 - 추돌 - 진행중,안전운전불이행,건조,맑음,단일로 - 기타,승용,남,55세,기타불명,승용,여,35세,경상
2013042600100253,2013년 4월 26일 11시,금요일,경상남도 함안군 칠서면,중상사고,0,2,0,0,차대차 - 측면직각충돌,신호위반,건조,맑음,교차로 - 교차로안,승용,남,52세,중상,특수,남,49세,중상
2013042600100273,2013년 4월 26일 12시,금요일,경상남도 김해시 대성동,경상사고,0,0,1,0,차대차 - 기타,직진우회전진행방해,건조,맑음,교차로 - 교차로안,승용,여,55세,상해없음,화물,남,50세,상해없음
2013042600100297,2013년 4월 26일 13시,금요일,경상남도 창원시 마산회원구 양덕동,경상사고,0,0,1,0,차대사람 - 기타,안전운전불이행,건조,맑음,단일로 - 기타,승용,남,46세,상해없음,보행자,여,31세,경상
2013042600100326,2013년 4월 26일 14시,금요일,경상남도 진주시 옥봉동,중상사고,0,1,0,0,차대차 - 측면직각충돌,신호위반,건조,맑음,교차로 - 교차로안,승용,여,48세,상해없음,화물,남,28세,중상
2013042600100327,2013년 4월 26일 14시,금요일,경상남도 밀양시 가곡동,경상사고,0,0,1,0,차대차 - 추돌 - 주정차중,안전운전불이행,건조,맑음,교차로 - 교차로부근,승용,남,74세,상해없음,승용,여,44세,경상
2013042600100328,2013년 4월 26일 14시,금요일,경상남도 양산시 물금읍,중상사고,0,1,0,0,차대사람 - 횡단중,신호위반,건조,흐림,단일로 - 횡단보도상,화물,남,69세,상해없음,보행자,남,75세,중상
2013042600100329,2013년 4월 26일 14시,금요일,경상남도 양산시 동면,경상사고,0,0,1,0,차대차 - 기타,교차로운행방법위반,건조,맑음,기타 - 기타,화물,남,60세,상해없음,원동기,남,18세,경상
2013042600100358,2013년 4월 26일 15시,금요일,경상남도 통영시 도남동,경상사고,0,0,2,0,차대차 - 기타,교차로운행방법위반,건조,맑음,교차로 - 교차로안,승용,남,51세,상해없음,승합,남,57세,상해없음
2013042600100359,2013년 4월 26일 15시,금요일,경상남도 밀양시 상동면,경상사고,0,0,1,0,차대차 - 기타,안전운전불이행,건조,맑음,교차로 - 교차로안,승용,남,49세,상해없음,화물,남,72세,상해없음
2013042600100360,2013년 4월 26일 15시,금요일,경상남도 함안군 칠북면,중상사고,0,1,0,0,차대차 - 기타,안전운전불이행,건조,맑음,교차로 - 교차로부근,승용,여,46세,상해없음,이륜,남,76세,중상