사고번호,사고일시,요일,시군구,사고내용,사망자수,중상자수,경상자수,부상신고자수,사고유형,법규위반,노면상태,기상상태,도로형태,가해운전자 차종,가해운전자 성별,가해운전자 연령,가해운전자 상해정도,피해운전자 차종,피해운전자 성별,피해운전자 연령,피해운전자 상해정도
2013042900100397,2013년 4월 29일 18시,월요일,경상남도 거제시 고현동,중상사고,0,1,2,0,차대차 - 기타,안전거리미확보,건조,맑음,교차로 - 교차로안,승합,남,51세,상해없음,승합,남,47세,중상
2013042900100417,2013년 4월 29일 19시,월요일,경상남도 거제시 아주동,중상사고,0,1,1,0,차대차 - 기타,신호위반,습기,흐림,교차로 - 교차로안,승용,여,54세,상해없음,승용,남,34세,경상
2013042900100418,2013년 4월 29일 19시,월요일,경상남도 거제시 옥포동,중상사고,0,1,0,0,차대차 - 측면직각충돌,안전운전불이행,습기,흐림,교차로 - 교차로안,승용,남,52세,기타불명,자전거,남,46세,중상
2013042900100419,2013년 4월 29일 19시,월요일,경상남도 창원시 마산회원구 내서읍,중상사고,0,1,0,0,차대사람 - 보도통행중,보행자보호의무위반,건조,맑음,교차로 - 교차로부근,승용,남,66세,상해없음,보행자,여,23세,중상
2013042900100448,2013년 4월 29일 20시,월요일,경상남도 양산시 어곡동,중상사고,0,1,1,0,차대차 - 측면직각충돌,안전운전불이행,건조,맑음,단일로 - 기타,원동기,남,15세,기타불명,승용,여,31세,상해없음
2013042900100449,2013년 4월 29일 20시,월요일,경상남도 거제시 일운면,경상사고,0,0,2,0,차대차 - 추돌 - 진행중,안전운전불이행,건조,맑음,단일로 - 기타,화물,남,41세,상해없음,승용,여,30세,경상
2013042900100450,2013년 4월 29일 20시,월요일,경상남도 함안군 칠서면,사망사고,1,0,0,0,차대사람 - 길가장자리구역통행중,안전운전불이행,건조,맑음,단일로 - 기타,승용,남,65세,상해없음,보행자,남,82세,사망
2013042900100488,2013년 4월 29일 21시,월요일,경상남도 거제시 장평동,경상사고,0,0,1,0,차대차 - 추돌 - 진행중,교차로운행방법위반,건조,맑음,교차로 - 교차로안,기타불명,기타불명,기타불명,기타불명,자전거,남,21세,경상
2013042900100511,2013년 4월 29일 22시,월요일,경상남도 사천시 사남면,경상사고,0,0,2,0,차대차 - 기타,신호위반,건조,맑음,교차로 - 교차로안,승용,여,40세,상해없음,승용,남,50세,상해없음
2013042900100544,2013년 4월 29일 23시,월요일,경상남도 거창군 거창읍,경상사고,0,0,1,0,차대사람 - 보도통행중,안전운전불이행,건조,맑음,교차로 - 교차로안,승용,여,40세,상해없음,보행자,여,15세,경상
2013042900100545,2013년 4월 29일 23시,월요일,경상남도 창원시 의창구 두대동,경상사고,0,0,2,0,차대차 - 측면직각충돌,신호위반,건조,맑음,교차로 - 교차로안,승용,여,46세,상해없음,승용,남,23세,경상
2013042900100546,2013년 4월 29일 23시,월요일,경상남도 창원시 의창구 용호동,중상사고,0,3,0,0,차대차 - 측면직각충돌,직진우회전진행방해,건조,맑음,교차로 - 교차로안,승용,남,31세,상해없음,승용,남,22세,중상
2013042900100547,2013년 4월 29일 23시,월요일,경상남도 김해시 장유면,부상신고사고,0,0,0,1,차대사람 - 기타,안전운전불이행,건조,맑음,단일로 - 기타,자전거,기타불명,기타불명,기타불명,보행자,남,16세,부상신고
2013043000100017,2013년 4월 30일 00시,화요일,경상남도 양산시 삼호동,경상사고,0,0,1,0,차대차 - 기타,안전운전불이행,건조,맑음,단일로 - 기타,승용,남,44세,상해없음,화물,남,55세,경상
2013043000100048,2013년 4월 30일 03시,화요일,경상남도 창녕군 대합면,중상사고,0,1,1,0,차대차 - 추돌 - 주정차중,안전운전불이행,건조,맑음,단일로 - 기타,화물,남,37세,경상,화물,남,50세,중상
2013043000100061,2013년 4월 30일 05시,화요일,경상남도 창원시 성산구 사파동,중상사고,0,1,0,0,차대차 - 측면직각충돌,안전운전불이행,건조,맑음,단일로 - 기타,이륜,남,20세,상해없음,승용,남,22세,기타불명
2013043000100096,2013년 4월 30일 07시,화요일,경상남도 창녕군 도천면,중상사고,0,1,0,0,차대차 - 기타,교차로운행방법위반,건조,맑음,교차로 - 교차로안,승용,여,49세,상해없음,원동기,남,65세,중상
2013043000100124,2013년 4월 30일 08시,화요일,경상남도 사천시 용강동,경상사고,0,0,1,0,차대차 - 기타,안전운전불이행,건조,맑음,단일로 - 기타,승용,남,57세,상해없음,자전거,남,10세,경상
2013043000100125,2013년 4월 30일 08시,화요일,경상남도 김해시 상동면,중상사고,0,1,0,0,차대차 - 기타,기타,건조,맑음,단일로 - 기타,화물,남,53세,상해없음,건설기계,남,46세,중상
2013043000100126,2013년 4월 30일 08시,화요일,경상남도 창원시 성산구 상남동,중상사고,0,1,0,0,차대차 - 측면직각충돌,안전운전불이행,건조,맑음,교차로 - 교차로부근,승용,여,38세,상해없음,자전거,남,24세,중상
2013043000100211,2013년 4월 30일 11시,화요일,경상남도 함양군 함양읍,중상사고,0,1,0,0,차대차 - 측면직각충돌,차로위반,건조,맑음,단일로 - 기타,화물,남,53세,상해없음,승용,남,62세,상해없음
2013043000100240,2013년 4월 30일 12시,화요일,경상남도 밀양시 부북면,중상사고,0,1,0,0,차대차 - 측면직각충돌,교차로운행방법위반,건조,맑음,교차로 - 교차로안,화물,남,50세,상해없음,원동기,남,50세,중상
2013043000100241,2013년 4월 30일 12시,화요일,경상남도 남해군 창선면,경상사고,0,0,1,0,차대차 - 추돌 - 진행중,안전운전불이행,건조,맑음,단일로 - 기타,승용,여,48세,상해없음,승용,남,27세,경상
2013043000100242,2013년 4월 30일 12시,화요일,경상남도 창원시 마산회원구 양덕동,경상사고,0,0,1,0,차대차 - 기타,안전운전불이행,건조,맑음,교차로 - 교차로부근,승용,남,48세,상해없음,자전거,남,44세,경상
2013043000100267,2013년 4월 30일 13시,화요일,경상남도 통영시 광도면,경상사고,0,0,1,0,차대차 - 추돌 - 주정차중,안전운전불이행,건조,맑음,단일로 - 기타,승용,여,44세,상해없음,승합,남,52세,기타불명
2013043000100268,2013년 4월 30일 13시,화요일,경상남도 사천시 서동,경상사고,0,0,2,0,차대차 - 기타,안전운전불이행,건조,맑음,교차로 - 교차로안,승용,남,45세,상해없음,승용,남,40세,경상
2013043000100269,2013년 4월 30일 13시,화요일,경상남도 밀양시 내이동,중상사고,0,1,0,0,차대사람 - 차도통행중,교차로운행방법위반,건조,맑음,교차로 - 교차로부근,승용,남,63세,상해없음,보행자,여,64세,중상
2013043000100298,2013년 4월 30일 14시,화요일,경상남도 창원시 의창구 서상동,중상사고,0,1,2,0,차대차 - 기타,중앙선침범,건조,맑음,교차로 - 교차로부근,화물,남,56세,상해없음,승합,남,39세,경상
2013043000100330,2013년 4월 30일 15시,화요일,경상남도 창원시 진해구 석동,경상사고,0,0,1,0,차대사람 - 보도통행중,안전운전불이행,건조,맑음,교차로 - 교차로안,승용,여,43세,상해없음,보행자,남,64세,경상
2013043000100331,2013년 4월 30일 15시,화요일,경상남도 통영시 무전동,부상신고사고,0,0,0,1,차대사람 - 차도통행중,안전운전불이행,건조,맑음,단일로 - 기타,승용,남,32세,상해없음,보행자,남,52세,부상신고
2013043000100332,2013년 4월 30일 15시,화요일,경상남도 김해시 대성동,중상사고,0,1,0,0,차량단독 - 기타,안전운전불이행,건조,맑음,단일로 - 기타,승합,남,52세,상해없음,,,,
2013043000100407,2013년 4월 30일 17시,화요일,경상남도 창원시 진해구 풍호동,중상사고,0,1,0,0,차량단독 - 전도전복,안전운전불이행,건조,맑음,교차로 - 교차로안,원동기,남,68세,중상,,,,
2013043000100408,2013년 4월 30일 17시,화요일,경상남도 창녕군 남지읍,경상사고,0,0,2,0,차대차 - 기타,중앙선침범,건조,맑음,단일로 - 기타,화물,남,57세,상해없음,승용,남,39세,경상
2013043000100409,2013년 4월 30일 17시,화요일,경상남도 고성군 고성읍,중상사고,0,1,1,0,차대차 - 측면직각충돌,교차로운행방법위반,건조,맑음,교차로 - 교차로안,승용,남,45세,상해없음,승용,남,39세,중상
2013043000100410,2013년 4월 30일 17시,화요일,경상남도 하동군 금성면,중상사고,0,1,0,0,차대차 - 측면직각충돌,안전운전불이행,건조,맑음,단일로 - 기타,승용,남,53세,상해없음,화물,여,59세,중상
2013043000100411,2013년 4월 30일 17시,화요일,경상남도 창원시 의창구 도계동,경상사고,0,0,1,0,차대차 - 기타,안전운전불이행,건조,맑음,단일로 - 기타,승용,여,60세,상해없음,원동기,남,17세,경상
2013043000100445,2013년 4월 30일 18시,화요일,경상남도 진주시 하대동,중상사고,0,1,1,1,차대차 - 기타,안전운전불이행,건조,맑음,교차로 - 교차로부근,화물,남,52세,부상신고,승용,여,37세,중상
2013043000100446,2013년 4월 30일 18시,화요일,경상남도 진주시 문산읍,중상사고,0,1,0,0,차대사람 - 기타,안전운전불이행,건조,맑음,기타 - 기타,화물,남,50세,상해없음,보행자,남,54세,중상
2013043000100447,2013년 4월 30일 18시,화요일,경상남도 창원시 마산회원구 합성동,중상사고,0,1,0,0,차대사람 - 횡단중,안전운전불이행,건조,맑음,교차로 - 교차로부근,화물,남,41세,상해없음,보행자,남,8세,중상
2013043000100481,2013년 4월 30일 19시,화요일,경상남도 김해시 안동,중상사고,0,2,0,0,차대차 - 정면충돌,중앙선침범,건조,맑음,교차로 - 교차로부근,승용,남,28세,기타불명,승용,남,27세,중상
2013043000100482,2013년 4월 30일 19시,화요일,경상남도 거제시 상동동,중상사고,0,1,1,0,차대차 - 측면직각충돌,안전운전불이행,건조,맑음,교차로 - 교차로안,승용,여,28세,상해없음,승용,여,38세,중상
2013043000100483,2013년 4월 30일 19시,화요일,경상남도 창원시 의창구 북면,경상사고,0,0,1,0,차대차 - 기타,안전운전불이행,건조,맑음,단일로 - 기타,화물,남,32세,상해없음,원동기,여,50세,경상
2013043000100522,2013년 4월 30일 20시,화요일,경상남도 양산시 신기동,경상사고,0,0,1,1,차대차 - 측면직각충돌,중앙선침범,건조,맑음,단일로 - 기타,승용,남,59세,상해없음,승용,남,60세,경상
2013043000100523,2013년 4월 30일 20시,화요일,경상남도 함안군 가야읍,중상사고,0,1,0,0,차대차 - 측면직각충돌,안전운전불이행,건조,맑음,교차로 - 교차로안,승용,여,31세,상해없음,원동기,남,35세,중상
2013043000100524,2013년 4월 30일 20시,화요일,경상남도 창원시 성산구 남양동,경상사고,0,0,1,0,차대차 - 측면직각충돌,안전운전불이행,건조,맑음,교차로 - 교차로안,승용,남,34세,상해없음,승용,남,52세,경상
2013043000100525,2013년 4월 30일 20시,화요일,경상남도 창원시 마산회원구 합성동,경상사고,0,0,1,0,차대차 - 기타,안전운전불이행,건조,맑음,교차로 - 교차로부근,승용,남,31세,상해없음,자전거,여,25세,경상
2013043000100549,2013년 4월 30일 21시,화요일,경상남도 진주시 사봉면,경상사고,0,0,1,0,차대차 - 기타,신호위반,건조,맑음,교차로 - 교차로안,승합,남,53세,상해없음,승용,남,32세,경상
2013043000100550,2013년 4월 30일 21시,화요일,경상남도 김해시 외동,중상사고,0,1,0,0,차대차 - 측면직각충돌,신호위반,건조,맑음,교차로 - 교차로안,이륜,남,65세,기타불명,승용,여,41세,중상
2013043000100585,2013년 4월 30일 22시,화요일,경상남도 통영시 항남동,경상사고,0,0,1,0,차대사람 - 차도통행중,안전운전불이행,건조,맑음,단일로 - 기타,승용,남,35세,상해없음,보행자,남,25세,경상
2013043000100586,2013년 4월 30일 22시,화요일,경상남도 사천시 사천읍,경상사고,0,0,2,0,차대차 - 기타,신호위반,건조,맑음,교차로 - 교차로안,승용,남,60세,경상,승용,남,36세,경상
2013043000100587,2013년 4월 30일 22시,화요일,경상남도 거제시 고현동,중상사고,0,1,0,0,차대사람 - 기타,안전운전불이행,건조,맑음,교차로 - 교차로부근,화물,남,54세,상해없음,보행자,여,64세,중상
2013043000100588,2013년 4월 30일 22시,화요일,경상남도 거제시 아주동,중상사고,0,1,0,0,차대차 - 기타,안전운전불이행,건조,맑음,단일로 - 기타,승용,여,47세,상해없음,원동기,남,17세,중상
2013043000100589,2013년 4월 30일 22시,화요일,경상남도 창원시 성산구 반송동,중상사고,0,1,0,0,차대차 - 기타,안전운전불이행,건조,맑음,교차로 - 교차로부근,승용,남,43세,상해없음,승용,여,35세,중상
2013043000100622,2013년 4월 30일 23시,화요일,경상남도 창원시 마산회원구 내서읍,중상사고,0,1,1,0,차대차 - 측면직각충돌,중앙선침범,건조,맑음,교차로 - 교차로부근,승용,남,39세,경상,승용,남,52세,중상
2013050100100018,2013년 5월 1일 00시,수요일,경상남도 밀양시 부북면,중상사고,0,2,0,0,차량단독 - 공작물충돌,안전운전불이행,건조,맑음,단일로 - 기타,승용,남,53세,중상,,,,
2013050100100019,2013년 5월 1일 00시,수요일,경상남도 양산시 소주동,부상신고사고,0,0,0,1,차대사람 - 횡단중,안전운전불이행,건조,맑음,단일로 - 횡단보도부근,승용,남,34세,상해없음,보행자,여,43세,부상신고
2013050100100020,2013년 5월 1일 00시,수요일,경상남도 거제시 사등면,중상사고,0,1,0,0,차대차 - 정면충돌,중앙선침범,건조,맑음,단일로 - 기타,원동기,남,23세,중상,승용,남,33세,기타불명
2013050100100083,2013년 5월 1일 03시,수요일,경상남도 김해시 어방동,경상사고,0,0,1,0,차대차 - 측면직각충돌,신호위반,건조,맑음,교차로 - 교차로안,승용,남,54세,상해없음,승용,남,36세,경상
2013050100100094,2013년 5월 1일 04시,수요일,경상남도 창원시 마산회원구 양덕동,중상사고,0,1,0,0,차대차 - 추돌 - 주정차중,안전운전불이행,건조,맑음,교차로 - 교차로부근,승용,남,64세,중상,승합,남,64세,기타불명
2013050100100120,2013년 5월 1일 06시,수요일,경상남도 밀양시 하남읍,중상사고,0,1,0,0,차대차 - 측면직각충돌,신호위반,건조,맑음,교차로 - 교차로안,화물,남,62세,중상,화물,남,64세,상해없음
2013050100100121,2013년 5월 1일 06시,수요일,경상남도 거제시 남부면,중상사고,0,2,3,0,차대차 - 기타,교차로운행방법위반,건조,맑음,교차로 - 교차로안,화물,남,64세,상해없음,화물,남,42세,기타불명
2013050100100141,2013년 5월 1일 07시,수요일,경상남도 진주시 망경동,중상사고,0,1,1,0,차대차 - 기타,안전운전불이행,건조,맑음,교차로 - 교차로안,승용,남,39세,경상,승용,남,56세,중상
2013050100100142,2013년 5월 1일 07시,수요일,경상남도 진주시 신안동,경상사고,0,0,3,0,차대차 - 기타,안전운전불이행,건조,맑음,단일로 - 기타,승용,남,52세,상해없음,승용,남,58세,기타불명
2013050100100143,2013년 5월 1일 07시,수요일,경상남도 의령군 용덕면,중상사고,0,1,0,0,차대차 - 기타,안전운전불이행,건조,맑음,단일로 - 기타,화물,남,65세,상해없음,이륜,남,48세,중상
2013050100100167,2013년 5월 1일 08시,수요일,경상남도 창원시 진해구 죽곡동,경상사고,0,0,1,0,차대차 - 측면직각충돌,안전거리미확보,건조,맑음,단일로 - 기타,승용,남,45세,상해없음,승용,남,23세,경상
2013050100100168,2013년 5월 1일 08시,수요일,경상남도 통영시 항남동,부상신고사고,0,0,0,1,차대차 - 기타,교차로운행방법위반,건조,맑음,교차로 - 교차로안,자전거,남,90세 이상,부상신고,화물,남,90세 이상,상해없음
2013050100100198,2013년 5월 1일 09시,수요일,경상남도 진주시 옥봉동,경상사고,0,0,1,0,차대차 - 추돌 - 진행중,안전거리미확보,건조,맑음,교차로 - 교차로안,화물,남,30세,상해없음,자전거,남,89세,경상
2013050100100199,2013년 5월 1일 09시,수요일,경상남도 남해군 창선면,중상사고,0,1,0,0,차대차 - 기타,안전운전불이행,건조,맑음,기타 - 기타,승용,남,75세,상해없음,이륜,남,56세,중상
2013050100100214,2013년 5월 1일 10시,수요일,경상남도 양산시 북정동,경상사고,0,0,1,0,차대차 - 측면직각충돌,직진우회전진행방해,건조,맑음,교차로 - 교차로안,승용,남,54세,상해없음,원동기,남,19세,경상
2013050100100215,2013년 5월 1일 10시,수요일,경상남도 고성군 고성읍,경상사고,0,0,1,0,차대차 - 추돌 - 진행중,안전운전불이행,건조,맑음,단일로 - 기타,승용,남,75세,상해없음,승용,여,43세,경상
2013050100100235,2013년 5월 1일 11시,수요일,경상남도 김해시 외동,경상사고,0,0,1,0,차대차 - 정면충돌,안전운전불이행,건조,맑음,단일로 - 기타,승용,남,25세,상해없음,자전거,여,43세,경상
2013050100100236,2013년 5월 1일 11시,수요일,경상남도 김해시 삼방동,중상사고,0,1,0,0,차대사람 - 길가장자리구역통행중,안전운전불이행,건조,맑음,단일로 - 기타,기타불명,기타불명,기타불명,기타불명,보행자,여,66세,중상
2013050100100267,2013년 5월 1일 12시,수요일,경상남도 창원시 의창구 봉곡동,경상사고,0,0,2,0,차대차 - 측면직각충돌,기타,건조,맑음,교차로 - 교차로안,승용,여,50세,상해없음,승용,남,37세,경상
2013050100100268,2013년 5월 1일 12시,수요일,경상남도 김해시 주촌면,중상사고,0,1,0,0,차대차 - 측면직각충돌,교차로운행방법위반,건조,맑음,교차로 - 교차로안,승용,남,53세,상해없음,원동기,남,56세,중상
2013050100100291,2013년 5월 1일 13시,수요일,경상남도 밀양시 상남면,중상사고,0,1,0,0,차대사람 - 횡단중,안전운전불이행,건조,맑음,단일로 - 횡단보도상,승용,남,61세,상해없음,보행자,여,68세,중상
2013050100100292,2013년 5월 1일 13시,수요일,경상남도 창원시 의창구 팔용동,경상사고,0,0,1,0,차대사람 - 횡단중,신호위반,건조,맑음,단일로 - 횡단보도상,승용,여,44세,상해없음,보행자,여,17세,경상
2013050100100317,2013년 5월 1일 14시,수요일,경상남도 창원시 마산합포구 서성동,중상사고,0,1,0,0,차대차 - 측면직각충돌,안전운전불이행,건조,맑음,교차로 - 교차로부근,승용,남,41세,상해없음,자전거,남,50세,중상
2013050100100318,2013년 5월 1일 14시,수요일,경상남도 창녕군 이방면,중상사고,0,2,0,0,차대차 - 측면직각충돌,교차로운행방법위반,건조,맑음,교차로 - 교차로안,승용,남,51세,상해없음,승용,남,42세,상해없음
2013050100100319,2013년 5월 1일 14시,수요일,경상남도 창원시 의창구 팔용동,중상사고,0,1,0,0,차대차 - 측면직각충돌,직진우회전진행방해,건조,맑음,교차로 - 교차로안,승용,남,33세,상해없음,화물,남,56세,상해없음
2013050100100342,2013년 5월 1일 15시,수요일,경상남도 창원시 마산합포구 월영동,중상사고,0,1,0,1,차대차 - 정면충돌,안전운전불이행,건조,맑음,단일로 - 기타,원동기,남,19세,상해없음,승용,남,59세,중상
2013050100100343,2013년 5월 1일 15시,수요일,경상남도 통영시 광도면,중상사고,0,1,0,0,차대사람 - 횡단중,안전운전불이행,건조,맑음,단일로 - 기타,이륜,남,33세,상해없음,보행자,남,85세,중상
2013050100100380,2013년 5월 1일 16시,수요일,경상남도 김해시 삼정동,중상사고,0,1,0,0,차대사람 - 길가장자리구역통행중,안전운전불이행,건조,맑음,단일로 - 기타,승용,여,33세,상해없음,보행자,남,12세,중상
2013050100100381,2013년 5월 1일 16시,수요일,경상남도 남해군 창선면,중상사고,0,1,0,0,차대차 - 측면직각충돌,교차로운행방법위반,건조,맑음,교차로 - 교차로안,승용,여,57세,상해없음,원동기,남,56세,중상
2013050100100382,2013년 5월 1일 16시,수요일,경상남도 창원시 의창구 팔용동,경상사고,0,0,1,0,차대차 - 기타,기타,건조,맑음,교차로 - 교차로부근,승용,여,42세,상해없음,이륜,남,18세,경상
2013050100100419,2013년 5월 1일 17시,수요일,경상남도 고성군 동해면,경상사고,0,0,2,0,차대차 - 측면직각충돌,직진우회전진행방해,건조,맑음,교차로 - 교차로안,승용,남,65세,상해없음,승용,남,31세,경상
2013050100100420,2013년 5월 1일 17시,수요일,경상남도 하동군 화개면,중상사고,0,1,0,0,차대차 - 측면직각충돌,안전운전불이행,건조,맑음,단일로 - 기타,승용,여,41세,상해없음,이륜,남,78세,중상
2013050100100421,2013년 5월 1일 17시,수요일,경상남도 거제시 고현동,중상사고,0,1,1,0,차대차 - 측면직각충돌,안전운전불이행,건조,맑음,교차로 - 교차로안,승용,남,76세,상해없음,승용,남,41세,중상
2013050100100422,2013년 5월 1일 17시,수요일,경상남도 김해시 장유면,중상사고,0,1,0,0,차대차 - 측면직각충돌,안전거리미확보,건조,맑음,교차로 - 교차로부근,승용,남,27세,상해없음,승용,여,48세,중상
2013050100100457,2013년 5월 1일 18시,수요일,경상남도 창원시 마산합포구 해운동,중상사고,0,1,0,0,차대사람 - 횡단중,신호위반,건조,맑음,단일로 - 횡단보도상,승용,남,49세,상해없음,보행자,남,8세,중상
2013050100100458,2013년 5월 1일 18시,수요일,경상남도 진주시 상대동,중상사고,0,1,0,0,차대차 - 측면직각충돌,신호위반,건조,맑음,교차로 - 교차로안,원동기,남,45세,상해없음,승용,남,52세,상해없음
2013050100100494,2013년 5월 1일 19시,수요일,경상남도 창원시 진해구 용원동,중상사고,0,1,0,0,차대차 - 측면직각충돌,안전운전불이행,건조,맑음,교차로 - 교차로안,화물,남,62세,상해없음,승용,남,39세,중상
2013050100100495,2013년 5월 1일 19시,수요일,경상남도 밀양시 내이동,경상사고,0,0,1,0,차대사람 - 횡단중,안전운전불이행,건조,맑음,단일로 - 기타,승용,여,48세,상해없음,보행자,여,75세,경상
2013050100100496,2013년 5월 1일 19시,수요일,경상남도 밀양시 내이동,경상사고,0,0,1,0,차대차 - 추돌 - 진행중,안전거리미확보,건조,맑음,단일로 - 기타,승용,남,52세,상해없음,원동기,여,72세,경상
2013050100100497,2013년 5월 1일 19시,수요일,경상남도 고성군 회화면,경상사고,0,0,2,0,차대차 - 추돌 - 진행중,안전운전불이행,건조,맑음,교차로 - 교차로부근,승용,남,54세,상해없음,승용,여,37세,경상
2013050100100533,2013년 5월 1일 20시,수요일,경상남도 진주시 상평동,경상사고,0,0,1,0,차대사람 - 기타,안전운전불이행,건조,맑음,단일로 - 기타,승용,남,66세,상해없음,보행자,남,63세,경상
2013050100100534,2013년 5월 1일 20시,수요일,경상남도 거창군 웅양면,사망사고,1,1,0,0,차대차 - 추돌 - 주정차중,안전운전불이행,건조,흐림,단일로 - 기타,승용,남,48세,중상,특수,남,34세,기타불명
2013050100100535,2013년 5월 1일 20시,수요일,경상남도 창원시 의창구 신월동,중상사고,0,1,0,0,차대사람 - 기타,보행자보호의무위반,건조,맑음,교차로 - 교차로부근,승합,남,42세,상해없음,보행자,여,55세,중상
2013050100100594,2013년 5월 1일 22시,수요일,경상남도 김해시 진영읍,중상사고,0,1,0,1,차대차 - 기타,신호위반,건조,맑음,교차로 - 교차로안,승용,여,23세,부상신고,승용,여,46세,중상
2013050100100614,2013년 5월 1일 23시,수요일,경상남도 창원시 마산합포구 월남동4가,경상사고,0,0,1,0,차대차 - 기타,안전운전불이행,건조,맑음,교차로 - 교차로부근,승합,남,51세,상해없음,자전거,남,32세,경상
2013050100100615,2013년 5월 1일 23시,수요일,경상남도 창녕군 대합면,경상사고,0,0,1,0,차대차 - 기타,안전운전불이행,건조,맑음,단일로 - 기타,이륜,남,18세,상해없음,자전거,남,54세,경상
2013050100100616,2013년 5월 1일 23시,수요일,경상남도 창원시 의창구 사림동,중상사고,0,1,0,0,차대차 - 추돌 - 주정차중,안전운전불이행,건조,맑음,단일로 - 기타,승용,남,61세,상해없음,승용,여,33세,중상
2013050100100617,2013년 5월 1일 23시,수요일,경상남도 창원시 성산구 사파동,중상사고,0,1,1,0,차대차 - 측면직각충돌,과속,건조,맑음,단일로 - 기타,승용,남,27세,상해없음,승용,여,26세,중상
2013050100100618,2013년 5월 1일 23시,수요일,경상남도 창원시 의창구 사림동,중상사고,0,1,0,0,차대사람 - 횡단중,안전운전불이행,건조,맑음,단일로 - 기타,화물,남,33세,상해없음,보행자,남,44세,중상
2013050200100027,2013년 5월 2일 02시,목요일,경상남도 창원시 성산구 신촌동,중상사고,0,1,0,0,차대차 - 정면충돌,중앙선침범,기타,흐림,단일로 - 기타,승용,남,20세,상해없음,승용,남,46세,중상
2013050200100037,2013년 5월 2일 04시,목요일,경상남도 밀양시 상남면,중상사고,0,2,0,0,차대차 - 측면직각충돌,신호위반,건조,맑음,교차로 - 교차로안,승용,남,64세,상해없음,승용,남,65세,중상
2013050200100075,2013년 5월 2일 07시,목요일,경상남도 거제시 연초면,중상사고,0,1,0,0,차대차 - 추돌 - 진행중,안전운전불이행,건조,맑음,단일로 - 기타,승용,여,30세,상해없음,이륜,남,37세,중상
2013050200100076,2013년 5월 2일 07시,목요일,경상남도 창원시 성산구 내동,중상사고,0,1,0,0,차대차 - 추돌 - 진행중,안전운전불이행,건조,맑음,단일로 - 기타,승용,남,49세,상해없음,승용,남,64세,중상
2013050200100114,2013년 5월 2일 08시,목요일,경상남도 거창군 가조면,중상사고,0,1,0,0,차대차 - 측면직각충돌,안전운전불이행,건조,맑음,교차로 - 교차로안,이륜,남,65세,상해없음,승합,남,57세,상해없음
2013050200100153,2013년 5월 2일 09시,목요일,경상남도 함양군 함양읍,경상사고,0,0,1,0,차대차 - 측면직각충돌,안전운전불이행,건조,맑음,교차로 - 교차로안,화물,남,58세,상해없음,승용,남,63세,상해없음
2013050200100154,2013년 5월 2일 09시,목요일,경상남도 창원시 의창구 명서동,중상사고,0,1,0,0,차대차 - 측면직각충돌,기타,건조,맑음,교차로 - 교차로안,승용,남,28세,상해없음,승용,남,56세,중상
2013050200100181,2013년 5월 2일 10시,목요일,경상남도 진주시 판문동,중상사고,0,2,0,0,차대차 - 측면직각충돌,중앙선침범,건조,맑음,교차로 - 교차로부근,승용,남,35세,상해없음,승용,남,70세,중상
2013050200100222,2013년 5월 2일 12시,목요일,경상남도 창원시 성산구 중앙동,사망사고,1,0,0,0,차대차 - 측면직각충돌,안전운전불이행,건조,맑음,교차로 - 교차로안,승용,여,27세,상해없음,자전거,남,62세,사망
2013050200100251,2013년 5월 2일 13시,목요일,경상남도 진주시 수곡면,중상사고,0,1,3,0,차대차 - 측면직각충돌,안전운전불이행,건조,맑음,단일로 - 기타,승합,여,50세,상해없음,화물,남,56세,상해없음
2013050200100252,2013년 5월 2일 13시,목요일,경상남도 창원시 성산구 가음동,중상사고,0,1,0,0,차대차 - 추돌 - 주정차중,안전운전불이행,건조,맑음,단일로 - 기타,화물,남,40세,상해없음,이륜,여,50세,중상
2013050200100311,2013년 5월 2일 15시,목요일,경상남도 양산시 덕계동,경상사고,0,0,1,0,차대사람 - 기타,안전운전불이행,건조,맑음,단일로 - 기타,기타불명,기타불명,기타불명,기타불명,보행자,여,58세,경상
2013050200100340,2013년 5월 2일 16시,목요일,경상남도 통영시 북신동,중상사고,0,1,0,0,차대차 - 측면직각충돌,안전운전불이행,건조,맑음,교차로 - 교차로안,승합,남,53세,상해없음,이륜,남,58세,상해없음
2013050200100382,2013년 5월 2일 17시,목요일,경상남도 진주시 신안동,중상사고,0,1,0,0,차대사람 - 횡단중,안전운전불이행,건조,맑음,단일로 - 기타,승용,여,64세,상해없음,보행자,남,5세,중상
2013050200100383,2013년 5월 2일 17시,목요일,경상남도 양산시 물금읍,경상사고,0,0,1,0,차대차 - 측면직각충돌,안전거리미확보,건조,맑음,단일로 - 기타,화물,남,44세,상해없음,승합,남,56세,상해없음
2013050200100384,2013년 5월 2일 17시,목요일,경상남도 고성군 마암면,중상사고,0,1,0,0,차대차 - 추돌 - 주정차중,안전거리미확보,건조,맑음,교차로 - 교차로부근,화물,남,68세,상해없음,승용,남,55세,상해없음
2013050200100385,2013년 5월 2일 17시,목요일,경상남도 남해군 남해읍,중상사고,0,2,2,0,차대차 - 추돌 - 주정차중,안전운전불이행,건조,맑음,기타 - 기타,승용,남,36세,경상,승용,남,45세,중상
2013050200100386,2013년 5월 2일 17시,목요일,경상남도 창원시 성산구 가음동,중상사고,0,1,0,0,차대사람 - 횡단중,안전운전불이행,건조,맑음,기타 - 기타,승용,남,31세,상해없음,보행자,남,5세,중상
2013050200100402,2013년 5월 2일 18시,목요일,경상남도 김해시 전하동,경상사고,0,0,1,0,차대사람 - 기타,안전운전불이행,건조,맑음,단일로 - 기타,승합,남,58세,상해없음,보행자,여,53세,경상