사고번호,사고일시,요일,시군구,사고내용,사망자수,중상자수,경상자수,부상신고자수,사고유형,법규위반,노면상태,기상상태,도로형태,가해운전자 차종,가해운전자 성별,가해운전자 연령,가해운전자 상해정도,피해운전자 차종,피해운전자 성별,피해운전자 연령,피해운전자 상해정도
2013050500100522,2013년 5월 5일 21시,일요일,경상남도 창원시 성산구 사파동,중상사고,0,1,0,0,차대차 - 측면직각충돌,신호위반,건조,맑음,교차로 - 교차로부근,승용,여,30세,상해없음,자전거,남,12세,중상
2013050500100543,2013년 5월 5일 22시,일요일,경상남도 진주시 주약동,중상사고,0,1,0,0,차대사람 - 횡단중,신호위반,건조,맑음,교차로 - 교차로안,승용,남,54세,상해없음,보행자,여,21세,중상
2013050500100563,2013년 5월 5일 23시,일요일,경상남도 함양군 지곡면,중상사고,0,1,1,0,차대차 - 추돌 - 진행중,안전거리미확보,건조,맑음,단일로 - 기타,승합,남,40세,상해없음,승합,남,41세,중상
2013050500100564,2013년 5월 5일 23시,일요일,경상남도 창원시 성산구 적현동,중상사고,0,1,0,0,차대차 - 측면직각충돌,교차로운행방법위반,건조,맑음,교차로 - 교차로안,승용,남,74세,상해없음,원동기,남,26세,중상
2013050600100009,2013년 5월 6일 00시,월요일,경상남도 창원시 마산회원구 석전동,경상사고,0,0,1,0,차대차 - 추돌 - 주정차중,안전운전불이행,건조,맑음,단일로 - 기타,승용,남,27세,상해없음,승용,여,32세,경상
2013050600100010,2013년 5월 6일 00시,월요일,경상남도 함안군 군북면,중상사고,0,3,2,0,차대차 - 기타,안전운전불이행,건조,맑음,단일로 - 기타,승용,남,30세,상해없음,승용,남,39세,중상
2013050600100060,2013년 5월 6일 06시,월요일,경상남도 김해시 부원동,경상사고,0,0,1,0,차대차 - 측면직각충돌,신호위반,건조,맑음,교차로 - 교차로안,화물,남,44세,기타불명,승용,남,53세,경상
2013050600100061,2013년 5월 6일 06시,월요일,경상남도 창원시 마산합포구 산호동,경상사고,0,0,1,0,차대차 - 추돌 - 진행중,안전운전불이행,건조,맑음,단일로 - 기타,승용,남,68세,상해없음,승용,남,25세,경상
2013050600100062,2013년 5월 6일 06시,월요일,경상남도 김해시 장유면,중상사고,0,1,0,0,차대차 - 정면충돌,안전운전불이행,건조,맑음,단일로 - 기타,건설기계,남,60세,상해없음,건설기계,남,47세,중상
2013050600100078,2013년 5월 6일 07시,월요일,경상남도 사천시 곤명면,중상사고,0,1,0,0,차대차 - 추돌 - 주정차중,안전운전불이행,건조,맑음,단일로 - 기타,승용,남,43세,상해없음,승용,남,53세,중상
2013050600100079,2013년 5월 6일 07시,월요일,경상남도 양산시 남부동,중상사고,0,1,0,0,차대차 - 측면직각충돌,교차로운행방법위반,건조,맑음,교차로 - 교차로안,승용,남,47세,상해없음,이륜,남,45세,중상
2013050600100080,2013년 5월 6일 07시,월요일,경상남도 창원시 마산회원구 봉암동,경상사고,0,0,1,0,차대차 - 추돌 - 진행중,안전운전불이행,건조,맑음,단일로 - 기타,승용,남,27세,상해없음,승용,남,50세,경상
2013050600100081,2013년 5월 6일 07시,월요일,경상남도 창원시 마산회원구 구암동,경상사고,0,0,1,0,차대사람 - 보도통행중,신호위반,건조,맑음,교차로 - 교차로부근,승용,남,36세,상해없음,보행자,여,48세,경상
2013050600100117,2013년 5월 6일 08시,월요일,경상남도 김해시 삼정동,중상사고,0,1,0,0,차대사람 - 기타,안전운전불이행,건조,맑음,단일로 - 기타,승용,기타불명,기타불명,기타불명,보행자,남,10세,중상
2013050600100118,2013년 5월 6일 08시,월요일,경상남도 양산시 신기동,경상사고,0,0,2,0,차대차 - 측면직각충돌,안전거리미확보,건조,맑음,단일로 - 기타,화물,남,55세,상해없음,승용,남,44세,경상
2013050600100119,2013년 5월 6일 08시,월요일,경상남도 양산시 삼호동,중상사고,0,1,1,0,차대차 - 기타,신호위반,건조,맑음,교차로 - 교차로안,승용,남,67세,상해없음,승용,남,29세,경상
2013050600100120,2013년 5월 6일 08시,월요일,경상남도 창원시 마산회원구 봉암동,경상사고,0,0,1,0,차대차 - 기타,안전운전불이행,건조,맑음,단일로 - 기타,승용,여,52세,상해없음,승용,남,28세,경상
2013050600100121,2013년 5월 6일 08시,월요일,경상남도 창원시 의창구 봉곡동,경상사고,0,0,1,0,차대차 - 기타,중앙선침범,건조,맑음,단일로 - 기타,이륜,남,65세,상해없음,자전거,남,30세,경상
2013050600100155,2013년 5월 6일 09시,월요일,경상남도 고성군 마암면,중상사고,0,1,0,0,차대사람 - 횡단중,안전운전불이행,건조,맑음,교차로 - 교차로안,화물,남,65세,상해없음,보행자,여,57세,중상
2013050600100162,2013년 5월 6일 10시,월요일,경상남도 양산시 하북면,중상사고,0,1,0,0,차대차 - 추돌 - 진행중,안전운전불이행,건조,맑음,단일로 - 기타,화물,남,54세,상해없음,화물,남,29세,중상
2013050600100172,2013년 5월 6일 10시,월요일,경상남도 창원시 의창구 소답동,중상사고,0,1,1,0,차대차 - 측면직각충돌,교차로운행방법위반,건조,맑음,교차로 - 교차로안,승용,남,38세,상해없음,자전거,남,22세,중상
2013050600100197,2013년 5월 6일 11시,월요일,경상남도 양산시 동면,경상사고,0,0,2,0,차대차 - 기타,안전거리미확보,건조,맑음,단일로 - 기타,승용,여,27세,상해없음,승합,남,59세,상해없음
2013050600100219,2013년 5월 6일 12시,월요일,경상남도 창원시 마산합포구 구산면,중상사고,0,1,0,0,차대사람 - 기타,안전운전불이행,건조,맑음,단일로 - 기타,화물,남,44세,상해없음,보행자,여,65세,중상
2013050600100220,2013년 5월 6일 12시,월요일,경상남도 통영시 도천동,중상사고,0,1,0,0,차대사람 - 횡단중,신호위반,건조,맑음,단일로 - 횡단보도상,원동기,남,56세,상해없음,보행자,여,57세,중상
2013050600100250,2013년 5월 6일 13시,월요일,경상남도 창원시 진해구 속천동,중상사고,0,1,0,0,차량단독 - 공작물충돌,안전운전불이행,건조,맑음,단일로 - 기타,원동기,여,36세,중상,,,,
2013050600100251,2013년 5월 6일 13시,월요일,경상남도 사천시 사남면,경상사고,0,0,1,0,차대차 - 기타,안전운전불이행,건조,맑음,단일로 - 기타,승용,남,38세,상해없음,승용,남,54세,경상
2013050600100252,2013년 5월 6일 13시,월요일,경상남도 창원시 마산회원구 석전동,중상사고,0,1,0,0,차대차 - 기타,안전운전불이행,건조,맑음,단일로 - 기타,승용,남,69세,상해없음,이륜,남,53세,중상
2013050600100286,2013년 5월 6일 14시,월요일,경상남도 김해시 구산동,중상사고,0,1,0,0,차대차 - 측면직각충돌,안전거리미확보,건조,맑음,단일로 - 기타,건설기계,남,44세,상해없음,승용,남,58세,중상
2013050600100310,2013년 5월 6일 15시,월요일,경상남도 사천시 사천읍,경상사고,0,0,2,0,차대차 - 기타,중앙선침범,건조,맑음,단일로 - 기타,승용,여,36세,상해없음,승용,남,48세,경상
2013050600100311,2013년 5월 6일 15시,월요일,경상남도 김해시 동상동,중상사고,0,1,0,0,차대사람 - 횡단중,신호위반,건조,맑음,교차로 - 교차로안,이륜,남,23세,상해없음,보행자,남,72세,중상
2013050600100312,2013년 5월 6일 15시,월요일,경상남도 의령군 가례면,중상사고,0,1,0,0,차대차 - 기타,교차로운행방법위반,건조,맑음,교차로 - 교차로안,원동기,남,20세,중상,승용,남,49세,상해없음
2013050600100313,2013년 5월 6일 15시,월요일,경상남도 창원시 성산구 내동,경상사고,0,0,1,0,차대차 - 추돌 - 진행중,안전운전불이행,건조,맑음,단일로 - 기타,승용,남,41세,상해없음,승용,여,40세,경상
2013050600100383,2013년 5월 6일 17시,월요일,경상남도 창원시 마산합포구 자산동,경상사고,0,0,1,0,차대사람 - 횡단중,보행자보호의무위반,건조,맑음,교차로 - 교차로부근,승용,여,47세,상해없음,보행자,남,25세,경상
2013050600100384,2013년 5월 6일 17시,월요일,경상남도 창원시 진해구 충무동,경상사고,0,0,1,0,차대차 - 기타,안전운전불이행,건조,맑음,교차로 - 교차로부근,승용,남,39세,상해없음,자전거,남,43세,경상
2013050600100422,2013년 5월 6일 18시,월요일,경상남도 양산시 용당동,중상사고,0,1,0,0,차대차 - 기타,신호위반,건조,맑음,교차로 - 교차로안,승용,남,19세,상해없음,승용,남,35세,중상
2013050600100423,2013년 5월 6일 18시,월요일,경상남도 고성군 고성읍,중상사고,0,1,0,0,차대차 - 측면직각충돌,직진우회전진행방해,건조,맑음,교차로 - 교차로안,승용,남,31세,상해없음,원동기,남,61세,중상
2013050600100424,2013년 5월 6일 18시,월요일,경상남도 함안군 가야읍,경상사고,0,0,1,0,차대차 - 측면직각충돌,중앙선침범,건조,맑음,교차로 - 교차로부근,승용,남,37세,상해없음,이륜,남,57세,경상
2013050600100451,2013년 5월 6일 19시,월요일,경상남도 거제시 장평동,중상사고,0,1,0,0,차대차 - 측면직각충돌,교차로운행방법위반,건조,맑음,교차로 - 교차로안,이륜,남,33세,상해없음,자전거,남,29세,중상
2013050600100452,2013년 5월 6일 19시,월요일,경상남도 거제시 사등면,부상신고사고,0,0,0,1,차량단독 - 공작물충돌,안전운전불이행,건조,맑음,단일로 - 기타,승용,남,51세,부상신고,,,,
2013050600100535,2013년 5월 6일 22시,월요일,경상남도 산청군 신안면,중상사고,0,1,1,0,차대차 - 정면충돌,중앙선침범,건조,맑음,단일로 - 기타,승용,남,49세,상해없음,승용,남,45세,경상
2013050600100536,2013년 5월 6일 22시,월요일,경상남도 김해시 장유면,중상사고,0,2,0,0,차대차 - 정면충돌,신호위반,건조,맑음,교차로 - 교차로안,화물,남,49세,상해없음,승용,남,48세,중상
2013050700100013,2013년 5월 7일 00시,화요일,경상남도 김해시 대성동,경상사고,0,0,3,0,차대차 - 측면직각충돌,불법유턴,건조,맑음,단일로 - 기타,승용,남,29세,상해없음,승용,남,18세,경상
2013050700100014,2013년 5월 7일 00시,화요일,경상남도 양산시 용당동,중상사고,0,1,0,0,차대사람 - 기타,안전운전불이행,습기,비,교차로 - 교차로부근,승용,여,31세,상해없음,보행자,남,24세,중상
2013050700100037,2013년 5월 7일 02시,화요일,경상남도 통영시 광도면,부상신고사고,0,0,0,1,차대사람 - 기타,안전운전불이행,건조,맑음,단일로 - 기타,기타불명,기타불명,기타불명,기타불명,보행자,남,45세,부상신고
2013050700100038,2013년 5월 7일 02시,화요일,경상남도 사천시 사천읍,경상사고,0,0,1,0,차대사람 - 기타,안전운전불이행,건조,맑음,단일로 - 기타,승용,남,44세,상해없음,보행자,남,30세,경상
2013050700100092,2013년 5월 7일 07시,화요일,경상남도 창원시 진해구 용원동,중상사고,0,1,1,0,차대차 - 측면직각충돌,신호위반,건조,맑음,교차로 - 교차로안,화물,남,53세,경상,승용,남,50세,중상
2013050700100093,2013년 5월 7일 07시,화요일,경상남도 창원시 의창구 사림동,중상사고,0,1,0,0,차대차 - 기타,안전운전불이행,건조,맑음,교차로 - 교차로안,승합,남,51세,상해없음,승합,남,53세,중상
2013050700100133,2013년 5월 7일 08시,화요일,경상남도 김해시 부원동,경상사고,0,0,1,0,차대차 - 추돌 - 진행중,안전운전불이행,건조,맑음,단일로 - 기타,승합,남,62세,상해없음,자전거,남,53세,경상
2013050700100134,2013년 5월 7일 08시,화요일,경상남도 거제시 아주동,사망사고,1,1,0,0,차대사람 - 횡단중,신호위반,건조,맑음,교차로 - 교차로안,화물,남,43세,상해없음,보행자,여,37세,사망
2013050700100166,2013년 5월 7일 09시,화요일,경상남도 통영시 광도면,중상사고,0,1,0,0,차대차 - 기타,안전운전불이행,건조,맑음,단일로 - 기타,승용,여,50세,상해없음,승용,여,53세,중상
2013050700100167,2013년 5월 7일 09시,화요일,경상남도 김해시 상동면,중상사고,0,1,0,0,차대차 - 정면충돌,안전운전불이행,건조,맑음,단일로 - 기타,화물,남,61세,상해없음,승용,남,45세,중상
2013050700100168,2013년 5월 7일 09시,화요일,경상남도 양산시 주진동,경상사고,0,0,1,0,차대차 - 기타,안전운전불이행,건조,맑음,단일로 - 기타,화물,남,61세,상해없음,화물,남,37세,경상
2013050700100169,2013년 5월 7일 09시,화요일,경상남도 함안군 칠서면,경상사고,0,0,1,0,차대차 - 추돌 - 진행중,안전운전불이행,건조,맑음,교차로 - 교차로부근,승용,여,35세,상해없음,승용,여,46세,경상
2013050700100190,2013년 5월 7일 10시,화요일,경상남도 통영시 용남면,중상사고,0,1,0,0,차대차 - 기타,안전운전불이행,건조,맑음,단일로 - 기타,원동기,남,68세,중상,승용,남,37세,상해없음
2013050700100191,2013년 5월 7일 10시,화요일,경상남도 통영시 동호동,중상사고,0,1,0,0,차대사람 - 기타,안전운전불이행,건조,맑음,단일로 - 기타,승합,남,42세,상해없음,보행자,남,50세,중상
2013050700100192,2013년 5월 7일 10시,화요일,경상남도 김해시 상동면,중상사고,0,1,0,0,차대사람 - 기타,안전운전불이행,건조,맑음,단일로 - 기타,화물,남,54세,상해없음,보행자,남,52세,중상
2013050700100193,2013년 5월 7일 10시,화요일,경상남도 거제시 사등면,경상사고,0,0,1,0,차대차 - 추돌 - 진행중,안전운전불이행,건조,맑음,단일로 - 기타,화물,남,51세,상해없음,화물,남,46세,경상
2013050700100194,2013년 5월 7일 10시,화요일,경상남도 김해시 장유면,중상사고,0,1,0,0,차대차 - 기타,안전거리미확보,건조,맑음,단일로 - 기타,건설기계,남,49세,상해없음,승용,여,29세,중상
2013050700100257,2013년 5월 7일 13시,화요일,경상남도 김해시 서상동,경상사고,0,0,1,0,차대차 - 기타,안전운전불이행,건조,맑음,교차로 - 교차로부근,자전거,남,53세,경상,승용,여,41세,상해없음
2013050700100258,2013년 5월 7일 13시,화요일,경상남도 창원시 성산구 상남동,경상사고,0,0,1,0,차대차 - 기타,안전운전불이행,건조,맑음,단일로 - 기타,승용,남,56세,상해없음,승용,여,21세,경상
2013050700100293,2013년 5월 7일 14시,화요일,경상남도 진주시 하대동,중상사고,0,1,0,0,차대차 - 측면직각충돌,교차로운행방법위반,건조,맑음,교차로 - 교차로안,승용,여,38세,상해없음,이륜,남,72세,중상
2013050700100294,2013년 5월 7일 14시,화요일,경상남도 진주시 봉곡동,중상사고,0,1,0,0,차대차 - 측면직각충돌,교차로운행방법위반,건조,맑음,교차로 - 교차로안,승용,남,66세,상해없음,자전거,남,52세,중상
2013050700100295,2013년 5월 7일 14시,화요일,경상남도 사천시 사천읍,경상사고,0,0,1,0,차대차 - 추돌 - 진행중,안전운전불이행,건조,맑음,단일로 - 기타,자전거,여,67세,경상,승용,남,47세,상해없음
2013050700100311,2013년 5월 7일 15시,화요일,경상남도 김해시 진례면,경상사고,0,0,1,0,차대차 - 기타,안전운전불이행,건조,맑음,단일로 - 기타,승용,남,39세,상해없음,화물,남,64세,경상
2013050700100349,2013년 5월 7일 16시,화요일,경상남도 김해시 삼방동,경상사고,0,0,1,0,차대사람 - 횡단중,안전운전불이행,건조,맑음,단일로 - 기타,승용,여,44세,상해없음,보행자,여,8세,경상
2013050700100350,2013년 5월 7일 16시,화요일,경상남도 함양군 함양읍,경상사고,0,0,1,0,차대차 - 측면직각충돌,교차로운행방법위반,건조,맑음,교차로 - 교차로안,화물,남,40세,상해없음,원동기,여,45세,경상
2013050700100381,2013년 5월 7일 17시,화요일,경상남도 창원시 마산합포구 장군동1가,중상사고,0,1,1,0,차대차 - 정면충돌,안전운전불이행,건조,맑음,교차로 - 교차로안,승용,남,64세,상해없음,승합,남,29세,경상
2013050700100382,2013년 5월 7일 17시,화요일,경상남도 함안군 가야읍,경상사고,0,0,1,0,차대사람 - 횡단중,안전운전불이행,건조,맑음,단일로 - 횡단보도상,승용,여,25세,상해없음,보행자,남,11세,경상
2013050700100383,2013년 5월 7일 17시,화요일,경상남도 창원시 의창구 봉곡동,중상사고,0,1,1,0,차대차 - 측면직각충돌,교차로운행방법위반,건조,맑음,교차로 - 교차로안,이륜,남,21세,중상,승용,여,35세,경상
2013050700100410,2013년 5월 7일 18시,화요일,경상남도 통영시 북신동,경상사고,0,0,1,0,차대차 - 기타,안전운전불이행,건조,맑음,교차로 - 교차로안,승용,여,40세,상해없음,원동기,남,63세,경상
2013050700100411,2013년 5월 7일 18시,화요일,경상남도 김해시 삼계동,중상사고,0,2,0,0,차대차 - 측면직각충돌,안전운전불이행,건조,맑음,단일로 - 기타,승용,여,35세,중상,승용,남,57세,중상
2013050700100412,2013년 5월 7일 18시,화요일,경상남도 김해시 불암동,중상사고,0,2,4,0,차대차 - 추돌 - 진행중,안전운전불이행,건조,맑음,단일로 - 기타,승합,여,53세,상해없음,승합,남,64세,중상
2013050700100413,2013년 5월 7일 18시,화요일,경상남도 함양군 함양읍,경상사고,0,0,1,0,차대사람 - 횡단중,안전운전불이행,건조,맑음,단일로 - 기타,승합,남,47세,상해없음,보행자,남,6세,경상
2013050700100414,2013년 5월 7일 18시,화요일,경상남도 김해시 진영읍,중상사고,0,3,1,0,차대차 - 측면직각충돌,신호위반,건조,맑음,교차로 - 교차로안,승합,남,59세,상해없음,승용,남,67세,중상
2013050700100441,2013년 5월 7일 19시,화요일,경상남도 통영시 광도면,경상사고,0,0,1,0,차대사람 - 횡단중,안전운전불이행,건조,맑음,단일로 - 기타,승용,여,29세,상해없음,보행자,남,8세,경상
2013050700100442,2013년 5월 7일 19시,화요일,경상남도 거제시 옥포동,경상사고,0,0,1,0,차량단독 - 기타,안전운전불이행,건조,맑음,교차로 - 교차로부근,승용,남,41세,기타불명,,,,
2013050700100467,2013년 5월 7일 20시,화요일,경상남도 의령군 의령읍,경상사고,0,0,1,0,차대차 - 기타,안전운전불이행,건조,맑음,단일로 - 기타,원동기,남,27세,경상,승용,남,33세,상해없음
2013050700100468,2013년 5월 7일 20시,화요일,경상남도 김해시 장유면,중상사고,0,4,0,0,차대차 - 측면직각충돌,신호위반,건조,맑음,교차로 - 교차로부근,화물,남,41세,중상,승용,남,31세,중상
2013050700100496,2013년 5월 7일 21시,화요일,경상남도 거제시 고현동,경상사고,0,0,3,0,차대차 - 측면직각충돌,교차로운행방법위반,건조,맑음,교차로 - 교차로안,화물,남,29세,상해없음,승용,남,28세,경상
2013050700100497,2013년 5월 7일 21시,화요일,경상남도 김해시 진례면,사망사고,1,0,0,0,차대사람 - 기타,안전운전불이행,건조,맑음,단일로 - 기타,승용,남,36세,상해없음,보행자,남,34세,사망
2013050700100526,2013년 5월 7일 22시,화요일,경상남도 김해시 외동,중상사고,0,1,0,0,차대차 - 측면직각충돌,교차로운행방법위반,건조,맑음,교차로 - 교차로안,승합,남,40세,상해없음,원동기,남,17세,중상
2013050700100527,2013년 5월 7일 22시,화요일,경상남도 산청군 산청읍,중상사고,0,1,2,0,차대차 - 측면직각충돌,신호위반,건조,맑음,교차로 - 교차로안,승용,남,33세,상해없음,승용,여,46세,중상
2013050700100528,2013년 5월 7일 22시,화요일,경상남도 창원시 의창구 소계동,경상사고,0,0,2,0,차대차 - 측면직각충돌,교차로운행방법위반,건조,맑음,교차로 - 교차로안,승용,남,51세,상해없음,승용,남,55세,상해없음
2013050700100529,2013년 5월 7일 22시,화요일,경상남도 김해시 장유면,중상사고,0,1,0,0,차대사람 - 기타,안전운전불이행,건조,맑음,단일로 - 기타,승용,남,26세,상해없음,보행자,남,38세,중상
2013050700100546,2013년 5월 7일 23시,화요일,경상남도 창원시 진해구 용원동,경상사고,0,0,1,0,차대차 - 측면직각충돌,안전거리미확보,건조,맑음,교차로 - 교차로안,승용,남,34세,상해없음,승용,남,45세,경상
2013050800100040,2013년 5월 8일 01시,수요일,경상남도 진주시 정촌면,중상사고,0,2,0,0,차대차 - 추돌 - 주정차중,안전운전불이행,건조,맑음,교차로 - 교차로부근,승용,남,24세,상해없음,승용,남,55세,중상
2013050800100041,2013년 5월 8일 01시,수요일,경상남도 창원시 성산구 상남동,중상사고,0,1,0,0,차대차 - 측면직각충돌,교차로운행방법위반,건조,맑음,교차로 - 교차로부근,승용,남,40세,상해없음,자전거,남,26세,중상
2013050800100069,2013년 5월 8일 05시,수요일,경상남도 김해시 장유면,중상사고,0,2,0,0,차대차 - 정면충돌,중앙선침범,건조,맑음,단일로 - 기타,승용,남,64세,중상,승용,여,45세,중상
2013050800100076,2013년 5월 8일 06시,수요일,경상남도 밀양시 상동면,경상사고,0,0,1,0,차대차 - 기타,차로위반,건조,맑음,단일로 - 터널,화물,기타불명,기타불명,기타불명,승용,남,29세,경상
2013050800100083,2013년 5월 8일 06시,수요일,경상남도 진주시 문산읍,중상사고,0,1,0,0,차대차 - 추돌 - 진행중,안전운전불이행,건조,맑음,단일로 - 기타,승합,남,52세,상해없음,화물,남,64세,중상
2013050800100084,2013년 5월 8일 06시,수요일,경상남도 통영시 무전동,중상사고,0,2,0,0,차대차 - 기타,신호위반,건조,맑음,교차로 - 교차로안,승용,남,31세,기타불명,승용,남,65세,중상
2013050800100107,2013년 5월 8일 07시,수요일,경상남도 진주시 내동면,중상사고,0,1,0,0,차대차 - 정면충돌,중앙선침범,건조,맑음,단일로 - 기타,화물,남,26세,중상,승합,남,46세,상해없음
2013050800100108,2013년 5월 8일 07시,수요일,경상남도 거제시 문동동,경상사고,0,0,2,0,차대차 - 측면직각충돌,신호위반,건조,맑음,교차로 - 교차로안,화물,남,44세,상해없음,승용,남,51세,경상
2013050800100109,2013년 5월 8일 07시,수요일,경상남도 함안군 칠서면,경상사고,0,0,1,0,차대차 - 추돌 - 진행중,안전운전불이행,건조,맑음,교차로 - 교차로부근,승용,남,50세,상해없음,승용,여,45세,경상
2013050800100212,2013년 5월 8일 10시,수요일,경상남도 진주시 이반성면,중상사고,0,1,0,0,차대차 - 측면직각충돌,안전운전불이행,건조,맑음,단일로 - 기타,화물,남,48세,상해없음,이륜,남,73세,중상
2013050800100235,2013년 5월 8일 11시,수요일,경상남도 김해시 외동,경상사고,0,0,1,0,차대차 - 추돌 - 주정차중,안전거리미확보,건조,맑음,단일로 - 기타,승합,남,41세,상해없음,승용,남,49세,경상
2013050800100236,2013년 5월 8일 11시,수요일,경상남도 창녕군 부곡면,중상사고,0,1,0,0,차량단독 - 전도전복,안전운전불이행,건조,맑음,단일로 - 기타,건설기계,남,36세,중상,,,,
2013050800100262,2013년 5월 8일 12시,수요일,경상남도 김해시 장유면,중상사고,0,1,2,2,차대차 - 정면충돌,중앙선침범,건조,맑음,단일로 - 기타,승용,남,63세,부상신고,승용,여,43세,중상
2013050800100284,2013년 5월 8일 13시,수요일,경상남도 진주시 상대동,중상사고,0,3,0,0,차대차 - 측면직각충돌,안전거리미확보,건조,맑음,단일로 - 기타,승용,남,55세,상해없음,승용,남,40세,중상
2013050800100285,2013년 5월 8일 13시,수요일,경상남도 창녕군 창녕읍,중상사고,0,1,0,0,차대사람 - 기타,안전운전불이행,건조,맑음,단일로 - 기타,승용,남,54세,상해없음,보행자,여,31세,중상
2013050800100286,2013년 5월 8일 13시,수요일,경상남도 함안군 대산면,경상사고,0,0,1,0,차대사람 - 횡단중,안전운전불이행,건조,맑음,교차로 - 교차로부근,승용,남,73세,상해없음,보행자,남,75세,경상
2013050800100324,2013년 5월 8일 14시,수요일,경상남도 김해시 삼방동,중상사고,0,1,0,0,차대사람 - 횡단중,안전운전불이행,건조,맑음,교차로 - 교차로부근,승용,여,41세,상해없음,보행자,남,76세,중상
2013050800100354,2013년 5월 8일 15시,수요일,경상남도 진주시 봉곡동,중상사고,0,1,0,0,차대사람 - 횡단중,안전운전불이행,건조,맑음,단일로 - 기타,승용,남,66세,상해없음,보행자,남,7세,중상
2013050800100355,2013년 5월 8일 15시,수요일,경상남도 김해시 삼정동,경상사고,0,0,1,0,차대차 - 측면직각충돌,신호위반,건조,맑음,교차로 - 교차로안,승용,남,66세,상해없음,이륜,남,32세,경상
2013050800100382,2013년 5월 8일 16시,수요일,경상남도 창원시 진해구 자은동,중상사고,0,1,0,0,차대사람 - 기타,안전운전불이행,건조,맑음,교차로 - 교차로안,승용,여,44세,상해없음,보행자,여,50세,중상
2013050800100383,2013년 5월 8일 16시,수요일,경상남도 김해시 한림면,경상사고,0,0,1,0,차대차 - 기타,차로위반,건조,맑음,단일로 - 기타,특수,남,39세,상해없음,승용,여,51세,경상
2013050800100424,2013년 5월 8일 17시,수요일,경상남도 창원시 의창구 동읍,중상사고,0,1,1,2,차대차 - 기타,안전거리미확보,건조,맑음,단일로 - 기타,화물,남,47세,상해없음,승용,여,33세,경상
2013050800100470,2013년 5월 8일 18시,수요일,경상남도 함양군 함양읍,경상사고,0,0,1,0,차대차 - 측면직각충돌,교차로운행방법위반,건조,맑음,교차로 - 교차로안,승용,남,37세,상해없음,승용,여,41세,경상
2013050800100471,2013년 5월 8일 18시,수요일,경상남도 양산시 삼호동,중상사고,0,1,3,0,차대차 - 측면직각충돌,중앙선침범,건조,맑음,기타 - 기타,승용,여,35세,상해없음,승용,남,30세,경상
2013050800100507,2013년 5월 8일 19시,수요일,경상남도 김해시 안동,중상사고,0,1,0,0,차량단독 - 기타,안전운전불이행,건조,맑음,단일로 - 기타,승합,남,58세,상해없음,,,,
2013050800100508,2013년 5월 8일 19시,수요일,경상남도 함양군 함양읍,중상사고,0,1,0,0,차대차 - 측면직각충돌,교차로운행방법위반,건조,맑음,교차로 - 교차로안,화물,남,53세,상해없음,승용,여,37세,중상
2013050800100553,2013년 5월 8일 20시,수요일,경상남도 양산시 물금읍,경상사고,0,0,2,0,차대차 - 측면직각충돌,직진우회전진행방해,건조,맑음,교차로 - 교차로안,승용,여,41세,상해없음,승용,남,60세,경상
2013050800100595,2013년 5월 8일 21시,수요일,경상남도 밀양시 내이동,경상사고,0,0,1,0,차대차 - 추돌 - 주정차중,안전운전불이행,건조,맑음,단일로 - 기타,승용,남,34세,상해없음,승용,여,32세,경상
2013050800100596,2013년 5월 8일 21시,수요일,경상남도 양산시 중부동,경상사고,0,0,1,0,차대차 - 측면직각충돌,직진우회전진행방해,건조,맑음,교차로 - 교차로안,승용,여,42세,상해없음,이륜,남,43세,경상
2013050800100597,2013년 5월 8일 21시,수요일,경상남도 거제시 고현동,경상사고,0,0,1,0,차대차 - 측면직각충돌,신호위반,건조,맑음,교차로 - 교차로부근,승용,남,50세,상해없음,이륜,남,22세,경상
2013050800100628,2013년 5월 8일 22시,수요일,경상남도 창원시 마산합포구 서성동,경상사고,0,0,1,0,차대차 - 추돌 - 진행중,안전운전불이행,건조,맑음,단일로 - 기타,승용,남,24세,기타불명,자전거,남,42세,경상
2013050800100629,2013년 5월 8일 22시,수요일,경상남도 함양군 수동면,중상사고,0,1,0,0,차대차 - 측면직각충돌,안전운전불이행,건조,맑음,교차로 - 교차로안,화물,여,49세,상해없음,승용,여,24세,중상
2013050900100022,2013년 5월 9일 01시,목요일,경상남도 창녕군 도천면,경상사고,0,0,1,0,차대차 - 기타,안전운전불이행,건조,맑음,단일로 - 기타,승용,남,40세,경상,화물,기타불명,기타불명,기타불명
2013050900100034,2013년 5월 9일 02시,목요일,경상남도 남해군 창선면,경상사고,0,0,1,0,차량단독 - 공작물충돌,안전운전불이행,건조,맑음,단일로 - 기타,화물,남,43세,경상,,,,
2013050900100041,2013년 5월 9일 03시,목요일,경상남도 창원시 의창구 봉곡동,부상신고사고,0,0,0,1,차대사람 - 기타,안전운전불이행,건조,맑음,교차로 - 교차로안,기타불명,기타불명,기타불명,기타불명,보행자,남,65세,부상신고
2013050900100052,2013년 5월 9일 05시,목요일,경상남도 창원시 진해구 장천동,경상사고,0,0,2,0,차대차 - 측면직각충돌,안전운전불이행,건조,맑음,기타 - 기타,건설기계,남,25세,상해없음,승용,여,55세,경상
2013050900100084,2013년 5월 9일 07시,목요일,경상남도 창원시 진해구 석동,경상사고,0,0,1,0,차대차 - 측면직각충돌,직진우회전진행방해,건조,맑음,교차로 - 교차로안,승용,남,31세,상해없음,승용,남,68세,경상
2013050900100113,2013년 5월 9일 08시,목요일,경상남도 창원시 성산구 가음동,중상사고,0,1,0,0,차대차 - 기타,안전운전불이행,건조,맑음,단일로 - 기타,승용,남,30세,상해없음,자전거,남,52세,중상
2013050900100153,2013년 5월 9일 09시,목요일,경상남도 사천시 좌룡동,경상사고,0,0,3,0,차대차 - 측면직각충돌,신호위반,건조,맑음,교차로 - 교차로안,승용,남,50세,상해없음,화물,남,56세,경상