사고번호,사고일시,요일,시군구,사고내용,사망자수,중상자수,경상자수,부상신고자수,사고유형,법규위반,노면상태,기상상태,도로형태,가해운전자 차종,가해운전자 성별,가해운전자 연령,가해운전자 상해정도,피해운전자 차종,피해운전자 성별,피해운전자 연령,피해운전자 상해정도
2013050900100154,2013년 5월 9일 09시,목요일,경상남도 거제시 상동동,경상사고,0,0,1,0,차대사람 - 횡단중,안전운전불이행,건조,맑음,단일로 - 기타,승용,남,40세,기타불명,보행자,여,47세,경상
2013050900100180,2013년 5월 9일 10시,목요일,경상남도 산청군 산청읍,경상사고,0,0,1,0,차대차 - 측면직각충돌,교차로운행방법위반,건조,맑음,교차로 - 교차로안,화물,남,42세,상해없음,승용,여,43세,경상
2013050900100196,2013년 5월 9일 11시,목요일,경상남도 진주시 상평동,경상사고,0,0,1,0,차대차 - 기타,안전거리미확보,건조,맑음,단일로 - 기타,승용,남,61세,상해없음,승용,남,39세,경상
2013050900100197,2013년 5월 9일 11시,목요일,경상남도 김해시 삼계동,경상사고,0,0,1,0,차대사람 - 횡단중,안전운전불이행,건조,맑음,단일로 - 기타,승용,남,32세,상해없음,보행자,여,60세,경상
2013050900100198,2013년 5월 9일 11시,목요일,경상남도 창원시 마산회원구 양덕동,경상사고,0,0,2,0,차대차 - 추돌 - 주정차중,안전운전불이행,건조,맑음,교차로 - 교차로부근,승용,남,40세,상해없음,화물,남,58세,경상
2013050900100229,2013년 5월 9일 12시,목요일,경상남도 김해시 동상동,경상사고,0,0,1,0,차대차 - 측면직각충돌,안전거리미확보,건조,맑음,교차로 - 교차로부근,승용,남,37세,상해없음,승용,남,49세,상해없음
2013050900100230,2013년 5월 9일 12시,목요일,경상남도 의령군 부림면,중상사고,0,1,0,0,차대사람 - 기타,안전운전불이행,건조,맑음,단일로 - 기타,화물,남,44세,상해없음,보행자,남,91세,중상
2013050900100257,2013년 5월 9일 13시,목요일,경상남도 창원시 진해구 죽곡동,중상사고,0,1,0,0,차대차 - 추돌 - 주정차중,안전운전불이행,건조,맑음,단일로 - 기타,승합,남,58세,상해없음,화물,남,51세,중상
2013050900100258,2013년 5월 9일 13시,목요일,경상남도 사천시 동금동,경상사고,0,0,1,0,차대사람 - 기타,안전운전불이행,건조,맑음,단일로 - 기타,화물,여,56세,상해없음,보행자,여,69세,경상
2013050900100290,2013년 5월 9일 14시,목요일,경상남도 밀양시 내이동,경상사고,0,0,1,0,차대차 - 측면직각충돌,안전운전불이행,건조,맑음,교차로 - 교차로안,승용,여,60세,상해없음,원동기,남,55세,경상
2013050900100317,2013년 5월 9일 15시,목요일,경상남도 창원시 진해구 태평동,중상사고,0,1,1,0,차대사람 - 횡단중,보행자보호의무위반,건조,맑음,교차로 - 교차로안,승용,남,68세,상해없음,보행자,여,11세,중상
2013050900100318,2013년 5월 9일 15시,목요일,경상남도 창원시 진해구 용원동,경상사고,0,0,1,0,차대차 - 추돌 - 주정차중,안전운전불이행,건조,맑음,교차로 - 교차로부근,승용,여,25세,상해없음,승용,남,46세,상해없음
2013050900100385,2013년 5월 9일 17시,목요일,경상남도 진주시 상대동,중상사고,0,2,0,0,차대차 - 측면직각충돌,중앙선침범,건조,맑음,단일로 - 기타,승용,남,55세,상해없음,승용,남,54세,중상
2013050900100428,2013년 5월 9일 18시,목요일,경상남도 진주시 이현동,중상사고,0,1,0,0,차대사람 - 길가장자리구역통행중,안전운전불이행,건조,흐림,단일로 - 기타,승용,남,42세,상해없음,보행자,여,65세,중상
2013050900100429,2013년 5월 9일 18시,목요일,경상남도 거제시 옥포동,중상사고,0,1,0,0,차대사람 - 기타,안전운전불이행,건조,맑음,단일로 - 기타,기타불명,기타불명,기타불명,기타불명,보행자,여,22세,중상
2013050900100466,2013년 5월 9일 19시,목요일,경상남도 진주시 평거동,중상사고,0,1,0,0,차대차 - 기타,신호위반,건조,맑음,교차로 - 교차로안,승용,남,50세,상해없음,승합,남,42세,상해없음
2013050900100467,2013년 5월 9일 19시,목요일,경상남도 창원시 성산구 가음정동,경상사고,0,0,2,1,차대차 - 측면직각충돌,중앙선침범,건조,맑음,단일로 - 기타,승용,남,26세,부상신고,화물,남,59세,상해없음
2013050900100491,2013년 5월 9일 20시,목요일,경상남도 양산시 하북면,중상사고,0,1,0,0,차대사람 - 횡단중,보행자보호의무위반,건조,맑음,단일로 - 기타,승용,여,41세,상해없음,보행자,남,17세,중상
2013050900100533,2013년 5월 9일 21시,목요일,경상남도 진주시 인사동,중상사고,0,1,0,0,차대사람 - 횡단중,안전운전불이행,습기,비,교차로 - 교차로안,승용,남,56세,상해없음,보행자,남,34세,중상
2013050900100534,2013년 5월 9일 21시,목요일,경상남도 거창군 거창읍,경상사고,0,0,1,0,차대사람 - 횡단중,안전운전불이행,건조,맑음,단일로 - 기타,승용,여,53세,상해없음,보행자,남,38세,경상
2013050900100535,2013년 5월 9일 21시,목요일,경상남도 거제시 연초면,중상사고,0,1,0,0,차대차 - 측면직각충돌,안전운전불이행,습기,비,단일로 - 기타,승용,남,64세,상해없음,이륜,남,30세,중상
2013050900100536,2013년 5월 9일 21시,목요일,경상남도 거제시 장평동,경상사고,0,0,1,0,차대차 - 기타,안전운전불이행,건조,맑음,교차로 - 교차로안,승용,여,32세,상해없음,이륜,남,33세,경상
2013050900100537,2013년 5월 9일 21시,목요일,경상남도 김해시 진영읍,경상사고,0,0,2,0,차대차 - 추돌 - 진행중,안전거리미확보,습기,흐림,교차로 - 교차로부근,승용,남,29세,상해없음,승용,남,29세,경상
2013050900100538,2013년 5월 9일 21시,목요일,경상남도 김해시 진영읍,경상사고,0,0,2,0,차대차 - 추돌 - 진행중,안전거리미확보,습기,흐림,교차로 - 교차로부근,승용,남,45세,상해없음,승용,남,39세,경상
2013050900100591,2013년 5월 9일 22시,목요일,경상남도 통영시 북신동,중상사고,0,1,2,0,차대차 - 추돌 - 진행중,안전운전불이행,습기,비,단일로 - 기타,화물,남,43세,상해없음,승용,남,42세,경상
2013050900100592,2013년 5월 9일 22시,목요일,경상남도 양산시 북정동,경상사고,0,0,1,0,차대차 - 측면직각충돌,중앙선침범,건조,맑음,교차로 - 교차로부근,승용,여,53세,기타불명,이륜,남,17세,경상
2013050900100593,2013년 5월 9일 22시,목요일,경상남도 양산시 삼호동,경상사고,0,0,2,0,차대차 - 측면직각충돌,안전운전불이행,습기,비,단일로 - 기타,승용,여,42세,상해없음,승용,남,22세,경상
2013050900100662,2013년 5월 9일 23시,목요일,경상남도 함안군 가야읍,경상사고,0,0,1,0,차대차 - 측면직각충돌,안전운전불이행,습기,맑음,교차로 - 교차로안,승용,남,35세,상해없음,승용,남,29세,경상
2013050900100663,2013년 5월 9일 23시,목요일,경상남도 창원시 성산구 중앙동,중상사고,0,1,0,0,차대사람 - 횡단중,안전운전불이행,습기,비,단일로 - 횡단보도상,화물,남,50세,상해없음,보행자,남,34세,중상
2013051000100032,2013년 5월 10일 00시,금요일,경상남도 진주시 초전동,중상사고,0,1,0,0,차대차 - 측면직각충돌,신호위반,건조,맑음,교차로 - 교차로안,승합,여,43세,상해없음,승용,남,30세,중상
2013051000100033,2013년 5월 10일 00시,금요일,경상남도 밀양시 상남면,경상사고,0,0,1,0,차대차 - 기타,중앙선침범,습기,비,단일로 - 기타,승용,여,46세,기타불명,승용,남,45세,경상
2013051000100072,2013년 5월 10일 01시,금요일,경상남도 밀양시 내일동,중상사고,0,1,0,0,차대사람 - 횡단중,안전운전불이행,습기,비,교차로 - 교차로부근,승용,남,48세,상해없음,보행자,남,38세,중상
2013051000100073,2013년 5월 10일 01시,금요일,경상남도 창원시 성산구 상남동,중상사고,0,1,0,0,차대사람 - 기타,안전운전불이행,습기,비,단일로 - 기타,기타불명,기타불명,기타불명,기타불명,보행자,남,44세,중상
2013051000100119,2013년 5월 10일 03시,금요일,경상남도 통영시 광도면,중상사고,0,1,0,0,차량단독 - 공작물충돌,안전운전불이행,습기,비,단일로 - 기타,승용,남,24세,중상,,,,
2013051000100163,2013년 5월 10일 05시,금요일,경상남도 창녕군 영산면,경상사고,0,0,1,0,차량단독 - 전도전복,안전운전불이행,습기,비,단일로 - 기타,승용,남,18세,기타불명,,,,
2013051000100174,2013년 5월 10일 06시,금요일,경상남도 김해시 지내동,경상사고,0,0,1,0,차대차 - 측면직각충돌,신호위반,습기,비,교차로 - 교차로안,승합,남,62세,상해없음,화물,남,45세,경상
2013051000100191,2013년 5월 10일 07시,금요일,경상남도 거제시 아주동,경상사고,0,0,1,0,차대차 - 기타,신호위반,습기,비,교차로 - 교차로안,승용,여,25세,상해없음,승용,남,37세,경상
2013051000100235,2013년 5월 10일 08시,금요일,경상남도 김해시 삼방동,중상사고,0,1,0,0,차대사람 - 횡단중,안전운전불이행,습기,비,교차로 - 교차로부근,승용,여,43세,상해없음,보행자,여,77세,중상
2013051000100236,2013년 5월 10일 08시,금요일,경상남도 창녕군 남지읍,사망사고,1,0,0,0,차대차 - 정면충돌,중앙선침범,습기,맑음,단일로 - 기타,원동기,남,73세,사망,화물,남,38세,상해없음
2013051000100237,2013년 5월 10일 08시,금요일,경상남도 창원시 의창구 동읍,중상사고,0,2,0,0,차대차 - 정면충돌,중앙선침범,습기,비,단일로 - 기타,승용,남,60세,중상,승용,남,40세,중상
2013051000100238,2013년 5월 10일 08시,금요일,경상남도 김해시 장유면,중상사고,0,1,0,0,차대차 - 측면직각충돌,안전운전불이행,습기,비,단일로 - 기타,화물,남,42세,상해없음,승용,남,33세,중상
2013051000100283,2013년 5월 10일 09시,금요일,경상남도 양산시 삼호동,중상사고,0,1,0,0,차대차 - 기타,신호위반,습기,비,교차로 - 교차로부근,화물,남,35세,상해없음,원동기,남,80세,중상
2013051000100284,2013년 5월 10일 09시,금요일,경상남도 창원시 성산구 웅남동,경상사고,0,0,1,0,차대차 - 측면직각충돌,안전운전불이행,습기,비,단일로 - 기타,승용,남,27세,상해없음,화물,남,39세,경상
2013051000100285,2013년 5월 10일 09시,금요일,경상남도 창원시 성산구 상남동,중상사고,0,1,0,0,차대차 - 정면충돌,안전운전불이행,습기,흐림,교차로 - 교차로안,승용,여,39세,상해없음,승용,여,33세,중상
2013051000100322,2013년 5월 10일 10시,금요일,경상남도 양산시 동면,중상사고,0,2,1,0,차대사람 - 기타,안전운전불이행,습기,비,교차로 - 교차로부근,화물,남,64세,상해없음,보행자,여,53세,상해없음
2013051000100357,2013년 5월 10일 12시,금요일,경상남도 함안군 가야읍,경상사고,0,0,1,0,차대차 - 기타,안전운전불이행,건조,맑음,단일로 - 기타,승합,남,47세,상해없음,승용,여,56세,경상
2013051000100384,2013년 5월 10일 13시,금요일,경상남도 진주시 상봉동,경상사고,0,0,1,0,차대사람 - 횡단중,보행자보호의무위반,건조,맑음,교차로 - 교차로안,승용,여,30세,상해없음,보행자,여,50세,경상
2013051000100385,2013년 5월 10일 13시,금요일,경상남도 거제시 장평동,경상사고,0,0,1,0,차대차 - 추돌 - 진행중,신호위반,건조,맑음,교차로 - 교차로안,승합,남,62세,상해없음,승용,남,53세,경상
2013051000100404,2013년 5월 10일 14시,금요일,경상남도 거창군 거창읍,경상사고,0,0,1,0,차대사람 - 횡단중,보행자보호의무위반,건조,맑음,교차로 - 교차로안,승용,남,47세,상해없음,보행자,여,15세,경상
2013051000100405,2013년 5월 10일 14시,금요일,경상남도 양산시 북정동,경상사고,0,0,1,0,차대차 - 측면직각충돌,안전거리미확보,건조,맑음,교차로 - 교차로안,승용,남,60세,상해없음,승용,여,55세,경상
2013051000100406,2013년 5월 10일 14시,금요일,경상남도 함안군 산인면,중상사고,0,1,0,0,차대차 - 측면직각충돌,교차로운행방법위반,건조,맑음,교차로 - 교차로부근,승용,여,48세,상해없음,이륜,남,65세,중상
2013051000100428,2013년 5월 10일 15시,금요일,경상남도 진주시 봉곡동,부상신고사고,0,0,0,1,차대차 - 기타,중앙선침범,건조,맑음,교차로 - 교차로부근,이륜,남,59세,부상신고,승용,남,39세,상해없음
2013051000100429,2013년 5월 10일 15시,금요일,경상남도 창원시 의창구 북면,중상사고,0,1,0,0,차대차 - 측면직각충돌,중앙선침범,건조,맑음,단일로 - 기타,화물,남,33세,상해없음,승용,남,45세,중상
2013051000100469,2013년 5월 10일 16시,금요일,경상남도 김해시 내동,중상사고,0,1,0,0,차대차 - 측면직각충돌,직진우회전진행방해,건조,흐림,교차로 - 교차로안,승용,여,45세,상해없음,원동기,남,78세,중상
2013051000100470,2013년 5월 10일 16시,금요일,경상남도 합천군 대양면,경상사고,0,0,1,0,차대사람 - 차도통행중,안전운전불이행,건조,맑음,교차로 - 교차로안,승합,남,53세,상해없음,보행자,여,77세,경상
2013051000100504,2013년 5월 10일 17시,금요일,경상남도 창원시 마산합포구 추산동,경상사고,0,0,1,0,차대사람 - 기타,안전운전불이행,건조,맑음,단일로 - 기타,승용,기타불명,기타불명,기타불명,보행자,남,50세,경상
2013051000100505,2013년 5월 10일 17시,금요일,경상남도 진주시 상대동,중상사고,0,1,0,0,차대사람 - 기타,안전운전불이행,건조,맑음,단일로 - 기타,이륜,남,19세,상해없음,보행자,여,14세,중상
2013051000100538,2013년 5월 10일 18시,금요일,경상남도 사천시 사천읍,경상사고,0,0,2,0,차대차 - 측면직각충돌,신호위반,건조,맑음,교차로 - 교차로안,승용,여,51세,경상,승용,여,30세,경상
2013051000100573,2013년 5월 10일 19시,금요일,경상남도 사천시 사남면,중상사고,0,1,0,0,차대사람 - 기타,안전운전불이행,건조,맑음,기타 - 기타,승용,남,41세,상해없음,보행자,남,8세,중상
2013051000100574,2013년 5월 10일 19시,금요일,경상남도 양산시 원동면,중상사고,0,1,0,0,차대차 - 측면직각충돌,중앙선침범,건조,맑음,단일로 - 기타,화물,여,53세,상해없음,승용,남,47세,중상
2013051000100619,2013년 5월 10일 20시,금요일,경상남도 사천시 벌리동,경상사고,0,0,1,0,차대사람 - 기타,안전운전불이행,건조,맑음,단일로 - 기타,화물,남,42세,상해없음,보행자,여,25세,경상
2013051000100650,2013년 5월 10일 21시,금요일,경상남도 양산시 물금읍,경상사고,0,0,1,0,차대차 - 측면직각충돌,신호위반,건조,맑음,교차로 - 교차로안,승용,기타불명,기타불명,기타불명,원동기,남,19세,경상
2013051000100651,2013년 5월 10일 21시,금요일,경상남도 거제시 연초면,중상사고,0,1,0,0,차대차 - 측면직각충돌,교차로운행방법위반,건조,맑음,교차로 - 교차로안,이륜,남,64세,중상,승용,남,54세,상해없음
2013051000100682,2013년 5월 10일 22시,금요일,경상남도 진주시 하대동,경상사고,0,0,1,0,차대사람 - 기타,안전운전불이행,건조,맑음,단일로 - 기타,승용,여,26세,상해없음,보행자,남,45세,경상
2013051000100683,2013년 5월 10일 22시,금요일,경상남도 창원시 마산회원구 내서읍,중상사고,0,1,0,0,차대차 - 측면직각충돌,안전운전불이행,건조,맑음,단일로 - 기타,승용,여,53세,상해없음,원동기,남,17세,중상
2013051100100030,2013년 5월 11일 00시,토요일,경상남도 김해시 외동,경상사고,0,0,1,0,차대차 - 추돌 - 주정차중,안전운전불이행,건조,맑음,교차로 - 교차로부근,승용,남,25세,상해없음,승용,남,45세,상해없음
2013051100100031,2013년 5월 11일 00시,토요일,경상남도 양산시 북부동,중상사고,0,1,0,0,차대사람 - 기타,안전운전불이행,건조,맑음,단일로 - 기타,승용,남,59세,상해없음,보행자,여,65세,중상
2013051100100077,2013년 5월 11일 02시,토요일,경상남도 창원시 마산회원구 구암동,경상사고,0,0,1,0,차대차 - 기타,안전운전불이행,건조,맑음,단일로 - 기타,기타불명,기타불명,기타불명,기타불명,이륜,남,17세,경상
2013051100100078,2013년 5월 11일 02시,토요일,경상남도 창원시 마산회원구 합성동,경상사고,0,0,1,0,차대차 - 기타,안전운전불이행,건조,맑음,단일로 - 기타,기타불명,기타불명,기타불명,기타불명,승용,남,55세,경상
2013051100100094,2013년 5월 11일 03시,토요일,경상남도 양산시 상북면,사망사고,1,0,0,0,차대사람 - 횡단중,안전운전불이행,건조,맑음,단일로 - 기타,승용,여,52세,상해없음,보행자,남,52세,사망
2013051100100095,2013년 5월 11일 03시,토요일,경상남도 양산시 북정동,경상사고,0,0,1,0,차대차 - 기타,안전운전불이행,건조,맑음,교차로 - 교차로안,승용,남,55세,상해없음,승용,남,55세,경상
2013051100100122,2013년 5월 11일 04시,토요일,경상남도 창원시 마산합포구 완월동,부상신고사고,0,0,0,1,차대차 - 추돌 - 주정차중,안전운전불이행,건조,맑음,단일로 - 교량,화물,남,46세,부상신고,건설기계,남,42세,상해없음
2013051100100144,2013년 5월 11일 05시,토요일,경상남도 김해시 삼계동,중상사고,0,1,0,0,차대사람 - 차도통행중,안전운전불이행,건조,맑음,기타 - 기타,화물,남,50세,상해없음,보행자,남,78세,중상
2013051100100145,2013년 5월 11일 05시,토요일,경상남도 창원시 의창구 팔용동,중상사고,0,1,1,0,차대차 - 추돌 - 주정차중,안전운전불이행,건조,맑음,교차로 - 교차로부근,승용,여,30세,상해없음,승용,남,44세,경상
2013051100100160,2013년 5월 11일 06시,토요일,경상남도 창원시 진해구 경화동,경상사고,0,0,1,0,차대차 - 측면직각충돌,안전운전불이행,건조,맑음,교차로 - 교차로안,화물,남,48세,상해없음,자전거,여,58세,경상
2013051100100178,2013년 5월 11일 07시,토요일,경상남도 진주시 칠암동,중상사고,0,1,0,0,차대사람 - 횡단중,안전운전불이행,건조,맑음,교차로 - 교차로부근,화물,남,43세,상해없음,보행자,여,76세,중상
2013051100100179,2013년 5월 11일 07시,토요일,경상남도 남해군 고현면,부상신고사고,0,0,0,2,차대차 - 추돌 - 진행중,안전운전불이행,건조,맑음,기타 - 기타,승용,남,45세,상해없음,승용,남,47세,부상신고
2013051100100202,2013년 5월 11일 08시,토요일,경상남도 김해시 부원동,경상사고,0,0,3,0,차대차 - 측면직각충돌,직진우회전진행방해,건조,맑음,교차로 - 교차로안,승용,여,54세,경상,승용,여,47세,경상
2013051100100228,2013년 5월 11일 09시,토요일,경상남도 창원시 성산구 신촌동,중상사고,0,1,0,0,차대차 - 기타,중앙선침범,건조,맑음,단일로 - 기타,승용,남,24세,상해없음,특수,남,48세,중상
2013051100100252,2013년 5월 11일 10시,토요일,경상남도 사천시 동동,경상사고,0,0,1,0,차대차 - 기타,교차로운행방법위반,건조,맑음,교차로 - 교차로안,화물,남,39세,상해없음,승용,남,66세,경상
2013051100100289,2013년 5월 11일 11시,토요일,경상남도 창원시 마산합포구 해운동,중상사고,0,1,0,0,차대차 - 측면직각충돌,신호위반,건조,맑음,교차로 - 교차로안,이륜,남,20세,상해없음,승용,여,42세,중상
2013051100100290,2013년 5월 11일 11시,토요일,경상남도 진주시 초전동,경상사고,0,0,2,0,차대차 - 추돌 - 진행중,안전거리미확보,건조,맑음,단일로 - 기타,승용,남,50세,상해없음,승용,남,64세,경상
2013051100100291,2013년 5월 11일 11시,토요일,경상남도 창원시 의창구 용호동,중상사고,0,1,0,0,차대사람 - 횡단중,보행자보호의무위반,건조,맑음,단일로 - 횡단보도상,승용,여,28세,상해없음,보행자,여,12세,중상
2013051100100329,2013년 5월 11일 12시,토요일,경상남도 창원시 성산구 중앙동,중상사고,0,1,0,0,차대차 - 측면직각충돌,교차로운행방법위반,건조,맑음,교차로 - 교차로안,승용,남,68세,상해없음,승용,남,30세,중상
2013051100100364,2013년 5월 11일 13시,토요일,경상남도 사천시 정동면,중상사고,0,1,0,0,차대차 - 기타,교차로운행방법위반,건조,맑음,교차로 - 교차로부근,승용,남,26세,상해없음,승용,남,40세,중상
2013051100100365,2013년 5월 11일 13시,토요일,경상남도 밀양시 초동면,중상사고,0,2,0,0,차대차 - 측면직각충돌,안전운전불이행,건조,맑음,교차로 - 교차로안,승용,남,62세,상해없음,승용,남,50세,중상
2013051100100366,2013년 5월 11일 13시,토요일,경상남도 김해시 부원동,경상사고,0,0,1,0,차대사람 - 길가장자리구역통행중,안전운전불이행,건조,맑음,단일로 - 기타,승용,여,55세,상해없음,보행자,여,50세,경상
2013051100100367,2013년 5월 11일 13시,토요일,경상남도 창원시 마산회원구 합성동,경상사고,0,0,2,0,차대차 - 측면직각충돌,안전운전불이행,건조,맑음,교차로 - 교차로안,승용,여,27세,상해없음,승용,여,33세,경상
2013051100100383,2013년 5월 11일 14시,토요일,경상남도 양산시 하북면,중상사고,0,1,1,0,차량단독 - 도로외이탈 - 추락,안전운전불이행,건조,맑음,단일로 - 기타,승용,남,19세,상해없음,,,,
2013051100100384,2013년 5월 11일 14시,토요일,경상남도 양산시 다방동,경상사고,0,0,1,0,차대차 - 추돌 - 주정차중,안전운전불이행,건조,맑음,단일로 - 기타,승용,남,53세,상해없음,화물,기타불명,기타불명,기타불명
2013051100100405,2013년 5월 11일 14시,토요일,경상남도 창원시 진해구 석동,경상사고,0,0,2,0,차대차 - 기타,안전거리미확보,건조,맑음,단일로 - 터널,승용,남,55세,상해없음,승용,남,41세,경상
2013051100100430,2013년 5월 11일 15시,토요일,경상남도 창원시 마산합포구 진북면,중상사고,0,5,0,0,차대차 - 기타,과속,건조,맑음,단일로 - 기타,승용,남,31세,중상,승용,남,57세,중상
2013051100100431,2013년 5월 11일 15시,토요일,경상남도 창원시 마산합포구 상남동,중상사고,0,1,0,0,차대차 - 측면직각충돌,신호위반,건조,맑음,교차로 - 교차로안,승용,여,48세,상해없음,승용,여,31세,중상
2013051100100432,2013년 5월 11일 15시,토요일,경상남도 사천시 동금동,중상사고,0,1,0,0,차대차 - 정면충돌,교차로운행방법위반,건조,맑음,교차로 - 교차로안,승용,남,25세,상해없음,승용,남,52세,중상
2013051100100433,2013년 5월 11일 15시,토요일,경상남도 거제시 고현동,경상사고,0,0,1,0,차대차 - 기타,기타,건조,맑음,교차로 - 교차로안,승용,남,30세,상해없음,승용,남,59세,경상
2013051100100434,2013년 5월 11일 15시,토요일,경상남도 김해시 진영읍,중상사고,0,1,0,0,차대차 - 기타,안전운전불이행,건조,맑음,기타 - 기타,자전거,여,9세,중상,승용,남,32세,기타불명
2013051100100461,2013년 5월 11일 16시,토요일,경상남도 창원시 진해구 경화동,중상사고,0,1,0,0,차대차 - 기타,직진우회전진행방해,건조,맑음,교차로 - 교차로안,승용,남,65세,기타불명,자전거,남,9세,중상
2013051100100462,2013년 5월 11일 16시,토요일,경상남도 산청군 신안면,부상신고사고,0,0,0,1,차량단독 - 공작물충돌,안전운전불이행,건조,맑음,단일로 - 기타,승용,남,55세,부상신고,,,,
2013051100100463,2013년 5월 11일 16시,토요일,경상남도 김해시 장유면,경상사고,0,0,2,0,차대차 - 추돌 - 진행중,안전거리미확보,건조,맑음,단일로 - 기타,승용,남,45세,상해없음,승용,남,38세,경상
2013051100100464,2013년 5월 11일 16시,토요일,경상남도 김해시 진영읍,중상사고,0,2,0,0,차대차 - 측면직각충돌,교차로운행방법위반,건조,맑음,교차로 - 교차로부근,화물,남,54세,상해없음,이륜,남,44세,중상
2013051100100510,2013년 5월 11일 17시,토요일,경상남도 진주시 초전동,중상사고,0,1,0,0,차대차 - 추돌 - 진행중,안전거리미확보,건조,맑음,단일로 - 기타,승용,남,25세,상해없음,화물,남,63세,중상
2013051100100511,2013년 5월 11일 17시,토요일,경상남도 진주시 강남동,중상사고,0,1,0,0,차대사람 - 기타,안전운전불이행,건조,맑음,단일로 - 기타,승용,여,64세,상해없음,보행자,여,63세,중상
2013051100100512,2013년 5월 11일 17시,토요일,경상남도 창원시 진해구 태백동,중상사고,0,1,0,0,차대차 - 기타,직진우회전진행방해,건조,맑음,교차로 - 교차로안,승용,남,50세,상해없음,원동기,남,58세,중상
2013051100100513,2013년 5월 11일 17시,토요일,경상남도 통영시 당동,중상사고,0,1,0,0,차대차 - 추돌 - 진행중,안전운전불이행,건조,맑음,단일로 - 기타,승용,여,50세,상해없음,이륜,남,53세,중상
2013051100100514,2013년 5월 11일 17시,토요일,경상남도 창원시 성산구 반림동,중상사고,0,1,0,0,차대차 - 측면직각충돌,안전운전불이행,건조,맑음,교차로 - 교차로안,승용,남,50세,상해없음,승용,남,27세,중상
2013051100100552,2013년 5월 11일 18시,토요일,경상남도 진주시 상대동,중상사고,0,1,0,0,차대사람 - 기타,안전운전불이행,건조,맑음,단일로 - 기타,승용,남,40세,상해없음,보행자,여,56세,중상
2013051100100553,2013년 5월 11일 18시,토요일,경상남도 진주시 상대동,경상사고,0,0,1,0,차대사람 - 기타,안전운전불이행,건조,맑음,단일로 - 기타,승용,남,59세,상해없음,보행자,여,34세,경상
2013051100100554,2013년 5월 11일 18시,토요일,경상남도 창원시 진해구 석동,경상사고,0,0,1,0,차대차 - 기타,안전운전불이행,건조,맑음,단일로 - 기타,승용,남,42세,상해없음,원동기,남,21세,경상
2013051100100574,2013년 5월 11일 19시,토요일,경상남도 창녕군 남지읍,중상사고,0,2,0,0,차대차 - 기타,교차로운행방법위반,건조,맑음,교차로 - 교차로안,원동기,남,17세,중상,화물,남,48세,상해없음
2013051100100575,2013년 5월 11일 19시,토요일,경상남도 창원시 마산합포구 산호동,부상신고사고,0,0,0,1,차대차 - 기타,안전운전불이행,건조,맑음,교차로 - 교차로안,승용,여,56세,상해없음,자전거,남,23세,부상신고
2013051100100618,2013년 5월 11일 20시,토요일,경상남도 사천시 사남면,중상사고,0,1,0,0,차대사람 - 횡단중,보행자보호의무위반,건조,맑음,교차로 - 교차로부근,화물,남,44세,상해없음,보행자,여,66세,중상
2013051100100619,2013년 5월 11일 20시,토요일,경상남도 창원시 마산회원구 내서읍,경상사고,0,0,1,0,차대사람 - 차도통행중,안전운전불이행,건조,맑음,기타 - 기타,승용,남,29세,상해없음,보행자,남,42세,경상
2013051100100654,2013년 5월 11일 21시,토요일,경상남도 창원시 마산합포구 오동동,경상사고,0,0,1,0,차대사람 - 기타,안전운전불이행,건조,맑음,단일로 - 기타,승용,여,32세,상해없음,보행자,남,10세,경상
2013051100100655,2013년 5월 11일 21시,토요일,경상남도 김해시 삼계동,경상사고,0,0,1,0,차대차 - 추돌 - 진행중,안전운전불이행,건조,맑음,단일로 - 기타,이륜,남,47세,상해없음,이륜,남,39세,경상
2013051100100656,2013년 5월 11일 21시,토요일,경상남도 창원시 마산회원구 회원동,중상사고,0,2,0,0,차대사람 - 횡단중,안전운전불이행,건조,맑음,단일로 - 기타,승합,남,43세,상해없음,보행자,남,41세,중상
2013051100100708,2013년 5월 11일 23시,토요일,경상남도 김해시 내동,경상사고,0,0,1,0,차대차 - 추돌 - 주정차중,안전운전불이행,건조,맑음,교차로 - 교차로부근,승용,남,23세,상해없음,승용,남,31세,경상
2013051100100709,2013년 5월 11일 23시,토요일,경상남도 김해시 내동,경상사고,0,0,1,0,차대차 - 추돌 - 주정차중,안전운전불이행,건조,맑음,교차로 - 교차로부근,승용,남,23세,상해없음,승용,남,54세,경상
2013051200100009,2013년 5월 12일 00시,일요일,경상남도 밀양시 내이동,경상사고,0,0,1,0,차대사람 - 횡단중,보행자보호의무위반,건조,맑음,교차로 - 교차로안,승용,남,49세,상해없음,보행자,여,30세,경상
2013051200100050,2013년 5월 12일 02시,일요일,경상남도 김해시 장유면,사망사고,1,0,0,0,차대차 - 기타,안전운전불이행,건조,맑음,기타 - 기타,승용,남,32세,사망,건설기계,남,57세,기타불명
2013051200100078,2013년 5월 12일 04시,일요일,경상남도 거제시 고현동,중상사고,0,1,0,0,차대사람 - 기타,안전운전불이행,건조,맑음,단일로 - 기타,원동기,남,30세,상해없음,보행자,남,46세,중상
2013051200100094,2013년 5월 12일 05시,일요일,경상남도 김해시 외동,중상사고,0,1,0,0,차대차 - 측면직각충돌,신호위반,건조,맑음,교차로 - 교차로안,화물,남,34세,상해없음,화물,남,46세,중상