사고번호,사고일시,요일,시군구,사고내용,사망자수,중상자수,경상자수,부상신고자수,사고유형,법규위반,노면상태,기상상태,도로형태,가해운전자 차종,가해운전자 성별,가해운전자 연령,가해운전자 상해정도,피해운전자 차종,피해운전자 성별,피해운전자 연령,피해운전자 상해정도
2013051200100106,2013년 5월 12일 07시,일요일,경상남도 창원시 의창구 동읍,중상사고,0,1,0,0,차대차 - 기타,안전운전불이행,건조,맑음,단일로 - 기타,승용,여,44세,상해없음,승합,남,49세,상해없음
2013051200100128,2013년 5월 12일 09시,일요일,경상남도 창원시 마산합포구 해운동,중상사고,0,1,1,0,차대차 - 측면직각충돌,안전거리미확보,건조,맑음,교차로 - 교차로부근,승용,여,46세,중상,승용,여,35세,경상
2013051200100188,2013년 5월 12일 12시,일요일,경상남도 사천시 벌리동,경상사고,0,0,1,0,차대차 - 기타,안전운전불이행,건조,맑음,교차로 - 교차로부근,승용,남,36세,상해없음,승용,남,79세,경상
2013051200100206,2013년 5월 12일 13시,일요일,경상남도 거제시 고현동,중상사고,0,2,0,0,차대사람 - 기타,안전운전불이행,건조,맑음,단일로 - 기타,승용,남,50세,상해없음,보행자,여,38세,중상
2013051200100207,2013년 5월 12일 13시,일요일,경상남도 창원시 마산회원구 양덕동,중상사고,0,1,0,0,차대차 - 측면직각충돌,신호위반,건조,맑음,교차로 - 교차로안,승용,남,26세,상해없음,승용,여,36세,중상
2013051200100208,2013년 5월 12일 13시,일요일,경상남도 창원시 의창구 팔용동,경상사고,0,0,2,0,차대차 - 추돌 - 주정차중,안전운전불이행,건조,맑음,교차로 - 교차로부근,승용,남,62세,상해없음,승용,남,60세,경상
2013051200100235,2013년 5월 12일 14시,일요일,경상남도 진주시 칠암동,경상사고,0,0,1,0,차량단독 - 기타,안전운전불이행,건조,맑음,단일로 - 기타,승용,남,48세,상해없음,,,,
2013051200100236,2013년 5월 12일 14시,일요일,경상남도 창원시 진해구 용원동,경상사고,0,0,2,0,차대차 - 추돌 - 주정차중,안전운전불이행,건조,맑음,교차로 - 교차로부근,승용,남,57세,상해없음,승용,여,57세,경상
2013051200100237,2013년 5월 12일 14시,일요일,경상남도 양산시 중부동,경상사고,0,0,1,0,차대차 - 측면직각충돌,신호위반,건조,맑음,교차로 - 교차로안,승용,남,36세,상해없음,승용,남,53세,경상
2013051200100238,2013년 5월 12일 14시,일요일,경상남도 남해군 창선면,중상사고,0,1,0,0,차량단독 - 공작물충돌,안전운전불이행,건조,맑음,단일로 - 기타,승용,남,54세,상해없음,,,,
2013051200100272,2013년 5월 12일 15시,일요일,경상남도 남해군 삼동면,경상사고,0,0,12,0,차대차 - 측면직각충돌,중앙선침범,건조,맑음,단일로 - 기타,승용,남,49세,상해없음,승합,남,53세,상해없음
2013051200100273,2013년 5월 12일 15시,일요일,경상남도 창원시 마산회원구 합성동,경상사고,0,0,1,0,차대차 - 측면직각충돌,안전운전불이행,건조,맑음,교차로 - 교차로안,승용,남,27세,상해없음,승용,남,38세,상해없음
2013051200100305,2013년 5월 12일 16시,일요일,경상남도 진주시 이현동,경상사고,0,0,1,0,차대차 - 측면직각충돌,교차로운행방법위반,건조,맑음,교차로 - 교차로안,이륜,남,66세,경상,화물,남,56세,상해없음
2013051200100323,2013년 5월 12일 17시,일요일,경상남도 김해시 장유면,중상사고,0,1,4,0,차대차 - 기타,안전운전불이행,건조,맑음,단일로 - 기타,승용,기타불명,기타불명,기타불명,승용,남,44세,경상
2013051200100340,2013년 5월 12일 17시,일요일,경상남도 창원시 마산합포구 진전면,경상사고,0,0,1,0,차대차 - 추돌 - 진행중,안전운전불이행,건조,맑음,단일로 - 기타,승용,남,46세,상해없음,승용,남,46세,경상
2013051200100341,2013년 5월 12일 17시,일요일,경상남도 창원시 진해구 용원동,경상사고,0,0,2,0,차대차 - 추돌 - 주정차중,안전운전불이행,건조,맑음,단일로 - 기타,승용,남,50세,상해없음,승용,남,31세,경상
2013051200100342,2013년 5월 12일 17시,일요일,경상남도 양산시 동면,중상사고,0,1,0,0,차대차 - 측면직각충돌,안전운전불이행,건조,맑음,기타 - 기타,승용,남,45세,상해없음,승합,남,42세,중상
2013051200100377,2013년 5월 12일 18시,일요일,경상남도 사천시 사천읍,경상사고,0,0,2,0,차대차 - 기타,신호위반,건조,맑음,교차로 - 교차로안,승합,남,53세,상해없음,승용,여,48세,상해없음
2013051200100378,2013년 5월 12일 18시,일요일,경상남도 합천군 율곡면,중상사고,0,1,0,0,차량단독 - 도로외이탈 - 추락,안전운전불이행,건조,맑음,교차로 - 교차로부근,이륜,남,73세,중상,,,,
2013051200100379,2013년 5월 12일 18시,일요일,경상남도 창녕군 영산면,중상사고,0,1,0,0,차대차 - 측면직각충돌,교차로운행방법위반,건조,맑음,교차로 - 교차로안,승용,여,20세,상해없음,승용,여,53세,중상
2013051200100380,2013년 5월 12일 18시,일요일,경상남도 양산시 덕계동,중상사고,0,1,0,0,차대사람 - 기타,안전운전불이행,건조,맑음,기타 - 기타,승용,남,44세,상해없음,보행자,여,30세,중상
2013051200100381,2013년 5월 12일 18시,일요일,경상남도 거제시 동부면,중상사고,0,1,0,0,차대차 - 기타,안전운전불이행,건조,맑음,단일로 - 기타,승용,남,35세,상해없음,농기계,남,37세,중상
2013051200100382,2013년 5월 12일 18시,일요일,경상남도 산청군 신안면,경상사고,0,0,1,1,차대차 - 정면충돌,중앙선침범,건조,맑음,단일로 - 기타,승용,여,50세,부상신고,원동기,남,17세,경상
2013051200100415,2013년 5월 12일 19시,일요일,경상남도 창원시 진해구 자은동,부상신고사고,0,0,0,1,차대차 - 기타,신호위반,건조,맑음,교차로 - 교차로부근,원동기,남,17세,부상신고,승용,여,47세,상해없음
2013051200100416,2013년 5월 12일 19시,일요일,경상남도 창녕군 창녕읍,경상사고,0,0,2,0,차대차 - 추돌 - 주정차중,안전운전불이행,건조,맑음,교차로 - 교차로부근,승용,여,50세,기타불명,승용,남,38세,경상
2013051200100469,2013년 5월 12일 20시,일요일,경상남도 양산시 평산동,부상신고사고,0,0,0,1,차대차 - 기타,안전운전불이행,건조,맑음,교차로 - 교차로안,원동기,남,18세,부상신고,승용,남,63세,상해없음
2013051200100470,2013년 5월 12일 20시,일요일,경상남도 창원시 의창구 동읍,경상사고,0,0,2,0,차대차 - 추돌 - 주정차중,안전운전불이행,건조,맑음,교차로 - 교차로부근,승용,남,36세,상해없음,승용,남,30세,경상
2013051200100493,2013년 5월 12일 21시,일요일,경상남도 양산시 산막동,중상사고,0,1,1,0,차대차 - 추돌 - 주정차중,안전거리미확보,건조,맑음,단일로 - 기타,승용,남,22세,상해없음,승용,여,23세,경상
2013051200100509,2013년 5월 12일 21시,일요일,경상남도 밀양시 하남읍,중상사고,0,1,0,0,차대차 - 추돌 - 진행중,안전운전불이행,건조,맑음,단일로 - 기타,화물,남,49세,상해없음,자전거,여,58세,중상
2013051200100510,2013년 5월 12일 21시,일요일,경상남도 산청군 산청읍,부상신고사고,0,0,0,1,차량단독 - 공작물충돌,안전운전불이행,건조,맑음,단일로 - 기타,화물,남,39세,부상신고,,,,
2013051200100511,2013년 5월 12일 21시,일요일,경상남도 창원시 의창구 도계동,중상사고,0,1,0,0,차대사람 - 횡단중,신호위반,건조,맑음,단일로 - 횡단보도상,원동기,남,18세,상해없음,보행자,여,16세,중상
2013051200100537,2013년 5월 12일 22시,일요일,경상남도 창원시 마산합포구 대내동,중상사고,0,1,0,0,차대차 - 측면직각충돌,교차로운행방법위반,건조,맑음,교차로 - 교차로안,원동기,남,53세,중상,승용,남,53세,상해없음
2013051200100538,2013년 5월 12일 22시,일요일,경상남도 통영시 북신동,중상사고,0,1,1,0,차대차 - 측면직각충돌,안전운전불이행,건조,맑음,교차로 - 교차로안,승용,남,54세,상해없음,원동기,남,19세,중상
2013051200100539,2013년 5월 12일 22시,일요일,경상남도 창녕군 영산면,중상사고,0,1,2,0,차대차 - 추돌 - 진행중,안전운전불이행,건조,맑음,단일로 - 기타,승용,남,26세,중상,화물,남,43세,경상
2013051200100540,2013년 5월 12일 22시,일요일,경상남도 고성군 고성읍,경상사고,0,0,4,0,차대차 - 정면충돌,안전운전불이행,건조,맑음,단일로 - 기타,승용,남,57세,상해없음,승용,남,22세,경상
2013051200100541,2013년 5월 12일 22시,일요일,경상남도 창원시 성산구 성주동,사망사고,2,2,0,0,차대차 - 기타,신호위반,기타,맑음,교차로 - 교차로안,승용,남,47세,상해없음,승용,남,52세,중상
2013051200100542,2013년 5월 12일 22시,일요일,경상남도 창원시 마산회원구 내서읍,경상사고,0,0,3,0,차대차 - 측면직각충돌,신호위반,건조,기타,교차로 - 교차로안,승용,남,19세,상해없음,승용,남,43세,경상
2013051200100564,2013년 5월 12일 23시,일요일,경상남도 창원시 의창구 명서동,경상사고,0,0,2,0,차대차 - 기타,중앙선침범,건조,맑음,교차로 - 교차로부근,승용,남,46세,상해없음,승용,남,29세,상해없음
2013051300100009,2013년 5월 13일 00시,월요일,경상남도 거제시 고현동,중상사고,0,1,0,0,차대차 - 측면직각충돌,안전운전불이행,건조,맑음,교차로 - 교차로안,화물,남,35세,기타불명,승용,남,47세,중상
2013051300100010,2013년 5월 13일 00시,월요일,경상남도 창원시 의창구 명서동,경상사고,0,0,1,0,차량단독 - 공작물충돌,안전운전불이행,건조,맑음,단일로 - 기타,원동기,남,53세,경상,,,,
2013051300100014,2013년 5월 13일 01시,월요일,경상남도 진주시 상대동,중상사고,0,1,0,0,차대사람 - 횡단중,안전운전불이행,건조,맑음,교차로 - 교차로안,승용,남,51세,상해없음,보행자,남,28세,중상
2013051300100032,2013년 5월 13일 04시,월요일,경상남도 통영시 산양읍,중상사고,0,1,0,0,차대차 - 추돌 - 진행중,안전운전불이행,건조,맑음,단일로 - 기타,승용,남,41세,상해없음,농기계,남,76세,중상
2013051300100039,2013년 5월 13일 05시,월요일,경상남도 창원시 의창구 도계동,중상사고,0,1,0,0,차대차 - 측면직각충돌,안전운전불이행,건조,맑음,교차로 - 교차로안,승용,남,33세,상해없음,승용,남,34세,중상
2013051300100074,2013년 5월 13일 07시,월요일,경상남도 진주시 중안동,경상사고,0,0,1,0,차대차 - 측면직각충돌,안전운전불이행,건조,맑음,단일로 - 기타,승합,남,48세,상해없음,자전거,남,48세,경상
2013051300100075,2013년 5월 13일 07시,월요일,경상남도 창원시 진해구 여좌동,경상사고,0,0,1,0,차대차 - 측면직각충돌,안전거리미확보,건조,맑음,교차로 - 교차로안,승용,남,71세,상해없음,승용,남,40세,상해없음
2013051300100076,2013년 5월 13일 07시,월요일,경상남도 사천시 용현면,경상사고,0,0,1,0,차대차 - 기타,안전운전불이행,건조,맑음,단일로 - 기타,화물,남,55세,상해없음,승용,여,46세,경상
2013051300100077,2013년 5월 13일 07시,월요일,경상남도 창원시 의창구 사림동,경상사고,0,0,1,0,차대차 - 기타,신호위반,기타,맑음,교차로 - 교차로안,승합,남,55세,상해없음,승용,남,57세,경상
2013051300100078,2013년 5월 13일 07시,월요일,경상남도 창원시 의창구 팔용동,중상사고,0,1,0,0,차대차 - 기타,안전운전불이행,건조,맑음,교차로 - 교차로부근,승용,여,50세,상해없음,자전거,남,19세,중상
2013051300100107,2013년 5월 13일 08시,월요일,경상남도 거창군 거창읍,중상사고,0,1,0,0,차대차 - 추돌 - 진행중,교차로운행방법위반,건조,맑음,교차로 - 교차로안,원동기,남,80세,상해없음,승용,여,42세,상해없음
2013051300100131,2013년 5월 13일 09시,월요일,경상남도 진주시 동성동,경상사고,0,0,1,0,차대차 - 측면직각충돌,교차로운행방법위반,건조,맑음,교차로 - 교차로안,승합,남,52세,상해없음,자전거,남,60세,경상
2013051300100132,2013년 5월 13일 09시,월요일,경상남도 사천시 서포면,경상사고,0,0,1,0,차대차 - 정면충돌,교차로운행방법위반,건조,맑음,교차로 - 교차로부근,승용,남,62세,상해없음,화물,남,67세,경상
2013051300100133,2013년 5월 13일 09시,월요일,경상남도 함양군 함양읍,경상사고,0,0,1,0,차대차 - 기타,기타,건조,맑음,단일로 - 기타,기타불명,기타불명,기타불명,기타불명,원동기,남,39세,경상
2013051300100134,2013년 5월 13일 09시,월요일,경상남도 양산시 평산동,경상사고,0,0,1,0,차대차 - 측면직각충돌,안전운전불이행,건조,맑음,단일로 - 기타,승용,남,46세,상해없음,승용,여,39세,경상
2013051300100135,2013년 5월 13일 09시,월요일,경상남도 하동군 진교면,중상사고,0,1,0,0,차대차 - 측면직각충돌,안전운전불이행,건조,맑음,단일로 - 기타,건설기계,남,36세,상해없음,농기계,남,64세,중상
2013051300100136,2013년 5월 13일 09시,월요일,경상남도 하동군 진교면,경상사고,0,0,1,0,차대사람 - 기타,안전운전불이행,건조,맑음,단일로 - 기타,특수,남,51세,상해없음,보행자,여,66세,경상
2013051300100175,2013년 5월 13일 10시,월요일,경상남도 거창군 위천면,중상사고,0,1,0,0,차대차 - 정면충돌,안전운전불이행,건조,맑음,단일로 - 기타,승용,여,48세,상해없음,원동기,남,75세,중상
2013051300100176,2013년 5월 13일 10시,월요일,경상남도 양산시 남부동,경상사고,0,0,1,0,차대차 - 측면직각충돌,안전운전불이행,건조,맑음,교차로 - 교차로부근,승용,남,56세,상해없음,이륜,남,60세,경상
2013051300100202,2013년 5월 13일 11시,월요일,경상남도 진주시 칠암동,중상사고,0,1,0,0,차대사람 - 차도통행중,안전운전불이행,건조,맑음,단일로 - 기타,승용,여,42세,상해없음,보행자,여,30세,중상
2013051300100203,2013년 5월 13일 11시,월요일,경상남도 창원시 의창구 봉곡동,경상사고,0,0,1,0,차대차 - 기타,교차로운행방법위반,건조,맑음,교차로 - 교차로안,승용,여,50세,상해없음,이륜,남,32세,경상
2013051300100234,2013년 5월 13일 12시,월요일,경상남도 통영시 광도면,경상사고,0,0,4,0,차대차 - 측면직각충돌,교차로운행방법위반,건조,맑음,교차로 - 교차로안,승용,남,39세,경상,승용,남,55세,경상
2013051300100235,2013년 5월 13일 12시,월요일,경상남도 합천군 대병면,중상사고,0,1,0,0,차대차 - 측면직각충돌,안전운전불이행,건조,맑음,교차로 - 교차로부근,화물,남,62세,상해없음,화물,남,40세,중상
2013051300100236,2013년 5월 13일 12시,월요일,경상남도 남해군 남해읍,중상사고,0,1,0,0,차대차 - 기타,안전운전불이행,건조,맑음,기타 - 기타,승용,여,25세,상해없음,원동기,여,28세,중상
2013051300100268,2013년 5월 13일 13시,월요일,경상남도 창원시 마산합포구 월남동1가,경상사고,0,0,1,0,차대사람 - 횡단중,보행자보호의무위반,건조,맑음,단일로 - 기타,승용,남,30세,상해없음,보행자,여,25세,경상
2013051300100269,2013년 5월 13일 13시,월요일,경상남도 합천군 용주면,중상사고,0,1,0,0,차량단독 - 공작물충돌,안전운전불이행,건조,맑음,단일로 - 기타,화물,남,68세,상해없음,,,,
2013051300100270,2013년 5월 13일 13시,월요일,경상남도 거제시 상동동,경상사고,0,0,1,0,차대차 - 측면직각충돌,안전운전불이행,건조,맑음,교차로 - 교차로안,승용,남,33세,상해없음,승용,남,40세,경상
2013051300100271,2013년 5월 13일 13시,월요일,경상남도 창원시 마산회원구 내서읍,중상사고,0,1,1,0,차대차 - 정면충돌,신호위반,건조,맑음,교차로 - 교차로안,승용,남,81세,상해없음,승용,남,52세,중상
2013051300100308,2013년 5월 13일 14시,월요일,경상남도 함안군 칠서면,경상사고,0,0,1,0,차대차 - 기타,안전운전불이행,건조,맑음,교차로 - 교차로안,승용,여,35세,상해없음,자전거,여,46세,경상
2013051300100309,2013년 5월 13일 14시,월요일,경상남도 창원시 성산구 남양동,경상사고,0,0,1,0,차대차 - 추돌 - 진행중,안전거리미확보,건조,맑음,단일로 - 기타,승용,여,31세,상해없음,승용,남,46세,경상
2013051300100346,2013년 5월 13일 15시,월요일,경상남도 창원시 마산합포구 상남동,경상사고,0,0,1,0,차대사람 - 횡단중,안전운전불이행,건조,맑음,단일로 - 기타,승용,남,53세,상해없음,보행자,여,55세,경상
2013051300100347,2013년 5월 13일 15시,월요일,경상남도 고성군 상리면,경상사고,0,0,1,0,차대차 - 추돌 - 주정차중,안전운전불이행,건조,맑음,단일로 - 횡단보도부근,승용,여,45세,경상,승용,남,57세,상해없음
2013051300100384,2013년 5월 13일 16시,월요일,경상남도 진주시 칠암동,중상사고,0,1,0,0,차대사람 - 보도통행중,보행자보호의무위반,건조,맑음,교차로 - 교차로안,화물,남,42세,상해없음,보행자,여,19세,중상
2013051300100385,2013년 5월 13일 16시,월요일,경상남도 창원시 진해구 태평동,경상사고,0,0,1,0,차대차 - 추돌 - 진행중,안전운전불이행,건조,맑음,단일로 - 기타,승용,여,65세,상해없음,승용,여,42세,경상
2013051300100386,2013년 5월 13일 16시,월요일,경상남도 고성군 거류면,중상사고,0,1,0,0,차대차 - 측면직각충돌,안전운전불이행,건조,맑음,교차로 - 교차로안,화물,남,58세,상해없음,승용,남,38세,중상
2013051300100387,2013년 5월 13일 16시,월요일,경상남도 고성군 고성읍,경상사고,0,0,1,0,차대차 - 추돌 - 진행중,안전운전불이행,건조,맑음,교차로 - 교차로안,승합,남,65세,상해없음,화물,남,44세,경상
2013051300100388,2013년 5월 13일 16시,월요일,경상남도 창원시 의창구 서상동,경상사고,0,0,1,0,차대차 - 추돌 - 진행중,안전거리미확보,건조,맑음,단일로 - 기타,승용,여,34세,상해없음,승용,여,54세,경상
2013051300100423,2013년 5월 13일 17시,월요일,경상남도 창원시 마산합포구 중앙동1가,경상사고,0,0,2,0,차대차 - 기타,안전운전불이행,건조,맑음,단일로 - 기타,승용,남,56세,상해없음,승용,여,23세,경상
2013051300100424,2013년 5월 13일 17시,월요일,경상남도 사천시 사천읍,경상사고,0,0,1,0,차대차 - 측면직각충돌,신호위반,건조,맑음,교차로 - 교차로안,화물,남,43세,상해없음,승용,남,29세,경상
2013051300100425,2013년 5월 13일 17시,월요일,경상남도 김해시 삼계동,경상사고,0,0,1,0,차대사람 - 기타,안전운전불이행,건조,맑음,단일로 - 기타,승합,남,43세,상해없음,보행자,남,53세,경상
2013051300100426,2013년 5월 13일 17시,월요일,경상남도 거제시 고현동,중상사고,0,3,0,0,차대차 - 기타,안전운전불이행,건조,맑음,교차로 - 교차로안,건설기계,남,53세,상해없음,승용,여,30세,중상
2013051300100461,2013년 5월 13일 18시,월요일,경상남도 통영시 정량동,경상사고,0,0,2,0,차대차 - 기타,안전운전불이행,건조,맑음,단일로 - 기타,승용,여,48세,경상,승합,남,57세,경상
2013051300100462,2013년 5월 13일 18시,월요일,경상남도 밀양시 하남읍,경상사고,0,0,1,0,차대사람 - 횡단중,안전운전불이행,건조,맑음,단일로 - 기타,화물,남,27세,상해없음,보행자,남,10세,경상
2013051300100496,2013년 5월 13일 19시,월요일,경상남도 밀양시 내이동,경상사고,0,0,1,0,차대차 - 추돌 - 주정차중,안전운전불이행,건조,맑음,단일로 - 기타,승용,남,58세,상해없음,승용,남,61세,경상
2013051300100497,2013년 5월 13일 19시,월요일,경상남도 창원시 마산합포구 산호동,중상사고,0,1,0,0,차대사람 - 길가장자리구역통행중,안전운전불이행,건조,맑음,단일로 - 기타,승용,남,45세,상해없음,보행자,남,34세,중상
2013051300100527,2013년 5월 13일 20시,월요일,경상남도 통영시 북신동,경상사고,0,0,1,0,차대차 - 추돌 - 주정차중,안전운전불이행,건조,맑음,단일로 - 기타,원동기,남,17세,상해없음,원동기,남,53세,경상
2013051300100528,2013년 5월 13일 20시,월요일,경상남도 양산시 물금읍,부상신고사고,0,0,0,1,차대사람 - 기타,안전운전불이행,건조,맑음,단일로 - 기타,승용,남,45세,상해없음,보행자,남,56세,부상신고
2013051300100529,2013년 5월 13일 20시,월요일,경상남도 의령군 의령읍,경상사고,0,0,4,0,차대차 - 정면충돌,중앙선침범,건조,맑음,단일로 - 기타,승합,여,49세,상해없음,승용,남,26세,경상
2013051300100559,2013년 5월 13일 21시,월요일,경상남도 진주시 집현면,중상사고,0,1,1,0,차대차 - 추돌 - 진행중,안전거리미확보,건조,맑음,단일로 - 기타,승용,남,48세,중상,승합,남,59세,상해없음
2013051300100560,2013년 5월 13일 21시,월요일,경상남도 김해시 삼계동,중상사고,0,1,0,0,차대사람 - 기타,안전운전불이행,건조,맑음,교차로 - 교차로부근,이륜,남,18세,상해없음,보행자,남,15세,중상
2013051300100561,2013년 5월 13일 21시,월요일,경상남도 창원시 성산구 외동,경상사고,0,0,2,0,차대차 - 측면직각충돌,안전운전불이행,건조,맑음,교차로 - 교차로부근,승용,남,53세,상해없음,승용,남,29세,경상
2013051300100562,2013년 5월 13일 21시,월요일,경상남도 김해시 전하동,경상사고,0,0,1,0,차대차 - 기타,교차로운행방법위반,건조,맑음,교차로 - 교차로안,승합,남,52세,상해없음,승용,남,32세,상해없음
2013051300100585,2013년 5월 13일 22시,월요일,경상남도 양산시 중부동,중상사고,0,1,0,0,차대차 - 측면직각충돌,중앙선침범,건조,맑음,단일로 - 기타,승용,남,52세,상해없음,승용,여,47세,중상
2013051300100614,2013년 5월 13일 23시,월요일,경상남도 김해시 구산동,중상사고,0,1,0,0,차대차 - 추돌 - 주정차중,안전운전불이행,건조,맑음,단일로 - 기타,승용,남,33세,상해없음,화물,남,55세,기타불명
2013051400100079,2013년 5월 14일 05시,화요일,경상남도 거창군 남하면,중상사고,0,1,0,0,차대차 - 정면충돌,중앙선침범,건조,맑음,단일로 - 기타,화물,남,56세,상해없음,화물,남,49세,중상
2013051400100080,2013년 5월 14일 05시,화요일,경상남도 양산시 하북면,부상신고사고,0,0,0,1,차대차 - 측면직각충돌,신호위반,건조,맑음,교차로 - 교차로안,화물,남,29세,상해없음,화물,남,50세,부상신고
2013051400100092,2013년 5월 14일 06시,화요일,경상남도 사천시 사남면,중상사고,0,1,0,0,차대차 - 측면직각충돌,신호위반,건조,맑음,교차로 - 교차로안,화물,남,48세,상해없음,승용,남,30세,중상
2013051400100113,2013년 5월 14일 07시,화요일,경상남도 밀양시 부북면,경상사고,0,0,1,0,차대차 - 측면직각충돌,신호위반,건조,맑음,교차로 - 교차로안,화물,남,61세,상해없음,승용,남,32세,경상
2013051400100114,2013년 5월 14일 07시,화요일,경상남도 밀양시 상남면,중상사고,0,1,0,0,차대차 - 측면직각충돌,교차로운행방법위반,건조,맑음,교차로 - 교차로안,화물,남,71세,상해없음,승용,남,34세,중상
2013051400100115,2013년 5월 14일 07시,화요일,경상남도 거제시 고현동,중상사고,0,1,0,0,차대사람 - 횡단중,안전운전불이행,건조,맑음,교차로 - 교차로안,화물,남,59세,상해없음,보행자,남,37세,중상
2013051400100116,2013년 5월 14일 07시,화요일,경상남도 창원시 성산구 남양동,사망사고,1,0,0,0,차대차 - 측면직각충돌,안전운전불이행,건조,맑음,교차로 - 교차로안,승용,남,51세,상해없음,자전거,남,40세,사망
2013051400100151,2013년 5월 14일 08시,화요일,경상남도 양산시 삼호동,경상사고,0,0,1,0,차대차 - 측면직각충돌,안전운전불이행,건조,맑음,교차로 - 교차로안,승용,남,28세,상해없음,승용,여,48세,경상
2013051400100152,2013년 5월 14일 08시,화요일,경상남도 고성군 고성읍,경상사고,0,0,1,0,차대사람 - 횡단중,안전운전불이행,건조,맑음,단일로 - 기타,승용,남,58세,상해없음,보행자,남,10세,경상
2013051400100153,2013년 5월 14일 08시,화요일,경상남도 거제시 옥포동,경상사고,0,0,1,0,차대사람 - 횡단중,안전운전불이행,건조,맑음,교차로 - 교차로부근,승용,남,33세,상해없음,보행자,여,5세,경상
2013051400100154,2013년 5월 14일 08시,화요일,경상남도 함안군 칠원면,경상사고,0,0,1,0,차대차 - 측면직각충돌,교차로운행방법위반,건조,맑음,교차로 - 교차로안,화물,남,40세,상해없음,화물,남,53세,경상
2013051400100155,2013년 5월 14일 08시,화요일,경상남도 창원시 성산구 내동,경상사고,0,0,1,0,차대차 - 측면직각충돌,안전거리미확보,건조,맑음,단일로 - 기타,화물,남,57세,상해없음,승용,남,31세,경상
2013051400100156,2013년 5월 14일 08시,화요일,경상남도 창원시 의창구 신월동,중상사고,0,2,2,0,차대차 - 추돌 - 주정차중,안전운전불이행,건조,맑음,단일로 - 기타,승용,남,49세,상해없음,승용,남,50세,중상
2013051400100157,2013년 5월 14일 08시,화요일,경상남도 창원시 의창구 봉곡동,중상사고,0,1,0,0,차대차 - 측면직각충돌,교차로운행방법위반,건조,맑음,교차로 - 교차로안,승합,여,49세,상해없음,자전거,남,18세,중상
2013051400100183,2013년 5월 14일 09시,화요일,경상남도 양산시 동면,중상사고,0,2,0,0,차대차 - 기타,교차로운행방법위반,건조,맑음,교차로 - 교차로안,승용,남,71세,상해없음,승용,여,45세,중상
2013051400100184,2013년 5월 14일 09시,화요일,경상남도 거제시 연초면,경상사고,0,0,1,0,차대차 - 추돌 - 진행중,중앙선침범,건조,맑음,단일로 - 기타,승용,남,47세,상해없음,승용,여,29세,경상
2013051400100185,2013년 5월 14일 09시,화요일,경상남도 창원시 마산회원구 합성동,중상사고,0,1,2,0,차대차 - 기타,안전운전불이행,건조,맑음,교차로 - 교차로안,기타불명,기타불명,기타불명,기타불명,승합,남,44세,상해없음
2013051400100186,2013년 5월 14일 09시,화요일,경상남도 김해시 진영읍,중상사고,0,1,0,0,차대차 - 추돌 - 진행중,안전거리미확보,건조,맑음,교차로 - 교차로부근,승용,남,31세,상해없음,승용,남,52세,중상
2013051400100187,2013년 5월 14일 09시,화요일,경상남도 김해시 한림면,경상사고,0,0,1,0,차대차 - 정면충돌,신호위반,건조,맑음,교차로 - 교차로안,화물,남,30세,상해없음,화물,남,26세,경상
2013051400100235,2013년 5월 14일 11시,화요일,경상남도 진주시 상대동,경상사고,0,0,1,0,차대차 - 추돌 - 주정차중,안전운전불이행,건조,맑음,교차로 - 교차로안,승용,남,56세,상해없음,승용,남,36세,경상
2013051400100236,2013년 5월 14일 11시,화요일,경상남도 양산시 덕계동,경상사고,0,0,1,0,차대차 - 기타,안전거리미확보,건조,맑음,교차로 - 교차로부근,건설기계,남,45세,상해없음,원동기,남,22세,경상
2013051400100252,2013년 5월 14일 12시,화요일,경상남도 창원시 진해구 이동,중상사고,0,1,0,0,차대차 - 측면직각충돌,교차로운행방법위반,건조,맑음,교차로 - 교차로부근,승용,여,39세,상해없음,승용,여,26세,중상
2013051400100253,2013년 5월 14일 12시,화요일,경상남도 고성군 상리면,사망사고,1,0,0,0,차대사람 - 길가장자리구역통행중,안전운전불이행,건조,맑음,단일로 - 기타,승용,남,52세,상해없음,보행자,남,65세,사망
2013051400100284,2013년 5월 14일 13시,화요일,경상남도 창원시 마산합포구 가포동,중상사고,0,1,4,0,차대차 - 추돌 - 진행중,안전운전불이행,건조,맑음,교차로 - 교차로부근,승용,남,44세,상해없음,승용,여,57세,경상
2013051400100313,2013년 5월 14일 14시,화요일,경상남도 창원시 마산합포구 현동,경상사고,0,0,1,0,차대차 - 추돌 - 진행중,안전운전불이행,건조,맑음,단일로 - 기타,승용,여,38세,상해없음,승용,남,41세,상해없음
2013051400100314,2013년 5월 14일 14시,화요일,경상남도 김해시 안동,경상사고,0,0,2,0,차대차 - 측면직각충돌,안전운전불이행,건조,맑음,교차로 - 교차로안,승용,남,43세,상해없음,화물,남,58세,경상
2013051400100315,2013년 5월 14일 14시,화요일,경상남도 창원시 마산회원구 합성동,부상신고사고,0,0,0,1,차대사람 - 기타,안전운전불이행,건조,맑음,단일로 - 기타,승용,여,19세,상해없음,보행자,남,28세,부상신고
2013051400100316,2013년 5월 14일 14시,화요일,경상남도 김해시 장유면,중상사고,0,1,0,0,차대사람 - 횡단중,안전운전불이행,건조,맑음,단일로 - 기타,승용,여,37세,상해없음,보행자,여,60세,중상
2013051400100354,2013년 5월 14일 15시,화요일,경상남도 창원시 마산합포구 월영동,중상사고,0,1,0,0,차대차 - 측면직각충돌,안전운전불이행,건조,맑음,단일로 - 기타,승용,남,47세,상해없음,이륜,남,64세,중상