사고번호,사고일시,요일,시군구,사고내용,사망자수,중상자수,경상자수,부상신고자수,사고유형,법규위반,노면상태,기상상태,도로형태,가해운전자 차종,가해운전자 성별,가해운전자 연령,가해운전자 상해정도,피해운전자 차종,피해운전자 성별,피해운전자 연령,피해운전자 상해정도
2013051400100355,2013년 5월 14일 15시,화요일,경상남도 창원시 진해구 두동,중상사고,0,1,0,0,차대차 - 기타,기타,건조,맑음,단일로 - 기타,화물,남,35세,상해없음,승용,남,44세,중상
2013051400100356,2013년 5월 14일 15시,화요일,경상남도 양산시 북부동,경상사고,0,0,1,0,차대차 - 기타,차로위반,건조,맑음,단일로 - 기타,승용,여,59세,상해없음,승용,남,21세,경상
2013051400100357,2013년 5월 14일 15시,화요일,경상남도 창원시 의창구 봉곡동,경상사고,0,0,1,0,차대차 - 추돌 - 주정차중,안전운전불이행,건조,맑음,교차로 - 교차로부근,승용,남,56세,상해없음,승합,남,49세,상해없음
2013051400100441,2013년 5월 14일 17시,화요일,경상남도 밀양시 삼랑진읍,중상사고,0,1,0,0,차대차 - 기타,안전운전불이행,건조,맑음,단일로 - 기타,승용,여,53세,상해없음,이륜,남,72세,중상
2013051400100442,2013년 5월 14일 17시,화요일,경상남도 창녕군 유어면,경상사고,0,0,1,0,차대차 - 추돌 - 진행중,안전운전불이행,건조,맑음,단일로 - 기타,화물,남,42세,상해없음,원동기,남,74세,경상
2013051400100443,2013년 5월 14일 17시,화요일,경상남도 함안군 산인면,중상사고,0,1,0,0,차대차 - 측면직각충돌,신호위반,건조,맑음,교차로 - 교차로안,승합,남,44세,상해없음,승용,남,27세,중상
2013051400100444,2013년 5월 14일 17시,화요일,경상남도 김해시 장유면,경상사고,0,0,1,0,차대차 - 추돌 - 주정차중,불법유턴,건조,맑음,단일로 - 기타,승용,여,40세,상해없음,승용,여,28세,경상
2013051400100481,2013년 5월 14일 18시,화요일,경상남도 통영시 도천동,경상사고,0,0,1,0,차대사람 - 횡단중,안전운전불이행,건조,맑음,단일로 - 기타,화물,남,25세,상해없음,보행자,남,9세,경상
2013051400100482,2013년 5월 14일 18시,화요일,경상남도 통영시 광도면,중상사고,0,1,1,0,차대차 - 측면직각충돌,신호위반,건조,맑음,교차로 - 교차로안,승용,여,63세,상해없음,승용,남,56세,중상
2013051400100483,2013년 5월 14일 18시,화요일,경상남도 사천시 사남면,경상사고,0,0,1,0,차대차 - 측면직각충돌,교차로운행방법위반,건조,맑음,교차로 - 교차로안,승용,남,52세,상해없음,자전거,남,57세,경상
2013051400100524,2013년 5월 14일 19시,화요일,경상남도 밀양시 삼문동,경상사고,0,0,2,0,차대사람 - 횡단중,보행자보호의무위반,건조,맑음,단일로 - 횡단보도상,화물,여,25세,상해없음,보행자,여,13세,경상
2013051400100525,2013년 5월 14일 19시,화요일,경상남도 김해시 부원동,중상사고,0,2,0,0,차대사람 - 횡단중,안전운전불이행,건조,맑음,교차로 - 교차로부근,승용,남,26세,상해없음,보행자,여,48세,중상
2013051400100559,2013년 5월 14일 20시,화요일,경상남도 창원시 마산회원구 석전동,경상사고,0,0,1,0,차대차 - 기타,신호위반,건조,맑음,교차로 - 교차로부근,승용,남,55세,상해없음,승용,여,64세,경상
2013051400100560,2013년 5월 14일 20시,화요일,경상남도 창원시 마산회원구 회원동,경상사고,0,0,1,0,차대사람 - 기타,안전운전불이행,건조,맑음,단일로 - 기타,자전거,남,57세,상해없음,보행자,여,73세,경상
2013051400100561,2013년 5월 14일 20시,화요일,경상남도 김해시 이동,중상사고,0,1,0,0,차대사람 - 횡단중,보행자보호의무위반,건조,맑음,교차로 - 교차로부근,기타불명,기타불명,기타불명,기타불명,보행자,남,72세,중상
2013051400100591,2013년 5월 14일 21시,화요일,경상남도 창원시 진해구 석동,중상사고,0,1,1,0,차대차 - 정면충돌,중앙선침범,건조,맑음,교차로 - 교차로부근,승용,여,39세,기타불명,승용,남,51세,중상
2013051400100592,2013년 5월 14일 21시,화요일,경상남도 창원시 마산회원구 내서읍,경상사고,0,0,3,0,차대차 - 추돌 - 주정차중,안전운전불이행,건조,맑음,단일로 - 기타,승용,여,26세,상해없음,승용,남,46세,경상
2013051400100658,2013년 5월 14일 23시,화요일,경상남도 창원시 마산합포구 신포동1가,경상사고,0,0,1,0,차대차 - 추돌 - 주정차중,안전거리미확보,건조,맑음,교차로 - 교차로부근,승용,남,59세,상해없음,승용,남,27세,상해없음
2013051400100659,2013년 5월 14일 23시,화요일,경상남도 창원시 진해구 용원동,경상사고,0,0,1,0,차대차 - 측면직각충돌,차로위반,건조,맑음,단일로 - 기타,화물,남,47세,상해없음,원동기,남,53세,경상
2013051500100030,2013년 5월 15일 01시,수요일,경상남도 창원시 진해구 용원동,경상사고,0,0,2,0,차대사람 - 차도통행중,안전운전불이행,건조,맑음,교차로 - 교차로안,승용,여,44세,상해없음,보행자,남,34세,경상
2013051500100031,2013년 5월 15일 01시,수요일,경상남도 창원시 의창구 봉곡동,중상사고,0,2,0,0,차대차 - 정면충돌,안전운전불이행,건조,맑음,단일로 - 기타,승용,남,27세,상해없음,승용,남,53세,중상
2013051500100041,2013년 5월 15일 02시,수요일,경상남도 김해시 장유면,중상사고,0,1,0,0,차량단독 - 도로외이탈 - 추락,안전운전불이행,건조,맑음,단일로 - 기타,승용,남,40세,중상,,,,
2013051500100071,2013년 5월 15일 05시,수요일,경상남도 창원시 마산회원구 봉암동,경상사고,0,0,1,0,차대차 - 기타,신호위반,건조,맑음,교차로 - 교차로안,승용,남,40세,상해없음,승용,남,46세,경상
2013051500100083,2013년 5월 15일 06시,수요일,경상남도 통영시 북신동,경상사고,0,0,1,0,차대사람 - 횡단중,안전운전불이행,건조,맑음,단일로 - 기타,승용,남,53세,상해없음,보행자,여,20세,경상
2013051500100103,2013년 5월 15일 07시,수요일,경상남도 창원시 성산구 가음동,부상신고사고,0,0,0,1,차대차 - 기타,안전운전불이행,건조,맑음,교차로 - 교차로안,승용,여,24세,상해없음,자전거,남,37세,부상신고
2013051500100104,2013년 5월 15일 07시,수요일,경상남도 창원시 의창구 명서동,중상사고,0,2,0,0,차대차 - 측면직각충돌,교차로운행방법위반,건조,맑음,교차로 - 교차로안,승용,남,65세,상해없음,이륜,남,71세,중상
2013051500100135,2013년 5월 15일 08시,수요일,경상남도 창원시 진해구 석동,경상사고,0,0,1,0,차대사람 - 차도통행중,안전운전불이행,건조,맑음,교차로 - 교차로안,승용,여,38세,상해없음,보행자,여,45세,경상
2013051500100136,2013년 5월 15일 08시,수요일,경상남도 통영시 광도면,경상사고,0,0,1,0,차대차 - 추돌 - 진행중,안전운전불이행,건조,맑음,단일로 - 기타,화물,남,59세,상해없음,승용,여,43세,경상
2013051500100137,2013년 5월 15일 08시,수요일,경상남도 김해시 내동,중상사고,0,1,1,0,차대차 - 측면직각충돌,안전운전불이행,건조,맑음,교차로 - 교차로안,건설기계,남,37세,상해없음,승용,여,25세,중상
2013051500100169,2013년 5월 15일 09시,수요일,경상남도 김해시 삼정동,중상사고,0,1,1,0,차대차 - 측면직각충돌,교차로운행방법위반,건조,맑음,교차로 - 교차로안,이륜,남,44세,중상,승용,여,48세,경상
2013051500100170,2013년 5월 15일 09시,수요일,경상남도 김해시 부원동,중상사고,0,1,0,0,차대사람 - 기타,안전운전불이행,건조,맑음,교차로 - 교차로안,승용,여,57세,상해없음,보행자,여,53세,중상
2013051500100171,2013년 5월 15일 09시,수요일,경상남도 양산시 물금읍,경상사고,0,0,3,2,차대차 - 기타,중앙선침범,건조,맑음,교차로 - 교차로부근,승용,남,52세,상해없음,승용,남,32세,경상
2013051500100172,2013년 5월 15일 09시,수요일,경상남도 창원시 의창구 신월동,중상사고,0,1,0,0,차대차 - 측면직각충돌,안전운전불이행,건조,맑음,단일로 - 횡단보도상,승용,여,50세,상해없음,자전거,남,21세,중상
2013051500100173,2013년 5월 15일 09시,수요일,경상남도 창원시 의창구 명서동,경상사고,0,0,2,0,차대차 - 측면직각충돌,신호위반,건조,맑음,교차로 - 교차로안,승용,남,31세,상해없음,승용,남,75세,경상
2013051500100278,2013년 5월 15일 13시,수요일,경상남도 진주시 옥봉동,중상사고,0,2,0,0,차대차 - 기타,차로위반,건조,맑음,단일로 - 기타,화물,남,61세,상해없음,승용,남,52세,상해없음
2013051500100279,2013년 5월 15일 13시,수요일,경상남도 진주시 평안동,중상사고,0,1,0,0,차대사람 - 기타,신호위반,건조,맑음,단일로 - 기타,승용,여,23세,상해없음,보행자,여,64세,중상
2013051500100280,2013년 5월 15일 13시,수요일,경상남도 합천군 대병면,중상사고,0,1,0,0,차대차 - 기타,중앙선침범,건조,맑음,교차로 - 교차로안,화물,남,51세,상해없음,이륜,남,62세,중상
2013051500100281,2013년 5월 15일 13시,수요일,경상남도 창원시 의창구 사림동,중상사고,0,2,0,0,차대차 - 측면직각충돌,신호위반,건조,맑음,교차로 - 교차로안,승용,남,33세,상해없음,승용,남,54세,중상
2013051500100305,2013년 5월 15일 14시,수요일,경상남도 사천시 정동면,사망사고,1,0,0,0,차대사람 - 기타,안전운전불이행,건조,맑음,단일로 - 기타,승용,여,39세,상해없음,보행자,여,80세,사망
2013051500100306,2013년 5월 15일 14시,수요일,경상남도 남해군 이동면,경상사고,0,0,1,0,차대차 - 추돌 - 진행중,안전운전불이행,건조,맑음,기타 - 기타,승용,남,59세,상해없음,승용,여,23세,경상
2013051500100307,2013년 5월 15일 14시,수요일,경상남도 함안군 칠서면,중상사고,0,1,1,1,차대차 - 추돌 - 진행중,안전운전불이행,건조,맑음,교차로 - 교차로부근,화물,남,38세,상해없음,승용,여,59세,중상
2013051500100308,2013년 5월 15일 14시,수요일,경상남도 창원시 성산구 반지동,중상사고,0,1,0,0,차량단독 - 기타,기타,건조,맑음,단일로 - 기타,승합,남,51세,상해없음,,,,
2013051500100309,2013년 5월 15일 14시,수요일,경상남도 창원시 마산회원구 석전동,중상사고,0,1,0,0,차대차 - 추돌 - 진행중,안전운전불이행,건조,맑음,교차로 - 교차로부근,승용,남,27세,상해없음,원동기,남,27세,중상
2013051500100339,2013년 5월 15일 15시,수요일,경상남도 창녕군 유어면,중상사고,0,1,0,0,차대차 - 기타,안전운전불이행,건조,맑음,단일로 - 기타,건설기계,남,47세,상해없음,자전거,여,58세,중상
2013051500100340,2013년 5월 15일 15시,수요일,경상남도 창원시 의창구 명서동,중상사고,0,2,0,0,차대차 - 추돌 - 주정차중,안전운전불이행,건조,맑음,교차로 - 교차로부근,승용,남,59세,상해없음,화물,남,31세,중상
2013051500100402,2013년 5월 15일 16시,수요일,경상남도 창원시 마산합포구 완월동,중상사고,0,1,0,0,차대사람 - 길가장자리구역통행중,안전운전불이행,건조,맑음,단일로 - 기타,승합,남,46세,상해없음,보행자,남,21세,중상
2013051500100403,2013년 5월 15일 16시,수요일,경상남도 창원시 진해구 용원동,중상사고,0,1,0,0,차대차 - 기타,안전거리미확보,건조,맑음,단일로 - 기타,승용,여,52세,상해없음,원동기,남,65세,중상
2013051500100404,2013년 5월 15일 16시,수요일,경상남도 김해시 한림면,중상사고,0,1,0,0,차대차 - 추돌 - 진행중,안전거리미확보,건조,맑음,교차로 - 교차로부근,승용,여,31세,상해없음,승합,남,48세,상해없음
2013051500100440,2013년 5월 15일 17시,수요일,경상남도 김해시 안동,경상사고,0,0,1,0,차대차 - 추돌 - 주정차중,안전운전불이행,건조,맑음,교차로 - 교차로부근,화물,남,46세,상해없음,승용,남,43세,경상
2013051500100441,2013년 5월 15일 17시,수요일,경상남도 김해시 삼정동,중상사고,0,1,1,0,차대차 - 측면직각충돌,교차로운행방법위반,건조,맑음,단일로 - 기타,승용,여,32세,상해없음,자전거,남,11세,중상
2013051500100442,2013년 5월 15일 17시,수요일,경상남도 창원시 성산구 반지동,중상사고,0,1,0,0,차대차 - 측면직각충돌,안전운전불이행,건조,맑음,단일로 - 기타,승용,남,58세,상해없음,이륜,남,59세,중상
2013051500100487,2013년 5월 15일 18시,수요일,경상남도 창원시 마산합포구 진동면,중상사고,0,1,0,0,차대차 - 측면직각충돌,교차로운행방법위반,건조,맑음,교차로 - 교차로부근,화물,남,33세,상해없음,승용,여,29세,중상
2013051500100488,2013년 5월 15일 18시,수요일,경상남도 창원시 진해구 석동,중상사고,0,2,2,0,차대차 - 측면직각충돌,안전거리미확보,건조,맑음,단일로 - 기타,승합,남,47세,상해없음,승용,남,31세,중상
2013051500100489,2013년 5월 15일 18시,수요일,경상남도 김해시 부원동,중상사고,0,1,0,0,차대차 - 추돌 - 주정차중,안전운전불이행,건조,맑음,단일로 - 기타,승용,남,65세,상해없음,자전거,남,44세,중상
2013051500100490,2013년 5월 15일 18시,수요일,경상남도 양산시 북정동,경상사고,0,0,1,0,차대차 - 측면직각충돌,교차로운행방법위반,건조,맑음,교차로 - 교차로안,승용,남,53세,상해없음,원동기,남,17세,경상
2013051500100491,2013년 5월 15일 18시,수요일,경상남도 창원시 마산회원구 회원동,중상사고,0,2,0,0,차대사람 - 횡단중,신호위반,건조,맑음,교차로 - 교차로안,승용,남,60세,상해없음,보행자,여,17세,중상
2013051500100492,2013년 5월 15일 18시,수요일,경상남도 창원시 의창구 팔용동,경상사고,0,0,1,0,차대차 - 추돌 - 진행중,안전운전불이행,건조,맑음,교차로 - 교차로안,승용,남,51세,상해없음,승용,여,37세,경상
2013051500100493,2013년 5월 15일 18시,수요일,경상남도 창원시 의창구 동읍,경상사고,0,0,1,0,차대차 - 측면직각충돌,안전운전불이행,건조,맑음,단일로 - 기타,승용,여,21세,상해없음,승용,남,38세,경상
2013051500100494,2013년 5월 15일 18시,수요일,경상남도 김해시 장유면,부상신고사고,0,0,0,1,차대사람 - 기타,안전운전불이행,건조,맑음,단일로 - 기타,기타불명,기타불명,기타불명,기타불명,보행자,남,12세,부상신고
2013051500100528,2013년 5월 15일 19시,수요일,경상남도 김해시 어방동,중상사고,0,1,0,0,차대사람 - 횡단중,안전운전불이행,건조,맑음,단일로 - 횡단보도상,원동기,남,17세,상해없음,보행자,여,52세,중상
2013051500100529,2013년 5월 15일 19시,수요일,경상남도 거제시 고현동,경상사고,0,0,1,0,차대사람 - 기타,안전운전불이행,건조,맑음,기타 - 기타,승용,남,42세,상해없음,보행자,남,69세,경상
2013051500100530,2013년 5월 15일 19시,수요일,경상남도 창원시 성산구 가음정동,중상사고,0,1,0,0,차대차 - 추돌 - 주정차중,안전거리미확보,건조,맑음,단일로 - 기타,승용,여,57세,상해없음,승용,여,26세,중상
2013051500100531,2013년 5월 15일 19시,수요일,경상남도 창원시 의창구 봉림동,경상사고,0,0,1,0,차대차 - 기타,안전운전불이행,건조,맑음,기타 - 기타,화물,남,57세,상해없음,자전거,남,8세,경상
2013051500100567,2013년 5월 15일 20시,수요일,경상남도 진주시 칠암동,경상사고,0,0,1,0,차대사람 - 기타,안전운전불이행,건조,맑음,단일로 - 기타,승용,남,53세,상해없음,보행자,여,2세,경상
2013051500100568,2013년 5월 15일 20시,수요일,경상남도 거창군 거창읍,경상사고,0,0,1,0,차대차 - 측면직각충돌,교차로운행방법위반,건조,맑음,교차로 - 교차로안,화물,남,69세,상해없음,승용,남,52세,경상
2013051500100603,2013년 5월 15일 21시,수요일,경상남도 거제시 양정동,경상사고,0,0,1,0,차대사람 - 기타,보행자보호의무위반,건조,맑음,교차로 - 교차로부근,승용,여,29세,상해없음,보행자,남,40세,경상
2013051500100604,2013년 5월 15일 21시,수요일,경상남도 의령군 의령읍,중상사고,0,1,0,0,차대차 - 측면직각충돌,교차로운행방법위반,건조,맑음,교차로 - 교차로안,승용,여,52세,상해없음,이륜,남,27세,중상
2013051500100632,2013년 5월 15일 22시,수요일,경상남도 통영시 무전동,경상사고,0,0,2,0,차대차 - 추돌 - 주정차중,안전운전불이행,건조,맑음,교차로 - 교차로부근,화물,남,44세,상해없음,화물,남,42세,경상
2013051500100668,2013년 5월 15일 23시,수요일,경상남도 김해시 외동,경상사고,0,0,1,0,차대사람 - 횡단중,안전운전불이행,건조,맑음,단일로 - 기타,승용,남,23세,상해없음,보행자,남,30세,경상
2013051500100669,2013년 5월 15일 23시,수요일,경상남도 창원시 성산구 외동,경상사고,0,0,1,0,차대차 - 측면직각충돌,안전운전불이행,건조,맑음,교차로 - 교차로안,승용,남,64세,상해없음,승용,남,34세,경상
2013051600100033,2013년 5월 16일 01시,목요일,경상남도 양산시 평산동,중상사고,0,1,0,0,차대사람 - 횡단중,안전운전불이행,건조,맑음,교차로 - 교차로부근,승용,남,23세,상해없음,보행자,남,38세,중상
2013051600100083,2013년 5월 16일 04시,목요일,경상남도 김해시 외동,중상사고,0,1,0,0,차대차 - 추돌 - 주정차중,안전운전불이행,건조,흐림,교차로 - 교차로부근,승용,남,30세,상해없음,승용,남,48세,중상
2013051600100106,2013년 5월 16일 06시,목요일,경상남도 통영시 용남면,경상사고,0,0,1,0,차대차 - 추돌 - 진행중,안전운전불이행,건조,맑음,단일로 - 기타,승합,남,37세,상해없음,화물,남,62세,경상
2013051600100131,2013년 5월 16일 07시,목요일,경상남도 창원시 진해구 자은동,중상사고,0,2,0,0,차대차 - 측면직각충돌,안전운전불이행,건조,맑음,단일로 - 기타,승용,남,32세,상해없음,승합,남,29세,상해없음
2013051600100132,2013년 5월 16일 07시,목요일,경상남도 창녕군 대합면,중상사고,0,1,1,0,차량단독 - 기타,안전운전불이행,건조,맑음,교차로 - 교차로안,원동기,남,17세,중상,,,,
2013051600100169,2013년 5월 16일 08시,목요일,경상남도 창원시 마산합포구 추산동,경상사고,0,0,1,0,차대차 - 측면직각충돌,교차로운행방법위반,건조,맑음,교차로 - 교차로안,승용,여,38세,상해없음,이륜,남,46세,경상
2013051600100170,2013년 5월 16일 08시,목요일,경상남도 김해시 내동,중상사고,0,1,0,0,차대사람 - 기타,안전운전불이행,건조,맑음,단일로 - 기타,승합,남,48세,상해없음,보행자,남,11세,중상
2013051600100171,2013년 5월 16일 08시,목요일,경상남도 양산시 동면,경상사고,0,0,2,1,차대차 - 측면직각충돌,신호위반,건조,맑음,교차로 - 교차로안,승용,남,52세,기타불명,승합,남,42세,상해없음
2013051600100172,2013년 5월 16일 08시,목요일,경상남도 창원시 성산구 반림동,중상사고,0,1,0,0,차대차 - 측면직각충돌,신호위반,건조,맑음,교차로 - 교차로안,승용,남,54세,상해없음,승용,여,30세,중상
2013051600100206,2013년 5월 16일 09시,목요일,경상남도 창원시 마산합포구 월영동,중상사고,0,1,0,0,차대사람 - 기타,신호위반,건조,맑음,단일로 - 횡단보도상,승용,남,41세,상해없음,보행자,여,65세,중상
2013051600100207,2013년 5월 16일 09시,목요일,경상남도 통영시 미수동,중상사고,0,1,0,0,차대차 - 측면직각충돌,안전운전불이행,건조,맑음,교차로 - 교차로안,승용,남,21세,상해없음,이륜,남,65세,중상
2013051600100208,2013년 5월 16일 09시,목요일,경상남도 김해시 동상동,경상사고,0,0,1,0,차대차 - 기타,안전운전불이행,건조,맑음,단일로 - 기타,승용,남,44세,상해없음,화물,남,38세,경상
2013051600100209,2013년 5월 16일 09시,목요일,경상남도 양산시 남부동,경상사고,0,0,1,0,차대차 - 측면직각충돌,안전거리미확보,건조,맑음,단일로 - 기타,화물,남,41세,상해없음,승용,여,38세,경상
2013051600100210,2013년 5월 16일 09시,목요일,경상남도 함안군 칠북면,경상사고,0,0,1,0,차대차 - 정면충돌,교차로운행방법위반,건조,맑음,교차로 - 교차로안,화물,남,40세,상해없음,화물,남,44세,경상
2013051600100211,2013년 5월 16일 09시,목요일,경상남도 창원시 의창구 도계동,사망사고,2,2,1,0,차대사람 - 기타,기타,건조,맑음,단일로 - 횡단보도부근,화물,남,58세,중상,보행자,여,72세,사망
2013051600100246,2013년 5월 16일 10시,목요일,경상남도 창원시 성산구 남양동,중상사고,0,2,0,0,차대차 - 추돌 - 주정차중,안전운전불이행,건조,맑음,교차로 - 교차로안,승용,남,52세,상해없음,승용,여,36세,중상
2013051600100247,2013년 5월 16일 10시,목요일,경상남도 창원시 마산회원구 봉암동,중상사고,0,1,0,0,차대차 - 추돌 - 주정차중,안전운전불이행,건조,맑음,교차로 - 교차로부근,화물,남,62세,중상,화물,남,48세,상해없음
2013051600100274,2013년 5월 16일 11시,목요일,경상남도 창원시 마산합포구 월남동3가,경상사고,0,0,1,0,차대차 - 기타,안전거리미확보,건조,맑음,교차로 - 교차로안,승합,남,50세,상해없음,승용,여,29세,경상
2013051600100275,2013년 5월 16일 11시,목요일,경상남도 통영시 북신동,경상사고,0,0,1,0,차대사람 - 횡단중,안전운전불이행,건조,맑음,단일로 - 기타,원동기,남,62세,상해없음,보행자,남,22세,경상
2013051600100303,2013년 5월 16일 12시,목요일,경상남도 통영시 북신동,중상사고,0,1,0,0,차량단독 - 전도전복,안전운전불이행,건조,맑음,단일로 - 기타,이륜,남,54세,중상,,,,
2013051600100304,2013년 5월 16일 12시,목요일,경상남도 산청군 산청읍,중상사고,0,2,0,0,차대차 - 정면충돌,안전운전불이행,건조,맑음,교차로 - 교차로안,승합,남,55세,상해없음,원동기,남,71세,중상
2013051600100320,2013년 5월 16일 13시,목요일,경상남도 함안군 가야읍,경상사고,0,0,2,0,차대차 - 추돌 - 진행중,안전운전불이행,건조,맑음,단일로 - 기타,승용,여,23세,상해없음,승용,여,42세,경상
2013051600100358,2013년 5월 16일 14시,목요일,경상남도 창원시 진해구 경화동,중상사고,0,1,0,0,차대차 - 측면직각충돌,안전운전불이행,건조,맑음,단일로 - 기타,승용,남,75세,상해없음,원동기,남,58세,중상
2013051600100359,2013년 5월 16일 14시,목요일,경상남도 사천시 곤명면,중상사고,0,1,0,0,차대사람 - 기타,안전운전불이행,건조,맑음,단일로 - 기타,화물,남,45세,상해없음,보행자,여,83세,중상
2013051600100360,2013년 5월 16일 14시,목요일,경상남도 양산시 삼호동,부상신고사고,0,0,0,1,차대차 - 측면직각충돌,교차로운행방법위반,건조,맑음,교차로 - 교차로안,승용,남,75세,상해없음,승용,남,49세,부상신고
2013051600100361,2013년 5월 16일 14시,목요일,경상남도 거제시 장평동,경상사고,0,0,1,0,차대사람 - 기타,안전운전불이행,건조,맑음,교차로 - 교차로안,승용,남,28세,상해없음,보행자,남,9세,경상
2013051600100362,2013년 5월 16일 14시,목요일,경상남도 거제시 사등면,중상사고,0,1,0,0,차대차 - 추돌 - 진행중,안전운전불이행,건조,맑음,단일로 - 기타,이륜,남,17세,상해없음,승용,남,51세,중상
2013051600100438,2013년 5월 16일 16시,목요일,경상남도 김해시 삼방동,중상사고,0,1,0,0,차대사람 - 횡단중,안전운전불이행,건조,맑음,단일로 - 기타,승용,여,49세,상해없음,보행자,여,5세,중상
2013051600100439,2013년 5월 16일 16시,목요일,경상남도 거제시 장평동,경상사고,0,0,1,0,차대차 - 측면직각충돌,교차로운행방법위반,건조,맑음,교차로 - 교차로안,건설기계,남,41세,상해없음,승용,여,46세,경상
2013051600100482,2013년 5월 16일 17시,목요일,경상남도 사천시 사천읍,경상사고,0,0,2,0,차대차 - 추돌 - 주정차중,안전운전불이행,건조,맑음,단일로 - 기타,승용,남,36세,상해없음,승용,여,34세,경상
2013051600100483,2013년 5월 16일 17시,목요일,경상남도 김해시 구산동,경상사고,0,0,1,1,차대차 - 정면충돌,안전운전불이행,건조,맑음,기타 - 기타,자전거,남,34세,부상신고,자전거,남,38세,경상
2013051600100484,2013년 5월 16일 17시,목요일,경상남도 거제시 장평동,경상사고,0,0,1,0,차대사람 - 기타,보행자보호의무위반,건조,맑음,단일로 - 횡단보도상,화물,남,52세,상해없음,보행자,남,5세,경상
2013051600100485,2013년 5월 16일 17시,목요일,경상남도 거제시 동부면,중상사고,0,1,0,0,차대차 - 정면충돌,중앙선침범,건조,맑음,교차로 - 교차로부근,승용,남,40세,상해없음,승용,여,53세,중상
2013051600100486,2013년 5월 16일 17시,목요일,경상남도 함안군 가야읍,경상사고,0,0,2,0,차대차 - 추돌 - 진행중,안전운전불이행,건조,맑음,단일로 - 기타,승용,여,49세,상해없음,승용,여,30세,경상
2013051600100537,2013년 5월 16일 18시,목요일,경상남도 거창군 거창읍,경상사고,0,0,1,0,차대차 - 정면충돌,안전운전불이행,건조,맑음,단일로 - 기타,승합,남,59세,상해없음,자전거,남,11세,경상
2013051600100593,2013년 5월 16일 20시,목요일,경상남도 창원시 마산합포구 중앙동3가,경상사고,0,0,1,0,차대사람 - 기타,신호위반,건조,맑음,단일로 - 기타,승합,남,49세,상해없음,보행자,여,6세,경상
2013051600100594,2013년 5월 16일 20시,목요일,경상남도 창원시 진해구 경화동,부상신고사고,0,0,0,1,차대차 - 측면직각충돌,안전운전불이행,건조,맑음,단일로 - 기타,원동기,여,45세,부상신고,원동기,남,21세,상해없음
2013051600100595,2013년 5월 16일 20시,목요일,경상남도 김해시 내동,경상사고,0,0,1,0,차대차 - 측면직각충돌,차로위반,건조,맑음,단일로 - 기타,승용,남,30세,기타불명,승용,여,54세,경상
2013051600100596,2013년 5월 16일 20시,목요일,경상남도 창원시 성산구 사파동,중상사고,0,1,1,0,차대차 - 추돌 - 진행중,안전운전불이행,건조,맑음,단일로 - 기타,화물,남,43세,상해없음,승용,남,60세,경상
2013051600100628,2013년 5월 16일 21시,목요일,경상남도 함양군 서하면,경상사고,0,0,1,0,차대차 - 정면충돌,중앙선침범,건조,맑음,단일로 - 기타,원동기,여,60세,경상,승용,남,45세,상해없음
2013051600100629,2013년 5월 16일 21시,목요일,경상남도 양산시 물금읍,경상사고,0,0,1,0,차량단독 - 기타,안전운전불이행,건조,맑음,단일로 - 기타,승용,남,54세,기타불명,,,,
2013051600100630,2013년 5월 16일 21시,목요일,경상남도 산청군 시천면,중상사고,0,1,0,0,차대사람 - 횡단중,보행자보호의무위반,건조,맑음,단일로 - 횡단보도상,승용,여,46세,상해없음,보행자,남,4세,중상
2013051600100631,2013년 5월 16일 21시,목요일,경상남도 창원시 마산회원구 양덕동,중상사고,0,1,0,0,차대차 - 추돌 - 주정차중,안전운전불이행,건조,맑음,교차로 - 교차로부근,승용,남,48세,상해없음,승용,남,22세,중상
2013051600100632,2013년 5월 16일 21시,목요일,경상남도 김해시 장유면,경상사고,0,0,1,0,차대차 - 측면직각충돌,신호위반,건조,맑음,교차로 - 교차로안,승용,남,30세,상해없음,승용,여,52세,경상
2013051600100658,2013년 5월 16일 22시,목요일,경상남도 김해시 외동,중상사고,0,1,0,0,차대차 - 추돌 - 진행중,안전운전불이행,건조,맑음,단일로 - 기타,승용,남,48세,상해없음,승용,남,53세,중상
2013051600100696,2013년 5월 16일 23시,목요일,경상남도 김해시 내동,경상사고,0,0,2,0,차대차 - 측면직각충돌,교차로운행방법위반,건조,맑음,교차로 - 교차로안,승용,남,39세,상해없음,승용,남,42세,경상
2013051700100016,2013년 5월 17일 00시,금요일,경상남도 진주시 하대동,중상사고,0,1,0,0,차대사람 - 횡단중,보행자보호의무위반,건조,맑음,단일로 - 횡단보도부근,승용,남,46세,상해없음,보행자,남,45세,중상
2013051700100017,2013년 5월 17일 00시,금요일,경상남도 창원시 의창구 팔용동,경상사고,0,0,3,0,차대차 - 추돌 - 진행중,안전운전불이행,건조,맑음,교차로 - 교차로부근,승용,남,44세,상해없음,승용,남,22세,경상
2013051700100040,2013년 5월 17일 01시,금요일,경상남도 진주시 가좌동,경상사고,0,0,1,0,차대차 - 추돌 - 주정차중,안전운전불이행,건조,맑음,교차로 - 교차로부근,승용,남,24세,상해없음,승용,여,32세,경상
2013051700100041,2013년 5월 17일 01시,금요일,경상남도 함안군 가야읍,경상사고,0,0,1,0,차대차 - 측면직각충돌,신호위반,건조,맑음,교차로 - 교차로안,승용,남,25세,상해없음,승용,여,52세,경상
2013051700100042,2013년 5월 17일 01시,금요일,경상남도 김해시 장유면,경상사고,0,0,1,0,차대차 - 추돌 - 진행중,안전운전불이행,건조,맑음,단일로 - 기타,승용,남,22세,상해없음,승용,남,64세,경상