사고번호,사고일시,요일,시군구,사고내용,사망자수,중상자수,경상자수,부상신고자수,사고유형,법규위반,노면상태,기상상태,도로형태,가해운전자 차종,가해운전자 성별,가해운전자 연령,가해운전자 상해정도,피해운전자 차종,피해운전자 성별,피해운전자 연령,피해운전자 상해정도
2013051900100577,2013년 5월 19일 22시,일요일,경상남도 창원시 의창구 동읍,경상사고,0,0,1,0,차대차 - 측면직각충돌,신호위반,건조,맑음,교차로 - 교차로안,승용,남,21세,상해없음,승용,남,35세,경상
2013051900100600,2013년 5월 19일 23시,일요일,경상남도 거제시 동부면,부상신고사고,0,0,0,1,차량단독 - 전도전복,안전운전불이행,건조,맑음,단일로 - 기타,승용,남,53세,상해없음,,,,
2013052000100007,2013년 5월 20일 00시,월요일,경상남도 창원시 마산합포구 신포동1가,사망사고,1,0,0,0,차대사람 - 횡단중,안전운전불이행,건조,맑음,단일로 - 기타,승용,남,31세,상해없음,보행자,여,71세,사망
2013052000100034,2013년 5월 20일 03시,월요일,경상남도 함안군 칠서면,사망사고,1,2,1,0,차대차 - 추돌 - 진행중,과속,건조,흐림,단일로 - 기타,승용,남,39세,중상,화물,남,41세,경상
2013052000100047,2013년 5월 20일 05시,월요일,경상남도 창원시 성산구 중앙동,경상사고,0,0,2,0,차대차 - 기타,안전거리미확보,기타,맑음,교차로 - 교차로안,건설기계,남,44세,상해없음,승용,남,29세,상해없음
2013052000100078,2013년 5월 20일 07시,월요일,경상남도 창원시 성산구 반지동,중상사고,0,1,0,0,차대차 - 기타,교차로운행방법위반,기타,맑음,교차로 - 교차로안,승용,여,48세,상해없음,자전거,남,32세,중상
2013052000100079,2013년 5월 20일 07시,월요일,경상남도 창원시 성산구 신촌동,중상사고,0,1,0,0,차대차 - 기타,안전운전불이행,기타,맑음,단일로 - 기타,건설기계,남,45세,상해없음,자전거,남,35세,중상
2013052000100104,2013년 5월 20일 08시,월요일,경상남도 창원시 마산합포구 월남동3가,경상사고,0,0,1,0,차대사람 - 횡단중,보행자보호의무위반,건조,맑음,교차로 - 교차로부근,승합,남,70세,기타불명,보행자,여,21세,경상
2013052000100105,2013년 5월 20일 08시,월요일,경상남도 양산시 어곡동,경상사고,0,0,1,0,차대차 - 측면직각충돌,안전운전불이행,건조,맑음,단일로 - 기타,승용,여,27세,기타불명,승용,남,30세,경상
2013052000100106,2013년 5월 20일 08시,월요일,경상남도 창원시 마산합포구 산호동,중상사고,0,1,0,0,차대사람 - 횡단중,보행자보호의무위반,건조,맑음,단일로 - 횡단보도상,승용,남,38세,상해없음,보행자,여,52세,중상
2013052000100107,2013년 5월 20일 08시,월요일,경상남도 창원시 마산회원구 내서읍,부상신고사고,0,0,0,1,차대차 - 추돌 - 주정차중,안전운전불이행,건조,기타,단일로 - 기타,승용,여,37세,부상신고,승용,남,49세,상해없음
2013052000100108,2013년 5월 20일 08시,월요일,경상남도 김해시 주촌면,중상사고,0,1,0,0,차대차 - 추돌 - 진행중,안전운전불이행,건조,맑음,단일로 - 기타,승용,여,44세,상해없음,자전거,남,59세,중상
2013052000100131,2013년 5월 20일 09시,월요일,경상남도 양산시 덕계동,부상신고사고,0,0,0,1,차대차 - 측면직각충돌,안전운전불이행,건조,맑음,교차로 - 교차로부근,승용,남,55세,상해없음,승용,남,43세,부상신고
2013052000100132,2013년 5월 20일 09시,월요일,경상남도 창원시 의창구 도계동,경상사고,0,0,1,0,차량단독 - 기타,안전운전불이행,건조,맑음,교차로 - 교차로부근,승용,남,56세,상해없음,,,,
2013052000100155,2013년 5월 20일 10시,월요일,경상남도 진주시 봉곡동,경상사고,0,0,1,0,차대차 - 기타,안전운전불이행,건조,맑음,단일로 - 기타,승용,남,42세,기타불명,자전거,여,59세,경상
2013052000100156,2013년 5월 20일 10시,월요일,경상남도 통영시 북신동,경상사고,0,0,1,0,차대차 - 추돌 - 진행중,안전거리미확보,건조,맑음,교차로 - 교차로안,화물,남,50세,상해없음,화물,남,52세,상해없음
2013052000100176,2013년 5월 20일 11시,월요일,경상남도 창원시 진해구 장천동,경상사고,0,0,3,0,차대차 - 기타,안전운전불이행,건조,맑음,단일로 - 기타,화물,남,40세,상해없음,승합,남,54세,경상
2013052000100177,2013년 5월 20일 11시,월요일,경상남도 김해시 봉황동,경상사고,0,0,1,0,차대차 - 측면직각충돌,직진우회전진행방해,건조,맑음,교차로 - 교차로안,승용,여,46세,상해없음,원동기,남,60세,경상
2013052000100178,2013년 5월 20일 11시,월요일,경상남도 양산시 신기동,경상사고,0,0,1,0,차대사람 - 보도통행중,안전운전불이행,건조,맑음,단일로 - 횡단보도상,승용,여,42세,상해없음,보행자,여,20세,경상
2013052000100179,2013년 5월 20일 11시,월요일,경상남도 남해군 남해읍,중상사고,0,1,0,0,차대사람 - 횡단중,안전운전불이행,건조,맑음,교차로 - 교차로안,화물,남,62세,상해없음,보행자,여,57세,중상
2013052000100180,2013년 5월 20일 11시,월요일,경상남도 창원시 성산구 상남동,중상사고,0,1,0,0,차량단독 - 기타,기타,건조,맑음,단일로 - 기타,승합,남,43세,상해없음,,,,
2013052000100181,2013년 5월 20일 11시,월요일,경상남도 창원시 마산회원구 합성동,중상사고,0,1,0,0,차대사람 - 차도통행중,안전운전불이행,건조,맑음,단일로 - 기타,승용,여,53세,상해없음,보행자,여,82세,중상
2013052000100182,2013년 5월 20일 11시,월요일,경상남도 창원시 마산회원구 회원동,중상사고,0,1,0,0,차대사람 - 횡단중,신호위반,건조,맑음,단일로 - 기타,화물,남,32세,상해없음,보행자,여,60세,중상
2013052000100183,2013년 5월 20일 11시,월요일,경상남도 창원시 의창구 동읍,사망사고,1,0,0,0,차대차 - 기타,안전운전불이행,건조,맑음,교차로 - 교차로부근,원동기,남,66세,사망,화물,남,45세,상해없음
2013052000100184,2013년 5월 20일 11시,월요일,경상남도 창원시 의창구 명서동,경상사고,0,0,1,0,차대차 - 추돌 - 진행중,안전운전불이행,건조,맑음,교차로 - 교차로부근,승용,여,39세,상해없음,승용,여,24세,경상
2013052000100216,2013년 5월 20일 12시,월요일,경상남도 함안군 가야읍,중상사고,0,1,0,0,차대차 - 추돌 - 진행중,안전운전불이행,건조,맑음,단일로 - 기타,화물,여,44세,상해없음,자전거,여,63세,중상
2013052000100238,2013년 5월 20일 13시,월요일,경상남도 진주시 문산읍,경상사고,0,0,1,0,차량단독 - 기타,안전운전불이행,건조,맑음,단일로 - 기타,승용,남,55세,경상,,,,
2013052000100265,2013년 5월 20일 14시,월요일,경상남도 창원시 진해구 충무동,경상사고,0,0,2,0,차대차 - 추돌 - 주정차중,안전운전불이행,건조,맑음,단일로 - 기타,승용,남,35세,상해없음,승합,남,41세,경상
2013052000100266,2013년 5월 20일 14시,월요일,경상남도 사천시 사천읍,중상사고,0,1,0,0,차대차 - 기타,중앙선침범,건조,맑음,교차로 - 교차로부근,원동기,남,63세,중상,화물,남,37세,상해없음
2013052000100267,2013년 5월 20일 14시,월요일,경상남도 밀양시 가곡동,경상사고,0,0,1,0,차대차 - 기타,안전운전불이행,건조,맑음,교차로 - 교차로부근,승용,여,60세,상해없음,이륜,남,23세,경상
2013052000100302,2013년 5월 20일 15시,월요일,경상남도 창원시 진해구 경화동,경상사고,0,0,1,0,차대사람 - 기타,보행자보호의무위반,건조,맑음,단일로 - 기타,화물,여,45세,상해없음,보행자,남,5세,경상
2013052000100303,2013년 5월 20일 15시,월요일,경상남도 김해시 삼계동,중상사고,0,1,0,0,차대차 - 측면직각충돌,안전운전불이행,건조,맑음,기타 - 기타,승용,남,55세,상해없음,자전거,남,7세,중상
2013052000100304,2013년 5월 20일 15시,월요일,경상남도 함양군 수동면,경상사고,0,0,1,0,차량단독 - 공작물충돌,안전운전불이행,건조,맑음,단일로 - 기타,원동기,남,63세,경상,,,,
2013052000100305,2013년 5월 20일 15시,월요일,경상남도 거제시 연초면,중상사고,0,1,0,0,차대차 - 기타,교차로운행방법위반,건조,맑음,교차로 - 교차로안,승용,남,46세,상해없음,승용,남,40세,중상
2013052000100306,2013년 5월 20일 15시,월요일,경상남도 거제시 사등면,중상사고,0,1,0,0,차대차 - 추돌 - 진행중,안전운전불이행,건조,맑음,단일로 - 기타,승용,남,50세,상해없음,승용,남,52세,상해없음
2013052000100307,2013년 5월 20일 15시,월요일,경상남도 거제시 고현동,중상사고,0,1,0,0,차대사람 - 기타,안전운전불이행,건조,맑음,단일로 - 기타,화물,남,58세,상해없음,보행자,여,73세,중상
2013052000100308,2013년 5월 20일 15시,월요일,경상남도 의령군 의령읍,중상사고,0,1,0,0,차대차 - 추돌 - 주정차중,안전운전불이행,건조,맑음,교차로 - 교차로부근,승용,남,44세,상해없음,이륜,남,79세,중상
2013052000100309,2013년 5월 20일 15시,월요일,경상남도 창원시 성산구 상남동,경상사고,0,0,1,0,차대사람 - 횡단중,안전운전불이행,건조,맑음,단일로 - 기타,승용,여,31세,상해없음,보행자,여,36세,경상
2013052000100310,2013년 5월 20일 15시,월요일,경상남도 김해시 흥동,중상사고,0,1,0,0,차대차 - 측면직각충돌,교차로운행방법위반,건조,맑음,교차로 - 교차로안,승용,남,35세,중상,승용,남,53세,상해없음
2013052000100349,2013년 5월 20일 16시,월요일,경상남도 김해시 삼계동,중상사고,0,1,0,0,차대차 - 추돌 - 진행중,안전운전불이행,건조,맑음,단일로 - 기타,승용,남,57세,상해없음,승용,여,46세,중상
2013052000100350,2013년 5월 20일 16시,월요일,경상남도 김해시 상동면,중상사고,0,1,0,0,차대차 - 정면충돌,중앙선침범,건조,맑음,단일로 - 기타,화물,남,55세,상해없음,화물,남,51세,중상
2013052000100370,2013년 5월 20일 17시,월요일,경상남도 김해시 생림면,중상사고,0,1,0,0,차대차 - 측면직각충돌,안전거리미확보,건조,맑음,단일로 - 터널,승용,여,48세,상해없음,화물,남,29세,중상
2013052000100389,2013년 5월 20일 17시,월요일,경상남도 진주시 호탄동,중상사고,0,2,0,1,차대차 - 기타,안전운전불이행,건조,맑음,교차로 - 교차로부근,화물,남,53세,부상신고,화물,남,53세,중상
2013052000100390,2013년 5월 20일 17시,월요일,경상남도 양산시 용당동,경상사고,0,0,1,0,차대차 - 추돌 - 진행중,안전운전불이행,건조,맑음,단일로 - 기타,승합,남,47세,상해없음,승용,여,48세,경상
2013052000100391,2013년 5월 20일 17시,월요일,경상남도 창원시 마산회원구 내서읍,경상사고,0,0,1,0,차대사람 - 기타,안전운전불이행,건조,맑음,단일로 - 기타,승용,남,65세,상해없음,보행자,남,12세,경상
2013052000100434,2013년 5월 20일 18시,월요일,경상남도 양산시 덕계동,중상사고,0,1,0,0,차대사람 - 횡단중,보행자보호의무위반,건조,맑음,단일로 - 횡단보도상,승용,여,32세,상해없음,보행자,여,58세,중상
2013052000100458,2013년 5월 20일 19시,월요일,경상남도 거창군 거창읍,경상사고,0,0,1,0,차대사람 - 횡단중,안전운전불이행,건조,맑음,단일로 - 기타,승용,남,27세,상해없음,보행자,남,13세,경상
2013052000100459,2013년 5월 20일 19시,월요일,경상남도 창원시 성산구 대방동,경상사고,0,0,1,0,차대사람 - 횡단중,안전운전불이행,건조,맑음,단일로 - 기타,승용,남,61세,상해없음,보행자,남,16세,경상
2013052000100483,2013년 5월 20일 20시,월요일,경상남도 창원시 진해구 석동,경상사고,0,0,2,0,차대차 - 추돌 - 진행중,안전운전불이행,건조,맑음,단일로 - 기타,승용,남,32세,상해없음,승용,남,28세,경상
2013052000100484,2013년 5월 20일 20시,월요일,경상남도 김해시 대동면,중상사고,0,1,0,0,차대차 - 측면직각충돌,중앙선침범,건조,맑음,단일로 - 기타,이륜,남,59세,중상,승용,남,41세,상해없음
2013052000100485,2013년 5월 20일 20시,월요일,경상남도 거제시 수월동,경상사고,0,0,1,0,차대차 - 측면직각충돌,안전운전불이행,건조,맑음,교차로 - 교차로안,승용,여,41세,경상,화물,남,57세,기타불명
2013052000100518,2013년 5월 20일 21시,월요일,경상남도 창녕군 대합면,경상사고,0,0,2,0,차대차 - 추돌 - 진행중,안전운전불이행,건조,맑음,단일로 - 기타,승용,남,62세,상해없음,승용,남,52세,경상
2013052000100519,2013년 5월 20일 21시,월요일,경상남도 양산시 하북면,경상사고,0,0,1,0,차대차 - 측면직각충돌,교차로운행방법위반,건조,맑음,교차로 - 교차로안,승용,남,56세,상해없음,승용,여,43세,경상
2013052000100520,2013년 5월 20일 21시,월요일,경상남도 김해시 장유면,사망사고,1,3,0,0,차량단독 - 기타,안전운전불이행,건조,맑음,교차로 - 교차로안,승합,남,70세,사망,,,,
2013052000100583,2013년 5월 20일 23시,월요일,경상남도 창원시 마산합포구 진전면,경상사고,0,0,2,0,차대차 - 측면직각충돌,불법유턴,건조,맑음,교차로 - 교차로안,화물,남,72세,상해없음,승용,남,37세,경상
2013052000100584,2013년 5월 20일 23시,월요일,경상남도 진주시 상봉동,경상사고,0,0,1,0,차대차 - 기타,안전운전불이행,건조,맑음,단일로 - 기타,승용,남,22세,상해없음,이륜,남,34세,경상
2013052000100585,2013년 5월 20일 23시,월요일,경상남도 통영시 태평동,중상사고,0,3,2,0,차대차 - 정면충돌,중앙선침범,건조,맑음,단일로 - 기타,승용,여,35세,중상,승용,남,25세,중상
2013052100100046,2013년 5월 21일 03시,화요일,경상남도 양산시 하북면,경상사고,0,0,1,0,차대사람 - 횡단중,안전운전불이행,건조,맑음,단일로 - 횡단보도상,승용,남,23세,상해없음,보행자,남,19세,경상
2013052100100069,2013년 5월 21일 06시,화요일,경상남도 창녕군 고암면,중상사고,0,3,0,0,차량단독 - 기타,안전운전불이행,건조,맑음,단일로 - 기타,승합,남,47세,상해없음,,,,
2013052100100070,2013년 5월 21일 06시,화요일,경상남도 창원시 의창구 동읍,중상사고,0,1,0,0,차대사람 - 길가장자리구역통행중,안전운전불이행,건조,맑음,단일로 - 기타,승용,남,39세,상해없음,보행자,여,51세,중상
2013052100100088,2013년 5월 21일 07시,화요일,경상남도 김해시 생림면,중상사고,0,1,0,0,차대차 - 측면직각충돌,교차로운행방법위반,건조,맑음,교차로 - 교차로안,화물,남,65세,중상,건설기계,남,47세,상해없음
2013052100100089,2013년 5월 21일 07시,화요일,경상남도 양산시 소주동,중상사고,0,1,1,0,차대차 - 측면직각충돌,교차로운행방법위반,건조,맑음,교차로 - 교차로안,승용,여,42세,경상,승용,남,32세,중상
2013052100100090,2013년 5월 21일 07시,화요일,경상남도 창원시 의창구 팔용동,경상사고,0,0,1,0,차대차 - 추돌 - 진행중,안전거리미확보,건조,맑음,단일로 - 기타,승용,남,51세,상해없음,승용,여,38세,경상
2013052100100091,2013년 5월 21일 07시,화요일,경상남도 김해시 진영읍,경상사고,0,0,2,0,차대차 - 추돌 - 주정차중,안전거리미확보,건조,맑음,단일로 - 기타,화물,남,45세,상해없음,승용,남,55세,경상
2013052100100129,2013년 5월 21일 08시,화요일,경상남도 진주시 하대동,중상사고,0,1,2,1,차대차 - 기타,안전운전불이행,건조,맑음,교차로 - 교차로안,승용,남,58세,부상신고,승용,여,62세,경상
2013052100100130,2013년 5월 21일 08시,화요일,경상남도 통영시 도천동,경상사고,0,0,1,0,차대사람 - 횡단중,안전운전불이행,건조,맑음,단일로 - 기타,승용,여,68세,상해없음,보행자,여,6세,경상
2013052100100131,2013년 5월 21일 08시,화요일,경상남도 사천시 죽림동,중상사고,0,1,0,0,차대사람 - 기타,안전운전불이행,건조,맑음,단일로 - 기타,화물,남,48세,상해없음,보행자,남,68세,중상
2013052100100132,2013년 5월 21일 08시,화요일,경상남도 거창군 거창읍,중상사고,0,1,0,0,차대차 - 측면직각충돌,안전운전불이행,건조,맑음,단일로 - 기타,승합,남,36세,상해없음,승용,여,30세,중상
2013052100100133,2013년 5월 21일 08시,화요일,경상남도 창원시 의창구 용호동,중상사고,0,3,0,0,차대차 - 추돌 - 진행중,안전거리미확보,건조,맑음,교차로 - 교차로안,승용,여,27세,상해없음,승용,남,54세,중상
2013052100100220,2013년 5월 21일 11시,화요일,경상남도 창원시 진해구 이동,경상사고,0,0,2,0,차대차 - 기타,안전거리미확보,건조,맑음,교차로 - 교차로안,승용,남,55세,상해없음,승합,남,44세,경상
2013052100100221,2013년 5월 21일 11시,화요일,경상남도 하동군 하동읍,중상사고,0,1,0,0,차대차 - 측면직각충돌,안전운전불이행,건조,맑음,교차로 - 교차로안,화물,남,50세,상해없음,승용,남,23세,중상
2013052100100222,2013년 5월 21일 11시,화요일,경상남도 거제시 연초면,중상사고,0,3,1,0,차대차 - 추돌 - 진행중,안전운전불이행,건조,맑음,단일로 - 기타,화물,남,47세,상해없음,승용,여,36세,중상
2013052100100247,2013년 5월 21일 12시,화요일,경상남도 창원시 마산합포구 중앙동2가,경상사고,0,0,2,0,차대차 - 정면충돌,교차로운행방법위반,건조,맑음,교차로 - 교차로안,승용,여,45세,경상,승용,남,59세,경상
2013052100100248,2013년 5월 21일 12시,화요일,경상남도 양산시 중부동,경상사고,0,0,1,0,차대차 - 측면직각충돌,안전운전불이행,건조,맑음,교차로 - 교차로부근,승용,여,44세,상해없음,이륜,남,77세,경상
2013052100100249,2013년 5월 21일 12시,화요일,경상남도 남해군 창선면,중상사고,0,2,0,0,차대차 - 측면직각충돌,안전운전불이행,건조,맑음,기타 - 기타,화물,남,48세,상해없음,원동기,남,70세,중상
2013052100100250,2013년 5월 21일 12시,화요일,경상남도 김해시 진영읍,중상사고,0,1,1,0,차대차 - 측면직각충돌,기타,건조,맑음,교차로 - 교차로안,승용,남,57세,상해없음,승용,남,54세,경상
2013052100100274,2013년 5월 21일 13시,화요일,경상남도 하동군 하동읍,경상사고,0,0,1,1,차대차 - 추돌 - 진행중,안전거리미확보,건조,맑음,단일로 - 기타,건설기계,남,53세,상해없음,승용,남,47세,경상
2013052100100275,2013년 5월 21일 13시,화요일,경상남도 창원시 마산회원구 내서읍,경상사고,0,0,3,0,차대차 - 측면직각충돌,신호위반,건조,맑음,교차로 - 교차로안,승용,여,50세,상해없음,승용,여,21세,경상
2013052100100301,2013년 5월 21일 14시,화요일,경상남도 남해군 창선면,중상사고,0,1,0,0,차대사람 - 기타,안전운전불이행,건조,맑음,단일로 - 기타,화물,남,49세,상해없음,보행자,남,42세,중상
2013052100100302,2013년 5월 21일 14시,화요일,경상남도 의령군 봉수면,중상사고,0,1,0,0,차대차 - 측면직각충돌,중앙선침범,건조,맑음,단일로 - 기타,승용,남,52세,상해없음,이륜,남,67세,중상
2013052100100303,2013년 5월 21일 14시,화요일,경상남도 창원시 성산구 상남동,중상사고,0,1,0,0,차대차 - 측면직각충돌,안전운전불이행,건조,맑음,단일로 - 횡단보도상,승용,남,62세,상해없음,자전거,남,54세,중상
2013052100100304,2013년 5월 21일 14시,화요일,경상남도 김해시 한림면,중상사고,0,1,1,1,차대차 - 정면충돌,중앙선침범,건조,맑음,단일로 - 기타,화물,남,61세,부상신고,건설기계,남,64세,경상
2013052100100305,2013년 5월 21일 14시,화요일,경상남도 김해시 진례면,중상사고,0,1,0,0,차대사람 - 기타,안전운전불이행,건조,맑음,단일로 - 기타,승용,여,50세,상해없음,보행자,여,37세,중상
2013052100100338,2013년 5월 21일 15시,화요일,경상남도 창원시 마산합포구 월영동,경상사고,0,0,1,0,차대차 - 추돌 - 진행중,안전거리미확보,건조,맑음,교차로 - 교차로부근,화물,남,26세,상해없음,승용,남,67세,경상
2013052100100339,2013년 5월 21일 15시,화요일,경상남도 함양군 함양읍,중상사고,0,1,0,0,차대사람 - 차도통행중,안전운전불이행,건조,맑음,단일로 - 기타,승용,남,24세,상해없음,보행자,남,59세,중상
2013052100100340,2013년 5월 21일 15시,화요일,경상남도 창원시 성산구 사파동,중상사고,0,1,0,0,차대사람 - 기타,안전운전불이행,건조,맑음,단일로 - 기타,승용,여,33세,상해없음,보행자,남,6세,중상
2013052100100341,2013년 5월 21일 15시,화요일,경상남도 김해시 장유면,부상신고사고,0,0,0,1,차대차 - 기타,안전운전불이행,건조,맑음,기타 - 기타,승용,남,56세,부상신고,승용,여,42세,기타불명
2013052100100373,2013년 5월 21일 16시,화요일,경상남도 창원시 진해구 자은동,경상사고,0,0,1,0,차대사람 - 기타,안전운전불이행,건조,맑음,단일로 - 기타,승용,여,52세,상해없음,보행자,여,60세,경상
2013052100100418,2013년 5월 21일 17시,화요일,경상남도 통영시 태평동,중상사고,0,1,0,0,차대사람 - 횡단중,안전운전불이행,건조,맑음,단일로 - 기타,이륜,남,21세,상해없음,보행자,남,52세,중상
2013052100100419,2013년 5월 21일 17시,화요일,경상남도 거제시 고현동,경상사고,0,0,1,0,차대차 - 기타,안전운전불이행,건조,맑음,단일로 - 기타,승용,여,40세,상해없음,승합,남,34세,경상
2013052100100420,2013년 5월 21일 17시,화요일,경상남도 함안군 칠원면,부상신고사고,0,0,0,1,차대사람 - 횡단중,안전운전불이행,건조,맑음,교차로 - 교차로안,승용,여,36세,상해없음,보행자,여,89세,부상신고
2013052100100421,2013년 5월 21일 17시,화요일,경상남도 창원시 의창구 사림동,중상사고,0,1,0,0,차대차 - 추돌 - 주정차중,안전운전불이행,건조,맑음,단일로 - 기타,승용,남,33세,상해없음,승용,남,54세,기타불명
2013052100100473,2013년 5월 21일 18시,화요일,경상남도 통영시 광도면,중상사고,0,1,3,0,차대차 - 추돌 - 주정차중,안전운전불이행,건조,맑음,단일로 - 기타,승용,남,38세,상해없음,승용,남,38세,중상
2013052100100474,2013년 5월 21일 18시,화요일,경상남도 양산시 중부동,중상사고,0,1,0,0,차대사람 - 기타,안전운전불이행,건조,맑음,단일로 - 기타,승용,여,45세,상해없음,보행자,남,41세,중상
2013052100100475,2013년 5월 21일 18시,화요일,경상남도 거제시 장평동,중상사고,0,1,0,0,차대사람 - 기타,안전운전불이행,건조,맑음,단일로 - 기타,이륜,남,37세,상해없음,보행자,남,71세,중상
2013052100100476,2013년 5월 21일 18시,화요일,경상남도 창원시 마산회원구 합성동,중상사고,0,1,0,0,차대차 - 측면직각충돌,안전운전불이행,건조,맑음,단일로 - 기타,승용,남,56세,상해없음,승용,여,23세,중상
2013052100100507,2013년 5월 21일 19시,화요일,경상남도 밀양시 무안면,경상사고,0,0,1,0,차대차 - 기타,안전운전불이행,건조,맑음,교차로 - 교차로안,승용,남,35세,상해없음,자전거,여,76세,경상
2013052100100508,2013년 5월 21일 19시,화요일,경상남도 김해시 안동,경상사고,0,0,1,0,차대차 - 추돌 - 진행중,안전운전불이행,건조,맑음,단일로 - 기타,승용,남,26세,상해없음,원동기,남,24세,경상
2013052100100509,2013년 5월 21일 19시,화요일,경상남도 창원시 성산구 성산동,경상사고,0,0,1,0,차대차 - 추돌 - 주정차중,안전운전불이행,건조,맑음,교차로 - 교차로부근,승용,남,49세,상해없음,승용,남,29세,경상
2013052100100538,2013년 5월 21일 20시,화요일,경상남도 진주시 신안동,중상사고,0,1,0,0,차대차 - 측면직각충돌,안전운전불이행,건조,맑음,단일로 - 기타,승용,남,46세,상해없음,원동기,남,17세,중상
2013052100100539,2013년 5월 21일 20시,화요일,경상남도 진주시 망경동,중상사고,0,1,1,0,차대차 - 정면충돌,중앙선침범,습기,비,단일로 - 기타,승용,남,59세,상해없음,화물,남,63세,중상
2013052100100540,2013년 5월 21일 20시,화요일,경상남도 김해시 진영읍,사망사고,1,0,0,0,차대사람 - 기타,안전운전불이행,건조,맑음,단일로 - 기타,화물,남,34세,상해없음,보행자,여,58세,사망
2013052100100581,2013년 5월 21일 21시,화요일,경상남도 통영시 미수동,부상신고사고,0,0,0,1,차대차 - 기타,안전운전불이행,건조,맑음,단일로 - 기타,화물,남,35세,부상신고,승용,남,47세,기타불명
2013052100100582,2013년 5월 21일 21시,화요일,경상남도 창원시 의창구 도계동,중상사고,0,1,0,0,차대차 - 기타,교차로운행방법위반,건조,맑음,교차로 - 교차로안,승용,여,55세,상해없음,이륜,남,19세,중상
2013052100100615,2013년 5월 21일 22시,화요일,경상남도 통영시 봉평동,부상신고사고,0,0,0,1,차대차 - 기타,안전운전불이행,건조,맑음,단일로 - 기타,승용,여,37세,부상신고,승용,남,55세,상해없음
2013052100100639,2013년 5월 21일 23시,화요일,경상남도 창원시 성산구 가음동,경상사고,0,0,1,0,차대차 - 추돌 - 주정차중,안전운전불이행,건조,맑음,교차로 - 교차로부근,승용,남,44세,상해없음,승용,여,48세,경상
2013052200100014,2013년 5월 22일 00시,수요일,경상남도 거제시 사등면,중상사고,0,1,0,0,차대차 - 추돌 - 진행중,안전운전불이행,건조,맑음,단일로 - 기타,승용,여,28세,상해없음,승용,여,29세,중상
2013052200100015,2013년 5월 22일 00시,수요일,경상남도 창원시 성산구 상남동,중상사고,0,2,0,0,차대차 - 측면직각충돌,교차로운행방법위반,건조,맑음,교차로 - 교차로안,승용,남,50세,상해없음,이륜,남,18세,중상
2013052200100043,2013년 5월 22일 02시,수요일,경상남도 함안군 가야읍,중상사고,0,2,2,0,차대차 - 기타,안전운전불이행,건조,맑음,단일로 - 기타,승용,남,28세,상해없음,승용,남,19세,중상
2013052200100061,2013년 5월 22일 04시,수요일,경상남도 김해시 삼정동,중상사고,0,1,0,0,차대차 - 측면직각충돌,신호위반,건조,맑음,교차로 - 교차로안,승용,여,44세,상해없음,승용,여,44세,중상
2013052200100080,2013년 5월 22일 06시,수요일,경상남도 창원시 의창구 용호동,경상사고,0,0,1,0,차대차 - 측면직각충돌,교차로운행방법위반,건조,맑음,교차로 - 교차로안,승용,남,41세,상해없음,승용,남,55세,경상
2013052200100081,2013년 5월 22일 06시,수요일,경상남도 김해시 장유면,경상사고,0,0,1,0,차대차 - 측면직각충돌,교차로운행방법위반,건조,맑음,교차로 - 교차로안,승용,남,39세,상해없음,화물,남,64세,경상
2013052200100104,2013년 5월 22일 07시,수요일,경상남도 창원시 진해구 속천동,경상사고,0,0,1,0,차대차 - 측면직각충돌,안전운전불이행,건조,맑음,단일로 - 기타,자전거,남,20세,경상,기타불명,기타불명,기타불명,기타불명
2013052200100105,2013년 5월 22일 07시,수요일,경상남도 합천군 삼가면,중상사고,0,1,0,0,차대차 - 측면직각충돌,안전운전불이행,건조,맑음,단일로 - 기타,화물,남,51세,상해없음,승용,여,41세,중상
2013052200100106,2013년 5월 22일 07시,수요일,경상남도 창녕군 창녕읍,경상사고,0,0,1,0,차대차 - 측면직각충돌,신호위반,건조,맑음,교차로 - 교차로안,화물,남,51세,상해없음,승용,여,29세,경상
2013052200100107,2013년 5월 22일 07시,수요일,경상남도 양산시 평산동,중상사고,0,1,0,0,차대차 - 기타,안전운전불이행,건조,맑음,교차로 - 교차로안,승용,여,24세,상해없음,자전거,남,16세,중상
2013052200100108,2013년 5월 22일 07시,수요일,경상남도 산청군 산청읍,중상사고,0,1,3,2,차대차 - 측면직각충돌,안전운전불이행,건조,맑음,교차로 - 교차로안,승합,남,50세,상해없음,건설기계,남,43세,상해없음
2013052200100109,2013년 5월 22일 07시,수요일,경상남도 창원시 의창구 대원동,중상사고,0,1,0,0,차대차 - 측면직각충돌,차로위반,건조,맑음,단일로 - 기타,화물,남,37세,상해없음,이륜,남,33세,중상
2013052200100142,2013년 5월 22일 08시,수요일,경상남도 김해시 주촌면,중상사고,0,1,0,0,차대차 - 측면직각충돌,교차로운행방법위반,건조,맑음,교차로 - 교차로안,승용,남,27세,상해없음,원동기,남,49세,중상
2013052200100173,2013년 5월 22일 09시,수요일,경상남도 양산시 동면,경상사고,0,0,1,0,차대차 - 기타,안전운전불이행,건조,맑음,교차로 - 교차로안,화물,남,64세,상해없음,승용,남,33세,경상
2013052200100174,2013년 5월 22일 09시,수요일,경상남도 함안군 가야읍,중상사고,0,1,0,0,차대차 - 측면직각충돌,신호위반,건조,맑음,단일로 - 횡단보도상,승용,남,42세,상해없음,자전거,남,66세,중상