사고번호,사고일시,요일,시군구,사고내용,사망자수,중상자수,경상자수,부상신고자수,사고유형,법규위반,노면상태,기상상태,도로형태,가해운전자 차종,가해운전자 성별,가해운전자 연령,가해운전자 상해정도,피해운전자 차종,피해운전자 성별,피해운전자 연령,피해운전자 상해정도
2013052500100163,2013년 5월 25일 07시,토요일,경상남도 밀양시 내이동,중상사고,0,1,0,0,차대차 - 측면직각충돌,교차로운행방법위반,건조,맑음,교차로 - 교차로안,화물,남,61세,상해없음,원동기,여,59세,중상
2013052500100195,2013년 5월 25일 08시,토요일,경상남도 통영시 정량동,부상신고사고,0,0,0,1,차대차 - 측면직각충돌,안전운전불이행,건조,맑음,교차로 - 교차로안,자전거,남,70세,부상신고,승용,여,47세,상해없음
2013052500100222,2013년 5월 25일 09시,토요일,경상남도 진주시 칠암동,중상사고,0,1,0,0,차대차 - 기타,안전운전불이행,건조,맑음,단일로 - 횡단보도상,승용,여,44세,상해없음,자전거,여,63세,중상
2013052500100223,2013년 5월 25일 09시,토요일,경상남도 사천시 사천읍,사망사고,1,0,0,0,차대사람 - 기타,보행자보호의무위반,건조,맑음,단일로 - 기타,건설기계,남,57세,상해없음,보행자,여,65세,사망
2013052500100257,2013년 5월 25일 10시,토요일,경상남도 거창군 가조면,중상사고,0,1,0,0,차량단독 - 도로외이탈 - 기타,안전운전불이행,건조,맑음,단일로 - 기타,승용,남,55세,상해없음,,,,
2013052500100287,2013년 5월 25일 11시,토요일,경상남도 진주시 신안동,경상사고,0,0,1,0,차대차 - 기타,직진우회전진행방해,건조,맑음,교차로 - 교차로안,이륜,남,16세,상해없음,이륜,남,23세,경상
2013052500100288,2013년 5월 25일 11시,토요일,경상남도 함양군 수동면,중상사고,0,2,2,0,차대차 - 측면직각충돌,교차로운행방법위반,건조,맑음,교차로 - 교차로안,승용,여,55세,상해없음,승용,남,45세,중상
2013052500100289,2013년 5월 25일 11시,토요일,경상남도 창원시 성산구 천선동,경상사고,0,0,1,0,차대차 - 측면직각충돌,안전거리미확보,건조,맑음,단일로 - 기타,승용,남,32세,상해없음,승용,남,23세,경상
2013052500100290,2013년 5월 25일 11시,토요일,경상남도 김해시 진례면,경상사고,0,0,1,0,차대사람 - 기타,안전운전불이행,건조,맑음,단일로 - 기타,승용,여,27세,상해없음,보행자,여,76세,경상
2013052500100327,2013년 5월 25일 12시,토요일,경상남도 진주시 문산읍,중상사고,0,1,0,0,차대차 - 기타,안전운전불이행,건조,맑음,단일로 - 기타,승합,남,53세,상해없음,자전거,남,40세,중상
2013052500100328,2013년 5월 25일 12시,토요일,경상남도 창녕군 창녕읍,경상사고,0,0,2,0,차대차 - 측면직각충돌,교차로운행방법위반,건조,맑음,교차로 - 교차로안,승용,여,51세,상해없음,승용,남,48세,경상
2013052500100329,2013년 5월 25일 12시,토요일,경상남도 창원시 마산회원구 내서읍,경상사고,0,0,1,0,차대차 - 기타,중앙선침범,건조,맑음,단일로 - 기타,승용,남,43세,상해없음,승합,남,53세,경상
2013052500100330,2013년 5월 25일 12시,토요일,경상남도 김해시 주촌면,부상신고사고,0,0,0,1,차대차 - 기타,안전운전불이행,건조,맑음,단일로 - 기타,승용,남,23세,부상신고,화물,남,43세,상해없음
2013052500100357,2013년 5월 25일 13시,토요일,경상남도 밀양시 초동면,중상사고,0,1,0,0,차대차 - 측면직각충돌,안전운전불이행,건조,맑음,단일로 - 기타,승용,여,43세,상해없음,이륜,남,59세,중상
2013052500100358,2013년 5월 25일 13시,토요일,경상남도 김해시 삼정동,중상사고,0,1,0,0,차대사람 - 길가장자리구역통행중,신호위반,건조,맑음,교차로 - 교차로부근,승용,남,43세,상해없음,보행자,여,48세,중상
2013052500100402,2013년 5월 25일 14시,토요일,경상남도 진주시 하대동,중상사고,0,1,0,0,차대사람 - 기타,안전운전불이행,건조,맑음,단일로 - 기타,승용,여,42세,상해없음,보행자,남,8세,중상
2013052500100403,2013년 5월 25일 14시,토요일,경상남도 통영시 광도면,경상사고,0,0,1,0,차대차 - 측면직각충돌,안전운전불이행,건조,맑음,단일로 - 기타,승합,남,42세,상해없음,승용,여,40세,경상
2013052500100435,2013년 5월 25일 15시,토요일,경상남도 통영시 산양읍,중상사고,0,1,0,0,차량단독 - 전도전복,안전운전불이행,건조,맑음,단일로 - 기타,승용,남,45세,중상,,,,
2013052500100436,2013년 5월 25일 15시,토요일,경상남도 창원시 마산회원구 구암동,중상사고,0,1,0,0,차대차 - 기타,안전운전불이행,건조,맑음,교차로 - 교차로안,화물,남,51세,상해없음,원동기,남,55세,중상
2013052500100471,2013년 5월 25일 16시,토요일,경상남도 김해시 구산동,경상사고,0,0,2,0,차대차 - 추돌 - 주정차중,안전거리미확보,건조,맑음,교차로 - 교차로부근,승용,남,57세,상해없음,승용,여,46세,경상
2013052500100472,2013년 5월 25일 16시,토요일,경상남도 거제시 연초면,중상사고,0,1,0,0,차대사람 - 기타,안전운전불이행,건조,맑음,교차로 - 교차로안,화물,여,60세,상해없음,보행자,여,85세,중상
2013052500100473,2013년 5월 25일 16시,토요일,경상남도 창원시 의창구 동읍,경상사고,0,0,1,1,차대차 - 측면직각충돌,교차로운행방법위반,건조,맑음,교차로 - 교차로안,승용,남,63세,부상신고,화물,남,41세,경상
2013052500100510,2013년 5월 25일 17시,토요일,경상남도 사천시 대방동,경상사고,0,0,2,0,차대차 - 기타,안전운전불이행,건조,맑음,단일로 - 기타,승합,남,51세,상해없음,승합,남,53세,상해없음
2013052500100511,2013년 5월 25일 17시,토요일,경상남도 거제시 상동동,중상사고,0,3,0,0,차대차 - 측면직각충돌,안전운전불이행,건조,맑음,교차로 - 교차로안,승용,남,30세,상해없음,승용,남,58세,중상
2013052500100512,2013년 5월 25일 17시,토요일,경상남도 진주시 정촌면,중상사고,0,1,0,0,차대차 - 기타,안전거리미확보,건조,맑음,단일로 - 기타,기타불명,기타불명,기타불명,기타불명,승용,여,44세,중상
2013052500100553,2013년 5월 25일 18시,토요일,경상남도 밀양시 가곡동,중상사고,0,1,0,0,차대차 - 측면직각충돌,안전운전불이행,건조,맑음,단일로 - 기타,이륜,남,70세,중상,승용,여,45세,상해없음
2013052500100554,2013년 5월 25일 18시,토요일,경상남도 밀양시 삼문동,경상사고,0,0,1,4,차대차 - 측면직각충돌,안전거리미확보,건조,맑음,단일로 - 기타,화물,남,61세,상해없음,승용,남,26세,부상신고
2013052500100590,2013년 5월 25일 19시,토요일,경상남도 창원시 마산회원구 구암동,경상사고,0,0,1,0,차대차 - 기타,안전운전불이행,건조,맑음,교차로 - 교차로안,승용,여,25세,상해없음,승용,남,61세,경상
2013052500100591,2013년 5월 25일 19시,토요일,경상남도 창원시 마산회원구 양덕동,경상사고,0,0,1,0,차대차 - 기타,안전운전불이행,건조,맑음,교차로 - 교차로안,승용,남,64세,상해없음,승용,남,33세,상해없음
2013052500100618,2013년 5월 25일 20시,토요일,경상남도 진주시 상대동,중상사고,0,1,0,0,차대사람 - 기타,안전운전불이행,건조,맑음,단일로 - 기타,승용,남,44세,상해없음,보행자,남,38세,중상
2013052500100619,2013년 5월 25일 20시,토요일,경상남도 통영시 무전동,중상사고,0,1,1,0,차대차 - 측면직각충돌,직진우회전진행방해,건조,맑음,교차로 - 교차로안,승용,남,37세,상해없음,승용,남,31세,중상
2013052500100620,2013년 5월 25일 20시,토요일,경상남도 창원시 마산회원구 내서읍,경상사고,0,0,3,0,차대차 - 기타,안전운전불이행,건조,맑음,교차로 - 교차로안,승용,남,69세,상해없음,승용,남,46세,경상
2013052500100621,2013년 5월 25일 20시,토요일,경상남도 창원시 의창구 북면,중상사고,0,2,0,0,차대차 - 측면직각충돌,안전운전불이행,건조,맑음,단일로 - 기타,승용,남,56세,상해없음,승용,남,37세,중상
2013052500100653,2013년 5월 25일 21시,토요일,경상남도 창원시 진해구 석동,경상사고,0,0,1,0,차대사람 - 길가장자리구역통행중,안전운전불이행,건조,맑음,교차로 - 교차로부근,승용,남,38세,상해없음,보행자,여,54세,경상
2013052600100015,2013년 5월 26일 00시,일요일,경상남도 통영시 도산면,중상사고,0,1,0,0,차대차 - 측면직각충돌,신호위반,건조,맑음,교차로 - 교차로안,승용,여,54세,중상,승용,남,37세,상해없음
2013052600100036,2013년 5월 26일 01시,일요일,경상남도 진주시 호탄동,중상사고,0,1,0,0,차대차 - 기타,차로위반,건조,맑음,교차로 - 교차로부근,승용,남,23세,상해없음,원동기,남,18세,중상
2013052600100056,2013년 5월 26일 02시,일요일,경상남도 김해시 장유면,중상사고,0,1,0,0,차대사람 - 횡단중,안전운전불이행,건조,맑음,교차로 - 교차로부근,승용,남,56세,상해없음,보행자,남,47세,중상
2013052600100079,2013년 5월 26일 04시,일요일,경상남도 창원시 진해구 이동,중상사고,0,2,0,0,차량단독 - 공작물충돌,안전운전불이행,건조,맑음,단일로 - 기타,원동기,남,19세,중상,,,,
2013052600100116,2013년 5월 26일 06시,일요일,경상남도 김해시 외동,경상사고,0,0,2,0,차대차 - 측면직각충돌,안전운전불이행,건조,맑음,단일로 - 기타,승용,남,27세,상해없음,승용,여,51세,경상
2013052600100142,2013년 5월 26일 08시,일요일,경상남도 창원시 마산회원구 구암동,경상사고,0,0,1,0,차대차 - 기타,안전운전불이행,건조,맑음,교차로 - 교차로안,승용,남,28세,기타불명,이륜,여,36세,경상
2013052600100165,2013년 5월 26일 09시,일요일,경상남도 창원시 마산합포구 우산동,경상사고,0,0,1,0,차대사람 - 기타,안전운전불이행,건조,맑음,교차로 - 교차로부근,화물,남,64세,상해없음,보행자,남,43세,경상
2013052600100184,2013년 5월 26일 10시,일요일,경상남도 통영시 북신동,경상사고,0,0,3,0,차대차 - 추돌 - 진행중,안전거리미확보,건조,맑음,단일로 - 기타,승용,남,53세,상해없음,승용,남,22세,경상
2013052600100185,2013년 5월 26일 10시,일요일,경상남도 사천시 벌리동,경상사고,0,0,3,0,차대차 - 측면직각충돌,교차로운행방법위반,건조,맑음,교차로 - 교차로안,승합,남,41세,상해없음,승용,남,53세,상해없음
2013052600100186,2013년 5월 26일 10시,일요일,경상남도 창원시 의창구 소계동,경상사고,0,0,2,0,차대차 - 추돌 - 진행중,안전운전불이행,건조,맑음,단일로 - 기타,승용,남,56세,상해없음,승용,남,57세,경상
2013052600100210,2013년 5월 26일 11시,일요일,경상남도 통영시 동호동,중상사고,0,2,0,0,차량단독 - 공작물충돌,안전운전불이행,건조,맑음,단일로 - 기타,승용,남,67세,중상,,,,
2013052600100211,2013년 5월 26일 11시,일요일,경상남도 거창군 북상면,사망사고,1,0,0,0,차대사람 - 횡단중,안전운전불이행,건조,맑음,교차로 - 교차로안,화물,남,39세,상해없음,보행자,여,79세,사망
2013052600100212,2013년 5월 26일 11시,일요일,경상남도 합천군 가야면,중상사고,0,2,2,0,차대차 - 측면직각충돌,중앙선침범,건조,흐림,단일로 - 기타,승용,여,51세,상해없음,승용,남,46세,경상
2013052600100213,2013년 5월 26일 11시,일요일,경상남도 양산시 덕계동,경상사고,0,0,1,0,차대차 - 추돌 - 주정차중,안전운전불이행,건조,맑음,교차로 - 교차로부근,승용,기타불명,기타불명,기타불명,승용,여,24세,경상
2013052600100234,2013년 5월 26일 12시,일요일,경상남도 진주시 신안동,중상사고,0,1,0,0,차대차 - 정면충돌,중앙선침범,건조,맑음,단일로 - 기타,승용,여,34세,상해없음,원동기,남,25세,중상
2013052600100235,2013년 5월 26일 12시,일요일,경상남도 하동군 악양면,중상사고,0,1,0,0,차대사람 - 기타,안전운전불이행,건조,맑음,기타 - 기타,승합,남,62세,상해없음,보행자,남,8세,중상
2013052600100236,2013년 5월 26일 12시,일요일,경상남도 창원시 성산구 외동,중상사고,0,1,0,0,차대차 - 기타,신호위반,기타,맑음,교차로 - 교차로안,승용,남,45세,상해없음,승용,남,36세,중상
2013052600100237,2013년 5월 26일 12시,일요일,경상남도 창원시 의창구 소계동,중상사고,0,1,0,0,차대사람 - 기타,안전운전불이행,건조,맑음,교차로 - 교차로부근,승용,여,53세,상해없음,보행자,여,68세,중상
2013052600100273,2013년 5월 26일 13시,일요일,경상남도 남해군 고현면,중상사고,0,1,0,0,차대사람 - 횡단중,안전운전불이행,건조,맑음,기타 - 기타,승용,남,44세,상해없음,보행자,남,6세,중상
2013052600100274,2013년 5월 26일 13시,일요일,경상남도 김해시 한림면,경상사고,0,0,2,0,차대차 - 측면직각충돌,안전거리미확보,건조,맑음,교차로 - 교차로안,승용,남,51세,상해없음,승용,남,47세,상해없음
2013052600100300,2013년 5월 26일 14시,일요일,경상남도 창원시 진해구 이동,중상사고,0,1,1,0,차대차 - 측면직각충돌,교차로운행방법위반,건조,맑음,교차로 - 교차로안,승용,남,35세,상해없음,승용,여,40세,중상
2013052600100301,2013년 5월 26일 14시,일요일,경상남도 합천군 초계면,경상사고,0,0,1,0,차대사람 - 차도통행중,안전운전불이행,건조,맑음,단일로 - 기타,화물,여,60세,상해없음,보행자,남,44세,경상
2013052600100359,2013년 5월 26일 16시,일요일,경상남도 통영시 항남동,경상사고,0,0,3,0,차대차 - 기타,안전운전불이행,건조,맑음,단일로 - 기타,승용,남,50세,상해없음,원동기,남,39세,경상
2013052600100360,2013년 5월 26일 16시,일요일,경상남도 김해시 장유면,중상사고,0,1,0,0,차대차 - 측면직각충돌,직진우회전진행방해,건조,맑음,교차로 - 교차로안,승용,남,41세,상해없음,이륜,남,39세,중상
2013052600100387,2013년 5월 26일 17시,일요일,경상남도 김해시 삼정동,경상사고,0,0,1,0,차대차 - 기타,중앙선침범,건조,맑음,교차로 - 교차로안,자전거,남,16세,경상,승용,남,60세,상해없음
2013052600100418,2013년 5월 26일 18시,일요일,경상남도 창원시 의창구 대산면,중상사고,0,1,0,0,차대차 - 측면직각충돌,기타,건조,맑음,교차로 - 교차로안,화물,남,75세,상해없음,이륜,남,72세,중상
2013052600100419,2013년 5월 26일 18시,일요일,경상남도 창녕군 계성면,경상사고,0,0,2,0,차대차 - 추돌 - 진행중,안전운전불이행,건조,맑음,단일로 - 기타,승용,기타불명,기타불명,기타불명,승용,남,33세,경상
2013052600100448,2013년 5월 26일 19시,일요일,경상남도 밀양시 무안면,중상사고,0,1,0,0,차대사람 - 횡단중,안전운전불이행,건조,맑음,단일로 - 기타,승용,여,45세,상해없음,보행자,여,81세,중상
2013052600100449,2013년 5월 26일 19시,일요일,경상남도 양산시 삼호동,경상사고,0,0,1,0,차대차 - 기타,직진우회전진행방해,건조,맑음,교차로 - 교차로안,승용,남,43세,상해없음,승용,남,64세,상해없음
2013052600100450,2013년 5월 26일 19시,일요일,경상남도 거제시 장평동,중상사고,0,1,0,0,차대차 - 기타,안전운전불이행,건조,맑음,교차로 - 교차로부근,승용,남,34세,상해없음,원동기,남,41세,중상
2013052600100489,2013년 5월 26일 20시,일요일,경상남도 사천시 곤명면,경상사고,0,0,1,0,차대사람 - 기타,안전운전불이행,건조,맑음,교차로 - 교차로부근,승용,남,26세,상해없음,보행자,남,76세,경상
2013052600100490,2013년 5월 26일 20시,일요일,경상남도 함안군 칠원면,경상사고,0,0,6,0,차대차 - 추돌 - 진행중,안전운전불이행,건조,맑음,단일로 - 기타,승용,남,44세,경상,승용,남,32세,경상
2013052600100516,2013년 5월 26일 21시,일요일,경상남도 통영시 산양읍,중상사고,0,1,1,0,차대차 - 추돌 - 주정차중,안전운전불이행,건조,맑음,단일로 - 기타,승용,남,33세,경상,화물,남,49세,중상
2013052600100517,2013년 5월 26일 21시,일요일,경상남도 밀양시 가곡동,중상사고,0,1,0,0,차대차 - 기타,안전운전불이행,건조,맑음,교차로 - 교차로안,승용,남,24세,상해없음,자전거,남,62세,중상
2013052700100023,2013년 5월 27일 01시,월요일,경상남도 김해시 부원동,경상사고,0,0,4,0,차대차 - 측면직각충돌,교차로운행방법위반,건조,맑음,교차로 - 교차로안,승용,남,54세,경상,승용,남,40세,상해없음
2013052700100058,2013년 5월 27일 05시,월요일,경상남도 김해시 안동,중상사고,0,1,0,0,차량단독 - 공작물충돌,안전운전불이행,건조,맑음,교차로 - 교차로부근,화물,남,48세,중상,,,,
2013052700100076,2013년 5월 27일 06시,월요일,경상남도 고성군 동해면,중상사고,0,2,0,0,차대차 - 측면직각충돌,과속,건조,맑음,교차로 - 교차로안,승용,남,41세,상해없음,농기계,남,43세,중상
2013052700100104,2013년 5월 27일 07시,월요일,경상남도 창원시 성산구 성주동,경상사고,0,0,1,0,차대차 - 기타,신호위반,기타,맑음,교차로 - 교차로안,승용,남,51세,상해없음,승용,남,44세,경상
2013052700100105,2013년 5월 27일 07시,월요일,경상남도 창원시 성산구 웅남동,중상사고,0,1,0,0,차대차 - 기타,교차로운행방법위반,기타,맑음,교차로 - 교차로안,이륜,남,40세,중상,화물,남,46세,상해없음
2013052700100106,2013년 5월 27일 07시,월요일,경상남도 창원시 의창구 팔용동,경상사고,0,0,1,0,차대사람 - 횡단중,보행자보호의무위반,건조,맑음,단일로 - 횡단보도상,승용,남,56세,상해없음,보행자,여,53세,경상
2013052700100135,2013년 5월 27일 08시,월요일,경상남도 고성군 고성읍,경상사고,0,0,1,0,차대차 - 추돌 - 진행중,안전운전불이행,건조,맑음,단일로 - 기타,원동기,남,70세,상해없음,자전거,남,73세,경상
2013052700100136,2013년 5월 27일 08시,월요일,경상남도 함안군 가야읍,경상사고,0,0,1,0,차대차 - 추돌 - 진행중,안전운전불이행,건조,맑음,교차로 - 교차로부근,화물,남,68세,상해없음,승용,남,32세,경상
2013052700100178,2013년 5월 27일 09시,월요일,경상남도 거제시 수월동,중상사고,0,1,0,0,차대사람 - 기타,보행자보호의무위반,건조,맑음,교차로 - 교차로부근,승합,남,48세,상해없음,보행자,여,60세,중상
2013052700100179,2013년 5월 27일 09시,월요일,경상남도 함안군 군북면,경상사고,0,0,1,0,차대사람 - 기타,안전운전불이행,건조,맑음,기타 - 기타,화물,남,46세,상해없음,보행자,남,88세,경상
2013052700100202,2013년 5월 27일 10시,월요일,경상남도 통영시 북신동,경상사고,0,0,1,0,차대차 - 측면직각충돌,차로위반,건조,흐림,단일로 - 기타,승용,남,60세,상해없음,승용,남,41세,상해없음
2013052700100230,2013년 5월 27일 11시,월요일,경상남도 진주시 상평동,경상사고,0,0,2,0,차대차 - 측면직각충돌,안전거리미확보,습기,비,단일로 - 기타,화물,남,51세,상해없음,승용,여,44세,경상
2013052700100231,2013년 5월 27일 11시,월요일,경상남도 사천시 사천읍,중상사고,0,1,0,0,차대사람 - 기타,안전운전불이행,습기,비,단일로 - 기타,승용,남,43세,상해없음,보행자,남,85세,중상
2013052700100232,2013년 5월 27일 11시,월요일,경상남도 밀양시 가곡동,경상사고,0,0,1,0,차대차 - 측면직각충돌,안전운전불이행,건조,흐림,교차로 - 교차로안,승용,여,52세,상해없음,승용,남,51세,경상
2013052700100233,2013년 5월 27일 11시,월요일,경상남도 밀양시 내이동,중상사고,0,1,0,0,차대차 - 측면직각충돌,신호위반,건조,맑음,교차로 - 교차로안,원동기,남,77세,중상,화물,남,44세,상해없음
2013052700100234,2013년 5월 27일 11시,월요일,경상남도 창원시 성산구 상남동,중상사고,0,1,0,0,차대사람 - 기타,안전운전불이행,건조,맑음,단일로 - 기타,승용,남,47세,상해없음,보행자,남,67세,중상
2013052700100259,2013년 5월 27일 12시,월요일,경상남도 창원시 마산합포구 서성동,경상사고,0,0,1,0,차대차 - 기타,기타,건조,맑음,단일로 - 기타,승용,남,30세,상해없음,승합,여,46세,상해없음
2013052700100260,2013년 5월 27일 12시,월요일,경상남도 진주시 평거동,경상사고,0,0,2,0,차대차 - 측면직각충돌,신호위반,습기,비,교차로 - 교차로안,승용,여,48세,경상,승합,남,45세,경상
2013052700100261,2013년 5월 27일 12시,월요일,경상남도 거제시 옥포동,중상사고,0,1,0,0,차대차 - 추돌 - 진행중,안전운전불이행,건조,맑음,단일로 - 기타,화물,남,41세,상해없음,이륜,여,56세,중상
2013052700100262,2013년 5월 27일 12시,월요일,경상남도 창원시 마산회원구 석전동,경상사고,0,0,2,0,차대차 - 측면직각충돌,안전운전불이행,건조,흐림,교차로 - 교차로안,승용,여,53세,경상,승용,남,55세,경상
2013052700100263,2013년 5월 27일 12시,월요일,경상남도 김해시 주촌면,사망사고,1,0,0,0,차량단독 - 도로외이탈 - 추락,안전운전불이행,습기,비,단일로 - 기타,화물,남,33세,사망,,,,
2013052700100289,2013년 5월 27일 13시,월요일,경상남도 진주시 내동면,부상신고사고,0,0,0,1,차량단독 - 공작물충돌,안전운전불이행,습기,비,단일로 - 기타,화물,남,41세,부상신고,,,,
2013052700100290,2013년 5월 27일 13시,월요일,경상남도 김해시 부원동,중상사고,0,1,0,0,차대차 - 측면직각충돌,안전운전불이행,습기,비,교차로 - 교차로안,승용,남,45세,상해없음,승합,남,55세,상해없음
2013052700100291,2013년 5월 27일 13시,월요일,경상남도 거창군 거창읍,경상사고,0,0,2,0,차대차 - 측면직각충돌,안전운전불이행,건조,맑음,교차로 - 교차로안,화물,여,56세,상해없음,화물,남,70세,경상
2013052700100292,2013년 5월 27일 13시,월요일,경상남도 합천군 합천읍,경상사고,0,0,2,0,차대차 - 측면직각충돌,교차로운행방법위반,습기,비,교차로 - 교차로안,화물,남,64세,경상,승용,남,35세,경상
2013052700100329,2013년 5월 27일 14시,월요일,경상남도 진주시 상평동,중상사고,0,1,2,0,차대차 - 측면직각충돌,교차로운행방법위반,습기,비,교차로 - 교차로안,화물,남,42세,상해없음,승용,남,43세,경상
2013052700100330,2013년 5월 27일 14시,월요일,경상남도 밀양시 무안면,경상사고,0,0,1,0,차대차 - 기타,중앙선침범,습기,비,단일로 - 기타,기타불명,기타불명,기타불명,기타불명,승합,여,52세,경상
2013052700100363,2013년 5월 27일 15시,월요일,경상남도 통영시 미수동,중상사고,0,1,2,0,차대차 - 추돌 - 진행중,안전운전불이행,습기,비,단일로 - 기타,승용,남,52세,상해없음,승용,남,39세,경상
2013052700100364,2013년 5월 27일 15시,월요일,경상남도 함안군 가야읍,중상사고,0,1,0,0,차대사람 - 기타,안전운전불이행,건조,맑음,단일로 - 기타,화물,남,59세,상해없음,보행자,남,61세,중상
2013052700100397,2013년 5월 27일 16시,월요일,경상남도 밀양시 상남면,중상사고,0,1,0,0,차대차 - 추돌 - 주정차중,안전운전불이행,습기,비,단일로 - 기타,이륜,남,52세,중상,승용,남,53세,기타불명
2013052700100398,2013년 5월 27일 16시,월요일,경상남도 양산시 원동면,중상사고,0,1,0,0,차대차 - 기타,중앙선침범,습기,비,기타 - 기타,승용,남,50세,상해없음,승용,남,65세,중상
2013052700100399,2013년 5월 27일 16시,월요일,경상남도 양산시 동면,중상사고,0,1,0,0,차대차 - 기타,안전운전불이행,습기,비,단일로 - 기타,화물,남,62세,상해없음,승용,여,61세,중상
2013052700100400,2013년 5월 27일 16시,월요일,경상남도 남해군 창선면,부상신고사고,0,0,0,1,차량단독 - 전도전복,안전운전불이행,습기,비,기타 - 기타,화물,남,52세,부상신고,,,,
2013052700100439,2013년 5월 27일 17시,월요일,경상남도 창원시 마산합포구 교방동,중상사고,0,1,0,0,차대사람 - 횡단중,보행자보호의무위반,습기,비,단일로 - 횡단보도상,승용,남,56세,상해없음,보행자,여,13세,중상
2013052700100440,2013년 5월 27일 17시,월요일,경상남도 진주시 상대동,경상사고,0,0,1,0,차대차 - 측면직각충돌,신호위반,습기,비,교차로 - 교차로안,승용,여,23세,상해없음,승용,남,42세,경상
2013052700100441,2013년 5월 27일 17시,월요일,경상남도 통영시 봉평동,중상사고,0,1,1,0,차대사람 - 횡단중,안전운전불이행,습기,비,단일로 - 기타,승용,남,43세,상해없음,보행자,남,38세,경상
2013052700100442,2013년 5월 27일 17시,월요일,경상남도 밀양시 교동,경상사고,0,0,1,0,차대사람 - 길가장자리구역통행중,안전운전불이행,습기,비,단일로 - 기타,승용,남,57세,상해없음,보행자,여,17세,경상
2013052700100443,2013년 5월 27일 17시,월요일,경상남도 산청군 신안면,경상사고,0,0,1,0,차대사람 - 횡단중,안전운전불이행,습기,비,교차로 - 교차로부근,승용,여,62세,상해없음,보행자,남,9세,경상
2013052700100484,2013년 5월 27일 18시,월요일,경상남도 진주시 호탄동,경상사고,0,0,2,0,차대차 - 측면직각충돌,중앙선침범,습기,비,단일로 - 기타,승용,여,31세,상해없음,승용,남,28세,경상
2013052700100543,2013년 5월 27일 19시,월요일,경상남도 밀양시 내이동,중상사고,0,1,1,0,차대차 - 측면직각충돌,안전운전불이행,습기,비,단일로 - 기타,승용,남,45세,상해없음,승용,남,38세,중상
2013052700100544,2013년 5월 27일 19시,월요일,경상남도 거창군 가조면,중상사고,0,1,0,1,차량단독 - 도로외이탈 - 추락,안전운전불이행,습기,비,단일로 - 기타,승합,남,41세,부상신고,,,,
2013052700100545,2013년 5월 27일 19시,월요일,경상남도 거제시 아주동,중상사고,0,1,0,0,차대차 - 기타,신호위반,습기,비,교차로 - 교차로부근,승용,남,40세,상해없음,원동기,여,55세,중상
2013052700100546,2013년 5월 27일 19시,월요일,경상남도 거제시 고현동,중상사고,0,1,0,0,차대사람 - 기타,보행자보호의무위반,습기,비,단일로 - 기타,승용,남,55세,상해없음,보행자,여,47세,중상
2013052700100547,2013년 5월 27일 19시,월요일,경상남도 창원시 의창구 봉곡동,경상사고,0,0,2,0,차대차 - 추돌 - 진행중,안전운전불이행,습기,비,교차로 - 교차로부근,화물,남,38세,상해없음,승용,여,43세,경상
2013052700100548,2013년 5월 27일 19시,월요일,경상남도 김해시 장유면,중상사고,0,1,0,0,차대차 - 측면직각충돌,교차로운행방법위반,습기,비,교차로 - 교차로안,화물,남,57세,상해없음,승용,여,37세,상해없음
2013052700100608,2013년 5월 27일 20시,월요일,경상남도 진주시 이현동,중상사고,0,1,0,0,차대사람 - 차도통행중,교차로운행방법위반,습기,비,교차로 - 교차로부근,승용,남,39세,상해없음,보행자,남,55세,중상
2013052700100609,2013년 5월 27일 20시,월요일,경상남도 창녕군 창녕읍,경상사고,0,0,1,0,차대차 - 기타,안전운전불이행,습기,비,단일로 - 기타,화물,남,38세,상해없음,승합,남,27세,상해없음
2013052700100610,2013년 5월 27일 20시,월요일,경상남도 함안군 가야읍,경상사고,0,0,1,0,차대차 - 정면충돌,교차로운행방법위반,습기,비,교차로 - 교차로안,승용,남,54세,상해없음,승용,남,52세,상해없음
2013052700100611,2013년 5월 27일 20시,월요일,경상남도 진주시 문산읍,부상신고사고,0,0,0,1,차량단독 - 기타,안전운전불이행,습기,비,단일로 - 기타,승용,여,55세,부상신고,,,,
2013052700100675,2013년 5월 27일 21시,월요일,경상남도 통영시 도산면,부상신고사고,0,0,0,1,차대차 - 측면직각충돌,안전운전불이행,습기,비,단일로 - 기타,승용,남,25세,상해없음,승용,남,50세,부상신고
2013052700100676,2013년 5월 27일 21시,월요일,경상남도 김해시 부원동,경상사고,0,0,1,0,차대차 - 측면직각충돌,신호위반,습기,비,교차로 - 교차로안,원동기,남,32세,경상,화물,남,54세,상해없음
2013052700100677,2013년 5월 27일 21시,월요일,경상남도 김해시 구산동,중상사고,0,1,0,0,차대사람 - 횡단중,신호위반,습기,비,교차로 - 교차로안,기타불명,기타불명,기타불명,기타불명,보행자,여,15세,중상
2013052700100678,2013년 5월 27일 21시,월요일,경상남도 김해시 내동,경상사고,0,0,1,0,차대차 - 추돌 - 주정차중,안전운전불이행,습기,비,단일로 - 기타,승용,남,65세,상해없음,승용,남,23세,경상
2013052700100679,2013년 5월 27일 21시,월요일,경상남도 창원시 마산회원구 내서읍,중상사고,0,1,3,0,차대차 - 측면직각충돌,안전운전불이행,습기,비,교차로 - 교차로안,승용,남,48세,상해없음,승합,남,57세,중상
2013052700100680,2013년 5월 27일 21시,월요일,경상남도 김해시 장유면,중상사고,0,1,0,0,차대사람 - 차도통행중,안전운전불이행,습기,비,교차로 - 교차로부근,승용,남,30세,상해없음,보행자,여,48세,중상