사고번호,사고일시,요일,시군구,사고내용,사망자수,중상자수,경상자수,부상신고자수,사고유형,법규위반,노면상태,기상상태,도로형태,가해운전자 차종,가해운전자 성별,가해운전자 연령,가해운전자 상해정도,피해운전자 차종,피해운전자 성별,피해운전자 연령,피해운전자 상해정도
2013052700100739,2013년 5월 27일 22시,월요일,경상남도 진주시 주약동,경상사고,0,0,1,0,차대사람 - 차도통행중,안전운전불이행,습기,비,교차로 - 교차로부근,승용,남,25세,상해없음,보행자,남,58세,경상
2013052700100740,2013년 5월 27일 22시,월요일,경상남도 통영시 용남면,중상사고,0,2,0,0,차량단독 - 공작물충돌,안전운전불이행,습기,비,단일로 - 기타,승용,남,43세,중상,,,,
2013052700100741,2013년 5월 27일 22시,월요일,경상남도 김해시 안동,경상사고,0,0,2,0,차대차 - 추돌 - 주정차중,안전운전불이행,습기,비,교차로 - 교차로부근,승용,남,37세,상해없음,승용,남,58세,경상
2013052700100742,2013년 5월 27일 22시,월요일,경상남도 양산시 물금읍,중상사고,0,1,0,0,차대차 - 기타,안전운전불이행,습기,비,교차로 - 교차로부근,승용,여,50세,기타불명,원동기,남,18세,중상
2013052700100743,2013년 5월 27일 22시,월요일,경상남도 거제시 장평동,중상사고,0,1,0,0,차대사람 - 기타,안전운전불이행,습기,비,단일로 - 기타,승용,남,34세,상해없음,보행자,남,32세,중상
2013052700100744,2013년 5월 27일 22시,월요일,경상남도 거제시 장평동,경상사고,0,0,1,0,차대사람 - 기타,보행자보호의무위반,습기,비,단일로 - 기타,원동기,남,37세,상해없음,보행자,남,22세,경상
2013052700100745,2013년 5월 27일 22시,월요일,경상남도 거제시 연초면,경상사고,0,0,1,0,차대차 - 추돌 - 진행중,안전운전불이행,습기,비,교차로 - 교차로부근,승용,남,45세,기타불명,승용,여,44세,경상
2013052700100746,2013년 5월 27일 22시,월요일,경상남도 남해군 삼동면,경상사고,0,0,1,0,차량단독 - 기타,안전운전불이행,습기,비,기타 - 기타,승용,남,63세,경상,,,,
2013052700100747,2013년 5월 27일 22시,월요일,경상남도 창원시 마산합포구 산호동,중상사고,0,1,0,0,차대차 - 측면직각충돌,안전운전불이행,건조,맑음,단일로 - 기타,승용,여,61세,상해없음,이륜,남,29세,중상
2013052700100748,2013년 5월 27일 22시,월요일,경상남도 창원시 마산회원구 내서읍,중상사고,0,1,0,0,차대사람 - 횡단중,안전운전불이행,습기,비,교차로 - 교차로안,승용,남,24세,상해없음,보행자,남,47세,중상
2013052700100749,2013년 5월 27일 22시,월요일,경상남도 창원시 마산회원구 석전동,중상사고,0,1,0,0,차대차 - 추돌 - 진행중,안전운전불이행,습기,비,단일로 - 기타,화물,남,61세,상해없음,승용,여,52세,중상
2013052700100808,2013년 5월 27일 23시,월요일,경상남도 진주시 금산면,중상사고,0,1,0,0,차대차 - 기타,중앙선침범,습기,비,단일로 - 기타,화물,남,58세,상해없음,승용,남,54세,중상
2013052800100034,2013년 5월 28일 00시,화요일,경상남도 창원시 마산합포구 상남동,경상사고,0,0,1,0,차대차 - 추돌 - 주정차중,안전운전불이행,습기,비,단일로 - 기타,승용,남,39세,상해없음,승용,남,62세,경상
2013052800100035,2013년 5월 28일 00시,화요일,경상남도 창원시 마산합포구 해운동,중상사고,0,1,0,0,차대사람 - 차도통행중,안전운전불이행,습기,비,교차로 - 교차로부근,승용,남,41세,상해없음,보행자,남,53세,중상
2013052800100036,2013년 5월 28일 00시,화요일,경상남도 통영시 북신동,경상사고,0,0,4,0,차대차 - 추돌 - 진행중,안전운전불이행,습기,비,교차로 - 교차로부근,승용,남,40세,상해없음,승용,여,39세,경상
2013052800100037,2013년 5월 28일 00시,화요일,경상남도 통영시 중앙동,중상사고,0,1,0,0,차대차 - 정면충돌,안전운전불이행,습기,비,교차로 - 교차로안,승용,남,42세,상해없음,승용,여,38세,중상
2013052800100038,2013년 5월 28일 00시,화요일,경상남도 거창군 거창읍,경상사고,0,0,1,0,차대차 - 측면직각충돌,신호위반,습기,비,교차로 - 교차로안,승용,남,51세,상해없음,승용,남,59세,상해없음
2013052800100039,2013년 5월 28일 00시,화요일,경상남도 창원시 성산구 중앙동,중상사고,0,1,0,0,차대사람 - 기타,보행자보호의무위반,습기,비,단일로 - 횡단보도상,승용,여,48세,상해없음,보행자,남,50세,중상
2013052800100059,2013년 5월 28일 01시,화요일,경상남도 거제시 장승포동,경상사고,0,0,2,0,차대차 - 기타,신호위반,습기,맑음,단일로 - 기타,승용,남,53세,상해없음,승용,남,33세,경상
2013052800100060,2013년 5월 28일 01시,화요일,경상남도 창원시 성산구 성주동,중상사고,0,1,0,0,차대차 - 측면직각충돌,직진우회전진행방해,습기,비,교차로 - 교차로안,승용,여,28세,상해없음,승용,남,60세,중상
2013052800100083,2013년 5월 28일 02시,화요일,경상남도 김해시 주촌면,중상사고,0,2,0,0,차대차 - 추돌 - 진행중,안전운전불이행,습기,비,단일로 - 터널,화물,남,33세,중상,화물,남,57세,중상
2013052800100105,2013년 5월 28일 04시,화요일,경상남도 창원시 진해구 석동,경상사고,0,0,1,0,차대차 - 측면직각충돌,신호위반,습기,비,교차로 - 교차로안,승용,남,51세,기타불명,승용,남,52세,상해없음
2013052800100106,2013년 5월 28일 04시,화요일,경상남도 통영시 무전동,경상사고,0,0,2,0,차대차 - 측면직각충돌,교차로운행방법위반,습기,비,교차로 - 교차로안,승용,여,41세,상해없음,승용,남,28세,상해없음
2013052800100127,2013년 5월 28일 06시,화요일,경상남도 창원시 마산합포구 교방동,경상사고,0,0,1,0,차대차 - 측면직각충돌,중앙선침범,습기,비,교차로 - 교차로안,승용,남,76세,상해없음,승용,남,48세,경상
2013052800100128,2013년 5월 28일 06시,화요일,경상남도 진주시 상평동,중상사고,0,1,1,0,차대차 - 측면직각충돌,신호위반,습기,비,교차로 - 교차로안,승용,남,60세,경상,화물,남,44세,중상
2013052800100155,2013년 5월 28일 07시,화요일,경상남도 양산시 북정동,경상사고,0,0,1,0,차대사람 - 기타,안전운전불이행,습기,비,단일로 - 기타,승용,남,40세,상해없음,보행자,남,30세,상해없음
2013052800100185,2013년 5월 28일 08시,화요일,경상남도 진주시 옥봉동,중상사고,0,1,0,0,차대사람 - 횡단중,안전운전불이행,습기,비,교차로 - 교차로안,승용,여,30세,상해없음,보행자,남,70세,중상
2013052800100186,2013년 5월 28일 08시,화요일,경상남도 거제시 옥포동,중상사고,0,1,0,0,차대사람 - 기타,기타,습기,흐림,기타 - 기타,승합,남,34세,상해없음,보행자,여,40세,중상
2013052800100212,2013년 5월 28일 09시,화요일,경상남도 김해시 삼방동,경상사고,0,0,2,0,차대차 - 측면직각충돌,교차로운행방법위반,습기,비,교차로 - 교차로안,승용,남,52세,상해없음,승용,남,59세,경상
2013052800100213,2013년 5월 28일 09시,화요일,경상남도 함양군 함양읍,중상사고,0,2,0,0,차대차 - 정면충돌,중앙선침범,습기,비,단일로 - 기타,승용,여,48세,상해없음,승용,여,63세,중상
2013052800100286,2013년 5월 28일 12시,화요일,경상남도 창원시 마산합포구 중앙동2가,경상사고,0,0,1,0,차대차 - 기타,안전거리미확보,습기,비,단일로 - 기타,승용,여,39세,상해없음,승합,남,43세,상해없음
2013052800100287,2013년 5월 28일 12시,화요일,경상남도 하동군 진교면,경상사고,0,0,1,0,차대차 - 측면직각충돌,신호위반,습기,비,교차로 - 교차로안,승용,여,46세,상해없음,화물,남,50세,경상
2013052800100311,2013년 5월 28일 13시,화요일,경상남도 김해시 삼계동,경상사고,0,0,1,0,차대차 - 기타,중앙선침범,습기,비,단일로 - 기타,승용,남,21세,경상,승합,남,47세,상해없음
2013052800100312,2013년 5월 28일 13시,화요일,경상남도 양산시 평산동,부상신고사고,0,0,0,1,차대차 - 측면직각충돌,안전거리미확보,습기,비,교차로 - 교차로부근,승용,남,75세,부상신고,화물,남,39세,상해없음
2013052800100313,2013년 5월 28일 13시,화요일,경상남도 고성군 하일면,중상사고,0,1,0,0,차대차 - 측면직각충돌,교차로운행방법위반,습기,흐림,교차로 - 교차로안,농기계,남,74세,상해없음,이륜,남,71세,중상
2013052800100340,2013년 5월 28일 14시,화요일,경상남도 창원시 진해구 남문동,중상사고,0,1,0,0,차대차 - 기타,안전운전불이행,습기,비,단일로 - 기타,화물,남,47세,상해없음,승용,여,38세,중상
2013052800100341,2013년 5월 28일 14시,화요일,경상남도 통영시 무전동,경상사고,0,0,3,0,차대차 - 정면충돌,중앙선침범,습기,흐림,교차로 - 교차로부근,승용,남,48세,상해없음,승용,여,53세,상해없음
2013052800100342,2013년 5월 28일 14시,화요일,경상남도 거제시 옥포동,중상사고,0,1,0,0,차대사람 - 기타,중앙선침범,습기,맑음,교차로 - 교차로안,화물,남,45세,상해없음,보행자,여,24세,중상
2013052800100379,2013년 5월 28일 15시,화요일,경상남도 양산시 상북면,중상사고,0,2,2,0,차대차 - 측면직각충돌,신호위반,습기,비,교차로 - 교차로안,승합,남,46세,상해없음,화물,남,48세,중상
2013052800100409,2013년 5월 28일 16시,화요일,경상남도 양산시 중부동,경상사고,0,0,1,0,차대차 - 측면직각충돌,중앙선침범,습기,흐림,기타 - 기타,화물,남,30세,상해없음,승합,여,27세,경상
2013052800100410,2013년 5월 28일 16시,화요일,경상남도 거제시 동부면,사망사고,1,0,0,0,차량단독 - 전도전복,안전운전불이행,습기,흐림,단일로 - 기타,승용,남,67세,사망,,,,
2013052800100411,2013년 5월 28일 16시,화요일,경상남도 김해시 진례면,경상사고,0,0,1,0,차대차 - 기타,안전운전불이행,습기,비,단일로 - 기타,화물,남,33세,상해없음,승용,남,51세,경상
2013052800100412,2013년 5월 28일 16시,화요일,경상남도 김해시 진영읍,중상사고,0,1,0,0,차대차 - 기타,신호위반,건조,맑음,교차로 - 교차로안,기타불명,기타불명,기타불명,기타불명,승용,남,60세,중상
2013052800100450,2013년 5월 28일 17시,화요일,경상남도 창원시 마산합포구 서성동,중상사고,0,1,0,0,차대차 - 측면직각충돌,신호위반,건조,맑음,교차로 - 교차로안,원동기,남,73세,중상,승용,여,29세,상해없음
2013052800100451,2013년 5월 28일 17시,화요일,경상남도 통영시 미수동,중상사고,0,1,1,0,차대차 - 추돌 - 주정차중,안전운전불이행,습기,흐림,단일로 - 교량,화물,남,64세,상해없음,승용,남,39세,경상
2013052800100494,2013년 5월 28일 18시,화요일,경상남도 합천군 가야면,경상사고,0,0,1,0,차대사람 - 차도통행중,안전운전불이행,건조,맑음,단일로 - 기타,승용,남,52세,상해없음,보행자,여,53세,경상
2013052800100535,2013년 5월 28일 19시,화요일,경상남도 창원시 마산합포구 해운동,부상신고사고,0,0,0,1,차대차 - 기타,기타,건조,맑음,단일로 - 기타,승용,남,18세,상해없음,원동기,남,55세,부상신고
2013052800100569,2013년 5월 28일 20시,화요일,경상남도 밀양시 삼문동,중상사고,0,1,0,0,차대사람 - 횡단중,보행자보호의무위반,습기,흐림,단일로 - 기타,승용,여,56세,상해없음,보행자,남,55세,중상
2013052800100600,2013년 5월 28일 21시,화요일,경상남도 사천시 사남면,중상사고,0,1,2,3,차대차 - 추돌 - 진행중,안전운전불이행,건조,맑음,단일로 - 기타,승용,남,38세,상해없음,승용,여,33세,경상
2013052800100601,2013년 5월 28일 21시,화요일,경상남도 김해시 삼방동,경상사고,0,0,1,0,차대사람 - 기타,안전운전불이행,습기,맑음,단일로 - 기타,승용,남,37세,상해없음,보행자,남,15세,경상
2013052800100602,2013년 5월 28일 21시,화요일,경상남도 거제시 옥포동,경상사고,0,0,1,0,차대차 - 추돌 - 진행중,안전운전불이행,건조,맑음,단일로 - 기타,승용,남,48세,상해없음,승용,남,30세,경상
2013052800100645,2013년 5월 28일 22시,화요일,경상남도 창원시 성산구 신촌동,중상사고,0,1,1,0,차대차 - 측면직각충돌,신호위반,건조,맑음,교차로 - 교차로안,승용,남,41세,상해없음,승용,남,39세,경상
2013052800100646,2013년 5월 28일 22시,화요일,경상남도 창원시 마산회원구 내서읍,중상사고,0,1,0,0,차대사람 - 기타,안전운전불이행,건조,기타,단일로 - 기타,승용,여,51세,상해없음,보행자,여,35세,중상
2013052800100647,2013년 5월 28일 22시,화요일,경상남도 창원시 마산회원구 내서읍,경상사고,0,0,1,0,차대차 - 추돌 - 주정차중,안전운전불이행,건조,맑음,단일로 - 기타,승용,남,20세,상해없음,승용,남,27세,상해없음
2013052900100019,2013년 5월 29일 00시,수요일,경상남도 진주시 봉곡동,중상사고,0,1,0,0,차대사람 - 기타,안전운전불이행,건조,맑음,단일로 - 기타,승용,남,34세,상해없음,보행자,남,52세,중상
2013052900100057,2013년 5월 29일 02시,수요일,경상남도 진주시 본성동,경상사고,0,0,1,0,차량단독 - 기타,안전운전불이행,건조,맑음,단일로 - 기타,승용,남,58세,상해없음,,,,
2013052900100058,2013년 5월 29일 02시,수요일,경상남도 창원시 진해구 석동,경상사고,0,0,1,0,차대차 - 추돌 - 진행중,안전운전불이행,건조,맑음,단일로 - 기타,승용,남,41세,상해없음,승용,남,63세,경상
2013052900100085,2013년 5월 29일 05시,수요일,경상남도 사천시 사남면,경상사고,0,0,2,0,차대차 - 측면직각충돌,안전운전불이행,건조,맑음,교차로 - 교차로안,승용,여,36세,경상,승용,남,58세,경상
2013052900100118,2013년 5월 29일 07시,수요일,경상남도 창원시 의창구 사림동,사망사고,1,0,0,0,차량단독 - 공작물충돌,안전운전불이행,건조,맑음,단일로 - 기타,화물,남,26세,사망,,,,
2013052900100119,2013년 5월 29일 07시,수요일,경상남도 창원시 의창구 대산면,경상사고,0,0,1,0,차대차 - 측면직각충돌,신호위반,건조,맑음,교차로 - 교차로안,승용,남,46세,상해없음,승용,남,40세,상해없음
2013052900100163,2013년 5월 29일 08시,수요일,경상남도 김해시 삼계동,중상사고,0,2,0,0,차대사람 - 횡단중,신호위반,건조,맑음,교차로 - 교차로부근,승합,남,48세,상해없음,보행자,여,6세,중상
2013052900100164,2013년 5월 29일 08시,수요일,경상남도 창원시 의창구 봉곡동,경상사고,0,0,1,0,차대차 - 측면직각충돌,차로위반,건조,맑음,단일로 - 기타,승용,남,28세,상해없음,승용,남,35세,경상
2013052900100183,2013년 5월 29일 09시,수요일,경상남도 양산시 주남동,경상사고,0,0,2,0,차대차 - 기타,직진우회전진행방해,건조,맑음,교차로 - 교차로안,승용,남,61세,상해없음,승용,여,39세,경상
2013052900100205,2013년 5월 29일 10시,수요일,경상남도 밀양시 부북면,경상사고,0,0,1,0,차대차 - 기타,교차로운행방법위반,건조,맑음,교차로 - 교차로안,화물,남,55세,상해없음,이륜,남,70세,상해없음
2013052900100233,2013년 5월 29일 11시,수요일,경상남도 거창군 가조면,중상사고,0,1,0,0,차량단독 - 전도전복,안전운전불이행,건조,맑음,단일로 - 기타,원동기,여,68세,상해없음,,,,
2013052900100260,2013년 5월 29일 12시,수요일,경상남도 진주시 장대동,경상사고,0,0,1,0,차대차 - 기타,안전거리미확보,건조,맑음,단일로 - 기타,원동기,남,32세,경상,승용,남,50세,상해없음
2013052900100261,2013년 5월 29일 12시,수요일,경상남도 밀양시 내이동,경상사고,0,0,1,0,차대차 - 측면직각충돌,안전운전불이행,건조,맑음,교차로 - 교차로안,화물,남,46세,상해없음,이륜,남,74세,경상
2013052900100262,2013년 5월 29일 12시,수요일,경상남도 양산시 어곡동,중상사고,0,1,0,0,차대차 - 측면직각충돌,직진우회전진행방해,건조,맑음,교차로 - 교차로안,승용,여,43세,상해없음,승용,남,55세,중상
2013052900100263,2013년 5월 29일 12시,수요일,경상남도 거제시 상동동,중상사고,0,1,0,0,차대차 - 추돌 - 진행중,안전운전불이행,건조,맑음,단일로 - 기타,승용,여,36세,상해없음,이륜,남,52세,중상
2013052900100264,2013년 5월 29일 12시,수요일,경상남도 함안군 칠원면,경상사고,0,0,1,0,차대차 - 기타,안전운전불이행,건조,맑음,단일로 - 기타,화물,남,65세,상해없음,이륜,남,24세,경상
2013052900100278,2013년 5월 29일 13시,수요일,경상남도 진주시 가좌동,경상사고,0,0,1,0,차대사람 - 길가장자리구역통행중,안전운전불이행,건조,맑음,단일로 - 기타,기타불명,기타불명,기타불명,기타불명,보행자,여,22세,경상
2013052900100279,2013년 5월 29일 13시,수요일,경상남도 창원시 성산구 성산동,경상사고,0,0,1,0,차대차 - 추돌 - 주정차중,안전운전불이행,건조,맑음,단일로 - 기타,화물,남,53세,상해없음,화물,남,34세,경상
2013052900100300,2013년 5월 29일 14시,수요일,경상남도 사천시 사남면,경상사고,0,0,1,0,차대차 - 측면직각충돌,안전운전불이행,건조,맑음,단일로 - 기타,승용,여,38세,경상,화물,남,55세,상해없음
2013052900100301,2013년 5월 29일 14시,수요일,경상남도 창원시 성산구 대방동,중상사고,0,1,0,0,차대사람 - 횡단중,보행자보호의무위반,건조,맑음,교차로 - 교차로부근,승합,남,51세,상해없음,보행자,남,37세,중상
2013052900100326,2013년 5월 29일 15시,수요일,경상남도 창원시 진해구 덕산동,경상사고,0,0,3,0,차대차 - 측면직각충돌,교차로운행방법위반,건조,맑음,교차로 - 교차로안,승합,남,65세,상해없음,화물,남,52세,경상
2013052900100327,2013년 5월 29일 15시,수요일,경상남도 창원시 진해구 중앙동,경상사고,0,0,1,0,차대차 - 측면직각충돌,교차로운행방법위반,건조,맑음,교차로 - 교차로안,승용,여,45세,상해없음,원동기,여,61세,경상
2013052900100328,2013년 5월 29일 15시,수요일,경상남도 고성군 고성읍,경상사고,0,0,1,0,차대차 - 측면직각충돌,안전거리미확보,건조,맑음,단일로 - 기타,농기계,남,68세,상해없음,승용,여,48세,경상
2013052900100329,2013년 5월 29일 15시,수요일,경상남도 거제시 사등면,중상사고,0,1,0,0,차대차 - 기타,안전운전불이행,건조,맑음,단일로 - 기타,승용,남,41세,상해없음,이륜,남,34세,중상
2013052900100395,2013년 5월 29일 17시,수요일,경상남도 창녕군 창녕읍,중상사고,0,1,1,0,차대차 - 측면직각충돌,안전운전불이행,건조,흐림,교차로 - 교차로부근,화물,남,59세,경상,화물,남,54세,중상
2013052900100423,2013년 5월 29일 18시,수요일,경상남도 김해시 구산동,중상사고,0,1,0,0,차대사람 - 기타,기타,건조,맑음,단일로 - 기타,승합,남,52세,상해없음,보행자,여,48세,중상
2013052900100424,2013년 5월 29일 18시,수요일,경상남도 창원시 마산회원구 양덕동,경상사고,0,0,1,0,차대차 - 추돌 - 주정차중,안전운전불이행,건조,맑음,단일로 - 기타,승합,남,54세,상해없음,승용,여,30세,경상
2013052900100463,2013년 5월 29일 19시,수요일,경상남도 창원시 진해구 충무동,중상사고,0,1,2,0,차대차 - 측면직각충돌,차로위반,건조,맑음,단일로 - 기타,승용,여,31세,경상,승용,여,24세,중상
2013052900100464,2013년 5월 29일 19시,수요일,경상남도 거제시 옥포동,경상사고,0,0,1,0,차대차 - 기타,중앙선침범,건조,맑음,단일로 - 기타,승용,남,24세,상해없음,승용,남,55세,경상
2013052900100478,2013년 5월 29일 20시,수요일,경상남도 양산시 물금읍,경상사고,0,0,1,0,차대사람 - 횡단중,안전운전불이행,건조,맑음,단일로 - 기타,승용,여,43세,상해없음,보행자,여,44세,경상
2013052900100509,2013년 5월 29일 21시,수요일,경상남도 진주시 인사동,중상사고,0,1,0,0,차대사람 - 횡단중,안전운전불이행,건조,맑음,단일로 - 기타,승용,여,46세,상해없음,보행자,남,46세,중상
2013052900100510,2013년 5월 29일 21시,수요일,경상남도 거제시 고현동,중상사고,0,1,0,0,차대차 - 기타,신호위반,건조,맑음,교차로 - 교차로안,이륜,남,17세,상해없음,이륜,남,30세,중상
2013052900100511,2013년 5월 29일 21시,수요일,경상남도 창원시 성산구 중앙동,경상사고,0,0,1,0,차대차 - 측면직각충돌,안전운전불이행,건조,맑음,단일로 - 횡단보도부근,승용,남,60세,상해없음,승용,남,51세,경상
2013052900100546,2013년 5월 29일 22시,수요일,경상남도 거제시 연초면,중상사고,0,1,0,0,차대사람 - 기타,신호위반,건조,맑음,단일로 - 횡단보도상,승용,여,21세,상해없음,보행자,남,28세,중상
2013052900100569,2013년 5월 29일 23시,수요일,경상남도 통영시 북신동,경상사고,0,0,1,0,차대사람 - 길가장자리구역통행중,안전운전불이행,건조,맑음,교차로 - 교차로안,승용,남,47세,상해없음,보행자,남,36세,경상
2013052900100570,2013년 5월 29일 23시,수요일,경상남도 양산시 북정동,경상사고,0,0,1,1,차대차 - 측면직각충돌,교차로운행방법위반,건조,맑음,교차로 - 교차로안,승용,남,42세,상해없음,승용,남,44세,부상신고
2013052900100571,2013년 5월 29일 23시,수요일,경상남도 창원시 의창구 팔용동,경상사고,0,0,1,0,차대차 - 기타,안전운전불이행,건조,맑음,교차로 - 교차로안,승용,남,51세,상해없음,승용,남,45세,경상
2013053000100014,2013년 5월 30일 00시,목요일,경상남도 창원시 마산회원구 석전동,중상사고,0,3,0,1,차대차 - 기타,신호위반,건조,맑음,교차로 - 교차로부근,승용,남,56세,상해없음,승용,남,58세,중상
2013053000100015,2013년 5월 30일 00시,목요일,경상남도 창원시 의창구 봉곡동,중상사고,0,3,1,0,차대차 - 측면직각충돌,신호위반,건조,맑음,교차로 - 교차로안,승용,남,50세,상해없음,승용,남,36세,중상
2013053000100068,2013년 5월 30일 05시,목요일,경상남도 김해시 삼방동,경상사고,0,0,1,0,차대차 - 추돌 - 진행중,안전운전불이행,건조,맑음,단일로 - 기타,승용,남,40세,상해없음,승용,남,52세,경상
2013053000100081,2013년 5월 30일 06시,목요일,경상남도 창원시 의창구 용호동,중상사고,0,1,0,0,차대차 - 측면직각충돌,교차로운행방법위반,건조,맑음,교차로 - 교차로안,승용,남,56세,상해없음,이륜,남,48세,중상
2013053000100106,2013년 5월 30일 07시,목요일,경상남도 김해시 삼계동,경상사고,0,0,2,0,차대차 - 추돌 - 진행중,안전거리미확보,건조,맑음,단일로 - 기타,승용,남,44세,상해없음,승용,남,32세,경상
2013053000100107,2013년 5월 30일 07시,목요일,경상남도 고성군 마암면,경상사고,0,0,1,0,차대차 - 추돌 - 주정차중,안전운전불이행,건조,맑음,단일로 - 기타,승용,남,28세,상해없음,승용,여,60세,경상
2013053000100108,2013년 5월 30일 07시,목요일,경상남도 창원시 의창구 신월동,경상사고,0,0,1,0,차대차 - 측면직각충돌,안전운전불이행,건조,맑음,교차로 - 교차로부근,승용,남,31세,상해없음,자전거,남,23세,경상
2013053000100146,2013년 5월 30일 08시,목요일,경상남도 진주시 상평동,중상사고,0,1,1,0,차대차 - 기타,안전거리미확보,건조,맑음,기타 - 기타,승용,남,56세,경상,원동기,남,35세,중상
2013053000100147,2013년 5월 30일 08시,목요일,경상남도 통영시 정량동,중상사고,0,1,0,0,차대차 - 측면직각충돌,안전운전불이행,건조,맑음,단일로 - 기타,승합,여,42세,상해없음,자전거,남,80세,중상
2013053000100177,2013년 5월 30일 09시,목요일,경상남도 거창군 거창읍,부상신고사고,0,0,0,1,차대차 - 측면직각충돌,안전운전불이행,건조,맑음,교차로 - 교차로안,원동기,여,40세,부상신고,승용,여,64세,상해없음
2013053000100178,2013년 5월 30일 09시,목요일,경상남도 창원시 성산구 반림동,중상사고,0,1,0,0,차대차 - 측면직각충돌,안전운전불이행,건조,맑음,단일로 - 기타,승용,남,54세,상해없음,이륜,남,21세,중상
2013053000100203,2013년 5월 30일 10시,목요일,경상남도 창원시 진해구 자은동,중상사고,0,1,0,0,차대사람 - 차도통행중,안전운전불이행,건조,맑음,교차로 - 교차로안,화물,남,52세,상해없음,보행자,여,30세,중상
2013053000100204,2013년 5월 30일 10시,목요일,경상남도 창녕군 고암면,중상사고,0,1,0,0,차대사람 - 횡단중,안전운전불이행,건조,맑음,단일로 - 기타,승합,남,37세,상해없음,보행자,여,72세,중상
2013053000100262,2013년 5월 30일 12시,목요일,경상남도 창원시 마산합포구 신포동2가,경상사고,0,0,1,0,차대사람 - 횡단중,보행자보호의무위반,건조,맑음,교차로 - 교차로부근,승용,여,63세,상해없음,보행자,여,37세,경상
2013053000100263,2013년 5월 30일 12시,목요일,경상남도 창원시 진해구 석동,중상사고,0,1,0,0,차대사람 - 횡단중,안전운전불이행,건조,맑음,단일로 - 기타,원동기,남,45세,상해없음,보행자,여,65세,중상
2013053000100264,2013년 5월 30일 12시,목요일,경상남도 사천시 벌리동,경상사고,0,0,1,0,차대차 - 기타,안전운전불이행,건조,맑음,단일로 - 기타,원동기,남,56세,상해없음,자전거,여,58세,경상
2013053000100320,2013년 5월 30일 14시,목요일,경상남도 창원시 마산합포구 오동동,중상사고,0,1,0,0,차대차 - 추돌 - 주정차중,안전운전불이행,건조,맑음,교차로 - 교차로부근,화물,남,54세,상해없음,이륜,남,68세,중상
2013053000100321,2013년 5월 30일 14시,목요일,경상남도 거창군 가조면,경상사고,0,0,1,0,차대차 - 정면충돌,안전운전불이행,건조,맑음,단일로 - 기타,화물,남,38세,상해없음,원동기,여,38세,경상
2013053000100341,2013년 5월 30일 15시,목요일,경상남도 창원시 마산합포구 예곡동,경상사고,0,0,2,0,차대차 - 추돌 - 진행중,안전거리미확보,건조,맑음,단일로 - 기타,건설기계,남,40세,상해없음,승용,여,55세,경상
2013053000100342,2013년 5월 30일 15시,목요일,경상남도 밀양시 하남읍,중상사고,0,1,0,0,차대차 - 측면직각충돌,중앙선침범,건조,맑음,단일로 - 기타,승용,여,53세,상해없음,원동기,여,50세,중상
2013053000100343,2013년 5월 30일 15시,목요일,경상남도 김해시 장유면,중상사고,0,1,0,0,차대차 - 측면직각충돌,교차로운행방법위반,건조,맑음,교차로 - 교차로안,승용,여,44세,상해없음,승합,여,42세,중상
2013053000100376,2013년 5월 30일 16시,목요일,경상남도 창원시 의창구 삼동동,중상사고,0,1,0,0,차량단독 - 기타,안전운전불이행,건조,맑음,단일로 - 기타,승용,여,66세,상해없음,,,,
2013053000100377,2013년 5월 30일 16시,목요일,경상남도 창원시 마산회원구 회성동,중상사고,0,1,0,0,차대차 - 추돌 - 진행중,안전운전불이행,건조,맑음,단일로 - 기타,승용,남,58세,상해없음,승용,여,33세,중상
2013053000100378,2013년 5월 30일 16시,목요일,경상남도 창원시 의창구 서상동,중상사고,0,1,0,0,차대차 - 측면직각충돌,교차로운행방법위반,건조,맑음,교차로 - 교차로안,승용,남,58세,상해없음,자전거,남,22세,중상
2013053000100403,2013년 5월 30일 17시,목요일,경상남도 김해시 삼계동,중상사고,0,1,2,0,차대차 - 측면직각충돌,신호위반,건조,맑음,교차로 - 교차로안,승용,남,38세,경상,승용,남,57세,중상
2013053000100404,2013년 5월 30일 17시,목요일,경상남도 창녕군 남지읍,중상사고,0,1,0,0,차대차 - 측면직각충돌,안전운전불이행,건조,맑음,단일로 - 기타,승용,여,40세,상해없음,승용,남,64세,상해없음
2013053000100405,2013년 5월 30일 17시,목요일,경상남도 양산시 삼호동,부상신고사고,0,0,0,2,차대차 - 기타,안전운전불이행,건조,맑음,교차로 - 교차로부근,승용,남,44세,상해없음,승용,남,48세,부상신고
2013053000100406,2013년 5월 30일 17시,목요일,경상남도 함안군 가야읍,사망사고,1,0,0,0,차대사람 - 보도통행중,안전운전불이행,건조,맑음,단일로 - 기타,이륜,남,63세,상해없음,보행자,여,74세,사망
2013053000100441,2013년 5월 30일 18시,목요일,경상남도 창원시 마산합포구 중앙동2가,경상사고,0,0,1,0,차량단독 - 기타,안전운전불이행,건조,맑음,교차로 - 교차로부근,승합,남,48세,상해없음,,,,
2013053000100442,2013년 5월 30일 18시,목요일,경상남도 창원시 의창구 명서동,중상사고,0,1,1,0,차대차 - 측면직각충돌,교차로운행방법위반,건조,맑음,교차로 - 교차로안,승용,여,51세,상해없음,승용,여,47세,경상