사고번호,사고일시,요일,시군구,사고내용,사망자수,중상자수,경상자수,부상신고자수,사고유형,법규위반,노면상태,기상상태,도로형태,가해운전자 차종,가해운전자 성별,가해운전자 연령,가해운전자 상해정도,피해운전자 차종,피해운전자 성별,피해운전자 연령,피해운전자 상해정도
2013053000100469,2013년 5월 30일 19시,목요일,경상남도 김해시 내동,중상사고,0,1,0,0,차대사람 - 기타,안전운전불이행,건조,맑음,기타 - 기타,승용,남,54세,상해없음,보행자,여,75세,중상
2013053000100470,2013년 5월 30일 19시,목요일,경상남도 거제시 고현동,부상신고사고,0,0,0,1,차대차 - 추돌 - 진행중,안전운전불이행,건조,맑음,교차로 - 교차로부근,기타불명,기타불명,기타불명,기타불명,자전거,남,21세,부상신고
2013053000100471,2013년 5월 30일 19시,목요일,경상남도 함안군 군북면,경상사고,0,0,1,0,차대사람 - 횡단중,안전운전불이행,건조,맑음,교차로 - 교차로안,화물,남,58세,상해없음,보행자,남,51세,경상
2013053000100505,2013년 5월 30일 20시,목요일,경상남도 합천군 합천읍,경상사고,0,0,1,0,차대차 - 측면직각충돌,교차로운행방법위반,건조,맑음,교차로 - 교차로안,원동기,남,45세,경상,승용,여,27세,상해없음
2013053000100547,2013년 5월 30일 21시,목요일,경상남도 창원시 마산합포구 해운동,경상사고,0,0,1,0,차대차 - 추돌 - 진행중,안전거리미확보,건조,맑음,교차로 - 교차로부근,승용,남,48세,상해없음,승용,남,57세,경상
2013053000100548,2013년 5월 30일 21시,목요일,경상남도 진주시 칠암동,중상사고,0,1,0,0,차대사람 - 횡단중,보행자보호의무위반,건조,맑음,교차로 - 교차로부근,승용,여,40세,상해없음,보행자,여,49세,중상
2013053000100627,2013년 5월 30일 23시,목요일,경상남도 통영시 도천동,부상신고사고,0,0,0,1,차량단독 - 공작물충돌,안전운전불이행,건조,맑음,교차로 - 교차로안,화물,남,36세,부상신고,,,,
2013053100100024,2013년 5월 31일 00시,금요일,경상남도 밀양시 교동,중상사고,0,1,0,0,차대사람 - 횡단중,안전운전불이행,건조,맑음,단일로 - 기타,승용,남,35세,상해없음,보행자,남,55세,중상
2013053100100025,2013년 5월 31일 00시,금요일,경상남도 김해시 외동,중상사고,0,1,1,0,차대사람 - 횡단중,안전운전불이행,건조,맑음,단일로 - 기타,승용,여,48세,상해없음,보행자,남,41세,중상
2013053100100084,2013년 5월 31일 06시,금요일,경상남도 창원시 진해구 여좌동,중상사고,0,1,0,0,차대차 - 추돌 - 진행중,안전운전불이행,건조,맑음,단일로 - 터널,승용,남,39세,중상,건설기계,남,60세,상해없음
2013053100100139,2013년 5월 31일 08시,금요일,경상남도 창원시 진해구 자은동,경상사고,0,0,1,0,차대차 - 측면직각충돌,안전운전불이행,건조,맑음,단일로 - 기타,건설기계,남,53세,상해없음,승용,여,26세,경상
2013053100100140,2013년 5월 31일 08시,금요일,경상남도 김해시 외동,중상사고,0,1,0,0,차대차 - 추돌 - 주정차중,안전운전불이행,건조,맑음,단일로 - 기타,승용,여,36세,상해없음,승용,남,49세,중상
2013053100100141,2013년 5월 31일 08시,금요일,경상남도 창원시 의창구 도계동,중상사고,0,1,0,0,차대사람 - 기타,안전운전불이행,건조,맑음,교차로 - 교차로부근,승용,남,64세,상해없음,보행자,여,83세,중상
2013053100100170,2013년 5월 31일 09시,금요일,경상남도 의령군 의령읍,부상신고사고,0,0,0,1,차대차 - 정면충돌,안전운전불이행,건조,맑음,교차로 - 교차로부근,승합,남,68세,상해없음,원동기,남,78세,부상신고
2013053100100203,2013년 5월 31일 10시,금요일,경상남도 함안군 법수면,경상사고,0,0,1,0,차대차 - 기타,안전운전불이행,건조,맑음,단일로 - 기타,화물,남,55세,상해없음,농기계,남,71세,경상
2013053100100204,2013년 5월 31일 10시,금요일,경상남도 함안군 칠서면,중상사고,0,1,0,0,차대차 - 측면직각충돌,안전운전불이행,건조,맑음,교차로 - 교차로안,건설기계,남,56세,상해없음,승용,여,55세,중상
2013053100100233,2013년 5월 31일 11시,금요일,경상남도 김해시 부원동,경상사고,0,0,1,0,차대차 - 측면직각충돌,신호위반,건조,맑음,교차로 - 교차로안,승용,여,46세,상해없음,승용,여,29세,경상
2013053100100264,2013년 5월 31일 12시,금요일,경상남도 창원시 진해구 덕산동,중상사고,0,1,0,0,차대사람 - 기타,안전운전불이행,건조,맑음,단일로 - 기타,승용,여,52세,상해없음,보행자,여,63세,중상
2013053100100290,2013년 5월 31일 13시,금요일,경상남도 양산시 평산동,경상사고,0,0,1,0,차대차 - 기타,안전운전불이행,건조,맑음,교차로 - 교차로부근,승용,남,51세,상해없음,승용,남,47세,경상
2013053100100327,2013년 5월 31일 14시,금요일,경상남도 김해시 외동,경상사고,0,0,1,0,차대차 - 추돌 - 진행중,안전거리미확보,건조,맑음,단일로 - 기타,특수,남,59세,상해없음,승용,여,37세,경상
2013053100100328,2013년 5월 31일 14시,금요일,경상남도 김해시 장유면,중상사고,0,1,0,0,차대사람 - 보도통행중,신호위반,건조,맑음,교차로 - 교차로부근,화물,남,38세,상해없음,보행자,남,6세,중상
2013053100100364,2013년 5월 31일 15시,금요일,경상남도 산청군 산청읍,중상사고,0,1,0,0,차대차 - 측면직각충돌,안전운전불이행,건조,맑음,단일로 - 기타,승용,남,24세,상해없음,농기계,남,80세,중상
2013053100100365,2013년 5월 31일 15시,금요일,경상남도 창원시 의창구 북면,중상사고,0,1,0,0,차대사람 - 횡단중,안전운전불이행,건조,맑음,교차로 - 교차로안,화물,남,71세,상해없음,보행자,여,86세,중상
2013053100100428,2013년 5월 31일 17시,금요일,경상남도 밀양시 삼문동,중상사고,0,1,0,0,차대차 - 추돌 - 진행중,안전운전불이행,건조,맑음,단일로 - 기타,승용,남,30세,상해없음,승용,남,30세,중상
2013053100100429,2013년 5월 31일 17시,금요일,경상남도 김해시 대동면,경상사고,0,0,1,0,차대차 - 측면직각충돌,안전운전불이행,건조,맑음,단일로 - 기타,승용,남,55세,상해없음,승용,남,52세,경상
2013053100100472,2013년 5월 31일 18시,금요일,경상남도 밀양시 삼문동,경상사고,0,0,1,0,차대차 - 측면직각충돌,교차로운행방법위반,건조,맑음,교차로 - 교차로안,승용,여,36세,상해없음,승용,남,63세,경상
2013053100100473,2013년 5월 31일 18시,금요일,경상남도 창녕군 창녕읍,중상사고,0,3,4,0,차대차 - 추돌 - 주정차중,안전운전불이행,건조,맑음,단일로 - 기타,승용,여,37세,상해없음,승용,여,36세,경상
2013053100100474,2013년 5월 31일 18시,금요일,경상남도 창원시 마산회원구 구암동,중상사고,0,1,0,0,차대차 - 측면직각충돌,신호위반,건조,맑음,교차로 - 교차로부근,화물,남,55세,상해없음,자전거,남,27세,중상
2013053100100510,2013년 5월 31일 19시,금요일,경상남도 창원시 진해구 안골동,경상사고,0,0,3,0,차대차 - 측면직각충돌,직진우회전진행방해,건조,맑음,교차로 - 교차로안,승용,남,42세,상해없음,승용,남,56세,경상
2013053100100511,2013년 5월 31일 19시,금요일,경상남도 창원시 의창구 용호동,경상사고,0,0,1,0,차대차 - 측면직각충돌,안전운전불이행,건조,맑음,단일로 - 기타,승용,남,47세,상해없음,자전거,여,25세,경상
2013053100100549,2013년 5월 31일 20시,금요일,경상남도 사천시 서포면,중상사고,0,1,1,0,차대차 - 정면충돌,중앙선침범,건조,맑음,단일로 - 기타,승용,남,40세,경상,승용,여,47세,중상
2013053100100550,2013년 5월 31일 20시,금요일,경상남도 창원시 성산구 상남동,중상사고,0,1,0,0,차대차 - 측면직각충돌,신호위반,건조,맑음,단일로 - 횡단보도상,승용,남,27세,상해없음,자전거,여,24세,중상
2013053100100551,2013년 5월 31일 20시,금요일,경상남도 김해시 진영읍,중상사고,0,1,0,0,차대차 - 기타,교차로운행방법위반,건조,맑음,교차로 - 교차로안,이륜,남,44세,중상,화물,남,47세,상해없음
2013053100100586,2013년 5월 31일 21시,금요일,경상남도 창원시 마산합포구 동성동,경상사고,0,0,1,0,차대차 - 추돌 - 주정차중,안전운전불이행,건조,맑음,교차로 - 교차로부근,승용,여,31세,상해없음,원동기,남,62세,경상
2013053100100587,2013년 5월 31일 21시,금요일,경상남도 진주시 하대동,중상사고,0,1,0,0,차대사람 - 차도통행중,안전운전불이행,건조,맑음,단일로 - 기타,원동기,남,16세,상해없음,보행자,여,70세,중상
2013053100100588,2013년 5월 31일 21시,금요일,경상남도 밀양시 가곡동,경상사고,0,0,1,0,차대차 - 측면직각충돌,안전운전불이행,건조,맑음,단일로 - 기타,승용,남,57세,상해없음,승용,여,47세,경상
2013053100100628,2013년 5월 31일 22시,금요일,경상남도 통영시 광도면,중상사고,0,3,0,0,차대차 - 측면직각충돌,안전운전불이행,건조,맑음,교차로 - 교차로안,승용,남,47세,상해없음,승용,남,57세,중상
2013053100100629,2013년 5월 31일 22시,금요일,경상남도 김해시 외동,중상사고,0,1,3,0,차대차 - 추돌 - 진행중,안전운전불이행,건조,맑음,단일로 - 기타,승용,남,40세,상해없음,승용,남,55세,경상
2013053100100661,2013년 5월 31일 23시,금요일,경상남도 창원시 성산구 남양동,경상사고,0,0,2,0,차대차 - 추돌 - 주정차중,안전운전불이행,건조,맑음,기타 - 기타,승용,남,41세,상해없음,승용,여,26세,경상
2013060100100020,2013년 6월 1일 00시,토요일,경상남도 양산시 동면,경상사고,0,0,1,0,차대차 - 기타,교차로운행방법위반,건조,맑음,교차로 - 교차로안,승용,남,36세,상해없음,승용,여,47세,경상
2013060100100061,2013년 6월 1일 02시,토요일,경상남도 창원시 의창구 봉곡동,부상신고사고,0,0,0,1,차대차 - 측면직각충돌,신호위반,건조,맑음,교차로 - 교차로안,승용,남,44세,상해없음,승용,남,58세,상해없음
2013060100100076,2013년 6월 1일 03시,토요일,경상남도 창원시 마산회원구 양덕동,경상사고,0,0,1,0,차대차 - 측면직각충돌,안전운전불이행,건조,맑음,교차로 - 교차로부근,승용,남,60세,상해없음,승용,남,63세,상해없음
2013060100100094,2013년 6월 1일 04시,토요일,경상남도 진주시 평거동,중상사고,0,1,0,0,차대사람 - 횡단중,안전운전불이행,건조,맑음,단일로 - 기타,승용,남,29세,상해없음,보행자,남,19세,중상
2013060100100095,2013년 6월 1일 04시,토요일,경상남도 창원시 성산구 대방동,중상사고,0,1,0,0,차대차 - 측면직각충돌,신호위반,건조,맑음,교차로 - 교차로안,승용,남,60세,상해없음,승용,여,51세,중상
2013060100100107,2013년 6월 1일 05시,토요일,경상남도 김해시 장유면,경상사고,0,0,2,0,차대차 - 기타,안전운전불이행,건조,맑음,단일로 - 기타,승용,남,27세,상해없음,승용,남,48세,경상
2013060100100109,2013년 6월 1일 05시,토요일,경상남도 통영시 무전동,경상사고,0,0,2,0,차대차 - 측면직각충돌,교차로운행방법위반,건조,맑음,교차로 - 교차로안,승용,여,52세,경상,승용,남,49세,경상
2013060100100110,2013년 6월 1일 05시,토요일,경상남도 창원시 마산회원구 봉암동,중상사고,0,2,2,1,차대차 - 정면충돌,중앙선침범,건조,맑음,단일로 - 기타,승용,여,48세,부상신고,승용,남,60세,중상
2013060100100117,2013년 6월 1일 06시,토요일,경상남도 김해시 부원동,중상사고,0,2,0,0,차량단독 - 공작물충돌,안전운전불이행,건조,맑음,단일로 - 기타,승용,남,55세,상해없음,,,,
2013060100100146,2013년 6월 1일 07시,토요일,경상남도 거제시 옥포동,중상사고,0,2,0,0,차대차 - 측면직각충돌,안전운전불이행,건조,맑음,교차로 - 교차로안,승용,남,45세,상해없음,승용,남,43세,중상
2013060100100147,2013년 6월 1일 07시,토요일,경상남도 거제시 문동동,중상사고,0,1,0,0,차대차 - 기타,교차로운행방법위반,건조,맑음,교차로 - 교차로안,승용,여,55세,상해없음,승용,남,48세,중상
2013060100100167,2013년 6월 1일 08시,토요일,경상남도 거제시 고현동,중상사고,0,1,0,0,차대차 - 측면직각충돌,교차로운행방법위반,건조,맑음,교차로 - 교차로안,승용,여,47세,상해없음,이륜,여,47세,중상
2013060100100168,2013년 6월 1일 08시,토요일,경상남도 산청군 산청읍,경상사고,0,0,1,0,차대차 - 측면직각충돌,안전운전불이행,건조,맑음,단일로 - 기타,기타불명,기타불명,기타불명,기타불명,이륜,남,75세,경상
2013060100100169,2013년 6월 1일 08시,토요일,경상남도 창원시 성산구 대방동,경상사고,0,0,1,0,차대차 - 기타,교차로운행방법위반,건조,맑음,단일로 - 기타,승용,여,43세,상해없음,자전거,남,33세,경상
2013060100100200,2013년 6월 1일 09시,토요일,경상남도 김해시 주촌면,경상사고,0,0,1,0,차대차 - 기타,중앙선침범,건조,맑음,단일로 - 기타,화물,남,43세,상해없음,화물,남,48세,경상
2013060100100222,2013년 6월 1일 10시,토요일,경상남도 함안군 칠북면,부상신고사고,0,0,0,1,차대차 - 측면직각충돌,중앙선침범,건조,맑음,교차로 - 교차로부근,승용,남,77세,상해없음,승용,남,38세,부상신고
2013060100100289,2013년 6월 1일 12시,토요일,경상남도 창원시 의창구 소답동,경상사고,0,0,1,0,차대차 - 기타,안전운전불이행,건조,맑음,교차로 - 교차로안,승용,여,46세,상해없음,화물,남,58세,경상
2013060100100316,2013년 6월 1일 13시,토요일,경상남도 통영시 광도면,경상사고,0,0,3,0,차대차 - 측면직각충돌,신호위반,건조,맑음,교차로 - 교차로안,승용,남,60세,상해없음,승용,남,54세,경상
2013060100100317,2013년 6월 1일 13시,토요일,경상남도 거제시 상동동,중상사고,0,1,2,0,차대차 - 측면직각충돌,교차로운행방법위반,건조,맑음,단일로 - 기타,건설기계,남,46세,상해없음,승용,남,51세,중상
2013060100100318,2013년 6월 1일 13시,토요일,경상남도 함안군 칠원면,사망사고,1,0,0,0,차대차 - 측면직각충돌,안전운전불이행,건조,맑음,교차로 - 교차로안,이륜,남,71세,사망,승용,여,27세,상해없음
2013060100100340,2013년 6월 1일 14시,토요일,경상남도 산청군 산청읍,경상사고,0,0,1,0,차대사람 - 횡단중,안전운전불이행,건조,맑음,단일로 - 기타,승용,남,47세,상해없음,보행자,남,7세,경상
2013060100100375,2013년 6월 1일 15시,토요일,경상남도 창원시 의창구 동읍,중상사고,0,1,0,0,차대차 - 기타,안전운전불이행,건조,맑음,단일로 - 기타,화물,남,59세,상해없음,자전거,여,55세,중상
2013060100100404,2013년 6월 1일 16시,토요일,경상남도 진주시 금산면,경상사고,0,0,1,0,차대사람 - 횡단중,보행자보호의무위반,건조,맑음,교차로 - 교차로부근,승용,여,49세,상해없음,보행자,여,17세,경상
2013060100100405,2013년 6월 1일 16시,토요일,경상남도 양산시 중부동,경상사고,0,0,1,0,차대사람 - 길가장자리구역통행중,안전운전불이행,건조,맑음,교차로 - 교차로부근,승용,여,39세,상해없음,보행자,여,32세,경상
2013060100100453,2013년 6월 1일 17시,토요일,경상남도 김해시 동상동,중상사고,0,4,1,0,차대차 - 측면직각충돌,교차로운행방법위반,건조,맑음,교차로 - 교차로안,화물,남,53세,상해없음,승용,남,51세,경상
2013060100100454,2013년 6월 1일 17시,토요일,경상남도 창원시 마산회원구 회원동,경상사고,0,0,1,0,차대차 - 추돌 - 주정차중,안전운전불이행,건조,맑음,단일로 - 기타,승용,남,52세,상해없음,승합,남,60세,경상
2013060100100557,2013년 6월 1일 20시,토요일,경상남도 창원시 마산합포구 월영동,중상사고,0,1,0,0,차대사람 - 횡단중,보행자보호의무위반,건조,맑음,단일로 - 횡단보도상,승용,남,65세,상해없음,보행자,남,75세,중상
2013060100100558,2013년 6월 1일 20시,토요일,경상남도 진주시 강남동,부상신고사고,0,0,0,1,차량단독 - 공작물충돌,안전운전불이행,건조,맑음,교차로 - 교차로부근,이륜,남,68세,부상신고,,,,
2013060100100559,2013년 6월 1일 20시,토요일,경상남도 창녕군 도천면,경상사고,0,0,1,0,차대사람 - 기타,안전운전불이행,건조,맑음,단일로 - 기타,화물,남,66세,상해없음,보행자,남,61세,경상
2013060100100560,2013년 6월 1일 20시,토요일,경상남도 의령군 가례면,중상사고,0,2,0,0,차대차 - 추돌 - 진행중,안전운전불이행,건조,맑음,단일로 - 기타,승용,남,32세,중상,화물,남,48세,중상
2013060100100595,2013년 6월 1일 21시,토요일,경상남도 통영시 무전동,부상신고사고,0,0,0,1,차량단독 - 공작물충돌,안전운전불이행,건조,맑음,교차로 - 교차로안,원동기,남,41세,부상신고,,,,
2013060100100596,2013년 6월 1일 21시,토요일,경상남도 김해시 어방동,경상사고,0,0,1,0,차대차 - 측면직각충돌,신호위반,건조,맑음,교차로 - 교차로안,이륜,남,17세,경상,승용,남,42세,상해없음
2013060100100649,2013년 6월 1일 23시,토요일,경상남도 김해시 삼정동,중상사고,0,2,0,0,차대차 - 추돌 - 진행중,안전운전불이행,건조,맑음,단일로 - 기타,승용,남,42세,중상,승용,남,24세,중상
2013060100100650,2013년 6월 1일 23시,토요일,경상남도 김해시 장유면,경상사고,0,0,1,0,차대차 - 기타,안전운전불이행,건조,맑음,교차로 - 교차로안,승용,남,46세,상해없음,승합,남,40세,상해없음
2013060100100651,2013년 6월 1일 23시,토요일,경상남도 김해시 진례면,경상사고,0,0,1,0,차대차 - 정면충돌,중앙선침범,건조,맑음,교차로 - 교차로안,화물,남,40세,상해없음,승용,남,28세,경상
2013060200100060,2013년 6월 2일 02시,일요일,경상남도 김해시 외동,경상사고,0,0,1,0,차대차 - 기타,신호위반,건조,맑음,교차로 - 교차로부근,승용,남,65세,상해없음,자전거,남,36세,경상
2013060200100061,2013년 6월 2일 02시,일요일,경상남도 남해군 이동면,경상사고,0,0,1,0,차량단독 - 공작물충돌,안전운전불이행,건조,맑음,단일로 - 기타,승용,여,55세,경상,,,,
2013060200100088,2013년 6월 2일 04시,일요일,경상남도 진주시 대안동,경상사고,0,0,1,0,차대사람 - 길가장자리구역통행중,안전운전불이행,건조,맑음,교차로 - 교차로부근,화물,남,54세,상해없음,보행자,남,28세,경상
2013060200100101,2013년 6월 2일 05시,일요일,경상남도 거창군 가조면,부상신고사고,0,0,0,1,차대차 - 측면직각충돌,교차로운행방법위반,건조,맑음,교차로 - 교차로안,원동기,여,57세,부상신고,승용,여,35세,상해없음
2013060200100111,2013년 6월 2일 06시,일요일,경상남도 김해시 진영읍,경상사고,0,0,3,0,차대차 - 정면충돌,불법유턴,건조,맑음,교차로 - 교차로안,승용,남,52세,상해없음,화물,남,32세,경상
2013060200100128,2013년 6월 2일 07시,일요일,경상남도 사천시 선구동,경상사고,0,0,1,0,차대차 - 추돌 - 주정차중,안전운전불이행,건조,맑음,단일로 - 기타,화물,남,59세,상해없음,승용,남,54세,경상
2013060200100129,2013년 6월 2일 07시,일요일,경상남도 창원시 의창구 팔용동,경상사고,0,0,1,0,차대차 - 측면직각충돌,안전운전불이행,건조,맑음,단일로 - 기타,승용,남,27세,상해없음,승용,남,52세,상해없음
2013060200100151,2013년 6월 2일 08시,일요일,경상남도 통영시 정량동,경상사고,0,0,6,0,차대차 - 측면직각충돌,안전운전불이행,건조,맑음,단일로 - 기타,화물,여,63세,상해없음,승용,남,28세,경상
2013060200100178,2013년 6월 2일 10시,일요일,경상남도 창원시 마산회원구 내서읍,중상사고,0,1,0,0,차대사람 - 기타,보행자보호의무위반,건조,맑음,교차로 - 교차로안,화물,남,46세,상해없음,보행자,여,22세,중상
2013060200100179,2013년 6월 2일 10시,일요일,경상남도 김해시 장유면,경상사고,0,0,1,0,차대사람 - 기타,안전운전불이행,건조,맑음,단일로 - 기타,화물,남,38세,상해없음,보행자,남,5세,경상
2013060200100197,2013년 6월 2일 11시,일요일,경상남도 창원시 진해구 석동,중상사고,0,1,1,0,차대사람 - 기타,기타,건조,맑음,교차로 - 교차로부근,승용,여,50세,상해없음,보행자,여,55세,중상
2013060200100222,2013년 6월 2일 12시,일요일,경상남도 통영시 도천동,경상사고,0,0,1,0,차대차 - 측면직각충돌,안전운전불이행,건조,맑음,단일로 - 기타,기타불명,기타불명,기타불명,기타불명,자전거,남,15세,경상
2013060200100223,2013년 6월 2일 12시,일요일,경상남도 사천시 정동면,중상사고,0,1,0,1,차대차 - 측면직각충돌,교차로운행방법위반,건조,맑음,교차로 - 교차로안,화물,남,63세,부상신고,승용,여,25세,중상
2013060200100224,2013년 6월 2일 12시,일요일,경상남도 김해시 내동,경상사고,0,0,1,0,차대사람 - 기타,안전운전불이행,건조,맑음,기타 - 기타,승용,여,43세,상해없음,보행자,여,31세,경상
2013060200100225,2013년 6월 2일 12시,일요일,경상남도 함안군 군북면,중상사고,0,1,0,0,차대차 - 측면직각충돌,직진우회전진행방해,건조,맑음,교차로 - 교차로안,이륜,남,75세,상해없음,승용,남,74세,상해없음
2013060200100247,2013년 6월 2일 13시,일요일,경상남도 밀양시 내이동,경상사고,0,0,1,0,차대차 - 측면직각충돌,교차로운행방법위반,건조,맑음,교차로 - 교차로안,승용,여,31세,상해없음,승용,여,49세,경상
2013060200100248,2013년 6월 2일 13시,일요일,경상남도 김해시 장유면,중상사고,0,1,0,0,차대차 - 기타,불법유턴,건조,맑음,단일로 - 횡단보도상,자전거,남,11세,중상,승용,여,23세,상해없음
2013060200100278,2013년 6월 2일 14시,일요일,경상남도 창녕군 영산면,경상사고,0,0,1,0,차대차 - 기타,신호위반,건조,맑음,교차로 - 교차로안,이륜,남,71세,경상,승용,남,35세,상해없음
2013060200100279,2013년 6월 2일 14시,일요일,경상남도 함안군 가야읍,중상사고,0,1,0,0,차대차 - 기타,안전운전불이행,건조,맑음,단일로 - 기타,승용,남,82세,상해없음,승용,남,31세,기타불명
2013060200100303,2013년 6월 2일 15시,일요일,경상남도 진주시 대평면,사망사고,1,0,0,0,차량단독 - 도로외이탈 - 기타,안전운전불이행,건조,맑음,단일로 - 기타,승용,여,52세,상해없음,,,,
2013060200100304,2013년 6월 2일 15시,일요일,경상남도 사천시 사천읍,경상사고,0,0,2,0,차대차 - 기타,안전운전불이행,건조,맑음,단일로 - 기타,승용,여,51세,상해없음,승용,남,26세,경상
2013060200100331,2013년 6월 2일 16시,일요일,경상남도 양산시 물금읍,중상사고,0,1,0,0,차대사람 - 횡단중,안전운전불이행,건조,맑음,단일로 - 기타,자전거,여,40세,상해없음,보행자,여,78세,중상
2013060200100332,2013년 6월 2일 16시,일요일,경상남도 거제시 고현동,경상사고,0,0,5,0,차대차 - 추돌 - 주정차중,안전운전불이행,건조,맑음,교차로 - 교차로부근,화물,남,55세,상해없음,승용,남,34세,경상
2013060200100333,2013년 6월 2일 16시,일요일,경상남도 거제시 두모동,중상사고,0,1,0,0,차대차 - 측면직각충돌,교차로운행방법위반,건조,맑음,교차로 - 교차로안,승용,남,66세,상해없음,자전거,남,28세,중상
2013060200100334,2013년 6월 2일 16시,일요일,경상남도 함안군 산인면,중상사고,0,2,0,0,차대차 - 기타,안전운전불이행,건조,맑음,단일로 - 기타,승용,남,61세,상해없음,승용,남,49세,중상
2013060200100367,2013년 6월 2일 17시,일요일,경상남도 진주시 하대동,중상사고,0,1,0,0,차대차 - 추돌 - 진행중,안전거리미확보,건조,맑음,교차로 - 교차로안,화물,남,47세,상해없음,원동기,남,78세,중상
2013060200100368,2013년 6월 2일 17시,일요일,경상남도 밀양시 내이동,부상신고사고,0,0,0,1,차대차 - 측면직각충돌,교차로운행방법위반,건조,맑음,교차로 - 교차로안,승용,남,28세,상해없음,승용,여,50세,부상신고
2013060200100369,2013년 6월 2일 17시,일요일,경상남도 창원시 마산회원구 회성동,중상사고,0,2,3,0,차대차 - 추돌 - 주정차중,안전운전불이행,건조,맑음,단일로 - 기타,승용,남,50세,상해없음,승용,남,66세,경상
2013060200100401,2013년 6월 2일 18시,일요일,경상남도 진주시 문산읍,경상사고,0,0,1,0,차대차 - 측면직각충돌,중앙선침범,건조,맑음,교차로 - 교차로부근,승용,여,32세,상해없음,승용,남,51세,경상
2013060200100402,2013년 6월 2일 18시,일요일,경상남도 양산시 신기동,경상사고,0,0,1,0,차대차 - 측면직각충돌,중앙선침범,건조,맑음,단일로 - 기타,승용,남,50세,상해없음,승용,남,32세,경상
2013060200100413,2013년 6월 2일 19시,일요일,경상남도 김해시 장유면,중상사고,0,1,0,0,차대차 - 추돌 - 진행중,안전거리미확보,건조,맑음,단일로 - 기타,화물,남,69세,상해없음,승용,여,27세,중상
2013060200100429,2013년 6월 2일 19시,일요일,경상남도 사천시 선구동,중상사고,0,1,0,0,차대사람 - 기타,안전운전불이행,건조,맑음,교차로 - 교차로안,승합,남,54세,상해없음,보행자,여,64세,중상
2013060200100430,2013년 6월 2일 19시,일요일,경상남도 사천시 사천읍,경상사고,0,0,1,0,차대차 - 기타,안전운전불이행,건조,맑음,교차로 - 교차로안,승용,여,29세,상해없음,승용,여,47세,경상
2013060200100431,2013년 6월 2일 19시,일요일,경상남도 사천시 동금동,경상사고,0,0,1,0,차대사람 - 횡단중,안전운전불이행,건조,맑음,단일로 - 기타,승용,여,32세,상해없음,보행자,여,62세,경상
2013060200100432,2013년 6월 2일 19시,일요일,경상남도 거제시 상동동,중상사고,0,1,0,0,차대차 - 측면직각충돌,안전운전불이행,건조,맑음,단일로 - 기타,승용,여,28세,상해없음,이륜,남,17세,중상
2013060200100433,2013년 6월 2일 19시,일요일,경상남도 창원시 마산회원구 회원동,경상사고,0,0,1,0,차대사람 - 기타,신호위반,건조,맑음,교차로 - 교차로안,승용,여,41세,상해없음,보행자,여,14세,경상
2013060200100461,2013년 6월 2일 20시,일요일,경상남도 진주시 중안동,중상사고,0,1,0,0,차대사람 - 횡단중,안전운전불이행,건조,맑음,단일로 - 기타,승용,남,56세,상해없음,보행자,여,61세,중상
2013060200100462,2013년 6월 2일 20시,일요일,경상남도 진주시 신안동,중상사고,0,1,0,0,차대차 - 측면직각충돌,직진우회전진행방해,건조,맑음,교차로 - 교차로안,승용,남,56세,상해없음,이륜,남,17세,중상
2013060200100464,2013년 6월 2일 20시,일요일,경상남도 통영시 명정동,경상사고,0,0,1,0,차대차 - 추돌 - 주정차중,안전거리미확보,건조,맑음,단일로 - 기타,승용,남,46세,상해없음,이륜,남,47세,경상
2013060200100507,2013년 6월 2일 22시,일요일,경상남도 진주시 신안동,중상사고,0,1,3,0,차대차 - 추돌 - 주정차중,안전운전불이행,건조,맑음,교차로 - 교차로안,승용,남,60세,중상,승용,여,39세,경상
2013060200100508,2013년 6월 2일 22시,일요일,경상남도 창원시 마산회원구 석전동,경상사고,0,0,2,0,차대차 - 추돌 - 주정차중,안전운전불이행,건조,맑음,단일로 - 기타,승용,남,52세,상해없음,승용,남,32세,경상
2013060300100045,2013년 6월 3일 05시,월요일,경상남도 양산시 평산동,중상사고,0,1,0,0,차대사람 - 횡단중,안전운전불이행,건조,맑음,교차로 - 교차로부근,승용,여,26세,상해없음,보행자,여,80세,중상
2013060300100059,2013년 6월 3일 06시,월요일,경상남도 거제시 상동동,중상사고,0,1,0,0,차대차 - 기타,안전운전불이행,건조,맑음,단일로 - 기타,승용,남,28세,상해없음,원동기,남,34세,중상
2013060300100079,2013년 6월 3일 07시,월요일,경상남도 거제시 상동동,중상사고,0,1,2,0,차대차 - 추돌 - 진행중,안전운전불이행,건조,맑음,교차로 - 교차로안,승용,남,47세,상해없음,화물,남,42세,경상
2013060300100080,2013년 6월 3일 07시,월요일,경상남도 창원시 마산회원구 내서읍,중상사고,0,1,0,0,차대차 - 기타,안전운전불이행,건조,맑음,교차로 - 교차로안,화물,남,55세,상해없음,자전거,남,30세,중상
2013060300100121,2013년 6월 3일 08시,월요일,경상남도 거제시 옥포동,중상사고,0,1,0,0,차량단독 - 기타,안전운전불이행,건조,맑음,단일로 - 기타,승합,남,52세,상해없음,,,,
2013060300100122,2013년 6월 3일 08시,월요일,경상남도 남해군 미조면,중상사고,0,1,0,0,차대차 - 측면직각충돌,교차로운행방법위반,건조,맑음,교차로 - 교차로안,승용,남,41세,상해없음,농기계,남,81세,중상
2013060300100123,2013년 6월 3일 08시,월요일,경상남도 창원시 마산합포구 산호동,경상사고,0,0,2,0,차대사람 - 기타,안전운전불이행,건조,맑음,교차로 - 교차로안,승용,여,44세,상해없음,보행자,여,14세,경상