사고번호,사고일시,요일,시군구,사고내용,사망자수,중상자수,경상자수,부상신고자수,사고유형,법규위반,노면상태,기상상태,도로형태,가해운전자 차종,가해운전자 성별,가해운전자 연령,가해운전자 상해정도,피해운전자 차종,피해운전자 성별,피해운전자 연령,피해운전자 상해정도
2013060600100175,2013년 6월 6일 09시,목요일,경상남도 창원시 진해구 소사동,중상사고,0,1,0,0,차대차 - 기타,안전운전불이행,건조,맑음,단일로 - 기타,원동기,남,86세,중상,승용,남,34세,상해없음
2013060600100176,2013년 6월 6일 09시,목요일,경상남도 합천군 율곡면,중상사고,0,1,0,0,차량단독 - 도로외이탈 - 기타,안전운전불이행,건조,맑음,단일로 - 기타,원동기,남,72세,상해없음,,,,
2013060600100177,2013년 6월 6일 09시,목요일,경상남도 함안군 칠원면,경상사고,0,0,1,0,차대차 - 기타,안전운전불이행,습기,맑음,기타 - 기타,승용,남,53세,상해없음,자전거,남,31세,경상
2013060600100204,2013년 6월 6일 10시,목요일,경상남도 함안군 가야읍,중상사고,0,1,0,0,차대사람 - 기타,안전운전불이행,건조,맑음,단일로 - 기타,농기계,남,52세,상해없음,보행자,여,69세,중상
2013060600100227,2013년 6월 6일 11시,목요일,경상남도 사천시 선구동,경상사고,0,0,1,0,차대차 - 기타,안전운전불이행,건조,맑음,단일로 - 기타,원동기,여,67세,경상,승용,여,46세,상해없음
2013060600100228,2013년 6월 6일 11시,목요일,경상남도 김해시 구산동,중상사고,0,1,0,0,차대차 - 측면직각충돌,신호위반,건조,맑음,교차로 - 교차로안,승용,남,35세,상해없음,승용,남,33세,중상
2013060600100229,2013년 6월 6일 11시,목요일,경상남도 남해군 삼동면,중상사고,0,1,0,0,차대사람 - 길가장자리구역통행중,안전운전불이행,건조,맑음,기타 - 기타,승용,남,25세,상해없음,보행자,여,76세,중상
2013060600100230,2013년 6월 6일 11시,목요일,경상남도 의령군 의령읍,경상사고,0,0,1,0,차대사람 - 기타,교차로운행방법위반,건조,맑음,교차로 - 교차로안,승용,남,27세,상해없음,보행자,남,38세,경상
2013060600100231,2013년 6월 6일 11시,목요일,경상남도 김해시 장유면,경상사고,0,0,1,0,차대차 - 추돌 - 진행중,안전거리미확보,건조,맑음,교차로 - 교차로안,승용,여,45세,상해없음,승용,남,41세,경상
2013060600100241,2013년 6월 6일 12시,목요일,경상남도 김해시 대동면,중상사고,0,2,6,0,차대차 - 추돌 - 주정차중,안전거리미확보,건조,맑음,단일로 - 기타,승용,남,44세,상해없음,승용,남,37세,중상
2013060600100258,2013년 6월 6일 12시,목요일,경상남도 밀양시 내일동,경상사고,0,0,1,0,차대차 - 측면직각충돌,교차로운행방법위반,건조,맑음,교차로 - 교차로안,승용,남,21세,상해없음,승용,남,57세,경상
2013060600100259,2013년 6월 6일 12시,목요일,경상남도 남해군 삼동면,사망사고,1,0,3,0,차대차 - 추돌 - 주정차중,안전운전불이행,건조,맑음,기타 - 기타,화물,남,61세,사망,승용,남,43세,상해없음
2013060600100260,2013년 6월 6일 12시,목요일,경상남도 김해시 흥동,중상사고,0,1,0,0,차대차 - 정면충돌,중앙선침범,건조,맑음,단일로 - 기타,승용,남,27세,상해없음,화물,남,61세,중상
2013060600100283,2013년 6월 6일 13시,목요일,경상남도 거제시 옥포동,중상사고,0,1,0,0,차대차 - 기타,안전운전불이행,건조,맑음,교차로 - 교차로안,승용,여,29세,상해없음,이륜,남,20세,중상
2013060600100311,2013년 6월 6일 14시,목요일,경상남도 통영시 정량동,중상사고,0,1,0,0,차대사람 - 횡단중,신호위반,건조,맑음,교차로 - 교차로안,승용,남,40세,상해없음,보행자,남,71세,중상
2013060600100312,2013년 6월 6일 14시,목요일,경상남도 통영시 정량동,경상사고,0,0,1,0,차대사람 - 기타,안전운전불이행,건조,맑음,교차로 - 교차로안,승용,남,57세,상해없음,보행자,남,40세,경상
2013060600100313,2013년 6월 6일 14시,목요일,경상남도 거창군 거창읍,사망사고,1,0,0,0,차대차 - 정면충돌,중앙선침범,건조,맑음,단일로 - 기타,승용,남,54세,상해없음,원동기,남,75세,사망
2013060600100314,2013년 6월 6일 14시,목요일,경상남도 양산시 중부동,경상사고,0,0,1,0,차대차 - 측면직각충돌,신호위반,건조,맑음,교차로 - 교차로안,승용,남,47세,상해없음,이륜,남,52세,경상
2013060600100315,2013년 6월 6일 14시,목요일,경상남도 김해시 주촌면,중상사고,0,1,1,0,차대차 - 추돌 - 진행중,안전운전불이행,건조,맑음,단일로 - 터널,승용,여,65세,상해없음,화물,남,35세,경상
2013060600100346,2013년 6월 6일 15시,목요일,경상남도 진주시 금곡면,중상사고,0,3,0,0,차대차 - 측면직각충돌,신호위반,건조,맑음,교차로 - 교차로안,화물,남,52세,중상,화물,남,47세,상해없음
2013060600100347,2013년 6월 6일 15시,목요일,경상남도 통영시 용남면,경상사고,0,0,2,0,차대차 - 추돌 - 진행중,안전거리미확보,건조,맑음,단일로 - 기타,승합,남,47세,상해없음,승용,남,37세,경상
2013060600100348,2013년 6월 6일 15시,목요일,경상남도 고성군 영오면,중상사고,0,1,0,0,차대사람 - 횡단중,안전운전불이행,건조,맑음,교차로 - 교차로부근,승용,남,36세,상해없음,보행자,여,11세,중상
2013060600100372,2013년 6월 6일 16시,목요일,경상남도 진주시 봉곡동,중상사고,0,1,1,0,차대차 - 측면직각충돌,직진우회전진행방해,건조,맑음,교차로 - 교차로안,승용,남,70세,상해없음,이륜,여,35세,중상
2013060600100373,2013년 6월 6일 16시,목요일,경상남도 양산시 물금읍,경상사고,0,0,1,0,차대차 - 측면직각충돌,안전운전불이행,건조,맑음,교차로 - 교차로부근,승용,남,25세,상해없음,자전거,남,8세,경상
2013060600100396,2013년 6월 6일 17시,목요일,경상남도 진주시 신안동,사망사고,1,0,0,0,차대차 - 측면직각충돌,신호위반,건조,맑음,단일로 - 기타,자전거,남,76세,사망,승용,남,43세,상해없음
2013060600100397,2013년 6월 6일 17시,목요일,경상남도 진주시 이현동,경상사고,0,0,1,0,차대차 - 측면직각충돌,안전거리미확보,건조,맑음,단일로 - 기타,화물,여,64세,상해없음,승용,여,60세,경상
2013060600100398,2013년 6월 6일 17시,목요일,경상남도 고성군 회화면,중상사고,0,1,0,0,차대차 - 측면직각충돌,교차로운행방법위반,건조,맑음,교차로 - 교차로안,승용,여,32세,상해없음,화물,남,57세,중상
2013060600100399,2013년 6월 6일 17시,목요일,경상남도 거제시 문동동,중상사고,0,1,0,0,차대차 - 기타,중앙선침범,건조,맑음,단일로 - 기타,승용,남,39세,상해없음,승용,남,63세,중상
2013060600100400,2013년 6월 6일 17시,목요일,경상남도 거제시 사등면,중상사고,0,1,0,0,차대차 - 기타,안전운전불이행,습기,맑음,단일로 - 기타,승용,남,33세,상해없음,승용,남,31세,중상
2013060600100427,2013년 6월 6일 18시,목요일,경상남도 통영시 중앙동,경상사고,0,0,1,0,차대차 - 측면직각충돌,안전운전불이행,건조,맑음,교차로 - 교차로부근,원동기,남,18세,경상,승용,여,42세,상해없음
2013060600100428,2013년 6월 6일 18시,목요일,경상남도 거제시 아주동,중상사고,0,4,0,0,차대차 - 기타,안전운전불이행,건조,맑음,단일로 - 기타,화물,남,60세,상해없음,승용,남,43세,중상
2013060600100451,2013년 6월 6일 19시,목요일,경상남도 양산시 삼호동,경상사고,0,0,1,0,차대사람 - 기타,안전운전불이행,건조,맑음,단일로 - 기타,승용,남,25세,상해없음,보행자,남,16세,경상
2013060600100452,2013년 6월 6일 19시,목요일,경상남도 하동군 하동읍,중상사고,0,1,0,0,차대차 - 기타,안전운전불이행,건조,맑음,단일로 - 기타,승용,남,51세,상해없음,이륜,남,51세,중상
2013060600100484,2013년 6월 6일 20시,목요일,경상남도 창원시 마산합포구 남성동,부상신고사고,0,0,0,1,차대차 - 측면직각충돌,교차로운행방법위반,건조,맑음,교차로 - 교차로안,승용,남,50세,부상신고,승용,남,55세,상해없음
2013060600100485,2013년 6월 6일 20시,목요일,경상남도 함안군 대산면,중상사고,0,2,0,0,차대사람 - 기타,안전운전불이행,건조,맑음,단일로 - 기타,원동기,남,58세,중상,보행자,여,70세,중상
2013060600100520,2013년 6월 6일 21시,목요일,경상남도 창원시 마산합포구 교방동,경상사고,0,0,1,0,차대차 - 측면직각충돌,교차로운행방법위반,건조,맑음,교차로 - 교차로안,승용,남,57세,상해없음,승용,여,47세,경상
2013060600100521,2013년 6월 6일 21시,목요일,경상남도 거제시 장승포동,경상사고,0,0,1,0,차대사람 - 기타,신호위반,건조,맑음,단일로 - 기타,이륜,남,15세,상해없음,보행자,여,56세,경상
2013060600100535,2013년 6월 6일 22시,목요일,경상남도 김해시 상동면,중상사고,0,1,0,0,차대차 - 기타,안전운전불이행,건조,맑음,단일로 - 기타,승합,남,39세,상해없음,승용,여,54세,중상
2013060600100541,2013년 6월 6일 22시,목요일,경상남도 밀양시 하남읍,중상사고,0,1,0,0,차대차 - 추돌 - 진행중,안전운전불이행,건조,맑음,단일로 - 기타,화물,남,50세,상해없음,농기계,남,61세,중상
2013060600100542,2013년 6월 6일 22시,목요일,경상남도 함안군 칠원면,중상사고,0,1,1,0,차대차 - 추돌 - 주정차중,안전운전불이행,건조,맑음,교차로 - 교차로부근,승용,남,35세,상해없음,화물,남,43세,중상
2013060700100020,2013년 6월 7일 01시,금요일,경상남도 양산시 평산동,중상사고,0,1,0,0,차대사람 - 기타,안전운전불이행,건조,맑음,단일로 - 기타,승용,남,41세,상해없음,보행자,여,56세,중상
2013060700100090,2013년 6월 7일 07시,금요일,경상남도 진주시 상봉동,중상사고,0,1,0,0,차대차 - 추돌 - 주정차중,안전운전불이행,건조,맑음,교차로 - 교차로부근,승용,남,49세,상해없음,승용,여,54세,중상
2013060700100091,2013년 6월 7일 07시,금요일,경상남도 거제시 고현동,경상사고,0,0,1,0,차대차 - 기타,안전운전불이행,건조,맑음,교차로 - 교차로안,승용,남,53세,상해없음,이륜,남,45세,경상
2013060700100124,2013년 6월 7일 08시,금요일,경상남도 창원시 진해구 두동,중상사고,0,1,0,0,차량단독 - 주차차량충돌,안전운전불이행,건조,맑음,단일로 - 기타,화물,남,43세,중상,,,,
2013060700100125,2013년 6월 7일 08시,금요일,경상남도 밀양시 삼문동,경상사고,0,0,1,0,차대차 - 측면직각충돌,안전거리미확보,건조,맑음,교차로 - 교차로안,승용,여,45세,상해없음,승용,여,29세,경상
2013060700100126,2013년 6월 7일 08시,금요일,경상남도 함양군 병곡면,중상사고,0,5,1,0,차대차 - 추돌 - 주정차중,안전거리미확보,건조,맑음,단일로 - 기타,특수,남,26세,상해없음,승합,남,60세,중상
2013060700100158,2013년 6월 7일 09시,금요일,경상남도 창원시 의창구 신월동,경상사고,0,0,1,0,차대차 - 측면직각충돌,직진우회전진행방해,건조,맑음,교차로 - 교차로안,승용,남,21세,상해없음,승용,남,49세,경상
2013060700100159,2013년 6월 7일 09시,금요일,경상남도 창원시 의창구 사림동,경상사고,0,0,1,0,차대사람 - 보도통행중,보행자보호의무위반,건조,맑음,단일로 - 횡단보도상,승용,남,48세,상해없음,보행자,여,34세,경상
2013060700100160,2013년 6월 7일 09시,금요일,경상남도 창원시 마산회원구 내서읍,경상사고,0,0,1,0,차대차 - 기타,안전운전불이행,건조,맑음,교차로 - 교차로안,승용,여,39세,상해없음,승용,남,44세,경상
2013060700100191,2013년 6월 7일 10시,금요일,경상남도 진주시 상대동,중상사고,0,1,0,0,차대차 - 기타,안전거리미확보,건조,맑음,교차로 - 교차로안,승용,여,40세,상해없음,승합,남,50세,상해없음
2013060700100192,2013년 6월 7일 10시,금요일,경상남도 양산시 물금읍,경상사고,0,0,1,0,차대차 - 기타,안전거리미확보,건조,맑음,단일로 - 기타,승용,여,37세,상해없음,승용,여,31세,경상
2013060700100266,2013년 6월 7일 13시,금요일,경상남도 진주시 망경동,경상사고,0,0,1,0,차대차 - 추돌 - 주정차중,안전운전불이행,건조,맑음,단일로 - 기타,승용,남,63세,상해없음,승용,남,34세,경상
2013060700100267,2013년 6월 7일 13시,금요일,경상남도 창원시 진해구 풍호동,경상사고,0,0,1,0,차대차 - 측면직각충돌,안전운전불이행,건조,맑음,교차로 - 교차로안,기타불명,기타불명,기타불명,기타불명,승용,남,31세,경상
2013060700100312,2013년 6월 7일 14시,금요일,경상남도 김해시 진영읍,중상사고,0,1,0,0,차대차 - 측면직각충돌,직진우회전진행방해,건조,맑음,교차로 - 교차로안,승용,여,36세,상해없음,이륜,남,42세,중상
2013060700100350,2013년 6월 7일 15시,금요일,경상남도 창녕군 부곡면,경상사고,0,0,1,0,차량단독 - 기타,안전운전불이행,건조,맑음,단일로 - 기타,원동기,남,42세,경상,,,,
2013060700100351,2013년 6월 7일 15시,금요일,경상남도 양산시 다방동,경상사고,0,0,2,0,차대차 - 기타,안전운전불이행,건조,맑음,교차로 - 교차로안,승용,남,59세,상해없음,승용,여,32세,경상
2013060700100352,2013년 6월 7일 15시,금요일,경상남도 창원시 마산합포구 산호동,중상사고,0,1,0,0,차대사람 - 횡단중,보행자보호의무위반,건조,맑음,단일로 - 횡단보도상,승용,여,42세,상해없음,보행자,남,7세,중상
2013060700100380,2013년 6월 7일 16시,금요일,경상남도 남해군 창선면,부상신고사고,0,0,0,6,차대차 - 기타,안전운전불이행,건조,맑음,교차로 - 교차로부근,화물,남,47세,상해없음,승용,남,36세,부상신고
2013060700100381,2013년 6월 7일 16시,금요일,경상남도 창원시 의창구 봉곡동,경상사고,0,0,1,0,차대차 - 측면직각충돌,안전운전불이행,건조,맑음,교차로 - 교차로부근,승용,남,54세,상해없음,화물,여,43세,경상
2013060700100416,2013년 6월 7일 17시,금요일,경상남도 창원시 마산회원구 합성동,중상사고,0,1,0,0,차대사람 - 기타,안전운전불이행,건조,맑음,단일로 - 기타,승용,남,43세,상해없음,보행자,남,11세,중상
2013060700100457,2013년 6월 7일 18시,금요일,경상남도 밀양시 하남읍,경상사고,0,0,1,0,차대사람 - 기타,안전운전불이행,건조,맑음,단일로 - 기타,화물,남,49세,상해없음,보행자,여,72세,경상
2013060700100458,2013년 6월 7일 18시,금요일,경상남도 김해시 삼정동,경상사고,0,0,1,0,차대차 - 추돌 - 진행중,안전거리미확보,건조,맑음,단일로 - 기타,승용,남,34세,상해없음,자전거,남,42세,경상
2013060700100459,2013년 6월 7일 18시,금요일,경상남도 김해시 외동,경상사고,0,0,1,0,차대사람 - 기타,안전운전불이행,건조,맑음,단일로 - 기타,승용,남,19세,상해없음,보행자,남,15세,경상
2013060700100503,2013년 6월 7일 19시,금요일,경상남도 김해시 외동,경상사고,0,0,1,0,차대차 - 기타,차로위반,건조,맑음,단일로 - 기타,승합,남,37세,상해없음,승용,남,26세,경상
2013060700100504,2013년 6월 7일 19시,금요일,경상남도 거제시 옥포동,중상사고,0,1,0,0,차대사람 - 기타,안전운전불이행,건조,맑음,교차로 - 교차로안,승용,여,64세,상해없음,보행자,여,51세,중상
2013060700100540,2013년 6월 7일 20시,금요일,경상남도 진주시 인사동,중상사고,0,1,0,0,차대차 - 측면직각충돌,신호위반,건조,맑음,교차로 - 교차로안,승용,남,28세,상해없음,자전거,여,47세,중상
2013060700100541,2013년 6월 7일 20시,금요일,경상남도 통영시 광도면,중상사고,0,1,0,0,차대차 - 측면직각충돌,직진우회전진행방해,건조,맑음,교차로 - 교차로안,승합,남,55세,상해없음,이륜,남,18세,중상
2013060700100542,2013년 6월 7일 20시,금요일,경상남도 사천시 동금동,중상사고,0,1,0,0,차대사람 - 횡단중,보행자보호의무위반,건조,맑음,교차로 - 교차로안,승용,남,47세,상해없음,보행자,여,53세,중상
2013060700100543,2013년 6월 7일 20시,금요일,경상남도 양산시 중부동,중상사고,0,1,0,0,차대차 - 기타,신호위반,건조,맑음,교차로 - 교차로안,원동기,남,60세,상해없음,승용,남,32세,중상
2013060700100544,2013년 6월 7일 20시,금요일,경상남도 양산시 주진동,경상사고,0,0,1,0,차대차 - 기타,신호위반,건조,맑음,교차로 - 교차로안,승용,여,52세,상해없음,승용,여,24세,경상
2013060700100545,2013년 6월 7일 20시,금요일,경상남도 창원시 의창구 봉곡동,경상사고,0,0,1,0,차대차 - 측면직각충돌,안전운전불이행,건조,맑음,교차로 - 교차로부근,승용,여,33세,상해없음,자전거,남,57세,경상
2013060700100588,2013년 6월 7일 21시,금요일,경상남도 통영시 광도면,사망사고,1,0,0,0,차대사람 - 차도통행중,안전운전불이행,건조,맑음,단일로 - 기타,승용,남,24세,상해없음,보행자,여,72세,사망
2013060700100589,2013년 6월 7일 21시,금요일,경상남도 의령군 부림면,경상사고,0,0,1,0,차대차 - 측면직각충돌,교차로운행방법위반,건조,맑음,교차로 - 교차로안,승용,여,35세,상해없음,자전거,여,35세,경상
2013060700100623,2013년 6월 7일 22시,금요일,경상남도 하동군 고전면,경상사고,0,0,2,0,차대차 - 측면직각충돌,안전거리미확보,건조,맑음,단일로 - 기타,승용,남,48세,경상,화물,남,45세,경상
2013060700100624,2013년 6월 7일 22시,금요일,경상남도 창원시 의창구 팔용동,중상사고,0,3,1,0,차대차 - 측면직각충돌,신호위반,건조,맑음,교차로 - 교차로안,승합,남,56세,상해없음,승용,남,65세,중상
2013060700100651,2013년 6월 7일 23시,금요일,경상남도 김해시 봉황동,중상사고,0,1,2,0,차대차 - 추돌 - 주정차중,안전운전불이행,건조,맑음,단일로 - 기타,승용,남,46세,상해없음,승용,여,50세,중상
2013060700100652,2013년 6월 7일 23시,금요일,경상남도 양산시 북부동,중상사고,0,1,3,0,차대차 - 기타,안전거리미확보,건조,맑음,단일로 - 기타,승용,남,34세,상해없음,승용,남,40세,중상
2013060800100045,2013년 6월 8일 01시,토요일,경상남도 거창군 가조면,중상사고,0,1,0,0,차대차 - 측면직각충돌,교차로운행방법위반,건조,맑음,교차로 - 교차로안,승용,남,21세,상해없음,승용,여,27세,중상
2013060800100079,2013년 6월 8일 03시,토요일,경상남도 창원시 진해구 용원동,경상사고,0,0,1,0,차대사람 - 차도통행중,안전운전불이행,건조,맑음,단일로 - 기타,승용,남,55세,상해없음,보행자,여,14세,경상
2013060800100092,2013년 6월 8일 04시,토요일,경상남도 창원시 진해구 이동,경상사고,0,0,1,0,차대차 - 추돌 - 주정차중,안전운전불이행,건조,맑음,단일로 - 기타,승용,남,21세,기타불명,승용,남,39세,경상
2013060800100110,2013년 6월 8일 05시,토요일,경상남도 창원시 진해구 용원동,경상사고,0,0,1,0,차대차 - 추돌 - 주정차중,안전운전불이행,건조,맑음,교차로 - 교차로부근,승합,남,25세,상해없음,승용,남,50세,상해없음
2013060800100111,2013년 6월 8일 05시,토요일,경상남도 창원시 의창구 봉곡동,부상신고사고,0,0,0,1,차대사람 - 길가장자리구역통행중,안전운전불이행,건조,맑음,교차로 - 교차로부근,기타불명,기타불명,기타불명,기타불명,보행자,여,49세,부상신고
2013060800100127,2013년 6월 8일 06시,토요일,경상남도 진주시 신안동,사망사고,1,0,0,0,차대사람 - 기타,안전운전불이행,건조,맑음,교차로 - 교차로안,특수,남,36세,상해없음,보행자,남,75세,사망
2013060800100128,2013년 6월 8일 06시,토요일,경상남도 김해시 봉황동,경상사고,0,0,1,0,차대차 - 측면직각충돌,안전운전불이행,건조,맑음,교차로 - 교차로부근,자전거,여,72세,경상,승용,남,72세,상해없음
2013060800100143,2013년 6월 8일 07시,토요일,경상남도 거제시 연초면,중상사고,0,1,0,0,차대차 - 기타,안전운전불이행,건조,맑음,단일로 - 기타,이륜,남,48세,중상,승용,남,31세,상해없음
2013060800100167,2013년 6월 8일 08시,토요일,경상남도 통영시 산양읍,경상사고,0,0,4,0,차대차 - 추돌 - 진행중,안전거리미확보,건조,맑음,단일로 - 기타,화물,남,42세,상해없음,승합,남,47세,경상
2013060800100168,2013년 6월 8일 08시,토요일,경상남도 거창군 거창읍,경상사고,0,0,1,0,차대차 - 측면직각충돌,안전운전불이행,건조,맑음,단일로 - 기타,화물,남,41세,상해없음,승용,남,34세,경상
2013060800100169,2013년 6월 8일 08시,토요일,경상남도 고성군 고성읍,경상사고,0,0,1,0,차대차 - 측면직각충돌,기타,건조,맑음,단일로 - 기타,승용,남,38세,상해없음,원동기,여,61세,경상
2013060800100170,2013년 6월 8일 08시,토요일,경상남도 하동군 악양면,중상사고,0,1,0,0,차대차 - 기타,안전운전불이행,건조,맑음,단일로 - 기타,승용,여,41세,상해없음,이륜,남,73세,중상
2013060800100171,2013년 6월 8일 08시,토요일,경상남도 거제시 장목면,경상사고,0,0,2,0,차대차 - 추돌 - 진행중,안전운전불이행,건조,맑음,교차로 - 교차로안,화물,여,52세,상해없음,승용,남,28세,경상
2013060800100195,2013년 6월 8일 09시,토요일,경상남도 진주시 문산읍,경상사고,0,0,1,0,차량단독 - 전도전복,안전운전불이행,건조,맑음,단일로 - 기타,원동기,남,71세,경상,,,,
2013060800100196,2013년 6월 8일 09시,토요일,경상남도 거제시 상동동,경상사고,0,0,1,0,차대차 - 기타,안전거리미확보,건조,맑음,기타 - 기타,승용,남,74세,상해없음,승용,여,39세,경상
2013060800100225,2013년 6월 8일 10시,토요일,경상남도 진주시 일반성면,중상사고,0,1,0,0,차대차 - 측면직각충돌,중앙선침범,건조,맑음,단일로 - 기타,화물,남,34세,상해없음,원동기,남,76세,중상
2013060800100257,2013년 6월 8일 11시,토요일,경상남도 양산시 원동면,중상사고,0,2,0,0,차대차 - 기타,중앙선침범,건조,맑음,단일로 - 기타,승용,남,35세,기타불명,승용,남,45세,중상
2013060800100258,2013년 6월 8일 11시,토요일,경상남도 김해시 풍유동,경상사고,0,0,2,0,차대차 - 기타,안전거리미확보,건조,맑음,단일로 - 기타,승용,남,33세,상해없음,승용,남,52세,경상
2013060800100288,2013년 6월 8일 12시,토요일,경상남도 통영시 무전동,중상사고,0,1,0,0,차량단독 - 기타,안전운전불이행,건조,맑음,단일로 - 기타,승합,남,45세,상해없음,,,,
2013060800100289,2013년 6월 8일 12시,토요일,경상남도 양산시 원동면,경상사고,0,0,1,0,차대차 - 기타,안전운전불이행,건조,맑음,단일로 - 기타,승용,여,61세,상해없음,자전거,남,31세,경상
2013060800100290,2013년 6월 8일 12시,토요일,경상남도 창원시 마산회원구 양덕동,부상신고사고,0,0,0,1,차대사람 - 기타,안전운전불이행,건조,맑음,단일로 - 기타,승용,남,52세,상해없음,보행자,남,5세,부상신고
2013060800100326,2013년 6월 8일 13시,토요일,경상남도 거제시 고현동,중상사고,0,1,0,0,차대사람 - 횡단중,보행자보호의무위반,건조,맑음,단일로 - 횡단보도상,승용,여,60세,상해없음,보행자,여,7세,중상
2013060800100360,2013년 6월 8일 14시,토요일,경상남도 창원시 마산합포구 예곡동,경상사고,0,0,1,0,차대차 - 정면충돌,안전운전불이행,건조,맑음,단일로 - 기타,화물,남,77세,상해없음,승용,여,43세,경상
2013060800100387,2013년 6월 8일 15시,토요일,경상남도 거제시 사등면,중상사고,0,1,0,0,차대사람 - 기타,안전운전불이행,건조,맑음,기타 - 기타,건설기계,여,44세,상해없음,보행자,여,71세,중상
2013060800100388,2013년 6월 8일 15시,토요일,경상남도 남해군 고현면,중상사고,0,1,0,0,차대사람 - 기타,안전운전불이행,건조,맑음,기타 - 기타,농기계,남,69세,상해없음,보행자,여,59세,중상
2013060800100413,2013년 6월 8일 16시,토요일,경상남도 남해군 미조면,중상사고,0,1,2,2,차대차 - 측면직각충돌,중앙선침범,건조,맑음,기타 - 기타,승용,남,58세,상해없음,승용,남,34세,경상
2013060800100470,2013년 6월 8일 18시,토요일,경상남도 김해시 삼방동,경상사고,0,0,1,0,차대사람 - 횡단중,안전운전불이행,건조,맑음,단일로 - 기타,승용,여,48세,상해없음,보행자,남,5세,경상
2013060800100490,2013년 6월 8일 19시,토요일,경상남도 김해시 삼방동,중상사고,0,1,0,0,차대차 - 추돌 - 진행중,안전거리미확보,건조,맑음,단일로 - 기타,승용,남,45세,상해없음,이륜,남,46세,중상
2013060800100491,2013년 6월 8일 19시,토요일,경상남도 김해시 어방동,경상사고,0,0,1,0,차대사람 - 횡단중,신호위반,건조,맑음,단일로 - 횡단보도상,이륜,남,17세,상해없음,보행자,남,58세,경상
2013060800100492,2013년 6월 8일 19시,토요일,경상남도 산청군 금서면,사망사고,1,0,0,1,차대사람 - 기타,안전운전불이행,건조,맑음,교차로 - 교차로안,승용,여,52세,부상신고,보행자,남,52세,사망
2013060800100523,2013년 6월 8일 20시,토요일,경상남도 통영시 정량동,경상사고,0,0,1,0,차대차 - 기타,중앙선침범,건조,맑음,단일로 - 기타,승용,남,62세,상해없음,원동기,남,23세,경상
2013060800100524,2013년 6월 8일 20시,토요일,경상남도 창원시 의창구 팔용동,중상사고,0,1,2,1,차대차 - 추돌 - 주정차중,안전운전불이행,건조,맑음,단일로 - 교량,승용,남,21세,상해없음,승용,남,61세,경상
2013060800100578,2013년 6월 8일 22시,토요일,경상남도 창원시 마산회원구 합성동,중상사고,0,1,2,0,차대차 - 측면직각충돌,안전운전불이행,건조,맑음,교차로 - 교차로안,승용,남,24세,경상,승용,남,46세,경상
2013060800100597,2013년 6월 8일 23시,토요일,경상남도 하동군 하동읍,사망사고,1,1,0,0,차대차 - 정면충돌,과속,건조,맑음,단일로 - 기타,승용,남,31세,중상,승용,여,35세,사망
2013060800100598,2013년 6월 8일 23시,토요일,경상남도 남해군 창선면,경상사고,0,0,2,0,차대차 - 측면직각충돌,안전운전불이행,건조,기타,교차로 - 교차로안,승용,남,50세,상해없음,승용,남,30세,경상
2013060900100035,2013년 6월 9일 01시,일요일,경상남도 김해시 내동,경상사고,0,0,1,0,차량단독 - 도로외이탈 - 기타,안전운전불이행,건조,맑음,단일로 - 기타,이륜,남,27세,경상,,,,
2013060900100055,2013년 6월 9일 02시,일요일,경상남도 진주시 문산읍,경상사고,0,0,1,0,차대차 - 기타,안전운전불이행,건조,맑음,단일로 - 기타,승용,남,45세,상해없음,승용,남,42세,경상
2013060900100073,2013년 6월 9일 04시,일요일,경상남도 김해시 지내동,경상사고,0,0,1,0,차대차 - 추돌 - 주정차중,안전운전불이행,건조,맑음,단일로 - 기타,승용,남,61세,경상,승합,남,39세,기타불명
2013060900100086,2013년 6월 9일 05시,일요일,경상남도 양산시 동면,경상사고,0,0,1,0,차대차 - 기타,안전운전불이행,건조,맑음,단일로 - 기타,승용,남,27세,상해없음,건설기계,남,54세,경상
2013060900100127,2013년 6월 9일 08시,일요일,경상남도 창원시 의창구 소답동,경상사고,0,0,2,0,차대차 - 기타,신호위반,건조,맑음,교차로 - 교차로안,승용,여,41세,상해없음,화물,남,33세,경상
2013060900100141,2013년 6월 9일 09시,일요일,경상남도 김해시 장유면,중상사고,0,1,0,0,차대차 - 기타,신호위반,건조,맑음,교차로 - 교차로부근,승용,여,46세,상해없음,자전거,여,20세,중상
2013060900100194,2013년 6월 9일 11시,일요일,경상남도 진주시 일반성면,경상사고,0,0,1,1,차대차 - 기타,안전운전불이행,건조,맑음,교차로 - 교차로안,화물,여,64세,부상신고,승용,남,43세,경상
2013060900100195,2013년 6월 9일 11시,일요일,경상남도 창녕군 유어면,경상사고,0,0,1,0,차대차 - 정면충돌,중앙선침범,건조,맑음,단일로 - 기타,이륜,남,38세,경상,화물,남,47세,상해없음
2013060900100196,2013년 6월 9일 11시,일요일,경상남도 양산시 물금읍,부상신고사고,0,0,0,1,차대사람 - 기타,안전운전불이행,건조,맑음,단일로 - 기타,승용,기타불명,기타불명,기타불명,보행자,남,2세,부상신고
2013060900100208,2013년 6월 9일 12시,일요일,경상남도 김해시 외동,중상사고,0,1,0,0,차대차 - 측면직각충돌,안전운전불이행,건조,맑음,교차로 - 교차로안,승용,남,44세,상해없음,원동기,남,21세,중상
2013060900100209,2013년 6월 9일 12시,일요일,경상남도 창녕군 계성면,중상사고,0,1,3,0,차대차 - 추돌 - 진행중,안전운전불이행,건조,맑음,단일로 - 기타,이륜,남,36세,중상,승용,남,44세,상해없음
2013060900100237,2013년 6월 9일 13시,일요일,경상남도 통영시 무전동,중상사고,0,1,0,0,차대차 - 측면직각충돌,직진우회전진행방해,건조,맑음,교차로 - 교차로안,승용,남,48세,상해없음,승용,남,49세,상해없음