사고번호,사고일시,요일,시군구,사고내용,사망자수,중상자수,경상자수,부상신고자수,사고유형,법규위반,노면상태,기상상태,도로형태,가해운전자 차종,가해운전자 성별,가해운전자 연령,가해운전자 상해정도,피해운전자 차종,피해운전자 성별,피해운전자 연령,피해운전자 상해정도
2013060900100264,2013년 6월 9일 14시,일요일,경상남도 진주시 정촌면,중상사고,0,1,2,0,차대차 - 추돌 - 진행중,안전운전불이행,건조,맑음,교차로 - 교차로부근,승합,남,54세,기타불명,승용,여,35세,경상
2013060900100285,2013년 6월 9일 15시,일요일,경상남도 양산시 원동면,중상사고,0,1,0,0,차대차 - 측면직각충돌,안전운전불이행,건조,맑음,교차로 - 교차로부근,기타불명,기타불명,기타불명,기타불명,이륜,남,47세,중상
2013060900100310,2013년 6월 9일 16시,일요일,경상남도 통영시 광도면,중상사고,0,1,0,0,차대차 - 측면직각충돌,직진우회전진행방해,건조,맑음,교차로 - 교차로안,승용,여,63세,상해없음,승용,남,43세,중상
2013060900100311,2013년 6월 9일 16시,일요일,경상남도 하동군 하동읍,중상사고,0,1,3,0,차대차 - 정면충돌,중앙선침범,건조,맑음,단일로 - 기타,승용,남,26세,상해없음,화물,남,38세,경상
2013060900100339,2013년 6월 9일 17시,일요일,경상남도 창원시 마산합포구 상남동,중상사고,0,1,0,0,차대차 - 기타,안전거리미확보,건조,맑음,단일로 - 기타,승용,남,34세,상해없음,승합,남,41세,중상
2013060900100340,2013년 6월 9일 17시,일요일,경상남도 밀양시 내이동,경상사고,0,0,3,0,차대차 - 추돌 - 진행중,안전운전불이행,건조,맑음,단일로 - 기타,승용,남,31세,상해없음,승용,남,37세,경상
2013060900100341,2013년 6월 9일 17시,일요일,경상남도 창녕군 유어면,중상사고,0,1,0,0,차량단독 - 전도전복,안전운전불이행,건조,맑음,교차로 - 교차로부근,농기계,남,68세,상해없음,,,,
2013060900100342,2013년 6월 9일 17시,일요일,경상남도 창원시 마산회원구 내서읍,경상사고,0,0,1,0,차대사람 - 기타,안전운전불이행,건조,맑음,단일로 - 기타,승용,남,58세,상해없음,보행자,여,52세,경상
2013060900100371,2013년 6월 9일 18시,일요일,경상남도 창원시 진해구 태평동,경상사고,0,0,1,0,차대차 - 측면직각충돌,안전운전불이행,건조,맑음,단일로 - 기타,승용,여,50세,상해없음,자전거,남,63세,경상
2013060900100372,2013년 6월 9일 18시,일요일,경상남도 밀양시 상남면,사망사고,2,0,0,0,차대차 - 측면직각충돌,안전운전불이행,건조,맑음,교차로 - 교차로안,농기계,남,71세,사망,화물,남,55세,사망
2013060900100373,2013년 6월 9일 18시,일요일,경상남도 의령군 부림면,경상사고,0,0,1,0,차량단독 - 전도전복,안전운전불이행,건조,맑음,단일로 - 기타,화물,남,65세,경상,,,,
2013060900100400,2013년 6월 9일 19시,일요일,경상남도 창원시 마산합포구 현동,중상사고,0,1,1,0,차대차 - 기타,안전거리미확보,건조,맑음,단일로 - 기타,승용,여,45세,상해없음,승용,남,59세,중상
2013060900100428,2013년 6월 9일 20시,일요일,경상남도 창원시 마산합포구 해운동,중상사고,0,1,0,0,차대사람 - 보도통행중,보행자보호의무위반,건조,맑음,교차로 - 교차로안,승용,남,45세,상해없음,보행자,남,19세,중상
2013060900100449,2013년 6월 9일 21시,일요일,경상남도 진주시 상평동,중상사고,0,1,0,0,차대사람 - 횡단중,안전운전불이행,건조,맑음,교차로 - 교차로부근,승용,남,44세,상해없음,보행자,남,26세,중상
2013060900100450,2013년 6월 9일 21시,일요일,경상남도 창원시 진해구 자은동,부상신고사고,0,0,0,1,차대차 - 측면직각충돌,중앙선침범,건조,맑음,단일로 - 기타,자전거,남,15세,부상신고,승용,남,57세,상해없음
2013060900100477,2013년 6월 9일 22시,일요일,경상남도 김해시 삼방동,중상사고,0,3,0,0,차대차 - 측면직각충돌,안전운전불이행,건조,맑음,단일로 - 기타,승용,여,38세,상해없음,승용,남,28세,기타불명
2013060900100478,2013년 6월 9일 22시,일요일,경상남도 합천군 용주면,경상사고,0,0,1,0,차량단독 - 기타,안전운전불이행,건조,기타,단일로 - 기타,승용,여,37세,경상,,,,
2013061000100028,2013년 6월 10일 01시,월요일,경상남도 진주시 봉래동,중상사고,0,1,1,0,차대차 - 기타,신호위반,건조,맑음,교차로 - 교차로안,화물,남,57세,상해없음,승용,남,64세,상해없음
2013061000100033,2013년 6월 10일 02시,월요일,경상남도 거제시 아주동,중상사고,0,1,0,0,차량단독 - 공작물충돌,안전운전불이행,건조,맑음,단일로 - 기타,승용,남,44세,상해없음,,,,
2013061000100080,2013년 6월 10일 06시,월요일,경상남도 창원시 의창구 팔용동,사망사고,1,0,0,0,차대차 - 기타,신호위반,건조,맑음,교차로 - 교차로안,승용,남,57세,사망,승용,남,65세,상해없음
2013061000100105,2013년 6월 10일 07시,월요일,경상남도 창원시 진해구 원포동,중상사고,0,1,0,0,차대차 - 측면직각충돌,교차로운행방법위반,건조,맑음,교차로 - 교차로안,원동기,남,36세,중상,승용,여,45세,상해없음
2013061000100106,2013년 6월 10일 07시,월요일,경상남도 통영시 무전동,경상사고,0,0,3,0,차대차 - 정면충돌,직진우회전진행방해,건조,맑음,교차로 - 교차로안,승용,여,55세,상해없음,승용,남,41세,경상
2013061000100107,2013년 6월 10일 07시,월요일,경상남도 창원시 성산구 웅남동,경상사고,0,0,1,0,차대차 - 추돌 - 진행중,안전운전불이행,건조,맑음,단일로 - 기타,승용,남,31세,상해없음,승용,남,27세,경상
2013061000100108,2013년 6월 10일 07시,월요일,경상남도 김해시 한림면,중상사고,0,1,0,0,차대차 - 기타,신호위반,건조,맑음,교차로 - 교차로안,승용,남,39세,상해없음,이륜,남,50세,중상
2013061000100166,2013년 6월 10일 08시,월요일,경상남도 통영시 광도면,중상사고,0,1,0,0,차대사람 - 횡단중,안전운전불이행,건조,맑음,교차로 - 교차로부근,승용,남,30세,상해없음,보행자,남,12세,중상
2013061000100167,2013년 6월 10일 08시,월요일,경상남도 사천시 곤양면,경상사고,0,0,1,0,차대차 - 기타,안전운전불이행,건조,맑음,단일로 - 기타,농기계,남,70세,경상,화물,남,56세,상해없음
2013061000100168,2013년 6월 10일 08시,월요일,경상남도 창녕군 장마면,사망사고,1,0,0,0,차대차 - 기타,중앙선침범,건조,맑음,단일로 - 기타,원동기,남,71세,사망,승합,여,48세,상해없음
2013061000100169,2013년 6월 10일 08시,월요일,경상남도 함양군 함양읍,경상사고,0,0,1,0,차대차 - 측면직각충돌,교차로운행방법위반,건조,맑음,교차로 - 교차로안,승용,여,44세,경상,특수,남,44세,상해없음
2013061000100170,2013년 6월 10일 08시,월요일,경상남도 함양군 안의면,중상사고,0,1,0,0,차대차 - 측면직각충돌,교차로운행방법위반,건조,맑음,교차로 - 교차로안,승용,남,27세,상해없음,이륜,여,71세,중상
2013061000100171,2013년 6월 10일 08시,월요일,경상남도 창원시 의창구 서상동,중상사고,0,1,0,0,차대사람 - 기타,안전운전불이행,건조,맑음,교차로 - 교차로부근,승용,여,26세,상해없음,보행자,여,7세,중상
2013061000100231,2013년 6월 10일 10시,월요일,경상남도 사천시 선구동,경상사고,0,0,1,0,차대차 - 측면직각충돌,교차로운행방법위반,건조,맑음,교차로 - 교차로안,승용,남,74세,상해없음,승용,남,49세,경상
2013061000100232,2013년 6월 10일 10시,월요일,경상남도 하동군 하동읍,경상사고,0,0,1,0,차대사람 - 횡단중,보행자보호의무위반,건조,맑음,단일로 - 횡단보도상,승용,여,54세,상해없음,보행자,여,47세,경상
2013061000100259,2013년 6월 10일 11시,월요일,경상남도 진주시 평안동,경상사고,0,0,1,0,차대사람 - 길가장자리구역통행중,안전운전불이행,건조,맑음,단일로 - 기타,승용,여,25세,상해없음,보행자,남,73세,경상
2013061000100260,2013년 6월 10일 11시,월요일,경상남도 통영시 미수동,경상사고,0,0,1,0,차대차 - 측면직각충돌,안전운전불이행,건조,맑음,단일로 - 교량,이륜,남,21세,경상,승용,남,62세,상해없음
2013061000100261,2013년 6월 10일 11시,월요일,경상남도 통영시 광도면,중상사고,0,1,0,0,차량단독 - 공작물충돌,안전운전불이행,건조,맑음,교차로 - 교차로안,화물,남,55세,중상,,,,
2013061000100262,2013년 6월 10일 11시,월요일,경상남도 김해시 외동,중상사고,0,1,0,0,차대사람 - 길가장자리구역통행중,안전운전불이행,건조,맑음,단일로 - 기타,승용,남,40세,상해없음,보행자,여,74세,중상
2013061000100263,2013년 6월 10일 11시,월요일,경상남도 김해시 상동면,중상사고,0,2,0,0,차대차 - 측면직각충돌,교차로운행방법위반,건조,맑음,교차로 - 교차로안,승용,여,49세,상해없음,승용,남,48세,중상
2013061000100285,2013년 6월 10일 12시,월요일,경상남도 창원시 마산합포구 문화동,경상사고,0,0,1,0,차량단독 - 기타,안전운전불이행,건조,맑음,단일로 - 기타,승합,남,65세,상해없음,,,,
2013061000100313,2013년 6월 10일 13시,월요일,경상남도 창원시 진해구 풍호동,중상사고,0,1,0,0,차대사람 - 횡단중,안전운전불이행,건조,맑음,교차로 - 교차로부근,화물,남,45세,기타불명,보행자,남,7세,중상
2013061000100314,2013년 6월 10일 13시,월요일,경상남도 합천군 대양면,경상사고,0,0,1,0,차대차 - 측면직각충돌,교차로운행방법위반,건조,맑음,교차로 - 교차로안,이륜,남,80세,경상,승용,남,73세,상해없음
2013061000100340,2013년 6월 10일 14시,월요일,경상남도 사천시 곤명면,경상사고,0,0,1,0,차대차 - 추돌 - 주정차중,안전운전불이행,건조,맑음,단일로 - 기타,화물,남,65세,경상,건설기계,남,70세,상해없음
2013061000100381,2013년 6월 10일 15시,월요일,경상남도 통영시 광도면,경상사고,0,0,2,0,차대차 - 측면직각충돌,직진우회전진행방해,건조,맑음,교차로 - 교차로안,승용,여,45세,경상,건설기계,남,50세,상해없음
2013061000100382,2013년 6월 10일 15시,월요일,경상남도 함안군 칠서면,중상사고,0,1,0,0,차대차 - 측면직각충돌,안전운전불이행,건조,맑음,교차로 - 교차로안,화물,여,52세,상해없음,승용,남,53세,중상
2013061000100383,2013년 6월 10일 15시,월요일,경상남도 창원시 성산구 사파동,경상사고,0,0,1,0,차대차 - 측면직각충돌,신호위반,건조,맑음,교차로 - 교차로안,승용,남,36세,상해없음,승용,여,38세,경상
2013061000100384,2013년 6월 10일 15시,월요일,경상남도 창원시 성산구 내동,중상사고,0,1,0,0,차대사람 - 횡단중,보행자보호의무위반,건조,맑음,단일로 - 횡단보도상,화물,남,31세,상해없음,보행자,남,46세,중상
2013061000100420,2013년 6월 10일 16시,월요일,경상남도 통영시 산양읍,중상사고,0,1,0,0,차량단독 - 기타,안전운전불이행,건조,맑음,단일로 - 기타,승합,남,48세,상해없음,,,,
2013061000100520,2013년 6월 10일 19시,월요일,경상남도 김해시 생림면,중상사고,0,1,0,0,차대사람 - 길가장자리구역통행중,안전운전불이행,건조,맑음,단일로 - 기타,화물,남,45세,상해없음,보행자,남,64세,중상
2013061000100521,2013년 6월 10일 19시,월요일,경상남도 양산시 물금읍,중상사고,0,1,0,0,차대사람 - 기타,안전운전불이행,건조,맑음,단일로 - 기타,건설기계,남,45세,상해없음,보행자,여,44세,중상
2013061000100522,2013년 6월 10일 19시,월요일,경상남도 김해시 진영읍,중상사고,0,1,0,0,차대사람 - 횡단중,보행자보호의무위반,건조,맑음,교차로 - 교차로부근,승용,남,31세,상해없음,보행자,여,7세,중상
2013061000100556,2013년 6월 10일 20시,월요일,경상남도 진주시 사봉면,경상사고,0,0,1,0,차량단독 - 도로외이탈 - 기타,안전운전불이행,건조,맑음,단일로 - 기타,원동기,남,18세,경상,,,,
2013061000100557,2013년 6월 10일 20시,월요일,경상남도 사천시 사남면,중상사고,0,1,0,0,차대차 - 측면직각충돌,교차로운행방법위반,건조,맑음,교차로 - 교차로안,승용,여,34세,상해없음,농기계,남,76세,중상
2013061000100558,2013년 6월 10일 20시,월요일,경상남도 창녕군 대합면,경상사고,0,0,1,0,차대차 - 기타,안전운전불이행,건조,기타,단일로 - 기타,자전거,남,69세,경상,승용,남,56세,상해없음
2013061000100559,2013년 6월 10일 20시,월요일,경상남도 거제시 연초면,사망사고,1,0,0,0,차대차 - 측면직각충돌,안전운전불이행,건조,맑음,교차로 - 교차로안,승용,여,40세,상해없음,이륜,남,73세,사망
2013061000100560,2013년 6월 10일 20시,월요일,경상남도 창원시 마산회원구 내서읍,중상사고,0,1,0,0,차대차 - 기타,안전운전불이행,건조,맑음,단일로 - 기타,원동기,남,16세,중상,승용,남,58세,상해없음
2013061000100578,2013년 6월 10일 21시,월요일,경상남도 창원시 마산합포구 자산동,중상사고,0,1,0,0,차대사람 - 기타,안전운전불이행,건조,맑음,단일로 - 횡단보도부근,승용,여,28세,상해없음,보행자,남,65세,중상
2013061000100579,2013년 6월 10일 21시,월요일,경상남도 거제시 고현동,중상사고,0,1,0,0,차대사람 - 횡단중,안전운전불이행,건조,맑음,단일로 - 기타,승용,남,47세,상해없음,보행자,남,41세,중상
2013061000100580,2013년 6월 10일 21시,월요일,경상남도 창원시 마산회원구 내서읍,중상사고,0,1,0,0,차대차 - 추돌 - 주정차중,안전운전불이행,건조,맑음,단일로 - 기타,화물,남,60세,상해없음,승용,여,53세,중상
2013061000100581,2013년 6월 10일 21시,월요일,경상남도 창원시 마산회원구 봉암동,경상사고,0,0,1,0,차대차 - 기타,신호위반,건조,맑음,교차로 - 교차로안,승용,여,51세,상해없음,승용,여,45세,경상
2013061000100610,2013년 6월 10일 22시,월요일,경상남도 창원시 마산합포구 월남동2가,부상신고사고,0,0,0,1,차대차 - 추돌 - 진행중,차로위반,건조,맑음,교차로 - 교차로부근,이륜,남,16세,부상신고,승합,남,66세,상해없음
2013061000100611,2013년 6월 10일 22시,월요일,경상남도 사천시 동림동,경상사고,0,0,1,0,차대차 - 기타,안전운전불이행,건조,맑음,단일로 - 기타,승용,여,41세,상해없음,승용,남,25세,경상
2013061000100637,2013년 6월 10일 23시,월요일,경상남도 진주시 상평동,중상사고,0,1,0,0,차대사람 - 횡단중,안전운전불이행,건조,맑음,교차로 - 교차로부근,원동기,남,24세,상해없음,보행자,남,50세,중상
2013061000100638,2013년 6월 10일 23시,월요일,경상남도 진주시 가좌동,경상사고,0,0,1,0,차대차 - 측면직각충돌,신호위반,건조,맑음,교차로 - 교차로부근,승용,남,24세,상해없음,자전거,남,20세,경상
2013061000100639,2013년 6월 10일 23시,월요일,경상남도 통영시 광도면,중상사고,0,2,0,0,차량단독 - 공작물충돌,안전운전불이행,건조,맑음,단일로 - 기타,승용,남,61세,상해없음,,,,
2013061100100021,2013년 6월 11일 01시,화요일,경상남도 진주시 신안동,경상사고,0,0,1,0,차대차 - 추돌 - 주정차중,안전운전불이행,건조,맑음,단일로 - 기타,승용,남,58세,상해없음,승용,남,64세,상해없음
2013061100100022,2013년 6월 11일 01시,화요일,경상남도 창녕군 남지읍,중상사고,0,1,0,0,차대사람 - 기타,안전운전불이행,건조,맑음,기타 - 기타,승용,남,56세,상해없음,보행자,남,17세,중상
2013061100100075,2013년 6월 11일 06시,화요일,경상남도 창원시 성산구 사파동,중상사고,0,1,0,0,차대차 - 측면직각충돌,신호위반,건조,맑음,교차로 - 교차로안,승용,남,33세,상해없음,자전거,여,53세,중상
2013061100100089,2013년 6월 11일 07시,화요일,경상남도 김해시 안동,경상사고,0,0,1,0,차대사람 - 길가장자리구역통행중,안전운전불이행,건조,맑음,교차로 - 교차로안,승용,남,31세,상해없음,보행자,남,49세,경상
2013061100100090,2013년 6월 11일 07시,화요일,경상남도 함양군 함양읍,중상사고,0,1,2,0,차대차 - 측면직각충돌,교차로운행방법위반,건조,맑음,교차로 - 교차로안,승용,남,25세,상해없음,승합,남,50세,중상
2013061100100091,2013년 6월 11일 07시,화요일,경상남도 양산시 중부동,경상사고,0,0,1,0,차대차 - 측면직각충돌,직진우회전진행방해,건조,맑음,교차로 - 교차로안,승용,남,55세,상해없음,승용,남,59세,상해없음
2013061100100092,2013년 6월 11일 07시,화요일,경상남도 창원시 의창구 봉곡동,중상사고,0,1,0,0,차대차 - 측면직각충돌,안전운전불이행,건조,맑음,교차로 - 교차로부근,승용,남,41세,상해없음,자전거,남,17세,중상
2013061100100118,2013년 6월 11일 08시,화요일,경상남도 창원시 진해구 여좌동,경상사고,0,0,1,0,차대차 - 측면직각충돌,신호위반,건조,맑음,단일로 - 횡단보도상,승용,남,34세,상해없음,자전거,남,12세,경상
2013061100100119,2013년 6월 11일 08시,화요일,경상남도 함안군 군북면,경상사고,0,0,5,0,차대차 - 정면충돌,중앙선침범,건조,맑음,단일로 - 기타,승용,남,29세,상해없음,화물,남,40세,경상
2013061100100148,2013년 6월 11일 09시,화요일,경상남도 사천시 동금동,경상사고,0,0,1,1,차대사람 - 차도통행중,안전운전불이행,건조,맑음,단일로 - 기타,이륜,남,67세,부상신고,보행자,여,71세,경상
2013061100100175,2013년 6월 11일 10시,화요일,경상남도 창녕군 대지면,중상사고,0,2,0,0,차대사람 - 기타,안전운전불이행,건조,맑음,단일로 - 기타,원동기,남,86세,중상,보행자,여,73세,중상
2013061100100176,2013년 6월 11일 10시,화요일,경상남도 창원시 성산구 불모산동,중상사고,0,5,1,0,차대차 - 추돌 - 진행중,안전운전불이행,기타,맑음,단일로 - 기타,화물,남,54세,상해없음,화물,남,51세,중상
2013061100100177,2013년 6월 11일 10시,화요일,경상남도 창원시 마산회원구 합성동,중상사고,0,1,2,0,차대차 - 기타,안전운전불이행,건조,맑음,단일로 - 기타,승합,남,49세,상해없음,승용,여,42세,중상
2013061100100196,2013년 6월 11일 11시,화요일,경상남도 김해시 생림면,경상사고,0,0,2,3,차대차 - 측면직각충돌,교차로운행방법위반,건조,맑음,교차로 - 교차로안,화물,남,55세,상해없음,승용,여,43세,경상
2013061100100197,2013년 6월 11일 11시,화요일,경상남도 창원시 성산구 불모산동,중상사고,0,1,0,0,차대차 - 추돌 - 주정차중,안전운전불이행,기타,맑음,단일로 - 기타,승용,여,35세,상해없음,승용,남,54세,중상
2013061100100225,2013년 6월 11일 12시,화요일,경상남도 함양군 수동면,중상사고,0,1,0,0,차대차 - 정면충돌,교차로운행방법위반,습기,흐림,교차로 - 교차로안,화물,남,57세,상해없음,농기계,남,71세,중상
2013061100100226,2013년 6월 11일 12시,화요일,경상남도 고성군 상리면,중상사고,0,2,0,0,차대차 - 측면직각충돌,신호위반,습기,비,교차로 - 교차로안,건설기계,남,40세,상해없음,승용,여,52세,중상
2013061100100227,2013년 6월 11일 12시,화요일,경상남도 거제시 거제면,경상사고,0,0,1,0,차대차 - 추돌 - 진행중,직진우회전진행방해,기타,비,교차로 - 교차로안,승용,여,54세,상해없음,승용,여,47세,경상
2013061100100248,2013년 6월 11일 13시,화요일,경상남도 진주시 인사동,중상사고,0,1,0,0,차대차 - 추돌 - 주정차중,안전거리미확보,습기,비,단일로 - 기타,승용,남,52세,상해없음,승용,여,28세,중상
2013061100100249,2013년 6월 11일 13시,화요일,경상남도 양산시 중부동,경상사고,0,0,3,0,차대차 - 기타,안전거리미확보,건조,맑음,교차로 - 교차로부근,승용,남,56세,상해없음,승용,여,37세,경상
2013061100100250,2013년 6월 11일 13시,화요일,경상남도 거제시 장평동,중상사고,0,1,0,0,차대차 - 추돌 - 진행중,안전운전불이행,기타,비,단일로 - 기타,승용,남,38세,상해없음,이륜,남,42세,중상
2013061100100275,2013년 6월 11일 14시,화요일,경상남도 진주시 봉곡동,중상사고,0,1,0,0,차대사람 - 차도통행중,안전운전불이행,습기,비,단일로 - 기타,승용,남,39세,상해없음,보행자,여,10세,중상
2013061100100276,2013년 6월 11일 14시,화요일,경상남도 김해시 내동,중상사고,0,3,0,0,차대차 - 추돌 - 주정차중,안전운전불이행,습기,비,단일로 - 기타,승용,남,24세,상해없음,승용,여,49세,중상
2013061100100277,2013년 6월 11일 14시,화요일,경상남도 김해시 장유면,경상사고,0,0,1,0,차대차 - 기타,안전운전불이행,습기,비,교차로 - 교차로부근,승용,남,58세,상해없음,이륜,남,45세,경상
2013061100100305,2013년 6월 11일 15시,화요일,경상남도 통영시 무전동,중상사고,0,1,0,0,차대차 - 측면직각충돌,안전운전불이행,습기,비,단일로 - 기타,승용,남,59세,상해없음,화물,남,53세,중상
2013061100100306,2013년 6월 11일 15시,화요일,경상남도 김해시 내동,경상사고,0,0,1,0,차대차 - 측면직각충돌,안전운전불이행,습기,비,단일로 - 기타,화물,남,41세,상해없음,승용,남,61세,경상
2013061100100307,2013년 6월 11일 15시,화요일,경상남도 김해시 외동,경상사고,0,0,2,0,차대차 - 측면직각충돌,교차로운행방법위반,습기,비,교차로 - 교차로안,승용,남,59세,상해없음,승용,남,42세,경상
2013061100100308,2013년 6월 11일 15시,화요일,경상남도 거제시 고현동,경상사고,0,0,1,0,차대차 - 기타,신호위반,기타,비,교차로 - 교차로안,승용,여,51세,상해없음,승용,남,49세,경상
2013061100100309,2013년 6월 11일 15시,화요일,경상남도 김해시 한림면,중상사고,0,1,0,0,차대차 - 측면직각충돌,기타,습기,비,단일로 - 기타,이륜,남,70세,중상,화물,남,45세,상해없음
2013061100100348,2013년 6월 11일 16시,화요일,경상남도 거창군 거창읍,경상사고,0,0,1,0,차대차 - 추돌 - 진행중,안전운전불이행,건조,맑음,교차로 - 교차로안,화물,남,51세,상해없음,승용,여,56세,경상
2013061100100349,2013년 6월 11일 16시,화요일,경상남도 양산시 삼호동,경상사고,0,0,2,0,차대차 - 기타,신호위반,습기,비,교차로 - 교차로안,승용,남,65세,상해없음,승용,남,50세,경상
2013061100100350,2013년 6월 11일 16시,화요일,경상남도 거제시 장평동,경상사고,0,0,1,0,차대차 - 추돌 - 진행중,안전운전불이행,기타,비,교차로 - 교차로안,승용,남,59세,상해없음,승합,남,35세,경상
2013061100100351,2013년 6월 11일 16시,화요일,경상남도 창원시 의창구 팔용동,중상사고,0,1,1,0,차대차 - 측면직각충돌,직진우회전진행방해,습기,비,교차로 - 교차로안,승용,여,52세,경상,승용,남,75세,중상
2013061100100352,2013년 6월 11일 16시,화요일,경상남도 창원시 의창구 북면,경상사고,0,0,2,0,차대차 - 추돌 - 주정차중,중앙선침범,습기,비,단일로 - 기타,승용,남,43세,상해없음,화물,기타불명,기타불명,기타불명
2013061100100391,2013년 6월 11일 17시,화요일,경상남도 김해시 지내동,중상사고,0,1,0,0,차대차 - 추돌 - 진행중,안전거리미확보,습기,비,단일로 - 기타,승합,남,49세,상해없음,승용,남,52세,중상
2013061100100392,2013년 6월 11일 17시,화요일,경상남도 거창군 거창읍,경상사고,0,0,2,0,차대차 - 측면직각충돌,교차로운행방법위반,건조,맑음,교차로 - 교차로안,승용,남,61세,상해없음,승용,여,42세,경상
2013061100100393,2013년 6월 11일 17시,화요일,경상남도 함안군 칠원면,경상사고,0,0,1,0,차대차 - 추돌 - 진행중,안전운전불이행,습기,비,단일로 - 기타,화물,남,36세,상해없음,화물,남,33세,경상
2013061100100435,2013년 6월 11일 18시,화요일,경상남도 양산시 덕계동,중상사고,0,1,0,0,차대사람 - 기타,안전운전불이행,습기,비,교차로 - 교차로안,승용,남,67세,상해없음,보행자,남,55세,중상
2013061100100436,2013년 6월 11일 18시,화요일,경상남도 의령군 의령읍,경상사고,0,0,1,1,차대차 - 측면직각충돌,교차로운행방법위반,습기,비,교차로 - 교차로안,화물,남,66세,부상신고,승용,남,34세,경상
2013061100100470,2013년 6월 11일 19시,화요일,경상남도 창원시 진해구 안골동,경상사고,0,0,1,0,차대차 - 추돌 - 주정차중,안전운전불이행,습기,비,교차로 - 교차로부근,승용,남,47세,상해없음,승용,남,44세,경상
2013061100100471,2013년 6월 11일 19시,화요일,경상남도 김해시 삼계동,경상사고,0,0,3,0,차대차 - 추돌 - 주정차중,안전운전불이행,습기,비,단일로 - 기타,승용,남,49세,상해없음,승용,여,33세,경상
2013061100100472,2013년 6월 11일 19시,화요일,경상남도 거제시 옥포동,중상사고,0,1,0,0,차대사람 - 기타,안전운전불이행,기타,비,교차로 - 교차로부근,화물,남,22세,상해없음,보행자,남,28세,중상
2013061100100533,2013년 6월 11일 20시,화요일,경상남도 창녕군 창녕읍,중상사고,0,1,4,0,차량단독 - 도로외이탈 - 기타,안전운전불이행,건조,맑음,단일로 - 기타,승용,여,51세,상해없음,,,,
2013061100100574,2013년 6월 11일 21시,화요일,경상남도 진주시 신안동,중상사고,0,1,0,0,차대차 - 측면직각충돌,신호위반,습기,비,교차로 - 교차로안,승용,남,51세,상해없음,승용,남,25세,중상
2013061100100620,2013년 6월 11일 22시,화요일,경상남도 창원시 마산합포구 해운동,부상신고사고,0,0,0,1,차대차 - 측면직각충돌,안전운전불이행,습기,비,단일로 - 기타,승용,여,63세,부상신고,화물,남,67세,상해없음
2013061100100663,2013년 6월 11일 23시,화요일,경상남도 진주시 상평동,중상사고,0,1,1,0,차대차 - 측면직각충돌,안전거리미확보,습기,비,단일로 - 기타,승용,남,60세,상해없음,승용,남,60세,상해없음
2013061100100664,2013년 6월 11일 23시,화요일,경상남도 거제시 연초면,경상사고,0,0,1,0,차대차 - 기타,안전운전불이행,건조,맑음,교차로 - 교차로부근,승용,남,37세,상해없음,승용,여,46세,경상
2013061200100061,2013년 6월 12일 04시,수요일,경상남도 창원시 마산회원구 양덕동,중상사고,0,1,0,1,차대차 - 측면직각충돌,신호위반,건조,맑음,교차로 - 교차로안,승용,남,55세,부상신고,승용,남,45세,중상
2013061200100082,2013년 6월 12일 06시,수요일,경상남도 통영시 광도면,경상사고,0,0,1,0,차대차 - 추돌 - 주정차중,안전운전불이행,건조,맑음,교차로 - 교차로부근,승용,남,45세,상해없음,승용,남,38세,경상
2013061200100101,2013년 6월 12일 07시,수요일,경상남도 진주시 유곡동,중상사고,0,1,0,0,차대사람 - 기타,안전운전불이행,건조,맑음,단일로 - 기타,승용,여,48세,상해없음,보행자,여,71세,중상
2013061200100102,2013년 6월 12일 07시,수요일,경상남도 김해시 어방동,중상사고,0,1,0,0,차대사람 - 횡단중,안전운전불이행,습기,흐림,단일로 - 기타,승용,남,48세,상해없음,보행자,여,10세,중상
2013061200100103,2013년 6월 12일 07시,수요일,경상남도 합천군 대병면,경상사고,0,0,1,0,차량단독 - 도로외이탈 - 추락,안전운전불이행,건조,맑음,교차로 - 교차로부근,화물,남,32세,경상,,,,
2013061200100104,2013년 6월 12일 07시,수요일,경상남도 김해시 장유면,중상사고,0,2,0,0,차대차 - 측면직각충돌,신호위반,습기,비,교차로 - 교차로안,승용,남,22세,상해없음,승용,남,62세,중상
2013061200100143,2013년 6월 12일 08시,수요일,경상남도 진주시 상봉동,경상사고,0,0,1,0,차대사람 - 기타,안전운전불이행,건조,맑음,기타 - 기타,승용,남,45세,상해없음,보행자,여,24세,경상
2013061200100144,2013년 6월 12일 08시,수요일,경상남도 밀양시 내일동,경상사고,0,0,1,0,차대사람 - 기타,안전운전불이행,습기,흐림,단일로 - 기타,승용,남,52세,상해없음,보행자,여,77세,경상
2013061200100160,2013년 6월 12일 09시,수요일,경상남도 양산시 상북면,경상사고,0,0,1,0,차대차 - 측면직각충돌,교차로운행방법위반,습기,비,교차로 - 교차로부근,승용,남,77세,상해없음,화물,남,58세,경상
2013061200100161,2013년 6월 12일 09시,수요일,경상남도 고성군 고성읍,사망사고,1,0,0,0,차량단독 - 기타,안전운전불이행,건조,맑음,단일로 - 기타,자전거,여,61세,사망,,,,
2013061200100162,2013년 6월 12일 09시,수요일,경상남도 거제시 연초면,사망사고,1,0,0,0,차대사람 - 횡단중,안전운전불이행,건조,맑음,교차로 - 교차로안,승합,남,41세,상해없음,보행자,남,77세,사망