사고번호,사고일시,요일,시군구,사고내용,사망자수,중상자수,경상자수,부상신고자수,사고유형,법규위반,노면상태,기상상태,도로형태,가해운전자 차종,가해운전자 성별,가해운전자 연령,가해운전자 상해정도,피해운전자 차종,피해운전자 성별,피해운전자 연령,피해운전자 상해정도
2013061200100163,2013년 6월 12일 09시,수요일,경상남도 김해시 장유면,중상사고,0,1,0,0,차대차 - 측면직각충돌,직진우회전진행방해,건조,맑음,교차로 - 교차로안,승용,남,50세,상해없음,화물,남,38세,중상
2013061200100186,2013년 6월 12일 10시,수요일,경상남도 양산시 북정동,중상사고,0,1,0,0,차대차 - 측면직각충돌,안전운전불이행,건조,맑음,단일로 - 기타,승용,남,43세,상해없음,화물,남,70세,중상
2013061200100187,2013년 6월 12일 10시,수요일,경상남도 남해군 남해읍,중상사고,0,1,0,0,차대차 - 측면직각충돌,교차로운행방법위반,습기,흐림,교차로 - 교차로안,승용,여,42세,상해없음,농기계,남,63세,중상
2013061200100217,2013년 6월 12일 11시,수요일,경상남도 창원시 성산구 남양동,중상사고,0,1,0,0,차대차 - 기타,안전운전불이행,건조,맑음,단일로 - 기타,승용,남,21세,기타불명,승합,남,32세,중상
2013061200100238,2013년 6월 12일 12시,수요일,경상남도 통영시 동호동,경상사고,0,0,1,0,차대사람 - 기타,안전운전불이행,건조,흐림,단일로 - 기타,원동기,남,62세,상해없음,보행자,여,57세,경상
2013061200100239,2013년 6월 12일 12시,수요일,경상남도 밀양시 내이동,중상사고,0,1,0,0,차대사람 - 횡단중,안전운전불이행,건조,흐림,단일로 - 횡단보도부근,승용,남,70세,상해없음,보행자,여,68세,중상
2013061200100266,2013년 6월 12일 13시,수요일,경상남도 창원시 마산합포구 월남동1가,중상사고,0,1,0,0,차대사람 - 기타,안전운전불이행,습기,흐림,단일로 - 기타,화물,남,40세,상해없음,보행자,남,60세,중상
2013061200100267,2013년 6월 12일 13시,수요일,경상남도 창원시 마산합포구 상남동,경상사고,0,0,1,0,차대차 - 추돌 - 주정차중,안전운전불이행,건조,맑음,단일로 - 기타,승용,남,39세,상해없음,승용,남,44세,경상
2013061200100268,2013년 6월 12일 13시,수요일,경상남도 창원시 진해구 석동,경상사고,0,0,1,0,차대차 - 기타,직진우회전진행방해,건조,맑음,교차로 - 교차로부근,화물,남,51세,상해없음,자전거,남,18세,경상
2013061200100269,2013년 6월 12일 13시,수요일,경상남도 밀양시 무안면,경상사고,0,0,1,0,차대사람 - 기타,안전운전불이행,건조,흐림,단일로 - 기타,승합,남,22세,상해없음,보행자,여,67세,경상
2013061200100270,2013년 6월 12일 13시,수요일,경상남도 김해시 부원동,경상사고,0,0,1,0,차대차 - 정면충돌,중앙선침범,건조,맑음,단일로 - 기타,승용,여,63세,상해없음,승용,여,53세,경상
2013061200100302,2013년 6월 12일 14시,수요일,경상남도 밀양시 산외면,중상사고,0,1,1,0,차대차 - 측면직각충돌,교차로운행방법위반,건조,흐림,교차로 - 교차로안,화물,남,53세,상해없음,화물,여,41세,경상
2013061200100303,2013년 6월 12일 14시,수요일,경상남도 창녕군 창녕읍,중상사고,0,1,0,0,차대사람 - 기타,안전운전불이행,건조,맑음,단일로 - 기타,화물,남,66세,상해없음,보행자,여,76세,중상
2013061200100304,2013년 6월 12일 14시,수요일,경상남도 함양군 서상면,경상사고,0,0,1,0,차대차 - 정면충돌,교차로운행방법위반,건조,맑음,교차로 - 교차로안,승용,남,46세,상해없음,승용,여,53세,경상
2013061200100305,2013년 6월 12일 14시,수요일,경상남도 산청군 시천면,중상사고,0,1,0,0,차대사람 - 횡단중,보행자보호의무위반,건조,맑음,교차로 - 교차로안,화물,남,62세,상해없음,보행자,여,57세,중상
2013061200100336,2013년 6월 12일 15시,수요일,경상남도 양산시 덕계동,중상사고,0,3,0,0,차대사람 - 길가장자리구역통행중,기타,건조,맑음,교차로 - 교차로부근,화물,남,51세,상해없음,보행자,남,61세,중상
2013061200100337,2013년 6월 12일 15시,수요일,경상남도 거제시 상동동,중상사고,0,2,4,0,차대차 - 추돌 - 진행중,중앙선침범,건조,맑음,단일로 - 기타,승용,여,24세,상해없음,승용,여,46세,경상
2013061200100368,2013년 6월 12일 16시,수요일,경상남도 사천시 정동면,경상사고,0,0,1,0,차대차 - 기타,교차로운행방법위반,건조,맑음,교차로 - 교차로안,승용,여,40세,경상,승용,남,33세,상해없음
2013061200100369,2013년 6월 12일 16시,수요일,경상남도 김해시 삼방동,중상사고,0,1,0,0,차대차 - 기타,중앙선침범,건조,맑음,단일로 - 기타,승용,남,47세,상해없음,이륜,남,16세,중상
2013061200100398,2013년 6월 12일 17시,수요일,경상남도 창원시 진해구 태평동,경상사고,0,0,2,0,차대차 - 기타,안전운전불이행,건조,맑음,단일로 - 기타,승용,남,52세,상해없음,승용,여,36세,경상
2013061200100399,2013년 6월 12일 17시,수요일,경상남도 거제시 옥포동,중상사고,0,1,0,0,차대차 - 기타,교차로운행방법위반,건조,맑음,교차로 - 교차로안,승용,여,39세,상해없음,자전거,남,54세,중상
2013061200100429,2013년 6월 12일 18시,수요일,경상남도 거제시 고현동,중상사고,0,1,0,0,차대차 - 기타,교차로운행방법위반,건조,맑음,교차로 - 교차로부근,승용,남,32세,상해없음,원동기,남,28세,중상
2013061200100470,2013년 6월 12일 19시,수요일,경상남도 김해시 어방동,경상사고,0,0,1,0,차대차 - 추돌 - 진행중,안전운전불이행,건조,맑음,교차로 - 교차로부근,승용,남,44세,상해없음,승용,여,57세,경상
2013061200100496,2013년 6월 12일 20시,수요일,경상남도 진주시 가좌동,중상사고,0,1,0,0,차대차 - 측면직각충돌,신호위반,건조,맑음,교차로 - 교차로안,화물,남,46세,상해없음,승용,남,36세,중상
2013061200100497,2013년 6월 12일 20시,수요일,경상남도 창원시 마산회원구 양덕동,중상사고,0,1,3,0,차대차 - 추돌 - 진행중,안전운전불이행,건조,맑음,단일로 - 기타,건설기계,남,32세,상해없음,승용,남,33세,중상
2013061200100498,2013년 6월 12일 20시,수요일,경상남도 창원시 의창구 팔용동,중상사고,0,2,0,0,차대차 - 추돌 - 주정차중,안전운전불이행,건조,맑음,교차로 - 교차로부근,승용,남,35세,상해없음,원동기,남,24세,중상
2013061200100620,2013년 6월 12일 23시,수요일,경상남도 창원시 진해구 경화동,중상사고,0,1,1,0,차대차 - 기타,중앙선침범,건조,맑음,교차로 - 교차로부근,승용,남,41세,기타불명,승용,남,51세,중상
2013061200100621,2013년 6월 12일 23시,수요일,경상남도 거제시 옥포동,중상사고,0,2,0,0,차대차 - 측면직각충돌,신호위반,건조,맑음,교차로 - 교차로안,승용,남,57세,상해없음,승용,남,42세,중상
2013061200100622,2013년 6월 12일 23시,수요일,경상남도 창원시 마산회원구 회원동,사망사고,1,0,0,0,차대사람 - 횡단중,안전운전불이행,건조,맑음,단일로 - 횡단보도상,승용,남,32세,상해없음,보행자,여,68세,사망
2013061200100623,2013년 6월 12일 23시,수요일,경상남도 함안군 군북면,중상사고,0,2,0,0,차대차 - 추돌 - 진행중,안전운전불이행,건조,맑음,단일로 - 기타,화물,남,33세,상해없음,승용,남,33세,중상
2013061300100045,2013년 6월 13일 03시,목요일,경상남도 거제시 일운면,경상사고,0,0,1,0,차량단독 - 기타,안전운전불이행,건조,맑음,단일로 - 기타,승용,남,59세,상해없음,,,,
2013061300100060,2013년 6월 13일 05시,목요일,경상남도 김해시 장유면,중상사고,0,1,0,0,차량단독 - 전도전복,안전운전불이행,건조,맑음,기타 - 기타,원동기,남,61세,중상,,,,
2013061300100098,2013년 6월 13일 07시,목요일,경상남도 창녕군 이방면,중상사고,0,1,0,0,차량단독 - 기타,안전운전불이행,건조,맑음,단일로 - 기타,이륜,여,52세,상해없음,,,,
2013061300100122,2013년 6월 13일 08시,목요일,경상남도 거제시 아주동,경상사고,0,0,1,0,차대차 - 추돌 - 진행중,안전운전불이행,건조,맑음,단일로 - 기타,건설기계,남,58세,상해없음,승용,여,41세,상해없음
2013061300100123,2013년 6월 13일 08시,목요일,경상남도 산청군 산청읍,중상사고,0,1,1,0,차대차 - 정면충돌,안전운전불이행,건조,맑음,교차로 - 교차로부근,승용,남,60세,상해없음,승용,남,80세,중상
2013061300100145,2013년 6월 13일 09시,목요일,경상남도 창원시 마산합포구 진북면,경상사고,0,0,2,0,차대차 - 추돌 - 진행중,안전거리미확보,건조,맑음,단일로 - 기타,화물,남,26세,상해없음,승용,남,36세,경상
2013061300100170,2013년 6월 13일 10시,목요일,경상남도 창원시 의창구 팔용동,중상사고,0,1,0,0,차대차 - 추돌 - 주정차중,안전운전불이행,건조,맑음,교차로 - 교차로부근,승용,남,44세,상해없음,승용,여,37세,중상
2013061300100171,2013년 6월 13일 10시,목요일,경상남도 창원시 의창구 동읍,경상사고,0,0,1,0,차대차 - 추돌 - 진행중,안전운전불이행,건조,맑음,단일로 - 터널,화물,남,23세,상해없음,승용,남,64세,경상
2013061300100195,2013년 6월 13일 11시,목요일,경상남도 양산시 동면,중상사고,0,1,0,0,차대차 - 추돌 - 진행중,안전운전불이행,건조,맑음,기타 - 기타,화물,남,18세,기타불명,화물,남,48세,상해없음
2013061300100215,2013년 6월 13일 12시,목요일,경상남도 창녕군 창녕읍,경상사고,0,0,1,0,차대차 - 추돌 - 진행중,안전운전불이행,건조,맑음,교차로 - 교차로부근,승용,남,72세,상해없음,승용,여,46세,경상
2013061300100216,2013년 6월 13일 12시,목요일,경상남도 김해시 장유면,중상사고,0,1,0,0,차대차 - 기타,신호위반,건조,맑음,교차로 - 교차로안,승용,남,59세,상해없음,승용,남,42세,중상
2013061300100242,2013년 6월 13일 13시,목요일,경상남도 창원시 마산합포구 진북면,경상사고,0,0,1,0,차대차 - 측면직각충돌,안전거리미확보,건조,맑음,교차로 - 교차로부근,화물,남,48세,상해없음,승용,여,28세,경상
2013061300100243,2013년 6월 13일 13시,목요일,경상남도 양산시 동면,경상사고,0,0,1,0,차대차 - 측면직각충돌,직진우회전진행방해,건조,맑음,교차로 - 교차로안,승용,남,38세,상해없음,승용,남,54세,경상
2013061300100244,2013년 6월 13일 13시,목요일,경상남도 창원시 마산회원구 구암동,중상사고,0,1,0,0,차대차 - 측면직각충돌,안전운전불이행,건조,맑음,교차로 - 교차로안,승용,남,64세,상해없음,이륜,남,76세,중상
2013061300100245,2013년 6월 13일 13시,목요일,경상남도 창원시 의창구 명서동,경상사고,0,0,1,0,차대차 - 기타,안전운전불이행,건조,맑음,교차로 - 교차로부근,승용,남,53세,상해없음,자전거,남,55세,경상
2013061300100246,2013년 6월 13일 13시,목요일,경상남도 김해시 장유면,부상신고사고,0,0,0,1,차대사람 - 횡단중,안전운전불이행,건조,맑음,단일로 - 기타,승용,남,55세,상해없음,보행자,남,8세,부상신고
2013061300100266,2013년 6월 13일 14시,목요일,경상남도 김해시 대동면,중상사고,0,1,0,0,차대차 - 측면직각충돌,안전운전불이행,건조,맑음,단일로 - 기타,승용,여,50세,상해없음,자전거,여,65세,중상
2013061300100267,2013년 6월 13일 14시,목요일,경상남도 양산시 중부동,경상사고,0,0,1,0,차대차 - 추돌 - 진행중,교차로운행방법위반,건조,맑음,기타 - 기타,승용,남,40세,상해없음,이륜,남,76세,경상
2013061300100311,2013년 6월 13일 15시,목요일,경상남도 창원시 마산회원구 회원동,중상사고,0,1,0,0,차량단독 - 기타,기타,건조,맑음,단일로 - 기타,승합,남,51세,상해없음,,,,
2013061300100349,2013년 6월 13일 16시,목요일,경상남도 창녕군 이방면,중상사고,0,1,0,0,차대차 - 측면직각충돌,직진우회전진행방해,건조,맑음,교차로 - 교차로안,승용,여,53세,상해없음,이륜,남,58세,중상
2013061300100350,2013년 6월 13일 16시,목요일,경상남도 산청군 신안면,경상사고,0,0,1,0,차대사람 - 기타,안전운전불이행,건조,맑음,단일로 - 기타,승용,여,26세,상해없음,보행자,남,68세,경상
2013061300100351,2013년 6월 13일 16시,목요일,경상남도 산청군 생초면,경상사고,0,0,1,0,차대차 - 측면직각충돌,안전운전불이행,건조,맑음,단일로 - 기타,이륜,남,71세,상해없음,이륜,남,82세,경상
2013061300100352,2013년 6월 13일 16시,목요일,경상남도 함안군 가야읍,사망사고,1,0,0,0,차대차 - 측면직각충돌,안전운전불이행,건조,맑음,교차로 - 교차로안,승합,남,53세,상해없음,자전거,남,80세,사망
2013061300100384,2013년 6월 13일 17시,목요일,경상남도 거제시 아주동,경상사고,0,0,3,0,차대차 - 기타,안전운전불이행,건조,맑음,단일로 - 기타,승용,남,41세,상해없음,승용,여,54세,경상
2013061300100422,2013년 6월 13일 18시,목요일,경상남도 밀양시 무안면,중상사고,0,1,0,0,차대차 - 기타,안전운전불이행,건조,맑음,교차로 - 교차로안,승합,남,48세,상해없음,화물,남,37세,중상
2013061300100472,2013년 6월 13일 20시,목요일,경상남도 창원시 마산합포구 월남동5가,중상사고,0,1,0,0,차대사람 - 기타,안전운전불이행,건조,맑음,교차로 - 교차로안,승용,남,57세,상해없음,보행자,여,37세,중상
2013061300100473,2013년 6월 13일 20시,목요일,경상남도 진주시 신안동,중상사고,0,1,0,0,차대차 - 측면직각충돌,직진우회전진행방해,건조,맑음,교차로 - 교차로안,원동기,남,17세,중상,승용,남,63세,상해없음
2013061300100474,2013년 6월 13일 20시,목요일,경상남도 거제시 고현동,중상사고,0,2,0,0,차대차 - 기타,안전운전불이행,건조,맑음,교차로 - 교차로안,승용,남,29세,상해없음,원동기,남,18세,중상
2013061300100546,2013년 6월 13일 22시,목요일,경상남도 김해시 내동,중상사고,0,1,0,0,차대사람 - 차도통행중,안전운전불이행,건조,맑음,단일로 - 기타,승용,남,31세,상해없음,보행자,여,18세,중상
2013061300100571,2013년 6월 13일 23시,목요일,경상남도 창원시 마산회원구 회원동,중상사고,0,1,0,0,차대사람 - 기타,안전운전불이행,기타,기타,단일로 - 기타,이륜,남,16세,상해없음,보행자,남,31세,중상
2013061400100021,2013년 6월 14일 00시,금요일,경상남도 김해시 내동,중상사고,0,2,2,0,차대차 - 측면직각충돌,신호위반,건조,맑음,교차로 - 교차로안,승용,여,42세,중상,승용,남,66세,경상
2013061400100022,2013년 6월 14일 00시,금요일,경상남도 거제시 장평동,중상사고,0,1,4,0,차대차 - 측면직각충돌,신호위반,건조,흐림,교차로 - 교차로안,승용,남,35세,상해없음,승용,여,42세,중상
2013061400100033,2013년 6월 14일 01시,금요일,경상남도 진주시 상대동,사망사고,1,0,0,0,차대사람 - 기타,안전운전불이행,습기,비,교차로 - 교차로안,화물,남,47세,상해없음,보행자,남,43세,사망
2013061400100046,2013년 6월 14일 02시,금요일,경상남도 창원시 진해구 남문동,중상사고,0,1,0,0,차량단독 - 전도전복,안전운전불이행,습기,비,단일로 - 교량,승용,남,27세,중상,,,,
2013061400100064,2013년 6월 14일 04시,금요일,경상남도 진주시 가좌동,중상사고,0,1,0,0,차대사람 - 차도통행중,안전운전불이행,습기,비,교차로 - 교차로안,승용,여,19세,상해없음,보행자,남,24세,중상
2013061400100065,2013년 6월 14일 04시,금요일,경상남도 양산시 평산동,경상사고,0,0,1,0,차대사람 - 기타,안전운전불이행,건조,맑음,단일로 - 기타,승용,여,43세,상해없음,보행자,여,36세,경상
2013061400100076,2013년 6월 14일 05시,금요일,경상남도 김해시 장유면,경상사고,0,0,1,0,차대사람 - 기타,안전운전불이행,습기,비,교차로 - 교차로부근,승용,남,28세,상해없음,보행자,남,19세,경상
2013061400100090,2013년 6월 14일 06시,금요일,경상남도 김해시 삼계동,중상사고,0,2,1,0,차대차 - 측면직각충돌,신호위반,습기,비,교차로 - 교차로안,승합,남,55세,상해없음,화물,남,56세,중상
2013061400100112,2013년 6월 14일 07시,금요일,경상남도 김해시 대동면,중상사고,0,4,1,0,차대차 - 정면충돌,중앙선침범,습기,비,단일로 - 기타,화물,남,70세,상해없음,승용,남,22세,중상
2013061400100113,2013년 6월 14일 07시,금요일,경상남도 김해시 지내동,중상사고,0,1,1,0,차대차 - 추돌 - 주정차중,안전운전불이행,습기,비,단일로 - 기타,화물,남,46세,상해없음,승합,남,55세,상해없음
2013061400100114,2013년 6월 14일 07시,금요일,경상남도 양산시 남부동,경상사고,0,0,1,0,차대차 - 측면직각충돌,교차로운행방법위반,습기,비,교차로 - 교차로안,화물,남,47세,상해없음,자전거,남,56세,경상
2013061400100148,2013년 6월 14일 08시,금요일,경상남도 김해시 생림면,경상사고,0,0,1,0,차대차 - 추돌 - 주정차중,안전운전불이행,습기,비,단일로 - 기타,승합,남,45세,상해없음,승용,남,76세,경상
2013061400100149,2013년 6월 14일 08시,금요일,경상남도 고성군 거류면,중상사고,0,1,0,0,차대차 - 측면직각충돌,안전운전불이행,습기,흐림,교차로 - 교차로부근,화물,남,59세,상해없음,이륜,남,21세,중상
2013061400100206,2013년 6월 14일 10시,금요일,경상남도 창원시 성산구 외동,중상사고,0,1,0,0,차대차 - 기타,안전운전불이행,습기,흐림,단일로 - 기타,승용,남,35세,상해없음,이륜,남,46세,중상
2013061400100207,2013년 6월 14일 10시,금요일,경상남도 창원시 의창구 북면,경상사고,0,0,1,0,차대차 - 기타,교차로운행방법위반,건조,맑음,교차로 - 교차로안,승용,남,61세,상해없음,승용,남,31세,경상
2013061400100243,2013년 6월 14일 12시,금요일,경상남도 통영시 무전동,중상사고,0,1,0,0,차대차 - 측면직각충돌,교차로운행방법위반,습기,비,교차로 - 교차로안,화물,여,43세,상해없음,승용,여,37세,중상
2013061400100244,2013년 6월 14일 12시,금요일,경상남도 합천군 가야면,중상사고,0,1,1,0,차대차 - 측면직각충돌,안전운전불이행,건조,맑음,단일로 - 기타,화물,여,59세,경상,승용,남,54세,중상
2013061400100245,2013년 6월 14일 12시,금요일,경상남도 창원시 마산회원구 봉암동,부상신고사고,0,0,0,1,차대차 - 추돌 - 진행중,안전운전불이행,건조,맑음,단일로 - 기타,화물,남,26세,상해없음,승합,남,29세,부상신고
2013061400100268,2013년 6월 14일 13시,금요일,경상남도 거제시 장평동,경상사고,0,0,2,0,차대차 - 기타,안전운전불이행,건조,맑음,교차로 - 교차로부근,승용,여,30세,상해없음,승용,여,53세,경상
2013061400100269,2013년 6월 14일 13시,금요일,경상남도 창원시 의창구 봉곡동,경상사고,0,0,1,0,차대차 - 기타,교차로운행방법위반,건조,맑음,교차로 - 교차로안,승용,남,34세,상해없음,승합,남,42세,경상
2013061400100293,2013년 6월 14일 14시,금요일,경상남도 거제시 하청면,경상사고,0,0,1,0,차대차 - 기타,안전운전불이행,건조,맑음,단일로 - 기타,승용,여,56세,상해없음,승용,남,38세,경상
2013061400100321,2013년 6월 14일 15시,금요일,경상남도 진주시 판문동,경상사고,0,0,1,0,차대차 - 기타,안전운전불이행,건조,맑음,교차로 - 교차로부근,이륜,남,53세,경상,승용,여,45세,상해없음
2013061400100322,2013년 6월 14일 15시,금요일,경상남도 통영시 무전동,경상사고,0,0,2,0,차대차 - 추돌 - 진행중,안전운전불이행,습기,비,교차로 - 교차로부근,승용,남,42세,상해없음,승용,남,54세,경상
2013061400100323,2013년 6월 14일 15시,금요일,경상남도 고성군 회화면,경상사고,0,0,2,0,차대차 - 측면직각충돌,중앙선침범,건조,흐림,단일로 - 기타,승용,남,32세,상해없음,특수,남,53세,경상
2013061400100363,2013년 6월 14일 16시,금요일,경상남도 창원시 마산합포구 해운동,경상사고,0,0,1,0,차대차 - 측면직각충돌,교차로운행방법위반,건조,맑음,교차로 - 교차로안,승용,남,55세,상해없음,승용,여,49세,상해없음
2013061400100364,2013년 6월 14일 16시,금요일,경상남도 양산시 상북면,경상사고,0,0,2,0,차대차 - 측면직각충돌,직진우회전진행방해,습기,흐림,교차로 - 교차로부근,승용,여,46세,상해없음,승용,남,26세,경상
2013061400100365,2013년 6월 14일 16시,금요일,경상남도 김해시 진례면,중상사고,0,2,0,0,차대차 - 기타,중앙선침범,습기,흐림,단일로 - 기타,화물,남,32세,상해없음,승용,여,42세,중상
2013061400100401,2013년 6월 14일 17시,금요일,경상남도 밀양시 가곡동,경상사고,0,0,1,0,차대차 - 측면직각충돌,신호위반,건조,맑음,교차로 - 교차로안,이륜,남,65세,상해없음,승용,여,40세,경상
2013061400100402,2013년 6월 14일 17시,금요일,경상남도 산청군 신안면,중상사고,0,2,0,0,차대차 - 측면직각충돌,안전운전불이행,습기,비,교차로 - 교차로안,화물,남,56세,상해없음,이륜,남,73세,중상
2013061400100438,2013년 6월 14일 18시,금요일,경상남도 양산시 물금읍,경상사고,0,0,1,0,차대차 - 측면직각충돌,직진우회전진행방해,건조,맑음,교차로 - 교차로안,승용,남,60세,상해없음,승용,남,49세,경상
2013061400100439,2013년 6월 14일 18시,금요일,경상남도 고성군 고성읍,중상사고,0,1,0,0,차대차 - 측면직각충돌,교차로운행방법위반,건조,흐림,교차로 - 교차로안,화물,남,44세,상해없음,자전거,남,12세,중상
2013061400100470,2013년 6월 14일 19시,금요일,경상남도 진주시 수곡면,경상사고,0,0,1,0,차대차 - 기타,안전운전불이행,건조,맑음,교차로 - 교차로안,승합,남,37세,상해없음,농기계,남,78세,경상
2013061400100471,2013년 6월 14일 19시,금요일,경상남도 김해시 한림면,중상사고,0,1,0,0,차대차 - 추돌 - 주정차중,안전운전불이행,건조,흐림,교차로 - 교차로부근,승용,남,35세,상해없음,승용,여,44세,중상
2013061400100502,2013년 6월 14일 20시,금요일,경상남도 진주시 하대동,중상사고,0,1,0,0,차대차 - 기타,안전운전불이행,건조,맑음,단일로 - 기타,승용,남,45세,상해없음,이륜,남,17세,중상
2013061400100503,2013년 6월 14일 20시,금요일,경상남도 진주시 상대동,부상신고사고,0,0,0,1,차대차 - 기타,신호위반,건조,맑음,교차로 - 교차로안,자전거,남,6세,부상신고,승용,남,42세,상해없음
2013061400100525,2013년 6월 14일 21시,금요일,경상남도 김해시 삼계동,경상사고,0,0,3,0,차대차 - 측면직각충돌,교차로운행방법위반,건조,맑음,교차로 - 교차로안,승용,남,23세,상해없음,승용,남,56세,상해없음
2013061400100526,2013년 6월 14일 21시,금요일,경상남도 거창군 거창읍,부상신고사고,0,0,0,1,차대차 - 추돌 - 진행중,안전운전불이행,건조,맑음,단일로 - 기타,승용,남,43세,부상신고,승용,남,34세,상해없음
2013061400100527,2013년 6월 14일 21시,금요일,경상남도 고성군 고성읍,경상사고,0,0,2,0,차대차 - 추돌 - 주정차중,안전운전불이행,건조,흐림,단일로 - 횡단보도부근,이륜,남,43세,상해없음,승용,남,25세,경상
2013061400100528,2013년 6월 14일 21시,금요일,경상남도 함안군 산인면,사망사고,1,1,1,0,차대차 - 추돌 - 진행중,안전운전불이행,건조,맑음,단일로 - 기타,승용,남,33세,상해없음,화물,남,61세,중상
2013061400100529,2013년 6월 14일 21시,금요일,경상남도 창원시 마산회원구 내서읍,사망사고,1,0,0,0,차대사람 - 보도통행중,신호위반,건조,맑음,단일로 - 기타,이륜,남,17세,상해없음,보행자,남,58세,사망
2013061400100573,2013년 6월 14일 22시,금요일,경상남도 거제시 장평동,부상신고사고,0,0,0,1,차대사람 - 기타,안전운전불이행,건조,맑음,교차로 - 교차로안,자전거,남,27세,상해없음,보행자,여,16세,부상신고
2013061400100613,2013년 6월 14일 23시,금요일,경상남도 창원시 진해구 가주동,경상사고,0,0,1,0,차량단독 - 공작물충돌,안전운전불이행,건조,맑음,단일로 - 기타,승용,남,39세,경상,,,,
2013061400100614,2013년 6월 14일 23시,금요일,경상남도 김해시 어방동,경상사고,0,0,1,0,차대사람 - 기타,안전운전불이행,건조,맑음,단일로 - 기타,승용,남,68세,상해없음,보행자,남,32세,경상
2013061400100615,2013년 6월 14일 23시,금요일,경상남도 창녕군 대합면,사망사고,1,0,0,0,차대사람 - 길가장자리구역통행중,안전운전불이행,습기,흐림,단일로 - 기타,화물,남,42세,상해없음,보행자,남,69세,사망
2013061500100018,2013년 6월 15일 00시,토요일,경상남도 김해시 외동,경상사고,0,0,1,0,차대차 - 추돌 - 주정차중,안전운전불이행,건조,맑음,기타 - 기타,승용,남,41세,경상,화물,남,51세,기타불명
2013061500100019,2013년 6월 15일 00시,토요일,경상남도 고성군 고성읍,사망사고,1,0,0,0,차대사람 - 횡단중,안전운전불이행,건조,흐림,단일로 - 기타,승용,남,52세,상해없음,보행자,여,86세,사망
2013061500100020,2013년 6월 15일 00시,토요일,경상남도 거제시 아주동,경상사고,0,0,1,0,차대차 - 기타,안전운전불이행,건조,맑음,교차로 - 교차로안,승용,여,30세,상해없음,승용,남,62세,경상
2013061500100021,2013년 6월 15일 00시,토요일,경상남도 거제시 능포동,부상신고사고,0,0,0,1,차대차 - 기타,안전운전불이행,건조,맑음,교차로 - 교차로안,승용,남,25세,상해없음,승용,남,31세,부상신고
2013061500100022,2013년 6월 15일 00시,토요일,경상남도 창원시 의창구 팔용동,중상사고,0,1,0,0,차대차 - 추돌 - 진행중,안전운전불이행,건조,맑음,교차로 - 교차로안,승용,여,40세,상해없음,승용,남,53세,중상
2013061500100046,2013년 6월 15일 01시,토요일,경상남도 창원시 의창구 봉곡동,경상사고,0,0,1,0,차대차 - 추돌 - 주정차중,안전운전불이행,건조,맑음,단일로 - 기타,승용,남,66세,상해없음,승용,여,53세,상해없음
2013061500100090,2013년 6월 15일 03시,토요일,경상남도 양산시 삼호동,경상사고,0,0,2,0,차대차 - 측면직각충돌,직진우회전진행방해,건조,맑음,교차로 - 교차로안,승합,여,44세,상해없음,승용,남,50세,경상
2013061500100107,2013년 6월 15일 04시,토요일,경상남도 창원시 진해구 석동,경상사고,0,0,1,0,차대차 - 측면직각충돌,안전운전불이행,건조,맑음,단일로 - 터널,승용,여,31세,상해없음,특수,남,42세,기타불명
2013061500100127,2013년 6월 15일 05시,토요일,경상남도 의령군 칠곡면,사망사고,1,0,0,0,차량단독 - 전도전복,안전운전불이행,건조,맑음,단일로 - 기타,승용,남,42세,사망,,,,
2013061500100138,2013년 6월 15일 06시,토요일,경상남도 진주시 중안동,중상사고,0,1,0,0,차대차 - 기타,안전운전불이행,건조,맑음,단일로 - 기타,승용,남,52세,상해없음,승합,남,38세,상해없음
2013061500100156,2013년 6월 15일 07시,토요일,경상남도 창원시 의창구 팔용동,중상사고,0,1,0,0,차대차 - 측면직각충돌,차로위반,건조,맑음,단일로 - 기타,승용,남,21세,상해없음,승용,남,50세,중상
2013061500100181,2013년 6월 15일 08시,토요일,경상남도 산청군 생초면,중상사고,0,1,0,0,차량단독 - 전도전복,안전운전불이행,건조,맑음,단일로 - 기타,이륜,남,78세,중상,,,,
2013061500100209,2013년 6월 15일 09시,토요일,경상남도 진주시 유곡동,경상사고,0,0,1,0,차대차 - 추돌 - 진행중,안전거리미확보,건조,맑음,단일로 - 기타,원동기,남,78세,경상,승용,여,44세,상해없음
2013061500100240,2013년 6월 15일 10시,토요일,경상남도 양산시 북부동,경상사고,0,0,1,0,차대차 - 기타,교차로운행방법위반,건조,맑음,교차로 - 교차로안,원동기,남,44세,경상,승용,남,49세,상해없음
2013061500100241,2013년 6월 15일 10시,토요일,경상남도 거제시 아주동,중상사고,0,1,2,0,차대차 - 기타,안전운전불이행,건조,맑음,단일로 - 기타,승용,여,40세,경상,승용,여,43세,중상
2013061500100242,2013년 6월 15일 10시,토요일,경상남도 창원시 마산회원구 회원동,경상사고,0,0,1,0,차대차 - 기타,안전운전불이행,건조,맑음,교차로 - 교차로안,승용,남,73세,상해없음,원동기,남,73세,경상
2013061500100273,2013년 6월 15일 11시,토요일,경상남도 김해시 장유면,부상신고사고,0,0,0,1,차대차 - 기타,차로위반,건조,맑음,단일로 - 기타,승용,남,48세,상해없음,이륜,남,17세,부상신고
2013061500100297,2013년 6월 15일 12시,토요일,경상남도 진주시 본성동,중상사고,0,1,1,0,차대차 - 추돌 - 주정차중,안전운전불이행,건조,맑음,교차로 - 교차로부근,화물,남,40세,상해없음,승용,여,30세,중상