사고번호,사고일시,요일,시군구,사고내용,사망자수,중상자수,경상자수,부상신고자수,사고유형,법규위반,노면상태,기상상태,도로형태,가해운전자 차종,가해운전자 성별,가해운전자 연령,가해운전자 상해정도,피해운전자 차종,피해운전자 성별,피해운전자 연령,피해운전자 상해정도
2013061500100298,2013년 6월 15일 12시,토요일,경상남도 창원시 진해구 용원동,경상사고,0,0,1,0,차대차 - 측면직각충돌,안전운전불이행,건조,맑음,단일로 - 기타,원동기,남,36세,경상,승용,남,69세,상해없음
2013061500100299,2013년 6월 15일 12시,토요일,경상남도 김해시 어방동,경상사고,0,0,2,0,차대차 - 측면직각충돌,교차로운행방법위반,건조,맑음,교차로 - 교차로안,원동기,남,16세,경상,승용,남,43세,경상
2013061500100300,2013년 6월 15일 12시,토요일,경상남도 거제시 옥포동,중상사고,0,1,0,0,차대사람 - 기타,안전운전불이행,건조,맑음,단일로 - 횡단보도상,승용,남,30세,상해없음,보행자,여,46세,중상
2013061500100301,2013년 6월 15일 12시,토요일,경상남도 창원시 의창구 신월동,중상사고,0,1,0,0,차대사람 - 보도통행중,안전운전불이행,건조,맑음,단일로 - 횡단보도부근,승용,남,52세,상해없음,보행자,여,16세,중상
2013061500100326,2013년 6월 15일 13시,토요일,경상남도 김해시 대동면,경상사고,0,0,3,0,차대차 - 추돌 - 주정차중,안전운전불이행,건조,맑음,단일로 - 기타,승용,남,31세,상해없음,승용,여,53세,경상
2013061500100344,2013년 6월 15일 13시,토요일,경상남도 사천시 사남면,경상사고,0,0,1,0,차대차 - 정면충돌,중앙선침범,건조,맑음,단일로 - 기타,화물,남,58세,상해없음,승용,남,63세,경상
2013061500100421,2013년 6월 15일 15시,토요일,경상남도 양산시 평산동,중상사고,0,1,0,0,차대사람 - 보도통행중,안전운전불이행,건조,맑음,교차로 - 교차로부근,승용,남,55세,상해없음,보행자,여,53세,중상
2013061500100423,2013년 6월 15일 15시,토요일,경상남도 김해시 흥동,중상사고,0,1,2,0,차대차 - 기타,안전거리미확보,건조,맑음,단일로 - 기타,이륜,남,14세,상해없음,이륜,남,15세,경상
2013061500100455,2013년 6월 15일 16시,토요일,경상남도 양산시 북부동,부상신고사고,0,0,0,1,차대사람 - 기타,보행자보호의무위반,건조,맑음,교차로 - 교차로안,승용,남,67세,상해없음,보행자,여,47세,부상신고
2013061500100497,2013년 6월 15일 17시,토요일,경상남도 양산시 물금읍,경상사고,0,0,1,0,차대차 - 기타,안전운전불이행,건조,맑음,단일로 - 기타,화물,남,59세,상해없음,승용,남,31세,상해없음
2013061500100498,2013년 6월 15일 17시,토요일,경상남도 거제시 고현동,경상사고,0,0,1,0,차대차 - 측면직각충돌,안전운전불이행,건조,맑음,단일로 - 기타,승합,여,44세,상해없음,승용,남,50세,경상
2013061500100533,2013년 6월 15일 18시,토요일,경상남도 창녕군 부곡면,중상사고,0,1,0,0,차대차 - 추돌 - 주정차중,안전운전불이행,건조,맑음,단일로 - 기타,건설기계,남,47세,중상,화물,남,65세,기타불명
2013061500100534,2013년 6월 15일 18시,토요일,경상남도 산청군 생초면,중상사고,0,1,0,0,차대사람 - 보도통행중,안전운전불이행,건조,맑음,단일로 - 기타,승합,남,43세,상해없음,보행자,여,79세,중상
2013061500100535,2013년 6월 15일 18시,토요일,경상남도 창원시 의창구 팔용동,중상사고,0,1,0,0,차대차 - 추돌 - 진행중,안전운전불이행,건조,맑음,단일로 - 기타,승용,남,29세,상해없음,승용,남,73세,중상
2013061500100561,2013년 6월 15일 19시,토요일,경상남도 김해시 외동,중상사고,0,1,0,0,차대사람 - 횡단중,보행자보호의무위반,건조,맑음,교차로 - 교차로안,이륜,남,16세,상해없음,보행자,여,92세,중상
2013061500100562,2013년 6월 15일 19시,토요일,경상남도 창원시 의창구 팔용동,경상사고,0,0,3,0,차대차 - 추돌 - 주정차중,안전운전불이행,건조,맑음,단일로 - 기타,승용,남,42세,상해없음,승용,여,47세,경상
2013061500100610,2013년 6월 15일 21시,토요일,경상남도 밀양시 상동면,경상사고,0,0,3,4,차대차 - 기타,안전운전불이행,건조,맑음,단일로 - 기타,승용,남,35세,부상신고,승용,남,50세,경상
2013061500100630,2013년 6월 15일 21시,토요일,경상남도 창원시 진해구 경화동,경상사고,0,0,1,0,차대사람 - 기타,안전운전불이행,건조,맑음,단일로 - 기타,승합,여,38세,상해없음,보행자,남,65세,경상
2013061500100631,2013년 6월 15일 21시,토요일,경상남도 창녕군 남지읍,중상사고,0,1,0,0,차대차 - 정면충돌,중앙선침범,건조,맑음,단일로 - 기타,승용,여,23세,상해없음,화물,남,66세,중상
2013061500100661,2013년 6월 15일 22시,토요일,경상남도 창원시 마산합포구 월영동,중상사고,0,1,0,0,차대사람 - 차도통행중,안전운전불이행,건조,맑음,단일로 - 기타,승용,남,35세,상해없음,보행자,남,25세,중상
2013061500100697,2013년 6월 15일 23시,토요일,경상남도 창녕군 남지읍,중상사고,0,1,1,0,차대차 - 추돌 - 주정차중,안전운전불이행,건조,맑음,단일로 - 기타,승용,남,28세,경상,화물,남,43세,상해없음
2013061500100698,2013년 6월 15일 23시,토요일,경상남도 창원시 성산구 반림동,중상사고,0,1,0,0,차대차 - 측면직각충돌,신호위반,건조,맑음,교차로 - 교차로안,승용,여,45세,상해없음,이륜,남,21세,중상
2013061600100034,2013년 6월 16일 01시,일요일,경상남도 거제시 옥포동,중상사고,0,1,0,0,차대사람 - 기타,안전운전불이행,건조,맑음,교차로 - 교차로안,승용,남,34세,상해없음,보행자,남,56세,중상
2013061600100035,2013년 6월 16일 01시,일요일,경상남도 창원시 마산회원구 합성동,중상사고,0,2,0,0,차대차 - 기타,안전운전불이행,건조,맑음,교차로 - 교차로부근,승용,남,22세,상해없음,승용,남,42세,중상
2013061600100065,2013년 6월 16일 02시,일요일,경상남도 진주시 망경동,중상사고,0,1,1,0,차대차 - 측면직각충돌,교차로운행방법위반,건조,맑음,단일로 - 기타,승용,남,35세,상해없음,승용,남,44세,상해없음
2013061600100090,2013년 6월 16일 04시,일요일,경상남도 창원시 마산합포구 월영동,부상신고사고,0,0,0,1,차량단독 - 기타,안전운전불이행,건조,맑음,단일로 - 기타,승용,남,32세,부상신고,,,,
2013061600100091,2013년 6월 16일 04시,일요일,경상남도 양산시 물금읍,경상사고,0,0,2,0,차대차 - 기타,교차로운행방법위반,건조,맑음,교차로 - 교차로안,승용,남,47세,상해없음,승용,남,67세,경상
2013061600100148,2013년 6월 16일 08시,일요일,경상남도 사천시 벌리동,중상사고,0,1,0,0,차대차 - 기타,교차로운행방법위반,건조,맑음,교차로 - 교차로안,원동기,여,63세,상해없음,승용,남,42세,상해없음
2013061600100169,2013년 6월 16일 09시,일요일,경상남도 진주시 주약동,중상사고,0,2,1,0,차대차 - 기타,중앙선침범,건조,맑음,교차로 - 교차로부근,승용,남,23세,경상,승용,여,29세,중상
2013061600100170,2013년 6월 16일 09시,일요일,경상남도 하동군 하동읍,중상사고,0,1,1,0,차대차 - 측면직각충돌,신호위반,건조,맑음,교차로 - 교차로안,승합,남,50세,상해없음,승용,남,36세,경상
2013061600100171,2013년 6월 16일 09시,일요일,경상남도 거제시 옥포동,중상사고,0,1,0,0,차대차 - 기타,중앙선침범,건조,맑음,교차로 - 교차로부근,승용,여,53세,상해없음,승용,남,66세,중상
2013061600100172,2013년 6월 16일 09시,일요일,경상남도 남해군 미조면,중상사고,0,1,1,0,차대차 - 정면충돌,중앙선침범,건조,맑음,기타 - 기타,승용,남,52세,상해없음,승용,남,37세,경상
2013061600100192,2013년 6월 16일 10시,일요일,경상남도 의령군 부림면,중상사고,0,1,0,0,차대사람 - 기타,안전운전불이행,건조,맑음,단일로 - 터널,화물,남,69세,상해없음,보행자,여,50세,중상
2013061600100213,2013년 6월 16일 11시,일요일,경상남도 김해시 구산동,사망사고,1,1,0,0,차대차 - 기타,안전운전불이행,건조,맑음,단일로 - 기타,승합,남,72세,상해없음,승용,남,65세,중상
2013061600100321,2013년 6월 16일 15시,일요일,경상남도 사천시 용현면,경상사고,0,0,1,3,차대차 - 기타,안전운전불이행,건조,맑음,교차로 - 교차로부근,승용,여,31세,상해없음,승용,남,47세,부상신고
2013061600100322,2013년 6월 16일 15시,일요일,경상남도 김해시 외동,경상사고,0,0,2,0,차대차 - 측면직각충돌,교차로운행방법위반,건조,맑음,교차로 - 교차로부근,승용,여,53세,상해없음,승용,남,23세,경상
2013061600100323,2013년 6월 16일 15시,일요일,경상남도 함안군 산인면,경상사고,0,0,1,0,차대차 - 측면직각충돌,기타,건조,맑음,교차로 - 교차로부근,화물,남,39세,상해없음,승합,남,45세,경상
2013061600100358,2013년 6월 16일 16시,일요일,경상남도 진주시 중안동,경상사고,0,0,1,0,차대차 - 측면직각충돌,신호위반,건조,맑음,교차로 - 교차로안,원동기,남,78세,경상,승용,남,52세,상해없음
2013061600100359,2013년 6월 16일 16시,일요일,경상남도 사천시 정동면,중상사고,0,2,0,0,차대차 - 측면직각충돌,교차로운행방법위반,건조,맑음,교차로 - 교차로안,승용,남,54세,중상,화물,남,52세,중상
2013061600100360,2013년 6월 16일 16시,일요일,경상남도 하동군 옥종면,중상사고,0,1,0,0,차대차 - 기타,안전거리미확보,건조,맑음,단일로 - 기타,화물,남,68세,상해없음,원동기,남,77세,중상
2013061600100361,2013년 6월 16일 16시,일요일,경상남도 함안군 칠원면,사망사고,1,0,3,0,차대차 - 추돌 - 주정차중,안전운전불이행,건조,맑음,단일로 - 기타,화물,남,54세,사망,승용,남,36세,경상
2013061600100362,2013년 6월 16일 16시,일요일,경상남도 창원시 성산구 가음동,경상사고,0,0,1,0,차대차 - 측면직각충돌,직진우회전진행방해,건조,맑음,교차로 - 교차로안,승용,여,38세,상해없음,이륜,남,41세,경상
2013061600100385,2013년 6월 16일 17시,일요일,경상남도 창원시 진해구 석동,경상사고,0,0,2,0,차대차 - 기타,안전거리미확보,건조,맑음,단일로 - 기타,승용,남,28세,상해없음,승용,남,32세,경상
2013061600100386,2013년 6월 16일 17시,일요일,경상남도 김해시 삼계동,경상사고,0,0,1,0,차대차 - 추돌 - 주정차중,안전운전불이행,건조,맑음,교차로 - 교차로부근,승용,여,23세,경상,승용,남,42세,상해없음
2013061600100426,2013년 6월 16일 18시,일요일,경상남도 김해시 구산동,중상사고,0,1,0,0,차대사람 - 횡단중,안전운전불이행,건조,맑음,단일로 - 기타,승용,남,58세,상해없음,보행자,남,3세,중상
2013061600100450,2013년 6월 16일 19시,일요일,경상남도 합천군 적중면,경상사고,0,0,1,0,차대차 - 측면직각충돌,교차로운행방법위반,건조,맑음,교차로 - 교차로안,승용,여,43세,상해없음,자전거,남,65세,경상
2013061600100481,2013년 6월 16일 20시,일요일,경상남도 진주시 평거동,중상사고,0,2,1,0,차대차 - 기타,안전거리미확보,건조,맑음,교차로 - 교차로안,이륜,남,20세,중상,이륜,남,19세,중상
2013061600100482,2013년 6월 16일 20시,일요일,경상남도 김해시 어방동,중상사고,0,1,0,0,차대차 - 측면직각충돌,기타,건조,맑음,단일로 - 기타,화물,남,37세,상해없음,원동기,남,16세,중상
2013061600100518,2013년 6월 16일 21시,일요일,경상남도 김해시 구산동,중상사고,0,1,0,0,차대차 - 측면직각충돌,신호위반,습기,흐림,교차로 - 교차로안,원동기,남,59세,중상,화물,남,59세,상해없음
2013061600100519,2013년 6월 16일 21시,일요일,경상남도 하동군 금남면,중상사고,0,1,0,0,차대차 - 추돌 - 진행중,안전운전불이행,건조,맑음,단일로 - 기타,승용,남,23세,상해없음,농기계,남,82세,중상
2013061600100545,2013년 6월 16일 22시,일요일,경상남도 하동군 청암면,사망사고,1,0,0,0,차대사람 - 기타,안전운전불이행,건조,맑음,단일로 - 기타,화물,남,32세,상해없음,보행자,남,52세,사망
2013061600100562,2013년 6월 16일 23시,일요일,경상남도 통영시 정량동,경상사고,0,0,1,0,차대차 - 측면직각충돌,직진우회전진행방해,건조,맑음,교차로 - 교차로안,승용,여,48세,상해없음,화물,남,68세,상해없음
2013061600100563,2013년 6월 16일 23시,일요일,경상남도 창원시 의창구 동읍,사망사고,1,0,0,0,차대사람 - 기타,안전운전불이행,건조,맑음,교차로 - 교차로안,승용,남,58세,상해없음,보행자,남,22세,사망
2013061700100008,2013년 6월 17일 00시,월요일,경상남도 창원시 마산회원구 구암동,중상사고,0,1,2,0,차대차 - 추돌 - 진행중,안전운전불이행,건조,맑음,단일로 - 기타,승용,남,40세,상해없음,승용,남,41세,경상
2013061700100069,2013년 6월 17일 07시,월요일,경상남도 합천군 삼가면,경상사고,0,0,1,0,차대차 - 측면직각충돌,교차로운행방법위반,건조,맑음,교차로 - 교차로안,화물,남,65세,기타불명,자전거,남,10세,경상
2013061700100070,2013년 6월 17일 07시,월요일,경상남도 거제시 장평동,중상사고,0,1,0,0,차대차 - 추돌 - 진행중,안전운전불이행,건조,맑음,기타 - 기타,승용,남,42세,상해없음,자전거,남,42세,중상
2013061700100071,2013년 6월 17일 07시,월요일,경상남도 창원시 의창구 사림동,중상사고,0,1,0,0,차대사람 - 기타,교차로운행방법위반,건조,맑음,교차로 - 교차로안,화물,남,55세,상해없음,보행자,남,79세,중상
2013061700100072,2013년 6월 17일 07시,월요일,경상남도 창원시 마산합포구 산호동,경상사고,0,0,1,0,차대차 - 기타,안전운전불이행,건조,맑음,교차로 - 교차로안,기타불명,기타불명,기타불명,기타불명,자전거,남,15세,경상
2013061700100118,2013년 6월 17일 08시,월요일,경상남도 진주시 대안동,경상사고,0,0,1,0,차대차 - 측면직각충돌,안전거리미확보,건조,맑음,단일로 - 기타,이륜,남,72세,경상,승용,여,28세,상해없음
2013061700100119,2013년 6월 17일 08시,월요일,경상남도 함양군 수동면,중상사고,0,1,0,0,차대차 - 측면직각충돌,신호위반,건조,맑음,교차로 - 교차로안,화물,남,43세,상해없음,승용,여,27세,중상
2013061700100120,2013년 6월 17일 08시,월요일,경상남도 거제시 상동동,경상사고,0,0,1,0,차대차 - 추돌 - 진행중,교차로운행방법위반,건조,맑음,교차로 - 교차로안,승용,여,41세,상해없음,승용,여,44세,경상
2013061700100150,2013년 6월 17일 09시,월요일,경상남도 창원시 성산구 신촌동,경상사고,0,0,1,0,차대차 - 측면직각충돌,직진우회전진행방해,건조,맑음,교차로 - 교차로안,화물,여,55세,상해없음,화물,남,50세,경상
2013061700100174,2013년 6월 17일 10시,월요일,경상남도 밀양시 삼문동,중상사고,0,2,0,0,차대차 - 추돌 - 진행중,안전운전불이행,건조,맑음,단일로 - 기타,승용,여,44세,상해없음,화물,남,33세,중상
2013061700100175,2013년 6월 17일 10시,월요일,경상남도 남해군 상주면,경상사고,0,0,1,0,차대차 - 측면직각충돌,안전운전불이행,건조,맑음,기타 - 기타,승용,남,70세,경상,화물,남,72세,상해없음
2013061700100176,2013년 6월 17일 10시,월요일,경상남도 창원시 성산구 외동,중상사고,0,1,0,0,차대사람 - 차도통행중,안전운전불이행,건조,맑음,단일로 - 기타,승용,여,46세,상해없음,보행자,여,84세,중상
2013061700100206,2013년 6월 17일 11시,월요일,경상남도 사천시 죽림동,경상사고,0,0,4,0,차대차 - 기타,안전운전불이행,건조,맑음,교차로 - 교차로부근,승용,여,51세,상해없음,화물,남,55세,경상
2013061700100207,2013년 6월 17일 11시,월요일,경상남도 함양군 안의면,경상사고,0,0,1,0,차대차 - 추돌 - 진행중,차로위반,건조,맑음,단일로 - 기타,승용,여,27세,상해없음,화물,남,45세,상해없음
2013061700100208,2013년 6월 17일 11시,월요일,경상남도 양산시 덕계동,중상사고,0,1,0,0,차대사람 - 길가장자리구역통행중,안전운전불이행,건조,맑음,기타 - 기타,승용,여,25세,상해없음,보행자,여,83세,중상
2013061700100209,2013년 6월 17일 11시,월요일,경상남도 고성군 마암면,경상사고,0,0,2,0,차대차 - 추돌 - 주정차중,안전운전불이행,건조,맑음,단일로 - 횡단보도부근,건설기계,남,45세,상해없음,승용,남,27세,경상
2013061700100228,2013년 6월 17일 12시,월요일,경상남도 진주시 강남동,경상사고,0,0,1,0,차대사람 - 보도통행중,기타,건조,맑음,기타 - 기타,승용,남,55세,상해없음,보행자,남,45세,경상
2013061700100229,2013년 6월 17일 12시,월요일,경상남도 거제시 남부면,중상사고,0,1,0,0,차량단독 - 기타,안전운전불이행,건조,맑음,단일로 - 기타,승용,남,74세,상해없음,,,,
2013061700100230,2013년 6월 17일 12시,월요일,경상남도 창원시 마산회원구 회원동,중상사고,0,1,0,0,차대사람 - 횡단중,중앙선침범,건조,맑음,교차로 - 교차로부근,승용,여,32세,상해없음,보행자,여,77세,중상
2013061700100253,2013년 6월 17일 13시,월요일,경상남도 창원시 진해구 남양동,경상사고,0,0,1,0,차대차 - 추돌 - 진행중,안전운전불이행,건조,맑음,단일로 - 기타,승용,여,67세,경상,건설기계,남,39세,상해없음
2013061700100304,2013년 6월 17일 15시,월요일,경상남도 진주시 가좌동,경상사고,0,0,1,0,차대차 - 측면직각충돌,안전거리미확보,건조,맑음,단일로 - 기타,이륜,남,26세,경상,승용,여,44세,상해없음
2013061700100305,2013년 6월 17일 15시,월요일,경상남도 창원시 마산합포구 산호동,경상사고,0,0,1,0,차대차 - 측면직각충돌,안전운전불이행,건조,맑음,단일로 - 기타,기타불명,기타불명,기타불명,기타불명,승용,남,50세,경상
2013061700100341,2013년 6월 17일 16시,월요일,경상남도 밀양시 무안면,중상사고,0,1,0,0,차대차 - 추돌 - 진행중,안전운전불이행,건조,맑음,단일로 - 기타,화물,남,52세,상해없음,농기계,남,70세,중상
2013061700100342,2013년 6월 17일 16시,월요일,경상남도 하동군 횡천면,중상사고,0,2,1,0,차대차 - 측면직각충돌,중앙선침범,건조,맑음,단일로 - 기타,승용,남,57세,상해없음,승용,남,61세,중상
2013061700100343,2013년 6월 17일 16시,월요일,경상남도 창원시 의창구 도계동,중상사고,0,1,0,1,차대차 - 기타,안전거리미확보,건조,맑음,교차로 - 교차로안,승용,여,50세,상해없음,승용,여,28세,부상신고
2013061700100344,2013년 6월 17일 16시,월요일,경상남도 함안군 군북면,중상사고,0,1,0,0,차량단독 - 공작물충돌,안전운전불이행,건조,맑음,단일로 - 기타,승용,남,29세,중상,,,,
2013061700100382,2013년 6월 17일 17시,월요일,경상남도 사천시 곤양면,경상사고,0,0,2,0,차대차 - 기타,안전운전불이행,건조,맑음,단일로 - 기타,화물,남,72세,상해없음,승용,여,52세,경상
2013061700100383,2013년 6월 17일 17시,월요일,경상남도 김해시 어방동,중상사고,0,1,0,0,차대사람 - 기타,안전운전불이행,건조,맑음,교차로 - 교차로안,승용,남,50세,상해없음,보행자,남,1세,중상
2013061700100384,2013년 6월 17일 17시,월요일,경상남도 창원시 의창구 사림동,중상사고,0,1,0,0,차대사람 - 보도통행중,보행자보호의무위반,건조,맑음,교차로 - 교차로부근,승용,여,58세,상해없음,보행자,여,63세,중상
2013061700100424,2013년 6월 17일 18시,월요일,경상남도 양산시 삼호동,경상사고,0,0,1,0,차대차 - 측면직각충돌,신호위반,건조,맑음,교차로 - 교차로안,승용,남,22세,상해없음,승용,남,58세,경상
2013061700100425,2013년 6월 17일 18시,월요일,경상남도 양산시 삼호동,경상사고,0,0,1,0,차대차 - 측면직각충돌,교차로운행방법위반,건조,맑음,교차로 - 교차로안,승용,남,22세,상해없음,승용,여,35세,경상
2013061700100426,2013년 6월 17일 18시,월요일,경상남도 거제시 하청면,중상사고,0,1,0,0,차량단독 - 전도전복,안전운전불이행,건조,맑음,단일로 - 기타,이륜,남,15세,상해없음,,,,
2013061700100427,2013년 6월 17일 18시,월요일,경상남도 창원시 의창구 팔용동,경상사고,0,0,1,0,차대사람 - 기타,안전운전불이행,건조,맑음,단일로 - 기타,승용,여,42세,상해없음,보행자,남,4세,경상
2013061700100428,2013년 6월 17일 18시,월요일,경상남도 김해시 진영읍,중상사고,0,1,0,0,차대차 - 측면직각충돌,교차로운행방법위반,건조,맑음,교차로 - 교차로안,승합,남,55세,상해없음,승합,남,37세,중상
2013061700100458,2013년 6월 17일 19시,월요일,경상남도 진주시 금산면,경상사고,0,0,2,0,차대차 - 추돌 - 주정차중,안전운전불이행,건조,맑음,단일로 - 기타,화물,남,56세,상해없음,승용,남,27세,경상
2013061700100459,2013년 6월 17일 19시,월요일,경상남도 진주시 내동면,중상사고,0,3,0,0,차대차 - 추돌 - 주정차중,안전운전불이행,건조,맑음,단일로 - 기타,화물,남,41세,중상,화물,남,38세,중상
2013061700100460,2013년 6월 17일 19시,월요일,경상남도 통영시 용남면,경상사고,0,0,1,0,차대차 - 측면직각충돌,교차로운행방법위반,건조,맑음,교차로 - 교차로부근,승합,남,49세,상해없음,승용,남,29세,경상
2013061700100461,2013년 6월 17일 19시,월요일,경상남도 김해시 외동,중상사고,0,2,2,0,차대차 - 추돌 - 진행중,안전거리미확보,건조,맑음,교차로 - 교차로안,승용,남,53세,상해없음,승용,남,47세,상해없음
2013061700100462,2013년 6월 17일 19시,월요일,경상남도 창원시 의창구 도계동,중상사고,0,1,0,1,차대차 - 기타,안전운전불이행,건조,맑음,단일로 - 기타,승용,남,60세,상해없음,승합,남,33세,중상
2013061700100541,2013년 6월 17일 21시,월요일,경상남도 김해시 내동,경상사고,0,0,1,0,차대차 - 기타,교차로운행방법위반,건조,맑음,교차로 - 교차로안,승용,남,61세,상해없음,이륜,남,46세,경상
2013061700100542,2013년 6월 17일 21시,월요일,경상남도 김해시 내동,경상사고,0,0,1,0,차대사람 - 차도통행중,안전운전불이행,건조,맑음,단일로 - 횡단보도부근,승용,남,48세,상해없음,보행자,남,17세,경상
2013061700100543,2013년 6월 17일 21시,월요일,경상남도 창원시 의창구 동정동,중상사고,0,1,0,0,차대사람 - 기타,보행자보호의무위반,건조,맑음,교차로 - 교차로안,승용,남,47세,상해없음,보행자,여,47세,중상
2013061700100574,2013년 6월 17일 22시,월요일,경상남도 밀양시 삼랑진읍,경상사고,0,0,1,0,차대차 - 추돌 - 진행중,안전운전불이행,건조,맑음,단일로 - 기타,승용,남,43세,상해없음,화물,남,55세,경상
2013061700100575,2013년 6월 17일 22시,월요일,경상남도 양산시 덕계동,경상사고,0,0,1,0,차대차 - 측면직각충돌,신호위반,건조,맑음,교차로 - 교차로안,승용,남,45세,상해없음,승용,남,49세,경상
2013061800100011,2013년 6월 18일 00시,화요일,경상남도 창원시 마산회원구 합성동,사망사고,1,2,0,0,차대차 - 정면충돌,중앙선침범,건조,맑음,단일로 - 기타,승용,남,52세,사망,승용,남,48세,중상
2013061800100034,2013년 6월 18일 01시,화요일,경상남도 함양군 병곡면,사망사고,1,0,0,0,차량단독 - 공작물충돌,안전운전불이행,건조,맑음,단일로 - 기타,화물,남,53세,사망,,,,
2013061800100052,2013년 6월 18일 02시,화요일,경상남도 창원시 의창구 봉곡동,중상사고,0,1,0,2,차대차 - 기타,안전거리미확보,건조,맑음,교차로 - 교차로부근,승용,남,72세,상해없음,승용,남,53세,중상
2013061800100069,2013년 6월 18일 03시,화요일,경상남도 거제시 옥포동,경상사고,0,0,1,0,차대사람 - 차도통행중,안전운전불이행,건조,맑음,단일로 - 기타,승용,남,41세,상해없음,보행자,남,43세,경상
2013061800100092,2013년 6월 18일 05시,화요일,경상남도 김해시 어방동,경상사고,0,0,1,0,차대차 - 측면직각충돌,안전운전불이행,건조,흐림,단일로 - 기타,승용,남,33세,상해없음,승용,여,55세,경상
2013061800100125,2013년 6월 18일 07시,화요일,경상남도 김해시 삼계동,경상사고,0,0,1,0,차대차 - 추돌 - 진행중,차로위반,건조,맑음,단일로 - 기타,승용,남,61세,상해없음,승합,남,61세,상해없음
2013061800100126,2013년 6월 18일 07시,화요일,경상남도 창원시 성산구 신촌동,경상사고,0,0,2,0,차대차 - 정면충돌,안전운전불이행,건조,맑음,교차로 - 교차로안,승용,남,31세,상해없음,승용,남,55세,경상
2013061800100151,2013년 6월 18일 08시,화요일,경상남도 양산시 어곡동,경상사고,0,0,1,0,차대차 - 측면직각충돌,안전운전불이행,건조,맑음,단일로 - 기타,승용,남,45세,상해없음,승용,여,30세,경상
2013061800100183,2013년 6월 18일 09시,화요일,경상남도 진주시 중안동,중상사고,0,1,0,0,차대사람 - 기타,안전운전불이행,건조,맑음,교차로 - 교차로안,화물,남,58세,상해없음,보행자,여,52세,중상
2013061800100184,2013년 6월 18일 09시,화요일,경상남도 합천군 합천읍,중상사고,0,1,0,0,차대차 - 추돌 - 주정차중,안전운전불이행,건조,맑음,교차로 - 교차로안,승용,여,59세,중상,승합,여,53세,기타불명
2013061800100185,2013년 6월 18일 09시,화요일,경상남도 거제시 상동동,중상사고,0,1,1,0,차대차 - 측면직각충돌,신호위반,건조,맑음,교차로 - 교차로안,승용,여,56세,상해없음,승용,남,44세,경상
2013061800100214,2013년 6월 18일 10시,화요일,경상남도 진주시 중안동,중상사고,0,1,0,0,차량단독 - 기타,안전운전불이행,건조,맑음,교차로 - 교차로안,승합,남,52세,상해없음,,,,
2013061800100215,2013년 6월 18일 10시,화요일,경상남도 거제시 장평동,중상사고,0,1,0,0,차대사람 - 기타,안전운전불이행,건조,맑음,단일로 - 횡단보도부근,화물,여,44세,상해없음,보행자,남,54세,중상
2013061800100216,2013년 6월 18일 10시,화요일,경상남도 의령군 의령읍,경상사고,0,0,1,0,차대차 - 추돌 - 주정차중,안전운전불이행,건조,맑음,단일로 - 기타,승용,여,53세,상해없음,화물,남,61세,경상
2013061800100217,2013년 6월 18일 10시,화요일,경상남도 창원시 의창구 팔용동,중상사고,0,1,1,0,차대차 - 측면직각충돌,신호위반,건조,맑음,교차로 - 교차로안,화물,남,65세,상해없음,승용,여,57세,경상
2013061800100218,2013년 6월 18일 10시,화요일,경상남도 창원시 의창구 팔용동,중상사고,0,1,1,0,차대차 - 추돌 - 진행중,안전거리미확보,건조,흐림,교차로 - 교차로부근,화물,남,53세,상해없음,승용,남,58세,경상
2013061800100247,2013년 6월 18일 11시,화요일,경상남도 창원시 진해구 이동,경상사고,0,0,2,0,차대차 - 추돌 - 주정차중,안전거리미확보,건조,흐림,단일로 - 기타,승합,남,48세,상해없음,승용,여,39세,경상
2013061800100248,2013년 6월 18일 11시,화요일,경상남도 창원시 의창구 봉곡동,중상사고,0,2,0,0,차대차 - 측면직각충돌,교차로운행방법위반,건조,맑음,교차로 - 교차로안,승용,남,55세,상해없음,승용,남,30세,중상
2013061800100249,2013년 6월 18일 11시,화요일,경상남도 김해시 한림면,중상사고,0,2,2,0,차대차 - 추돌 - 주정차중,안전운전불이행,건조,흐림,단일로 - 기타,화물,남,36세,상해없음,화물,남,47세,상해없음
2013061800100278,2013년 6월 18일 12시,화요일,경상남도 김해시 생림면,경상사고,0,0,1,0,차량단독 - 공작물충돌,안전운전불이행,습기,비,단일로 - 기타,승용,남,31세,경상,,,,
2013061800100279,2013년 6월 18일 12시,화요일,경상남도 거창군 거창읍,경상사고,0,0,1,0,차대차 - 측면직각충돌,중앙선침범,습기,비,단일로 - 기타,승용,남,57세,상해없음,승용,남,32세,경상
2013061800100299,2013년 6월 18일 13시,화요일,경상남도 창원시 의창구 용호동,중상사고,0,1,1,0,차대차 - 측면직각충돌,안전운전불이행,습기,비,교차로 - 교차로안,승용,남,50세,상해없음,승용,남,47세,경상
2013061800100326,2013년 6월 18일 14시,화요일,경상남도 통영시 광도면,경상사고,0,0,1,0,차대차 - 추돌 - 주정차중,안전거리미확보,습기,비,교차로 - 교차로부근,화물,남,26세,상해없음,승용,남,51세,경상
2013061800100327,2013년 6월 18일 14시,화요일,경상남도 창녕군 영산면,중상사고,0,1,0,0,차대차 - 추돌 - 주정차중,안전운전불이행,습기,흐림,단일로 - 기타,화물,남,57세,상해없음,화물,남,49세,중상
2013061800100352,2013년 6월 18일 15시,화요일,경상남도 통영시 광도면,중상사고,0,1,0,0,차대차 - 기타,안전거리미확보,건조,맑음,단일로 - 기타,승합,남,57세,상해없음,승용,남,29세,중상