사고번호,사고일시,요일,시군구,사고내용,사망자수,중상자수,경상자수,부상신고자수,사고유형,법규위반,노면상태,기상상태,도로형태,가해운전자 차종,가해운전자 성별,가해운전자 연령,가해운전자 상해정도,피해운전자 차종,피해운전자 성별,피해운전자 연령,피해운전자 상해정도
2013061800100353,2013년 6월 18일 15시,화요일,경상남도 창원시 성산구 상남동,중상사고,0,1,0,0,차대차 - 기타,안전운전불이행,습기,비,교차로 - 교차로안,승용,여,38세,상해없음,자전거,남,11세,중상
2013061800100354,2013년 6월 18일 15시,화요일,경상남도 창원시 의창구 봉곡동,중상사고,0,1,0,0,차대차 - 추돌 - 주정차중,안전운전불이행,습기,흐림,교차로 - 교차로부근,승용,남,52세,상해없음,승용,남,31세,중상
2013061800100392,2013년 6월 18일 16시,화요일,경상남도 밀양시 내이동,경상사고,0,0,1,0,차대차 - 측면직각충돌,교차로운행방법위반,습기,흐림,교차로 - 교차로안,승용,여,51세,상해없음,승합,남,51세,경상
2013061800100393,2013년 6월 18일 16시,화요일,경상남도 양산시 상북면,중상사고,0,1,2,3,차대차 - 측면직각충돌,직진우회전진행방해,건조,맑음,교차로 - 교차로부근,화물,남,45세,상해없음,승합,여,41세,부상신고
2013061800100435,2013년 6월 18일 17시,화요일,경상남도 김해시 화목동,중상사고,0,1,0,0,차대차 - 기타,안전운전불이행,습기,비,교차로 - 교차로안,화물,남,25세,상해없음,자전거,남,73세,중상
2013061800100464,2013년 6월 18일 18시,화요일,경상남도 밀양시 삼문동,경상사고,0,0,1,0,차대차 - 측면직각충돌,안전운전불이행,건조,흐림,단일로 - 횡단보도부근,승용,남,53세,상해없음,자전거,남,13세,경상
2013061800100465,2013년 6월 18일 18시,화요일,경상남도 밀양시 하남읍,부상신고사고,0,0,0,1,차대차 - 측면직각충돌,교차로운행방법위반,건조,흐림,교차로 - 교차로안,승용,여,49세,상해없음,원동기,남,45세,부상신고
2013061800100466,2013년 6월 18일 18시,화요일,경상남도 양산시 남부동,경상사고,0,0,1,0,차대사람 - 기타,안전운전불이행,습기,비,단일로 - 기타,승합,남,56세,상해없음,보행자,남,60세,경상
2013061800100467,2013년 6월 18일 18시,화요일,경상남도 양산시 북부동,경상사고,0,0,1,0,차대차 - 기타,안전운전불이행,습기,비,단일로 - 기타,승용,여,35세,상해없음,이륜,남,47세,경상
2013061800100509,2013년 6월 18일 19시,화요일,경상남도 거제시 고현동,경상사고,0,0,1,0,차대차 - 추돌 - 주정차중,안전운전불이행,습기,비,교차로 - 교차로부근,승용,남,61세,상해없음,승용,남,51세,경상
2013061800100510,2013년 6월 18일 19시,화요일,경상남도 창원시 의창구 서상동,중상사고,0,1,0,0,차대차 - 기타,중앙선침범,습기,비,단일로 - 기타,승용,여,50세,상해없음,이륜,남,18세,중상
2013061800100566,2013년 6월 18일 20시,화요일,경상남도 창원시 마산합포구 해운동,경상사고,0,0,1,0,차대차 - 측면직각충돌,교차로운행방법위반,건조,맑음,교차로 - 교차로안,승용,여,37세,상해없음,승용,여,57세,경상
2013061800100613,2013년 6월 18일 21시,화요일,경상남도 양산시 북부동,경상사고,0,0,2,0,차대차 - 측면직각충돌,신호위반,건조,맑음,교차로 - 교차로안,승용,남,36세,상해없음,승용,남,44세,경상
2013061800100614,2013년 6월 18일 21시,화요일,경상남도 김해시 흥동,중상사고,0,2,1,0,차대차 - 추돌 - 주정차중,안전운전불이행,건조,맑음,교차로 - 교차로부근,승용,여,50세,상해없음,승용,남,51세,중상
2013061800100664,2013년 6월 18일 22시,화요일,경상남도 창원시 마산합포구 산호동,중상사고,0,3,0,0,차대차 - 추돌 - 주정차중,안전운전불이행,건조,맑음,교차로 - 교차로부근,승용,남,51세,상해없음,승용,남,46세,중상
2013061800100696,2013년 6월 18일 23시,화요일,경상남도 통영시 무전동,경상사고,0,0,1,0,차대차 - 기타,안전운전불이행,건조,맑음,교차로 - 교차로안,기타불명,기타불명,기타불명,기타불명,승용,남,33세,상해없음
2013061800100697,2013년 6월 18일 23시,화요일,경상남도 창원시 의창구 봉곡동,경상사고,0,0,1,0,차대차 - 측면직각충돌,기타,건조,맑음,교차로 - 교차로안,승용,남,29세,상해없음,승용,남,51세,경상
2013061900100024,2013년 6월 19일 00시,수요일,경상남도 창원시 의창구 봉곡동,경상사고,0,0,1,0,차대차 - 추돌 - 진행중,안전거리미확보,습기,비,교차로 - 교차로부근,승용,남,49세,상해없음,승용,남,60세,경상
2013061900100038,2013년 6월 19일 01시,수요일,경상남도 김해시 외동,경상사고,0,0,1,0,차대사람 - 횡단중,보행자보호의무위반,습기,비,단일로 - 횡단보도상,화물,남,38세,상해없음,보행자,여,17세,경상
2013061900100077,2013년 6월 19일 04시,수요일,경상남도 창원시 성산구 상남동,중상사고,0,1,0,0,차대차 - 측면직각충돌,신호위반,습기,비,교차로 - 교차로안,승용,여,50세,상해없음,승용,여,59세,중상
2013061900100087,2013년 6월 19일 05시,수요일,경상남도 진주시 지수면,중상사고,0,1,1,0,차대차 - 기타,안전운전불이행,습기,비,단일로 - 기타,승용,남,57세,상해없음,화물,남,45세,상해없음
2013061900100101,2013년 6월 19일 06시,수요일,경상남도 창원시 진해구 자은동,경상사고,0,0,2,0,차대차 - 기타,안전운전불이행,습기,비,교차로 - 교차로안,승용,남,39세,상해없음,승용,여,62세,경상
2013061900100102,2013년 6월 19일 06시,수요일,경상남도 거제시 고현동,중상사고,0,1,0,0,차대차 - 측면직각충돌,신호위반,습기,비,단일로 - 기타,승용,남,48세,상해없음,이륜,남,28세,중상
2013061900100165,2013년 6월 19일 08시,수요일,경상남도 밀양시 무안면,중상사고,0,1,0,0,차대차 - 정면충돌,안전운전불이행,습기,비,단일로 - 기타,화물,남,54세,상해없음,승용,남,46세,중상
2013061900100166,2013년 6월 19일 08시,수요일,경상남도 김해시 내동,경상사고,0,0,1,0,차대차 - 기타,안전운전불이행,습기,비,단일로 - 기타,기타불명,기타불명,기타불명,기타불명,자전거,여,48세,경상
2013061900100194,2013년 6월 19일 09시,수요일,경상남도 거제시 장목면,경상사고,0,0,1,0,차대차 - 기타,안전운전불이행,기타,비,단일로 - 기타,승용,남,44세,상해없음,승용,남,33세,경상
2013061900100220,2013년 6월 19일 10시,수요일,경상남도 사천시 동금동,경상사고,0,0,1,0,차대사람 - 횡단중,신호위반,습기,비,단일로 - 기타,승용,남,69세,상해없음,보행자,여,66세,경상
2013061900100221,2013년 6월 19일 10시,수요일,경상남도 김해시 진영읍,경상사고,0,0,1,0,차대차 - 추돌 - 주정차중,안전운전불이행,습기,맑음,교차로 - 교차로부근,화물,남,55세,상해없음,화물,남,35세,경상
2013061900100241,2013년 6월 19일 11시,수요일,경상남도 통영시 도천동,경상사고,0,0,2,0,차대차 - 정면충돌,중앙선침범,습기,비,단일로 - 기타,승용,남,24세,상해없음,승용,여,53세,경상
2013061900100268,2013년 6월 19일 12시,수요일,경상남도 김해시 삼정동,중상사고,0,1,0,0,차대차 - 추돌 - 주정차중,안전운전불이행,건조,흐림,단일로 - 기타,승용,남,47세,상해없음,승용,남,53세,중상
2013061900100269,2013년 6월 19일 12시,수요일,경상남도 양산시 북부동,중상사고,0,1,0,0,차대차 - 기타,안전운전불이행,건조,맑음,단일로 - 기타,승용,남,52세,상해없음,원동기,남,72세,중상
2013061900100294,2013년 6월 19일 13시,수요일,경상남도 진주시 상봉동,중상사고,0,1,0,0,차대차 - 기타,안전운전불이행,건조,맑음,단일로 - 기타,승용,남,36세,상해없음,자전거,남,27세,중상
2013061900100295,2013년 6월 19일 13시,수요일,경상남도 김해시 삼정동,경상사고,0,0,1,0,차대사람 - 길가장자리구역통행중,안전운전불이행,습기,흐림,단일로 - 기타,승용,남,41세,상해없음,보행자,여,51세,경상
2013061900100324,2013년 6월 19일 14시,수요일,경상남도 거제시 옥포동,경상사고,0,0,1,0,차대차 - 추돌 - 진행중,신호위반,기타,비,교차로 - 교차로안,승합,남,39세,상해없음,승용,여,41세,경상
2013061900100325,2013년 6월 19일 14시,수요일,경상남도 함안군 가야읍,경상사고,0,0,1,0,차대차 - 측면직각충돌,신호위반,건조,맑음,교차로 - 교차로안,화물,남,58세,상해없음,승용,남,70세,경상
2013061900100326,2013년 6월 19일 14시,수요일,경상남도 김해시 전하동,중상사고,0,1,0,0,차대사람 - 기타,보행자보호의무위반,건조,맑음,단일로 - 기타,화물,남,64세,상해없음,보행자,남,7세,중상
2013061900100327,2013년 6월 19일 14시,수요일,경상남도 김해시 장유면,중상사고,0,1,0,0,차대차 - 추돌 - 주정차중,안전운전불이행,건조,맑음,단일로 - 기타,승용,여,34세,상해없음,승합,여,45세,중상
2013061900100359,2013년 6월 19일 15시,수요일,경상남도 밀양시 무안면,사망사고,1,0,0,0,차량단독 - 공작물충돌,안전운전불이행,건조,맑음,단일로 - 기타,화물,남,70세,사망,,,,
2013061900100432,2013년 6월 19일 17시,수요일,경상남도 창원시 진해구 여좌동,중상사고,0,1,0,0,차대사람 - 횡단중,안전운전불이행,건조,맑음,단일로 - 기타,이륜,남,25세,상해없음,보행자,여,57세,중상
2013061900100433,2013년 6월 19일 17시,수요일,경상남도 김해시 진영읍,경상사고,0,0,1,0,차대차 - 측면직각충돌,교차로운행방법위반,건조,맑음,교차로 - 교차로안,승용,여,66세,상해없음,이륜,남,26세,경상
2013061900100469,2013년 6월 19일 18시,수요일,경상남도 양산시 남부동,부상신고사고,0,0,0,1,차대사람 - 기타,안전운전불이행,건조,맑음,기타 - 기타,승용,여,27세,상해없음,보행자,여,58세,부상신고
2013061900100502,2013년 6월 19일 19시,수요일,경상남도 밀양시 초동면,중상사고,0,1,0,0,차대사람 - 길가장자리구역통행중,안전운전불이행,건조,맑음,단일로 - 기타,승용,여,61세,상해없음,보행자,여,74세,중상
2013061900100526,2013년 6월 19일 20시,수요일,경상남도 사천시 서포면,경상사고,0,0,1,0,차대차 - 정면충돌,안전운전불이행,건조,맑음,단일로 - 기타,승용,남,48세,상해없음,승용,남,31세,경상
2013061900100527,2013년 6월 19일 20시,수요일,경상남도 양산시 동면,경상사고,0,0,1,0,차대차 - 기타,안전운전불이행,건조,맑음,단일로 - 기타,화물,남,42세,상해없음,승용,남,42세,경상
2013061900100528,2013년 6월 19일 20시,수요일,경상남도 양산시 중부동,부상신고사고,0,0,0,1,차대차 - 기타,중앙선침범,건조,맑음,교차로 - 교차로부근,원동기,남,40세,상해없음,원동기,남,32세,부상신고
2013061900100529,2013년 6월 19일 20시,수요일,경상남도 거제시 장목면,중상사고,0,1,0,0,차대차 - 기타,안전운전불이행,건조,맑음,단일로 - 기타,승용,남,62세,상해없음,원동기,남,42세,중상
2013061900100530,2013년 6월 19일 20시,수요일,경상남도 산청군 신안면,사망사고,1,0,0,0,차대사람 - 횡단중,안전운전불이행,건조,맑음,단일로 - 기타,승용,여,50세,상해없음,보행자,여,80세,사망
2013061900100531,2013년 6월 19일 20시,수요일,경상남도 창원시 의창구 사림동,중상사고,0,1,0,0,차대사람 - 횡단중,보행자보호의무위반,기타,맑음,단일로 - 횡단보도상,승용,남,53세,상해없음,보행자,여,72세,중상
2013061900100562,2013년 6월 19일 21시,수요일,경상남도 김해시 외동,경상사고,0,0,1,0,차대사람 - 길가장자리구역통행중,보행자보호의무위반,건조,맑음,단일로 - 기타,승용,여,52세,상해없음,보행자,여,14세,경상
2013061900100563,2013년 6월 19일 21시,수요일,경상남도 남해군 고현면,경상사고,0,0,1,0,차대차 - 추돌 - 주정차중,안전운전불이행,건조,맑음,기타 - 기타,승용,여,44세,상해없음,화물,남,58세,경상
2013061900100585,2013년 6월 19일 22시,수요일,경상남도 창원시 진해구 자은동,경상사고,0,0,1,0,차대차 - 기타,안전운전불이행,건조,맑음,교차로 - 교차로안,이륜,여,47세,경상,승용,여,41세,기타불명
2013061900100586,2013년 6월 19일 22시,수요일,경상남도 밀양시 삼문동,중상사고,0,1,1,0,차대차 - 기타,중앙선침범,건조,맑음,기타 - 기타,승용,남,50세,기타불명,승용,여,57세,경상
2013061900100587,2013년 6월 19일 22시,수요일,경상남도 김해시 삼계동,경상사고,0,0,2,0,차대차 - 측면직각충돌,교차로운행방법위반,건조,맑음,교차로 - 교차로안,승용,남,52세,상해없음,승용,남,44세,상해없음
2013061900100588,2013년 6월 19일 22시,수요일,경상남도 양산시 덕계동,경상사고,0,0,2,0,차대차 - 기타,안전운전불이행,건조,맑음,단일로 - 기타,승용,남,49세,상해없음,승용,남,40세,경상
2013062000100016,2013년 6월 20일 00시,목요일,경상남도 창원시 마산합포구 월남동1가,경상사고,0,0,2,0,차대사람 - 기타,안전운전불이행,건조,맑음,교차로 - 교차로부근,승용,남,59세,상해없음,보행자,남,51세,경상
2013062000100017,2013년 6월 20일 00시,목요일,경상남도 남해군 고현면,중상사고,0,2,0,0,차량단독 - 공작물충돌,안전운전불이행,건조,맑음,기타 - 기타,승용,여,32세,중상,,,,
2013062000100018,2013년 6월 20일 00시,목요일,경상남도 창원시 의창구 대산면,중상사고,0,2,1,0,차대차 - 측면직각충돌,신호위반,건조,맑음,교차로 - 교차로안,화물,남,57세,상해없음,승용,남,33세,중상
2013062000100052,2013년 6월 20일 04시,목요일,경상남도 통영시 봉평동,중상사고,0,3,0,0,차대차 - 측면직각충돌,직진우회전진행방해,건조,맑음,교차로 - 교차로안,승합,여,46세,상해없음,승합,남,43세,상해없음
2013062000100074,2013년 6월 20일 06시,목요일,경상남도 창녕군 대지면,중상사고,0,1,0,0,차량단독 - 도로외이탈 - 추락,안전운전불이행,건조,맑음,단일로 - 기타,원동기,남,80세,중상,,,,
2013062000100098,2013년 6월 20일 07시,목요일,경상남도 창녕군 이방면,중상사고,0,1,14,0,차대차 - 추돌 - 진행중,안전운전불이행,건조,맑음,단일로 - 교량,승합,남,54세,상해없음,승합,남,41세,상해없음
2013062000100099,2013년 6월 20일 07시,목요일,경상남도 김해시 장유면,경상사고,0,0,1,0,차대사람 - 횡단중,보행자보호의무위반,건조,맑음,단일로 - 횡단보도상,승용,남,34세,상해없음,보행자,남,42세,경상
2013062000100137,2013년 6월 20일 08시,목요일,경상남도 진주시 초전동,경상사고,0,0,1,0,차대사람 - 기타,안전운전불이행,건조,맑음,단일로 - 기타,승용,여,60세,상해없음,보행자,여,50세,경상
2013062000100138,2013년 6월 20일 08시,목요일,경상남도 통영시 도천동,경상사고,0,0,1,0,차대차 - 추돌 - 진행중,안전운전불이행,건조,맑음,단일로 - 기타,승용,남,43세,상해없음,승용,여,43세,경상
2013062000100139,2013년 6월 20일 08시,목요일,경상남도 양산시 북부동,경상사고,0,0,1,0,차대차 - 측면직각충돌,안전운전불이행,건조,맑음,교차로 - 교차로부근,승용,남,48세,상해없음,승용,남,51세,경상
2013062000100183,2013년 6월 20일 09시,목요일,경상남도 창원시 마산합포구 신포동2가,경상사고,0,0,1,0,차대차 - 기타,신호위반,건조,흐림,교차로 - 교차로부근,자전거,남,55세,경상,승용,남,39세,상해없음
2013062000100184,2013년 6월 20일 09시,목요일,경상남도 거제시 장승포동,중상사고,0,1,1,0,차대차 - 추돌 - 진행중,안전운전불이행,건조,맑음,단일로 - 기타,승용,남,52세,상해없음,승용,여,55세,중상
2013062000100185,2013년 6월 20일 09시,목요일,경상남도 김해시 진영읍,경상사고,0,0,1,0,차대차 - 추돌 - 진행중,안전거리미확보,건조,흐림,단일로 - 기타,화물,남,45세,상해없음,승용,남,41세,경상
2013062000100214,2013년 6월 20일 10시,목요일,경상남도 창녕군 영산면,중상사고,0,2,0,0,차대차 - 기타,안전운전불이행,건조,맑음,단일로 - 기타,승용,여,59세,상해없음,화물,남,26세,중상
2013062000100234,2013년 6월 20일 11시,목요일,경상남도 사천시 사남면,중상사고,0,1,0,0,차량단독 - 기타,안전운전불이행,건조,맑음,단일로 - 횡단보도부근,승합,남,41세,상해없음,,,,
2013062000100235,2013년 6월 20일 11시,목요일,경상남도 의령군 의령읍,경상사고,0,0,1,0,차대차 - 기타,안전운전불이행,건조,맑음,단일로 - 기타,승용,남,53세,경상,화물,남,61세,상해없음
2013062000100255,2013년 6월 20일 12시,목요일,경상남도 진주시 하대동,중상사고,0,1,0,0,차대차 - 측면직각충돌,교차로운행방법위반,건조,맑음,교차로 - 교차로안,승용,여,40세,상해없음,원동기,여,68세,중상
2013062000100298,2013년 6월 20일 14시,목요일,경상남도 창원시 마산합포구 대내동,중상사고,0,1,0,0,차대사람 - 횡단중,보행자보호의무위반,건조,맑음,단일로 - 횡단보도상,승용,여,50세,상해없음,보행자,여,6세,중상
2013062000100299,2013년 6월 20일 14시,목요일,경상남도 창원시 진해구 여좌동,중상사고,0,1,1,0,차대차 - 측면직각충돌,안전운전불이행,건조,맑음,단일로 - 기타,화물,남,27세,상해없음,화물,남,43세,경상
2013062000100337,2013년 6월 20일 15시,목요일,경상남도 밀양시 무안면,중상사고,0,1,0,0,차대사람 - 횡단중,안전운전불이행,건조,맑음,단일로 - 기타,원동기,남,19세,상해없음,보행자,여,72세,중상
2013062000100338,2013년 6월 20일 15시,목요일,경상남도 함양군 서하면,사망사고,1,0,0,0,차대차 - 기타,안전운전불이행,건조,맑음,단일로 - 기타,농기계,남,71세,사망,화물,남,47세,상해없음
2013062000100367,2013년 6월 20일 16시,목요일,경상남도 김해시 대동면,경상사고,0,0,1,0,차대차 - 추돌 - 진행중,안전거리미확보,건조,맑음,단일로 - 기타,화물,남,35세,상해없음,이륜,남,43세,경상
2013062000100408,2013년 6월 20일 17시,목요일,경상남도 통영시 욕지면,경상사고,0,0,2,0,차대차 - 측면직각충돌,교차로운행방법위반,건조,맑음,교차로 - 교차로안,승용,남,70세,상해없음,승용,여,34세,경상
2013062000100409,2013년 6월 20일 17시,목요일,경상남도 김해시 외동,경상사고,0,0,1,0,차대차 - 측면직각충돌,신호위반,건조,맑음,교차로 - 교차로안,승용,여,26세,상해없음,이륜,남,66세,경상
2013062000100451,2013년 6월 20일 18시,목요일,경상남도 창원시 진해구 여좌동,경상사고,0,0,1,0,차대차 - 기타,안전운전불이행,건조,맑음,교차로 - 교차로부근,원동기,남,27세,경상,승용,남,28세,상해없음
2013062000100452,2013년 6월 20일 18시,목요일,경상남도 김해시 외동,경상사고,0,0,1,0,차대차 - 측면직각충돌,중앙선침범,건조,맑음,단일로 - 기타,자전거,남,16세,경상,승용,여,46세,상해없음
2013062000100453,2013년 6월 20일 18시,목요일,경상남도 양산시 교동,중상사고,0,1,0,0,차대차 - 측면직각충돌,안전운전불이행,건조,맑음,교차로 - 교차로안,승용,여,44세,상해없음,승용,여,20세,중상
2013062000100488,2013년 6월 20일 19시,목요일,경상남도 진주시 정촌면,중상사고,0,1,0,0,차대차 - 측면직각충돌,신호위반,건조,맑음,교차로 - 교차로안,승용,남,50세,상해없음,승용,여,36세,중상
2013062000100489,2013년 6월 20일 19시,목요일,경상남도 창원시 진해구 경화동,경상사고,0,0,1,0,차대차 - 기타,직진우회전진행방해,건조,맑음,교차로 - 교차로안,원동기,여,54세,경상,승용,남,43세,상해없음
2013062000100514,2013년 6월 20일 20시,목요일,경상남도 진주시 하대동,중상사고,0,1,0,0,차대사람 - 횡단중,안전운전불이행,건조,맑음,단일로 - 횡단보도상,승용,남,54세,상해없음,보행자,남,11세,중상
2013062000100515,2013년 6월 20일 20시,목요일,경상남도 김해시 어방동,경상사고,0,0,2,0,차대차 - 추돌 - 주정차중,안전운전불이행,건조,맑음,단일로 - 기타,승용,남,59세,상해없음,승용,남,38세,경상
2013062000100516,2013년 6월 20일 20시,목요일,경상남도 거제시 고현동,중상사고,0,1,0,0,차대차 - 측면직각충돌,안전운전불이행,건조,맑음,단일로 - 기타,기타불명,기타불명,기타불명,기타불명,자전거,남,13세,중상
2013062000100552,2013년 6월 20일 21시,목요일,경상남도 사천시 서금동,부상신고사고,0,0,0,1,차대사람 - 기타,안전운전불이행,건조,맑음,단일로 - 기타,승용,남,65세,상해없음,보행자,여,69세,부상신고
2013062000100553,2013년 6월 20일 21시,목요일,경상남도 거제시 고현동,중상사고,0,2,0,0,차대차 - 기타,교차로운행방법위반,건조,맑음,교차로 - 교차로안,승용,남,41세,중상,원동기,남,42세,중상
2013062000100614,2013년 6월 20일 23시,목요일,경상남도 김해시 삼계동,경상사고,0,0,1,0,차대사람 - 횡단중,안전운전불이행,건조,맑음,기타 - 기타,승용,남,45세,상해없음,보행자,남,50세,경상
2013062000100615,2013년 6월 20일 23시,목요일,경상남도 창원시 성산구 상남동,경상사고,0,0,1,0,차대사람 - 횡단중,안전운전불이행,건조,맑음,단일로 - 기타,승용,여,29세,상해없음,보행자,남,42세,경상
2013062000100616,2013년 6월 20일 23시,목요일,경상남도 창원시 마산회원구 봉암동,경상사고,0,0,2,0,차대차 - 추돌 - 진행중,안전운전불이행,건조,맑음,단일로 - 기타,승용,남,36세,상해없음,승용,남,32세,경상
2013062100100015,2013년 6월 21일 00시,금요일,경상남도 통영시 북신동,중상사고,0,1,1,0,차대차 - 측면직각충돌,안전운전불이행,건조,맑음,단일로 - 기타,승용,남,52세,상해없음,승용,남,57세,중상
2013062100100016,2013년 6월 21일 00시,금요일,경상남도 거제시 옥포동,경상사고,0,0,1,0,차대사람 - 기타,안전운전불이행,건조,맑음,기타 - 기타,자전거,남,43세,상해없음,보행자,남,34세,경상
2013062100100017,2013년 6월 21일 00시,금요일,경상남도 김해시 진영읍,경상사고,0,0,1,0,차대차 - 추돌 - 주정차중,안전운전불이행,건조,맑음,교차로 - 교차로부근,승용,남,32세,상해없음,승용,남,54세,경상
2013062100100027,2013년 6월 21일 01시,금요일,경상남도 창원시 마산합포구 월영동,경상사고,0,0,1,0,차대사람 - 길가장자리구역통행중,안전운전불이행,건조,맑음,교차로 - 교차로부근,승용,남,66세,상해없음,보행자,남,22세,경상
2013062100100028,2013년 6월 21일 01시,금요일,경상남도 진주시 중안동,중상사고,0,1,0,0,차대사람 - 기타,안전운전불이행,건조,맑음,단일로 - 기타,승용,여,44세,상해없음,보행자,남,26세,중상
2013062100100029,2013년 6월 21일 01시,금요일,경상남도 거제시 사등면,중상사고,0,1,2,0,차대차 - 기타,교차로운행방법위반,건조,맑음,교차로 - 교차로안,승용,남,49세,상해없음,승용,남,48세,경상
2013062100100060,2013년 6월 21일 04시,금요일,경상남도 진주시 봉곡동,경상사고,0,0,1,1,차대차 - 추돌 - 진행중,교차로운행방법위반,건조,맑음,교차로 - 교차로안,승용,남,34세,상해없음,승용,남,53세,경상
2013062100100103,2013년 6월 21일 07시,금요일,경상남도 양산시 중부동,경상사고,0,0,1,0,차대사람 - 횡단중,안전운전불이행,건조,맑음,단일로 - 기타,승용,남,36세,상해없음,보행자,여,76세,경상
2013062100100104,2013년 6월 21일 07시,금요일,경상남도 양산시 중부동,중상사고,0,1,1,0,차대차 - 측면직각충돌,안전운전불이행,건조,맑음,교차로 - 교차로안,승합,남,33세,상해없음,승합,남,59세,상해없음
2013062100100139,2013년 6월 21일 08시,금요일,경상남도 진주시 상대동,중상사고,0,1,0,0,차대차 - 측면직각충돌,신호위반,건조,맑음,교차로 - 교차로안,화물,여,67세,상해없음,승용,남,32세,중상
2013062100100140,2013년 6월 21일 08시,금요일,경상남도 함양군 수동면,경상사고,0,0,2,0,차대차 - 추돌 - 주정차중,안전운전불이행,건조,맑음,교차로 - 교차로부근,화물,남,41세,상해없음,화물,여,49세,경상
2013062100100141,2013년 6월 21일 08시,금요일,경상남도 거제시 고현동,경상사고,0,0,3,0,차대차 - 측면직각충돌,신호위반,건조,맑음,교차로 - 교차로안,승용,남,29세,상해없음,승용,남,48세,경상
2013062100100142,2013년 6월 21일 08시,금요일,경상남도 창원시 마산합포구 산호동,경상사고,0,0,1,0,차대사람 - 기타,신호위반,건조,맑음,단일로 - 횡단보도상,기타불명,기타불명,기타불명,기타불명,보행자,남,10세,경상
2013062100100173,2013년 6월 21일 09시,금요일,경상남도 진주시 평거동,중상사고,0,1,0,0,차대차 - 측면직각충돌,안전거리미확보,건조,맑음,단일로 - 기타,이륜,남,51세,상해없음,승용,남,58세,상해없음
2013062100100174,2013년 6월 21일 09시,금요일,경상남도 진주시 장대동,중상사고,0,3,0,0,차대차 - 추돌 - 진행중,안전거리미확보,건조,맑음,단일로 - 기타,승용,남,31세,상해없음,승용,여,45세,중상
2013062100100248,2013년 6월 21일 12시,금요일,경상남도 창원시 성산구 중앙동,중상사고,0,1,0,0,차대차 - 측면직각충돌,교차로운행방법위반,건조,맑음,교차로 - 교차로안,승용,남,54세,상해없음,이륜,남,51세,중상
2013062100100249,2013년 6월 21일 12시,금요일,경상남도 창원시 마산회원구 회원동,경상사고,0,0,1,0,차대차 - 기타,안전운전불이행,건조,맑음,단일로 - 횡단보도상,승용,남,36세,상해없음,자전거,남,49세,경상
2013062100100279,2013년 6월 21일 13시,금요일,경상남도 통영시 광도면,경상사고,0,0,1,0,차량단독 - 기타,안전운전불이행,건조,맑음,단일로 - 기타,승용,남,38세,상해없음,,,,
2013062100100306,2013년 6월 21일 14시,금요일,경상남도 통영시 무전동,경상사고,0,0,1,0,차대사람 - 횡단중,신호위반,건조,맑음,교차로 - 교차로안,이륜,남,43세,상해없음,보행자,여,34세,경상
2013062100100307,2013년 6월 21일 14시,금요일,경상남도 사천시 죽림동,경상사고,0,0,1,0,차대차 - 기타,안전운전불이행,건조,맑음,단일로 - 기타,승용,남,37세,상해없음,승용,여,31세,경상
2013062100100346,2013년 6월 21일 15시,금요일,경상남도 김해시 진례면,경상사고,0,0,3,0,차대차 - 기타,중앙선침범,건조,맑음,단일로 - 기타,승용,여,44세,상해없음,승용,여,34세,경상
2013062100100383,2013년 6월 21일 16시,금요일,경상남도 진주시 하대동,중상사고,0,1,2,0,차대차 - 측면직각충돌,중앙선침범,건조,맑음,단일로 - 기타,승용,남,36세,상해없음,승용,남,51세,중상
2013062100100384,2013년 6월 21일 16시,금요일,경상남도 김해시 외동,중상사고,0,1,0,0,차대사람 - 횡단중,안전운전불이행,건조,맑음,단일로 - 기타,이륜,남,15세,상해없음,보행자,여,68세,중상
2013062100100385,2013년 6월 21일 16시,금요일,경상남도 창원시 의창구 대산면,중상사고,0,1,0,0,차대차 - 측면직각충돌,안전운전불이행,건조,맑음,단일로 - 기타,건설기계,남,47세,상해없음,승용,여,45세,중상
2013062100100463,2013년 6월 21일 18시,금요일,경상남도 함안군 법수면,중상사고,0,1,0,0,차대차 - 기타,기타,건조,맑음,단일로 - 기타,특수,남,39세,상해없음,승용,남,42세,중상
2013062100100464,2013년 6월 21일 18시,금요일,경상남도 의령군 부림면,사망사고,1,0,0,0,차대사람 - 기타,안전운전불이행,건조,맑음,단일로 - 기타,농기계,남,62세,상해없음,보행자,여,74세,사망
2013062100100499,2013년 6월 21일 19시,금요일,경상남도 창원시 의창구 중동,경상사고,0,0,1,0,차대사람 - 길가장자리구역통행중,안전운전불이행,건조,흐림,단일로 - 기타,승용,남,63세,상해없음,보행자,여,47세,경상
2013062100100500,2013년 6월 21일 19시,금요일,경상남도 창원시 의창구 소계동,경상사고,0,0,3,0,차대차 - 추돌 - 진행중,안전거리미확보,건조,맑음,교차로 - 교차로안,승용,남,46세,상해없음,승용,여,31세,경상
2013062100100536,2013년 6월 21일 20시,금요일,경상남도 창원시 의창구 중동,중상사고,0,1,3,0,차대차 - 측면직각충돌,신호위반,건조,흐림,교차로 - 교차로안,승용,남,39세,상해없음,승합,남,51세,상해없음
2013062100100573,2013년 6월 21일 21시,금요일,경상남도 진주시 신안동,중상사고,0,1,2,0,차대차 - 측면직각충돌,직진우회전진행방해,건조,맑음,교차로 - 교차로안,승용,남,33세,상해없음,승용,여,43세,중상
2013062100100574,2013년 6월 21일 21시,금요일,경상남도 거제시 장평동,중상사고,0,1,0,0,차대사람 - 기타,안전운전불이행,건조,맑음,교차로 - 교차로부근,승용,남,45세,상해없음,보행자,남,24세,중상