사고번호,사고일시,요일,시군구,사고내용,사망자수,중상자수,경상자수,부상신고자수,사고유형,법규위반,노면상태,기상상태,도로형태,가해운전자 차종,가해운전자 성별,가해운전자 연령,가해운전자 상해정도,피해운전자 차종,피해운전자 성별,피해운전자 연령,피해운전자 상해정도
2013062100100575,2013년 6월 21일 21시,금요일,경상남도 창원시 성산구 내동,중상사고,0,1,0,0,차대차 - 측면직각충돌,신호위반,건조,맑음,교차로 - 교차로안,승용,남,27세,상해없음,이륜,남,32세,중상
2013062100100613,2013년 6월 21일 22시,금요일,경상남도 진주시 평거동,중상사고,0,1,0,0,차대차 - 측면직각충돌,불법유턴,건조,맑음,교차로 - 교차로부근,승용,남,51세,상해없음,승용,남,59세,중상
2013062100100614,2013년 6월 21일 22시,금요일,경상남도 진주시 평거동,중상사고,0,1,0,0,차대사람 - 횡단중,보행자보호의무위반,건조,맑음,단일로 - 횡단보도상,승용,남,62세,상해없음,보행자,남,5세,중상
2013062100100615,2013년 6월 21일 22시,금요일,경상남도 양산시 남부동,경상사고,0,0,2,0,차대차 - 측면직각충돌,안전운전불이행,건조,맑음,교차로 - 교차로부근,승용,남,45세,상해없음,승용,남,31세,경상
2013062100100616,2013년 6월 21일 22시,금요일,경상남도 창원시 성산구 대방동,경상사고,0,0,1,0,차대차 - 측면직각충돌,신호위반,건조,맑음,교차로 - 교차로부근,승용,여,56세,상해없음,자전거,여,47세,경상
2013062100100643,2013년 6월 21일 23시,금요일,경상남도 창원시 마산회원구 양덕동,경상사고,0,0,1,0,차대차 - 추돌 - 진행중,안전운전불이행,건조,기타,단일로 - 기타,승용,남,72세,상해없음,승용,남,33세,상해없음
2013062100100644,2013년 6월 21일 23시,금요일,경상남도 창원시 의창구 봉곡동,중상사고,0,1,0,0,차대차 - 측면직각충돌,신호위반,건조,맑음,교차로 - 교차로안,이륜,남,20세,상해없음,자전거,여,26세,중상
2013062200100028,2013년 6월 22일 00시,토요일,경상남도 창원시 마산합포구 남성동,경상사고,0,0,1,0,차대차 - 추돌 - 주정차중,안전운전불이행,건조,맑음,교차로 - 교차로부근,승용,여,28세,경상,특수,남,57세,기타불명
2013062200100029,2013년 6월 22일 00시,토요일,경상남도 거제시 능포동,중상사고,0,2,0,0,차대사람 - 횡단중,안전운전불이행,건조,맑음,단일로 - 기타,승용,남,51세,상해없음,보행자,남,63세,중상
2013062200100051,2013년 6월 22일 01시,토요일,경상남도 창원시 마산합포구 신포동1가,중상사고,0,1,1,0,차대차 - 추돌 - 진행중,안전운전불이행,건조,맑음,교차로 - 교차로부근,승용,남,24세,상해없음,승용,남,53세,경상
2013062200100052,2013년 6월 22일 01시,토요일,경상남도 진주시 장대동,경상사고,0,0,1,0,차대사람 - 횡단중,안전운전불이행,건조,맑음,단일로 - 기타,승용,남,49세,상해없음,보행자,남,49세,경상
2013062200100053,2013년 6월 22일 01시,토요일,경상남도 창원시 성산구 가음동,경상사고,0,0,3,0,차대차 - 추돌 - 주정차중,안전운전불이행,건조,맑음,교차로 - 교차로부근,승용,남,46세,상해없음,승용,남,52세,경상
2013062200100074,2013년 6월 22일 02시,토요일,경상남도 진주시 이현동,경상사고,0,0,2,0,차대차 - 측면직각충돌,안전거리미확보,건조,맑음,단일로 - 기타,승용,남,23세,상해없음,승용,남,48세,경상
2013062200100136,2013년 6월 22일 06시,토요일,경상남도 사천시 동림동,경상사고,0,0,1,0,차량단독 - 도로외이탈 - 기타,안전운전불이행,건조,흐림,단일로 - 기타,승용,여,57세,경상,,,,
2013062200100137,2013년 6월 22일 06시,토요일,경상남도 하동군 하동읍,중상사고,0,1,0,0,차대차 - 추돌 - 주정차중,안전운전불이행,건조,맑음,교차로 - 교차로부근,승용,남,18세,상해없음,화물,여,48세,중상
2013062200100162,2013년 6월 22일 07시,토요일,경상남도 진주시 수정동,중상사고,0,1,0,0,차대차 - 측면직각충돌,직진우회전진행방해,건조,맑음,교차로 - 교차로안,승용,남,25세,상해없음,이륜,남,31세,중상
2013062200100205,2013년 6월 22일 09시,토요일,경상남도 창원시 진해구 용원동,경상사고,0,0,1,0,차량단독 - 도로외이탈 - 추락,안전운전불이행,건조,맑음,기타 - 기타,건설기계,남,48세,경상,,,,
2013062200100206,2013년 6월 22일 09시,토요일,경상남도 밀양시 삼랑진읍,중상사고,0,1,0,0,차대차 - 기타,기타,건조,맑음,단일로 - 기타,화물,남,47세,상해없음,이륜,남,76세,중상
2013062200100236,2013년 6월 22일 10시,토요일,경상남도 김해시 외동,경상사고,0,0,2,0,차대차 - 기타,안전거리미확보,건조,맑음,단일로 - 기타,건설기계,남,36세,상해없음,승용,남,37세,경상
2013062200100237,2013년 6월 22일 10시,토요일,경상남도 함양군 함양읍,경상사고,0,0,1,0,차대사람 - 기타,안전운전불이행,건조,맑음,단일로 - 기타,승용,남,29세,상해없음,보행자,여,50세,경상
2013062200100297,2013년 6월 22일 12시,토요일,경상남도 양산시 중부동,중상사고,0,1,0,0,차대사람 - 차도통행중,안전운전불이행,건조,맑음,교차로 - 교차로부근,승용,남,30세,상해없음,보행자,여,44세,중상
2013062200100325,2013년 6월 22일 13시,토요일,경상남도 진주시 주약동,중상사고,0,1,1,0,차대차 - 추돌 - 진행중,안전거리미확보,건조,맑음,단일로 - 기타,승용,남,56세,상해없음,이륜,남,34세,경상
2013062200100326,2013년 6월 22일 13시,토요일,경상남도 창원시 진해구 원포동,중상사고,0,1,1,0,차량단독 - 공작물충돌,안전운전불이행,건조,맑음,단일로 - 기타,승용,여,69세,상해없음,,,,
2013062200100327,2013년 6월 22일 13시,토요일,경상남도 사천시 사남면,경상사고,0,0,3,0,차대차 - 추돌 - 진행중,안전운전불이행,건조,맑음,교차로 - 교차로부근,승합,남,61세,경상,승용,남,21세,상해없음
2013062200100328,2013년 6월 22일 13시,토요일,경상남도 양산시 동면,중상사고,0,1,1,0,차대차 - 측면직각충돌,신호위반,건조,맑음,교차로 - 교차로부근,승용,여,55세,중상,승용,남,54세,경상
2013062200100329,2013년 6월 22일 13시,토요일,경상남도 고성군 고성읍,경상사고,0,0,1,0,차대사람 - 기타,안전운전불이행,건조,맑음,단일로 - 기타,승용,남,38세,상해없음,보행자,남,58세,경상
2013062200100368,2013년 6월 22일 14시,토요일,경상남도 창원시 진해구 용원동,중상사고,0,1,0,0,차대사람 - 기타,안전운전불이행,건조,맑음,기타 - 기타,승용,여,53세,상해없음,보행자,남,66세,중상
2013062200100369,2013년 6월 22일 14시,토요일,경상남도 양산시 소주동,부상신고사고,0,0,0,1,차대차 - 기타,안전운전불이행,건조,맑음,단일로 - 기타,승용,여,38세,상해없음,자전거,남,15세,부상신고
2013062200100392,2013년 6월 22일 15시,토요일,경상남도 거제시 일운면,경상사고,0,0,1,0,차대차 - 기타,중앙선침범,건조,맑음,단일로 - 기타,승용,남,18세,상해없음,승용,남,33세,경상
2013062200100393,2013년 6월 22일 15시,토요일,경상남도 남해군 창선면,경상사고,0,0,3,0,차대차 - 측면직각충돌,안전운전불이행,건조,맑음,단일로 - 기타,승용,남,51세,상해없음,승용,남,33세,경상
2013062200100424,2013년 6월 22일 16시,토요일,경상남도 진주시 상평동,중상사고,0,1,0,0,차대차 - 측면직각충돌,안전거리미확보,건조,맑음,단일로 - 기타,화물,남,60세,상해없음,이륜,남,19세,중상
2013062200100425,2013년 6월 22일 16시,토요일,경상남도 밀양시 무안면,경상사고,0,0,1,0,차대차 - 측면직각충돌,교차로운행방법위반,건조,맑음,교차로 - 교차로안,승합,남,44세,상해없음,이륜,남,65세,경상
2013062200100426,2013년 6월 22일 16시,토요일,경상남도 거제시 장평동,중상사고,0,1,0,0,차대사람 - 횡단중,신호위반,건조,맑음,교차로 - 교차로안,승용,남,27세,상해없음,보행자,여,51세,중상
2013062200100427,2013년 6월 22일 16시,토요일,경상남도 함안군 함안면,중상사고,0,1,1,0,차대차 - 측면직각충돌,안전운전불이행,건조,맑음,교차로 - 교차로안,화물,남,38세,상해없음,승용,남,51세,중상
2013062200100448,2013년 6월 22일 17시,토요일,경상남도 진주시 상봉동,중상사고,0,1,0,0,차대사람 - 차도통행중,안전운전불이행,건조,맑음,교차로 - 교차로안,화물,남,46세,상해없음,보행자,여,85세,중상
2013062200100475,2013년 6월 22일 18시,토요일,경상남도 하동군 진교면,중상사고,0,1,0,0,차대차 - 추돌 - 진행중,안전거리미확보,건조,맑음,단일로 - 기타,승합,남,43세,상해없음,승합,여,37세,중상
2013062200100498,2013년 6월 22일 19시,토요일,경상남도 창원시 성산구 대방동,중상사고,0,2,1,0,차대차 - 기타,신호위반,건조,맑음,교차로 - 교차로안,승용,남,42세,상해없음,승용,여,52세,중상
2013062200100499,2013년 6월 22일 19시,토요일,경상남도 창원시 의창구 도계동,중상사고,0,1,0,0,차대차 - 기타,교차로운행방법위반,건조,맑음,교차로 - 교차로안,승용,남,45세,상해없음,이륜,남,35세,중상
2013062200100529,2013년 6월 22일 20시,토요일,경상남도 거제시 수월동,경상사고,0,0,1,0,차대차 - 측면직각충돌,중앙선침범,건조,맑음,단일로 - 기타,승용,남,46세,상해없음,승용,여,25세,경상
2013062200100567,2013년 6월 22일 21시,토요일,경상남도 사천시 사천읍,경상사고,0,0,2,0,차대차 - 측면직각충돌,교차로운행방법위반,건조,맑음,교차로 - 교차로안,승용,남,26세,상해없음,승용,남,49세,경상
2013062200100595,2013년 6월 22일 22시,토요일,경상남도 창원시 진해구 여좌동,경상사고,0,0,1,0,차량단독 - 공작물충돌,안전운전불이행,습기,비,기타 - 기타,승용,여,40세,경상,,,,
2013062200100596,2013년 6월 22일 22시,토요일,경상남도 창원시 진해구 용원동,경상사고,0,0,3,0,차대차 - 기타,교차로운행방법위반,건조,맑음,교차로 - 교차로안,승합,남,49세,경상,승용,남,45세,경상
2013062200100597,2013년 6월 22일 22시,토요일,경상남도 거창군 거창읍,사망사고,1,0,0,0,차량단독 - 전도전복,안전운전불이행,습기,비,단일로 - 기타,이륜,남,59세,사망,,,,
2013062200100598,2013년 6월 22일 22시,토요일,경상남도 양산시 신기동,중상사고,0,1,1,0,차대차 - 측면직각충돌,신호위반,습기,비,교차로 - 교차로안,승용,남,20세,경상,이륜,여,35세,중상
2013062200100599,2013년 6월 22일 22시,토요일,경상남도 김해시 장유면,중상사고,0,1,1,1,차대차 - 측면직각충돌,신호위반,습기,비,교차로 - 교차로안,승용,여,40세,부상신고,승용,여,50세,중상
2013062200100624,2013년 6월 22일 23시,토요일,경상남도 진주시 가좌동,경상사고,0,0,1,0,차대차 - 측면직각충돌,안전거리미확보,건조,맑음,단일로 - 기타,승용,남,49세,상해없음,승용,여,31세,경상
2013062200100625,2013년 6월 22일 23시,토요일,경상남도 통영시 미수동,경상사고,0,0,3,0,차대차 - 정면충돌,안전운전불이행,건조,맑음,단일로 - 기타,승용,여,32세,상해없음,승용,남,27세,경상
2013062200100626,2013년 6월 22일 23시,토요일,경상남도 통영시 태평동,경상사고,0,0,2,0,차대차 - 측면직각충돌,교차로운행방법위반,습기,비,교차로 - 교차로부근,승용,남,47세,상해없음,원동기,남,18세,경상
2013062200100627,2013년 6월 22일 23시,토요일,경상남도 양산시 상북면,중상사고,0,2,0,0,차대차 - 측면직각충돌,신호위반,습기,비,교차로 - 교차로안,화물,남,50세,상해없음,승용,남,31세,중상
2013062200100628,2013년 6월 22일 23시,토요일,경상남도 창원시 성산구 상남동,중상사고,0,1,0,0,차대사람 - 기타,안전운전불이행,습기,비,단일로 - 기타,승합,남,25세,상해없음,보행자,남,55세,중상
2013062300100028,2013년 6월 23일 00시,일요일,경상남도 창원시 진해구 두동,경상사고,0,0,1,0,차대차 - 측면직각충돌,신호위반,건조,맑음,단일로 - 기타,승용,남,30세,상해없음,승용,남,29세,경상
2013062300100029,2013년 6월 23일 00시,일요일,경상남도 창원시 의창구 팔용동,중상사고,0,1,0,0,차대차 - 기타,안전운전불이행,습기,비,단일로 - 기타,승용,남,41세,상해없음,승용,남,33세,중상
2013062300100051,2013년 6월 23일 01시,일요일,경상남도 합천군 야로면,부상신고사고,0,0,0,1,차량단독 - 공작물충돌,안전운전불이행,습기,기타,교차로 - 교차로부근,승용,남,36세,부상신고,,,,
2013062300100052,2013년 6월 23일 01시,일요일,경상남도 김해시 장유면,경상사고,0,0,1,1,차대차 - 측면직각충돌,직진우회전진행방해,습기,비,교차로 - 교차로안,승용,여,52세,부상신고,승용,남,60세,경상
2013062300100089,2013년 6월 23일 04시,일요일,경상남도 창원시 성산구 상남동,경상사고,0,0,4,0,차대차 - 기타,안전운전불이행,건조,맑음,교차로 - 교차로부근,승용,남,43세,상해없음,승용,남,24세,경상
2013062300100090,2013년 6월 23일 04시,일요일,경상남도 창원시 마산회원구 내서읍,경상사고,0,0,1,0,차대차 - 추돌 - 진행중,안전운전불이행,건조,맑음,교차로 - 교차로부근,승용,남,28세,상해없음,승용,남,54세,상해없음
2013062300100113,2013년 6월 23일 06시,일요일,경상남도 양산시 다방동,경상사고,0,0,1,0,차대차 - 측면직각충돌,안전운전불이행,습기,비,단일로 - 기타,승용,여,46세,상해없음,승용,남,58세,상해없음
2013062300100135,2013년 6월 23일 07시,일요일,경상남도 함양군 서상면,중상사고,0,1,1,0,차대차 - 측면직각충돌,신호위반,습기,비,교차로 - 교차로안,승용,남,25세,상해없음,화물,남,86세,경상
2013062300100161,2013년 6월 23일 09시,일요일,경상남도 김해시 진례면,중상사고,0,2,0,0,차대차 - 정면충돌,중앙선침범,습기,흐림,단일로 - 기타,승용,여,40세,상해없음,승용,남,30세,중상
2013062300100173,2013년 6월 23일 10시,일요일,경상남도 양산시 다방동,사망사고,1,4,0,0,차대차 - 기타,안전운전불이행,습기,비,단일로 - 기타,승용,남,27세,중상,특수,남,25세,사망
2013062300100184,2013년 6월 23일 10시,일요일,경상남도 통영시 서호동,사망사고,1,0,0,0,차대사람 - 횡단중,안전운전불이행,건조,흐림,교차로 - 교차로안,승용,남,32세,상해없음,보행자,여,81세,사망
2013062300100194,2013년 6월 23일 11시,일요일,경상남도 창원시 마산합포구 오동동,중상사고,0,1,0,0,차대사람 - 기타,신호위반,건조,맑음,단일로 - 기타,이륜,남,31세,상해없음,보행자,여,8세,중상
2013062300100221,2013년 6월 23일 12시,일요일,경상남도 통영시 광도면,중상사고,0,1,1,1,차대차 - 측면직각충돌,직진우회전진행방해,건조,맑음,교차로 - 교차로안,승용,여,35세,부상신고,승용,여,44세,경상
2013062300100246,2013년 6월 23일 13시,일요일,경상남도 창녕군 유어면,중상사고,0,1,0,0,차대사람 - 기타,안전운전불이행,건조,맑음,교차로 - 교차로부근,승용,남,27세,상해없음,보행자,여,64세,중상
2013062300100247,2013년 6월 23일 13시,일요일,경상남도 거제시 장승포동,중상사고,0,1,0,0,차대차 - 기타,안전운전불이행,건조,흐림,단일로 - 기타,승용,남,49세,상해없음,이륜,남,61세,중상
2013062300100248,2013년 6월 23일 13시,일요일,경상남도 거제시 장목면,중상사고,0,2,0,0,차량단독 - 공작물충돌,안전운전불이행,건조,맑음,단일로 - 기타,승용,남,22세,상해없음,,,,
2013062300100278,2013년 6월 23일 14시,일요일,경상남도 창원시 진해구 여좌동,중상사고,0,1,0,0,차대사람 - 횡단중,안전운전불이행,습기,비,교차로 - 교차로안,승용,남,38세,상해없음,보행자,남,88세,중상
2013062300100279,2013년 6월 23일 14시,일요일,경상남도 함양군 서상면,경상사고,0,0,1,0,차대차 - 추돌 - 진행중,중앙선침범,습기,비,단일로 - 기타,승합,남,51세,상해없음,농기계,남,43세,경상
2013062300100280,2013년 6월 23일 14시,일요일,경상남도 거제시 상동동,중상사고,0,1,0,0,차대차 - 기타,안전운전불이행,건조,맑음,교차로 - 교차로안,승용,남,50세,상해없음,이륜,남,44세,중상
2013062300100281,2013년 6월 23일 14시,일요일,경상남도 거제시 옥포동,중상사고,0,2,1,1,차대차 - 기타,안전운전불이행,건조,맑음,교차로 - 교차로안,승용,여,46세,상해없음,승용,남,44세,중상
2013062300100282,2013년 6월 23일 14시,일요일,경상남도 창원시 마산회원구 양덕동,경상사고,0,0,1,0,차대차 - 기타,안전운전불이행,건조,맑음,단일로 - 기타,승용,남,60세,상해없음,승합,남,57세,상해없음
2013062300100368,2013년 6월 23일 17시,일요일,경상남도 창원시 진해구 여좌동,중상사고,0,2,1,0,차대차 - 측면직각충돌,안전운전불이행,습기,비,단일로 - 기타,승용,남,56세,상해없음,승용,남,25세,중상
2013062300100369,2013년 6월 23일 17시,일요일,경상남도 양산시 평산동,경상사고,0,0,1,0,차대차 - 기타,안전운전불이행,건조,맑음,교차로 - 교차로안,승용,남,61세,상해없음,승용,여,41세,경상
2013062300100370,2013년 6월 23일 17시,일요일,경상남도 양산시 물금읍,중상사고,0,1,0,0,차대사람 - 기타,안전운전불이행,습기,비,단일로 - 기타,승용,여,48세,상해없음,보행자,남,13세,중상
2013062300100371,2013년 6월 23일 17시,일요일,경상남도 하동군 금남면,중상사고,0,2,0,0,차대차 - 정면충돌,중앙선침범,습기,비,단일로 - 기타,승용,남,42세,상해없음,승용,여,47세,중상
2013062300100372,2013년 6월 23일 17시,일요일,경상남도 거제시 문동동,중상사고,0,2,2,0,차대차 - 기타,안전운전불이행,건조,맑음,교차로 - 교차로안,승용,남,42세,상해없음,승용,남,40세,중상
2013062300100373,2013년 6월 23일 17시,일요일,경상남도 김해시 진영읍,중상사고,0,2,0,0,차대차 - 추돌 - 주정차중,안전거리미확보,습기,흐림,교차로 - 교차로부근,승용,남,53세,상해없음,승용,여,53세,중상
2013062300100412,2013년 6월 23일 18시,일요일,경상남도 양산시 소주동,경상사고,0,0,1,0,차대차 - 기타,교차로운행방법위반,습기,비,교차로 - 교차로안,승용,남,48세,상해없음,승용,여,39세,경상
2013062300100413,2013년 6월 23일 18시,일요일,경상남도 양산시 중부동,경상사고,0,0,1,0,차량단독 - 기타,안전운전불이행,건조,맑음,단일로 - 기타,승합,남,49세,상해없음,,,,
2013062300100489,2013년 6월 23일 21시,일요일,경상남도 진주시 대안동,중상사고,0,3,0,0,차대차 - 측면직각충돌,교차로운행방법위반,건조,맑음,교차로 - 교차로안,승용,남,36세,상해없음,승용,남,39세,중상
2013062300100517,2013년 6월 23일 22시,일요일,경상남도 김해시 한림면,중상사고,0,1,1,0,차대차 - 측면직각충돌,안전운전불이행,습기,흐림,교차로 - 교차로안,승용,남,33세,상해없음,승용,남,56세,경상
2013062300100532,2013년 6월 23일 23시,일요일,경상남도 창원시 성산구 내동,중상사고,0,1,0,0,차대차 - 측면직각충돌,안전운전불이행,건조,맑음,단일로 - 기타,화물,남,48세,상해없음,자전거,남,20세,중상
2013062400100012,2013년 6월 24일 01시,월요일,경상남도 통영시 북신동,중상사고,0,2,0,0,차대차 - 측면직각충돌,직진우회전진행방해,건조,맑음,교차로 - 교차로안,승용,남,57세,상해없음,이륜,남,42세,중상
2013062400100013,2013년 6월 24일 01시,월요일,경상남도 창원시 성산구 외동,경상사고,0,0,2,0,차대차 - 측면직각충돌,신호위반,건조,맑음,교차로 - 교차로안,승용,남,23세,상해없음,승용,남,21세,경상
2013062400100021,2013년 6월 24일 02시,월요일,경상남도 거제시 옥포동,경상사고,0,0,1,0,차대사람 - 기타,안전운전불이행,건조,맑음,단일로 - 기타,승용,남,27세,상해없음,보행자,남,44세,경상
2013062400100057,2013년 6월 24일 06시,월요일,경상남도 하동군 하동읍,경상사고,0,0,1,0,차대차 - 측면직각충돌,중앙선침범,건조,맑음,단일로 - 기타,화물,남,77세,상해없음,화물,남,50세,경상
2013062400100086,2013년 6월 24일 07시,월요일,경상남도 진주시 하대동,사망사고,1,0,0,0,차대차 - 측면직각충돌,안전운전불이행,건조,맑음,교차로 - 교차로안,승용,남,51세,상해없음,자전거,남,14세,사망
2013062400100087,2013년 6월 24일 07시,월요일,경상남도 하동군 금성면,중상사고,0,1,0,0,차대차 - 측면직각충돌,안전운전불이행,건조,맑음,교차로 - 교차로안,화물,남,54세,기타불명,승용,남,48세,중상
2013062400100088,2013년 6월 24일 07시,월요일,경상남도 창원시 의창구 대원동,중상사고,0,1,0,0,차량단독 - 전도전복,안전운전불이행,건조,맑음,교차로 - 교차로부근,승용,남,67세,상해없음,,,,
2013062400100089,2013년 6월 24일 07시,월요일,경상남도 진주시 호탄동,경상사고,0,0,1,0,차대차 - 기타,안전운전불이행,건조,맑음,단일로 - 기타,승용,남,45세,상해없음,특수,남,53세,경상
2013062400100124,2013년 6월 24일 08시,월요일,경상남도 거제시 수월동,경상사고,0,0,1,0,차대사람 - 기타,안전운전불이행,건조,맑음,단일로 - 횡단보도상,기타불명,기타불명,기타불명,기타불명,보행자,남,10세,경상
2013062400100155,2013년 6월 24일 09시,월요일,경상남도 거창군 거창읍,중상사고,0,1,0,0,차대차 - 측면직각충돌,신호위반,건조,맑음,교차로 - 교차로안,원동기,남,71세,중상,건설기계,남,36세,상해없음
2013062400100180,2013년 6월 24일 10시,월요일,경상남도 창원시 진해구 자은동,중상사고,0,1,1,0,차대차 - 측면직각충돌,교차로운행방법위반,건조,맑음,교차로 - 교차로안,승용,남,69세,상해없음,승용,여,33세,경상
2013062400100181,2013년 6월 24일 10시,월요일,경상남도 밀양시 상남면,경상사고,0,0,1,0,차대차 - 측면직각충돌,안전운전불이행,건조,맑음,단일로 - 기타,승용,여,38세,상해없음,원동기,남,78세,경상
2013062400100229,2013년 6월 24일 12시,월요일,경상남도 창원시 진해구 두동,사망사고,1,0,0,0,차량단독 - 전도전복,안전운전불이행,건조,맑음,교차로 - 교차로부근,건설기계,남,61세,사망,,,,
2013062400100230,2013년 6월 24일 12시,월요일,경상남도 통영시 북신동,경상사고,0,0,3,0,차대차 - 추돌 - 진행중,안전거리미확보,건조,맑음,교차로 - 교차로부근,화물,남,56세,상해없음,승용,여,54세,경상
2013062400100231,2013년 6월 24일 12시,월요일,경상남도 김해시 부원동,경상사고,0,0,1,0,차대차 - 기타,안전운전불이행,건조,맑음,단일로 - 기타,원동기,남,30세,상해없음,자전거,남,74세,경상
2013062400100232,2013년 6월 24일 12시,월요일,경상남도 창원시 의창구 신월동,중상사고,0,1,0,0,차대차 - 추돌 - 주정차중,안전운전불이행,건조,맑음,교차로 - 교차로부근,화물,남,53세,상해없음,승용,여,46세,중상
2013062400100283,2013년 6월 24일 14시,월요일,경상남도 진주시 평거동,중상사고,0,1,0,0,차대차 - 기타,신호위반,건조,맑음,교차로 - 교차로안,화물,남,54세,상해없음,승합,남,55세,상해없음
2013062400100284,2013년 6월 24일 14시,월요일,경상남도 통영시 산양읍,경상사고,0,0,2,0,차대차 - 정면충돌,중앙선침범,건조,맑음,단일로 - 기타,화물,남,62세,상해없음,승용,여,51세,경상
2013062400100285,2013년 6월 24일 14시,월요일,경상남도 밀양시 상남면,경상사고,0,0,2,0,차대차 - 측면직각충돌,교차로운행방법위반,건조,맑음,교차로 - 교차로안,이륜,남,74세,상해없음,승용,남,50세,경상
2013062400100314,2013년 6월 24일 15시,월요일,경상남도 사천시 동금동,경상사고,0,0,2,0,차대차 - 기타,차로위반,건조,맑음,단일로 - 기타,승합,남,41세,상해없음,승용,남,22세,경상
2013062400100315,2013년 6월 24일 15시,월요일,경상남도 함양군 함양읍,경상사고,0,0,1,0,차대사람 - 횡단중,보행자보호의무위반,건조,맑음,단일로 - 횡단보도상,화물,남,64세,상해없음,보행자,남,7세,경상
2013062400100316,2013년 6월 24일 15시,월요일,경상남도 양산시 평산동,경상사고,0,0,2,0,차대차 - 기타,중앙선침범,건조,맑음,단일로 - 기타,승용,남,57세,상해없음,승용,여,39세,경상
2013062400100354,2013년 6월 24일 16시,월요일,경상남도 김해시 어방동,경상사고,0,0,1,0,차대차 - 정면충돌,교차로운행방법위반,건조,맑음,교차로 - 교차로안,원동기,남,45세,경상,승용,남,25세,상해없음
2013062400100382,2013년 6월 24일 17시,월요일,경상남도 창원시 진해구 이동,중상사고,0,1,0,0,차대차 - 측면직각충돌,신호위반,건조,맑음,교차로 - 교차로부근,승합,남,68세,기타불명,자전거,남,66세,중상
2013062400100466,2013년 6월 24일 19시,월요일,경상남도 밀양시 부북면,중상사고,0,1,0,0,차대차 - 측면직각충돌,교차로운행방법위반,건조,맑음,교차로 - 교차로안,화물,남,33세,상해없음,승용,남,53세,중상
2013062400100467,2013년 6월 24일 19시,월요일,경상남도 합천군 가야면,중상사고,0,1,0,0,차대차 - 정면충돌,중앙선침범,건조,맑음,단일로 - 기타,이륜,남,48세,중상,승용,여,48세,상해없음
2013062400100499,2013년 6월 24일 20시,월요일,경상남도 김해시 구산동,중상사고,0,1,0,0,차대사람 - 횡단중,신호위반,건조,맑음,단일로 - 횡단보도상,승용,남,56세,상해없음,보행자,남,21세,중상
2013062400100561,2013년 6월 24일 22시,월요일,경상남도 진주시 명석면,경상사고,0,0,3,0,차대차 - 추돌 - 주정차중,안전운전불이행,건조,맑음,단일로 - 기타,승용,여,39세,경상,승용,여,23세,경상
2013062400100562,2013년 6월 24일 22시,월요일,경상남도 거제시 수월동,경상사고,0,0,1,0,차대차 - 기타,차로위반,건조,맑음,기타 - 기타,이륜,남,17세,경상,승용,여,43세,상해없음
2013062400100601,2013년 6월 24일 23시,월요일,경상남도 진주시 대안동,중상사고,0,1,0,0,차대사람 - 기타,안전운전불이행,건조,맑음,단일로 - 기타,승용,남,55세,상해없음,보행자,남,58세,중상
2013062400100602,2013년 6월 24일 23시,월요일,경상남도 창원시 마산회원구 양덕동,경상사고,0,0,1,0,차대차 - 추돌 - 주정차중,안전운전불이행,건조,맑음,단일로 - 기타,승용,남,52세,상해없음,승용,남,41세,경상
2013062500100037,2013년 6월 25일 01시,화요일,경상남도 창원시 마산합포구 상남동,중상사고,0,1,0,0,차대사람 - 기타,보행자보호의무위반,건조,맑음,교차로 - 교차로안,승용,남,56세,상해없음,보행자,여,50세,중상
2013062500100038,2013년 6월 25일 01시,화요일,경상남도 창원시 마산회원구 회원동,중상사고,0,1,0,0,차대차 - 측면직각충돌,안전운전불이행,건조,맑음,교차로 - 교차로안,승용,여,29세,상해없음,승용,남,57세,상해없음
2013062500100039,2013년 6월 25일 01시,화요일,경상남도 창원시 의창구 소답동,부상신고사고,0,0,0,1,차대사람 - 기타,안전운전불이행,건조,맑음,단일로 - 기타,승용,남,21세,상해없음,보행자,여,20세,부상신고
2013062500100056,2013년 6월 25일 03시,화요일,경상남도 사천시 용현면,중상사고,0,1,0,0,차량단독 - 공작물충돌,안전운전불이행,건조,맑음,단일로 - 기타,승용,남,22세,상해없음,,,,
2013062500100076,2013년 6월 25일 05시,화요일,경상남도 진주시 가좌동,중상사고,0,1,0,0,차대차 - 기타,신호위반,건조,맑음,교차로 - 교차로안,화물,남,46세,상해없음,이륜,남,70세,중상
2013062500100096,2013년 6월 25일 06시,화요일,경상남도 창원시 의창구 봉곡동,경상사고,0,0,1,0,차대차 - 기타,안전운전불이행,건조,맑음,교차로 - 교차로안,승용,남,31세,상해없음,자전거,남,51세,경상
2013062500100149,2013년 6월 25일 08시,화요일,경상남도 진주시 상평동,경상사고,0,0,1,0,차대차 - 기타,안전운전불이행,건조,맑음,단일로 - 기타,승용,남,51세,상해없음,자전거,남,40세,경상
2013062500100150,2013년 6월 25일 08시,화요일,경상남도 창원시 진해구 태평동,경상사고,0,0,1,0,차대사람 - 보도통행중,보행자보호의무위반,건조,맑음,교차로 - 교차로안,승용,여,50세,상해없음,보행자,여,71세,경상
2013062500100180,2013년 6월 25일 09시,화요일,경상남도 통영시 광도면,경상사고,0,0,2,0,차대차 - 추돌 - 진행중,안전운전불이행,건조,맑음,단일로 - 기타,건설기계,남,26세,상해없음,화물,남,56세,경상