사고번호,사고일시,요일,시군구,사고내용,사망자수,중상자수,경상자수,부상신고자수,사고유형,법규위반,노면상태,기상상태,도로형태,가해운전자 차종,가해운전자 성별,가해운전자 연령,가해운전자 상해정도,피해운전자 차종,피해운전자 성별,피해운전자 연령,피해운전자 상해정도
2013070500100622,2013년 7월 5일 22시,금요일,경상남도 창원시 진해구 석동,경상사고,0,0,1,0,차대사람 - 기타,안전운전불이행,건조,맑음,교차로 - 교차로안,승용,남,45세,상해없음,보행자,여,54세,경상
2013070500100623,2013년 7월 5일 22시,금요일,경상남도 양산시 삼호동,경상사고,0,0,1,2,차대차 - 추돌 - 진행중,안전운전불이행,건조,흐림,단일로 - 기타,승용,남,37세,상해없음,승용,여,44세,경상
2013070500100624,2013년 7월 5일 22시,금요일,경상남도 거제시 고현동,중상사고,0,1,2,0,차대차 - 기타,안전운전불이행,건조,맑음,단일로 - 기타,화물,남,31세,상해없음,승용,여,25세,중상
2013070500100665,2013년 7월 5일 23시,금요일,경상남도 합천군 가야면,중상사고,0,1,0,0,차대사람 - 차도통행중,안전운전불이행,습기,비,교차로 - 교차로부근,승용,남,52세,상해없음,보행자,여,52세,중상
2013070500100666,2013년 7월 5일 23시,금요일,경상남도 창원시 성산구 중앙동,경상사고,0,0,1,0,차대차 - 기타,안전운전불이행,기타,맑음,교차로 - 교차로안,승용,남,36세,상해없음,승용,남,31세,경상
2013070600100020,2013년 7월 6일 00시,토요일,경상남도 산청군 시천면,경상사고,0,0,2,0,차대차 - 측면직각충돌,중앙선침범,습기,비,단일로 - 기타,승용,남,59세,상해없음,승용,남,52세,경상
2013070600100054,2013년 7월 6일 01시,토요일,경상남도 창원시 의창구 명서동,사망사고,1,0,0,0,차대사람 - 기타,안전운전불이행,습기,흐림,단일로 - 기타,승용,남,43세,상해없음,보행자,남,48세,사망
2013070600100076,2013년 7월 6일 02시,토요일,경상남도 밀양시 하남읍,중상사고,0,1,0,0,차대차 - 추돌 - 진행중,안전거리미확보,건조,맑음,단일로 - 교량,화물,남,20세,상해없음,승용,남,31세,중상
2013070600100113,2013년 7월 6일 04시,토요일,경상남도 창원시 성산구 가음정동,경상사고,0,0,1,0,차대차 - 기타,신호위반,기타,맑음,교차로 - 교차로부근,승용,남,22세,상해없음,승용,남,39세,경상
2013070600100136,2013년 7월 6일 06시,토요일,경상남도 창원시 마산합포구 남성동,경상사고,0,0,1,0,차대차 - 추돌 - 주정차중,안전운전불이행,건조,맑음,단일로 - 기타,승용,남,50세,상해없음,승용,남,52세,경상
2013070600100137,2013년 7월 6일 06시,토요일,경상남도 사천시 서동,중상사고,0,2,0,0,차대차 - 측면직각충돌,교차로운행방법위반,건조,맑음,교차로 - 교차로안,화물,남,43세,상해없음,이륜,남,59세,중상
2013070600100169,2013년 7월 6일 08시,토요일,경상남도 거제시 능포동,경상사고,0,0,1,0,차대차 - 정면충돌,안전운전불이행,건조,맑음,단일로 - 기타,기타불명,기타불명,기타불명,기타불명,이륜,남,31세,경상
2013070600100191,2013년 7월 6일 09시,토요일,경상남도 진주시 상평동,경상사고,0,0,1,0,차대차 - 측면직각충돌,직진우회전진행방해,건조,맑음,교차로 - 교차로안,화물,남,52세,상해없음,승용,남,50세,경상
2013070600100192,2013년 7월 6일 09시,토요일,경상남도 밀양시 산외면,경상사고,0,0,1,0,차대차 - 측면직각충돌,안전운전불이행,건조,맑음,교차로 - 교차로부근,승용,남,31세,상해없음,이륜,남,75세,경상
2013070600100193,2013년 7월 6일 09시,토요일,경상남도 창원시 의창구 도계동,경상사고,0,0,1,0,차대차 - 측면직각충돌,교차로운행방법위반,건조,맑음,교차로 - 교차로안,승용,여,50세,상해없음,자전거,남,8세,경상
2013070600100242,2013년 7월 6일 11시,토요일,경상남도 진주시 집현면,중상사고,0,1,1,0,차대차 - 측면직각충돌,직진우회전진행방해,건조,맑음,교차로 - 교차로안,화물,남,77세,경상,화물,남,34세,중상
2013070600100243,2013년 7월 6일 11시,토요일,경상남도 거제시 양정동,부상신고사고,0,0,0,1,차대사람 - 기타,보행자보호의무위반,건조,맑음,단일로 - 기타,자전거,남,19세,상해없음,보행자,여,7세,부상신고
2013070600100325,2013년 7월 6일 14시,토요일,경상남도 창원시 마산회원구 석전동,경상사고,0,0,3,0,차대차 - 측면직각충돌,안전운전불이행,건조,맑음,단일로 - 기타,승용,남,44세,상해없음,승용,남,38세,경상
2013070600100381,2013년 7월 6일 16시,토요일,경상남도 창녕군 길곡면,경상사고,0,0,1,0,차대차 - 기타,안전운전불이행,건조,맑음,단일로 - 기타,승용,여,38세,상해없음,원동기,여,74세,경상
2013070600100382,2013년 7월 6일 16시,토요일,경상남도 창원시 성산구 사파동,경상사고,0,0,1,0,차대차 - 측면직각충돌,신호위반,건조,맑음,교차로 - 교차로안,승용,남,47세,상해없음,승용,여,48세,경상
2013070600100411,2013년 7월 6일 17시,토요일,경상남도 통영시 서호동,경상사고,0,0,1,0,차대차 - 측면직각충돌,안전운전불이행,건조,맑음,단일로 - 기타,승용,남,35세,상해없음,자전거,남,66세,경상
2013070600100412,2013년 7월 6일 17시,토요일,경상남도 사천시 향촌동,경상사고,0,0,1,0,차대차 - 기타,중앙선침범,건조,맑음,교차로 - 교차로부근,승용,남,24세,상해없음,화물,남,42세,경상
2013070600100445,2013년 7월 6일 18시,토요일,경상남도 밀양시 상남면,중상사고,0,1,0,0,차대차 - 측면직각충돌,안전거리미확보,건조,맑음,교차로 - 교차로부근,화물,남,69세,상해없음,승용,남,39세,중상
2013070600100446,2013년 7월 6일 18시,토요일,경상남도 김해시 한림면,중상사고,0,1,0,0,차대차 - 측면직각충돌,안전운전불이행,건조,맑음,단일로 - 기타,승용,남,24세,상해없음,이륜,남,74세,중상
2013070600100476,2013년 7월 6일 19시,토요일,경상남도 통영시 미수동,중상사고,0,1,0,0,차대차 - 측면직각충돌,안전운전불이행,건조,흐림,단일로 - 기타,승용,남,38세,상해없음,자전거,남,63세,중상
2013070600100477,2013년 7월 6일 19시,토요일,경상남도 거제시 연초면,경상사고,0,0,2,0,차대차 - 측면직각충돌,안전운전불이행,건조,맑음,단일로 - 기타,화물,남,45세,기타불명,승용,여,48세,경상
2013070600100551,2013년 7월 6일 21시,토요일,경상남도 김해시 구산동,경상사고,0,0,1,0,차대차 - 기타,안전거리미확보,건조,맑음,단일로 - 기타,승합,남,57세,상해없음,승용,남,31세,상해없음
2013070600100575,2013년 7월 6일 22시,토요일,경상남도 김해시 외동,경상사고,0,0,1,0,차대차 - 기타,안전운전불이행,건조,맑음,기타 - 기타,화물,남,51세,상해없음,승용,여,40세,경상
2013070600100607,2013년 7월 6일 23시,토요일,경상남도 김해시 어방동,사망사고,1,0,0,0,차대차 - 측면직각충돌,안전거리미확보,건조,맑음,단일로 - 기타,승용,남,25세,상해없음,이륜,남,45세,사망
2013070600100608,2013년 7월 6일 23시,토요일,경상남도 거제시 고현동,경상사고,0,0,4,0,차대차 - 추돌 - 진행중,안전운전불이행,건조,맑음,교차로 - 교차로부근,승용,남,36세,상해없음,승용,남,47세,경상
2013070600100609,2013년 7월 6일 23시,토요일,경상남도 창원시 성산구 상남동,경상사고,0,0,3,0,차대차 - 측면직각충돌,교차로운행방법위반,건조,맑음,교차로 - 교차로안,승용,남,45세,상해없음,승용,남,30세,경상
2013070600100610,2013년 7월 6일 23시,토요일,경상남도 창원시 마산회원구 양덕동,중상사고,0,1,0,0,차대사람 - 차도통행중,안전운전불이행,건조,흐림,단일로 - 기타,승용,남,23세,상해없음,보행자,남,37세,중상
2013070700100018,2013년 7월 7일 00시,일요일,경상남도 진주시 망경동,경상사고,0,0,2,0,차량단독 - 공작물충돌,안전운전불이행,건조,맑음,교차로 - 교차로안,승용,남,44세,경상,,,,
2013070700100019,2013년 7월 7일 00시,일요일,경상남도 창원시 의창구 명서동,경상사고,0,0,1,0,차대차 - 측면직각충돌,기타,건조,맑음,교차로 - 교차로안,승용,남,47세,상해없음,승용,남,49세,상해없음
2013070700100038,2013년 7월 7일 01시,일요일,경상남도 진주시 상대동,중상사고,0,1,0,0,차대차 - 추돌 - 주정차중,안전운전불이행,건조,맑음,교차로 - 교차로부근,승용,남,28세,상해없음,승용,남,47세,중상
2013070700100039,2013년 7월 7일 01시,일요일,경상남도 창원시 성산구 상남동,중상사고,0,1,1,0,차대차 - 추돌 - 진행중,안전운전불이행,건조,맑음,단일로 - 기타,승용,여,25세,상해없음,승용,남,24세,중상
2013070700100091,2013년 7월 7일 04시,일요일,경상남도 김해시 부원동,경상사고,0,0,1,0,차량단독 - 기타,기타,습기,비,단일로 - 기타,승용,남,51세,상해없음,,,,
2013070700100119,2013년 7월 7일 06시,일요일,경상남도 양산시 어곡동,경상사고,0,0,1,0,차대차 - 기타,직진우회전진행방해,건조,맑음,기타 - 기타,승용,여,50세,기타불명,승용,남,33세,경상
2013070700100148,2013년 7월 7일 08시,일요일,경상남도 진주시 명석면,사망사고,2,8,2,0,차량단독 - 전도전복,안전운전불이행,습기,비,단일로 - 기타,승합,남,43세,경상,,,,
2013070700100149,2013년 7월 7일 08시,일요일,경상남도 진주시 상대동,경상사고,0,0,2,0,차대차 - 측면직각충돌,안전운전불이행,습기,비,단일로 - 기타,승용,남,44세,상해없음,승용,남,58세,경상
2013070700100162,2013년 7월 7일 09시,일요일,경상남도 창원시 마산합포구 산호동,경상사고,0,0,1,0,차대차 - 측면직각충돌,신호위반,습기,비,교차로 - 교차로안,승용,남,59세,상해없음,승용,남,48세,경상
2013070700100178,2013년 7월 7일 10시,일요일,경상남도 거제시 고현동,중상사고,0,1,0,0,차량단독 - 기타,안전운전불이행,건조,맑음,기타 - 기타,승합,남,51세,상해없음,,,,
2013070700100199,2013년 7월 7일 11시,일요일,경상남도 진주시 하대동,경상사고,0,0,1,1,차대차 - 기타,신호위반,습기,비,교차로 - 교차로안,승용,남,48세,부상신고,승용,여,41세,경상
2013070700100200,2013년 7월 7일 11시,일요일,경상남도 양산시 동면,중상사고,0,4,5,1,차량단독 - 공작물충돌,안전운전불이행,습기,비,기타 - 기타,승합,남,43세,부상신고,,,,
2013070700100240,2013년 7월 7일 13시,일요일,경상남도 진주시 상평동,경상사고,0,0,2,0,차대차 - 측면직각충돌,중앙선침범,습기,비,단일로 - 기타,화물,남,46세,상해없음,승용,남,32세,경상
2013070700100241,2013년 7월 7일 13시,일요일,경상남도 사천시 사천읍,중상사고,0,1,2,0,차대차 - 기타,교차로운행방법위반,습기,비,교차로 - 교차로안,승용,남,35세,상해없음,승용,남,36세,경상
2013070700100242,2013년 7월 7일 13시,일요일,경상남도 산청군 금서면,중상사고,0,5,24,0,차대차 - 측면직각충돌,안전운전불이행,습기,비,단일로 - 기타,승용,남,33세,상해없음,승합,남,50세,경상
2013070700100267,2013년 7월 7일 14시,일요일,경상남도 창녕군 남지읍,중상사고,0,1,0,0,차대사람 - 기타,안전운전불이행,습기,비,단일로 - 기타,승용,남,37세,상해없음,보행자,여,39세,중상
2013070700100268,2013년 7월 7일 14시,일요일,경상남도 고성군 마암면,중상사고,0,1,0,0,차대차 - 정면충돌,중앙선침범,습기,비,단일로 - 기타,특수,남,37세,상해없음,화물,남,58세,중상
2013070700100319,2013년 7월 7일 16시,일요일,경상남도 창원시 진해구 남문동,중상사고,0,1,0,0,차대차 - 기타,교차로운행방법위반,습기,흐림,교차로 - 교차로안,승용,남,51세,상해없음,원동기,남,52세,중상
2013070700100320,2013년 7월 7일 16시,일요일,경상남도 합천군 용주면,사망사고,1,0,0,0,차대사람 - 기타,안전운전불이행,습기,비,단일로 - 기타,화물,남,51세,상해없음,보행자,여,86세,사망
2013070700100321,2013년 7월 7일 16시,일요일,경상남도 거제시 장평동,경상사고,0,0,2,0,차대차 - 기타,안전운전불이행,건조,맑음,교차로 - 교차로부근,승용,남,50세,상해없음,승용,남,38세,경상
2013070700100344,2013년 7월 7일 17시,일요일,경상남도 김해시 삼계동,중상사고,0,1,0,0,차량단독 - 전도전복,안전거리미확보,습기,비,단일로 - 기타,승용,남,42세,중상,,,,
2013070700100370,2013년 7월 7일 18시,일요일,경상남도 거창군 거창읍,경상사고,0,0,1,0,차대차 - 측면직각충돌,안전운전불이행,건조,맑음,단일로 - 기타,승용,남,48세,상해없음,농기계,남,67세,경상
2013070700100388,2013년 7월 7일 19시,일요일,경상남도 밀양시 활성동,경상사고,0,0,1,0,차대차 - 기타,안전운전불이행,건조,맑음,단일로 - 기타,승용,남,33세,상해없음,승용,여,42세,경상
2013070700100422,2013년 7월 7일 20시,일요일,경상남도 양산시 물금읍,경상사고,0,0,2,0,차대차 - 측면직각충돌,중앙선침범,습기,비,교차로 - 교차로부근,승용,여,49세,상해없음,승용,남,23세,경상
2013070700100442,2013년 7월 7일 21시,일요일,경상남도 함안군 칠서면,중상사고,0,1,0,0,차량단독 - 전도전복,안전운전불이행,습기,비,단일로 - 기타,원동기,남,24세,중상,,,,
2013070700100468,2013년 7월 7일 22시,일요일,경상남도 양산시 물금읍,부상신고사고,0,0,0,1,차대차 - 정면충돌,신호위반,습기,흐림,교차로 - 교차로안,승용,남,23세,상해없음,승용,남,60세,부상신고
2013070700100469,2013년 7월 7일 22시,일요일,경상남도 양산시 상북면,중상사고,0,1,0,1,차대사람 - 기타,안전운전불이행,습기,비,기타 - 기타,승용,남,58세,상해없음,보행자,남,26세,중상
2013070700100470,2013년 7월 7일 22시,일요일,경상남도 창원시 성산구 중앙동,중상사고,0,1,1,0,차대사람 - 차도통행중,안전운전불이행,건조,맑음,교차로 - 교차로안,승용,여,27세,상해없음,보행자,여,35세,중상
2013070800100031,2013년 7월 8일 01시,월요일,경상남도 김해시 어방동,경상사고,0,0,1,0,차대사람 - 기타,안전운전불이행,건조,흐림,단일로 - 횡단보도부근,승용,여,45세,상해없음,보행자,남,50세,경상
2013070800100068,2013년 7월 8일 05시,월요일,경상남도 밀양시 산내면,중상사고,0,2,0,0,차량단독 - 도로외이탈 - 추락,안전운전불이행,건조,맑음,단일로 - 기타,승합,남,42세,상해없음,,,,
2013070800100093,2013년 7월 8일 07시,월요일,경상남도 함양군 지곡면,사망사고,1,0,0,0,차대사람 - 횡단중,안전운전불이행,건조,맑음,단일로 - 기타,화물,남,54세,상해없음,보행자,여,85세,사망
2013070800100123,2013년 7월 8일 08시,월요일,경상남도 창원시 마산합포구 부림동,중상사고,0,1,2,0,차대차 - 추돌 - 주정차중,안전운전불이행,습기,흐림,단일로 - 기타,승합,남,54세,상해없음,승용,남,58세,경상
2013070800100124,2013년 7월 8일 08시,월요일,경상남도 진주시 칠암동,경상사고,0,0,1,0,차대차 - 추돌 - 주정차중,안전운전불이행,건조,맑음,단일로 - 기타,승용,남,53세,상해없음,승용,남,73세,경상
2013070800100125,2013년 7월 8일 08시,월요일,경상남도 의령군 대의면,중상사고,0,1,1,0,차량단독 - 기타,안전운전불이행,건조,맑음,단일로 - 기타,화물,남,45세,경상,,,,
2013070800100155,2013년 7월 8일 09시,월요일,경상남도 김해시 삼정동,중상사고,0,1,0,0,차대사람 - 길가장자리구역통행중,보행자보호의무위반,건조,맑음,교차로 - 교차로안,승용,남,62세,상해없음,보행자,여,68세,중상
2013070800100156,2013년 7월 8일 09시,월요일,경상남도 의령군 대의면,경상사고,0,0,1,0,차량단독 - 기타,안전운전불이행,건조,맑음,단일로 - 기타,승용,남,28세,경상,,,,
2013070800100184,2013년 7월 8일 10시,월요일,경상남도 진주시 금곡면,경상사고,0,0,1,0,차대차 - 측면직각충돌,직진우회전진행방해,건조,맑음,교차로 - 교차로안,승용,남,77세,상해없음,이륜,남,75세,경상
2013070800100211,2013년 7월 8일 11시,월요일,경상남도 밀양시 가곡동,중상사고,0,1,0,0,차대차 - 측면직각충돌,교차로운행방법위반,건조,맑음,교차로 - 교차로안,승용,남,45세,상해없음,이륜,남,75세,중상
2013070800100231,2013년 7월 8일 12시,월요일,경상남도 거제시 고현동,경상사고,0,0,1,0,차대사람 - 기타,안전운전불이행,건조,맑음,교차로 - 교차로부근,기타불명,기타불명,기타불명,기타불명,보행자,여,59세,경상
2013070800100232,2013년 7월 8일 12시,월요일,경상남도 거제시 일운면,경상사고,0,0,1,1,차대차 - 추돌 - 진행중,안전운전불이행,건조,맑음,교차로 - 교차로안,승용,여,33세,상해없음,승용,남,46세,부상신고
2013070800100253,2013년 7월 8일 13시,월요일,경상남도 창원시 성산구 웅남동,중상사고,0,1,0,0,차대차 - 기타,안전운전불이행,건조,맑음,교차로 - 교차로안,특수,남,38세,상해없음,자전거,남,52세,중상
2013070800100254,2013년 7월 8일 13시,월요일,경상남도 창원시 마산회원구 구암동,중상사고,0,1,0,0,차대사람 - 횡단중,안전운전불이행,건조,맑음,단일로 - 기타,화물,남,62세,상해없음,보행자,여,56세,중상
2013070800100255,2013년 7월 8일 13시,월요일,경상남도 함안군 가야읍,중상사고,0,2,1,0,차대차 - 추돌 - 주정차중,안전운전불이행,건조,맑음,단일로 - 기타,화물,남,37세,상해없음,승용,남,47세,중상
2013070800100293,2013년 7월 8일 14시,월요일,경상남도 김해시 어방동,경상사고,0,0,1,0,차대차 - 정면충돌,중앙선침범,건조,맑음,단일로 - 기타,승용,여,50세,상해없음,승용,남,49세,경상
2013070800100294,2013년 7월 8일 14시,월요일,경상남도 창녕군 계성면,경상사고,0,0,1,0,차대차 - 기타,중앙선침범,건조,맑음,단일로 - 기타,이륜,남,79세,경상,승용,남,68세,상해없음
2013070800100295,2013년 7월 8일 14시,월요일,경상남도 양산시 남부동,경상사고,0,0,2,0,차대차 - 측면직각충돌,신호위반,건조,맑음,교차로 - 교차로안,승용,남,44세,상해없음,승용,여,36세,경상
2013070800100327,2013년 7월 8일 15시,월요일,경상남도 사천시 사천읍,경상사고,0,0,1,0,차대차 - 기타,안전운전불이행,건조,맑음,교차로 - 교차로부근,화물,남,57세,상해없음,승용,남,33세,경상
2013070800100328,2013년 7월 8일 15시,월요일,경상남도 김해시 내동,경상사고,0,0,1,0,차대차 - 측면직각충돌,신호위반,건조,맑음,교차로 - 교차로안,승용,남,22세,상해없음,화물,남,40세,경상
2013070800100329,2013년 7월 8일 15시,월요일,경상남도 거창군 거창읍,경상사고,0,0,1,0,차대차 - 측면직각충돌,안전운전불이행,건조,맑음,단일로 - 기타,화물,남,28세,상해없음,원동기,남,75세,경상
2013070800100330,2013년 7월 8일 15시,월요일,경상남도 합천군 삼가면,중상사고,0,3,0,0,차대차 - 정면충돌,중앙선침범,건조,맑음,단일로 - 기타,승용,남,66세,중상,건설기계,남,47세,중상
2013070800100399,2013년 7월 8일 17시,월요일,경상남도 함안군 칠서면,경상사고,0,0,1,0,차대차 - 기타,안전운전불이행,건조,맑음,교차로 - 교차로안,승용,남,30세,상해없음,원동기,여,73세,경상
2013070800100400,2013년 7월 8일 17시,월요일,경상남도 의령군 대의면,중상사고,0,4,2,0,차량단독 - 도로외이탈 - 기타,안전운전불이행,건조,맑음,단일로 - 기타,승용,남,57세,중상,,,,
2013070800100434,2013년 7월 8일 18시,월요일,경상남도 남해군 상주면,중상사고,0,1,0,0,차대사람 - 기타,안전운전불이행,건조,맑음,기타 - 기타,이륜,남,19세,상해없음,보행자,여,85세,중상
2013070800100460,2013년 7월 8일 19시,월요일,경상남도 창원시 마산합포구 남성동,경상사고,0,0,1,0,차대차 - 기타,교차로운행방법위반,건조,맑음,교차로 - 교차로부근,승용,남,53세,상해없음,자전거,남,44세,경상
2013070800100531,2013년 7월 8일 21시,월요일,경상남도 창원시 진해구 속천동,경상사고,0,0,1,0,차대차 - 측면직각충돌,안전운전불이행,건조,맑음,교차로 - 교차로안,승합,남,67세,상해없음,승용,여,32세,경상
2013070800100532,2013년 7월 8일 21시,월요일,경상남도 김해시 부원동,부상신고사고,0,0,0,1,차대사람 - 횡단중,안전운전불이행,건조,맑음,단일로 - 기타,승용,남,52세,상해없음,보행자,남,43세,부상신고
2013070800100533,2013년 7월 8일 21시,월요일,경상남도 거제시 고현동,중상사고,0,1,0,0,차대사람 - 기타,안전운전불이행,건조,맑음,단일로 - 기타,승용,남,37세,상해없음,보행자,여,37세,중상
2013070800100583,2013년 7월 8일 23시,월요일,경상남도 창원시 의창구 명서동,중상사고,0,1,0,0,차대차 - 측면직각충돌,교차로운행방법위반,건조,맑음,교차로 - 교차로안,승용,남,30세,상해없음,이륜,남,41세,중상
2013070900100012,2013년 7월 9일 00시,화요일,경상남도 창원시 마산회원구 양덕동,경상사고,0,0,2,0,차대차 - 측면직각충돌,안전운전불이행,건조,맑음,단일로 - 기타,승용,여,33세,상해없음,이륜,남,17세,경상
2013070900100034,2013년 7월 9일 01시,화요일,경상남도 창원시 의창구 팔용동,경상사고,0,0,2,0,차대차 - 측면직각충돌,신호위반,건조,맑음,교차로 - 교차로안,승용,남,30세,상해없음,승용,여,29세,경상
2013070900100061,2013년 7월 9일 03시,화요일,경상남도 통영시 광도면,중상사고,0,1,0,0,차대차 - 추돌 - 주정차중,안전운전불이행,건조,맑음,교차로 - 교차로안,화물,남,38세,상해없음,승용,남,39세,기타불명
2013070900100093,2013년 7월 9일 06시,화요일,경상남도 창원시 마산합포구 신포동2가,중상사고,0,1,0,1,차대차 - 측면직각충돌,신호위반,건조,맑음,교차로 - 교차로안,승용,남,44세,부상신고,화물,남,27세,중상
2013070900100119,2013년 7월 9일 07시,화요일,경상남도 밀양시 삼랑진읍,경상사고,0,0,1,0,차대사람 - 기타,안전운전불이행,건조,맑음,단일로 - 기타,자전거,기타불명,기타불명,기타불명,보행자,남,56세,경상
2013070900100120,2013년 7월 9일 07시,화요일,경상남도 합천군 청덕면,중상사고,0,1,0,0,차대차 - 추돌 - 진행중,안전운전불이행,건조,맑음,단일로 - 기타,화물,남,36세,상해없음,농기계,남,75세,중상
2013070900100121,2013년 7월 9일 07시,화요일,경상남도 창원시 성산구 상남동,중상사고,0,1,0,0,차대사람 - 횡단중,중앙선침범,건조,맑음,단일로 - 기타,이륜,남,25세,상해없음,보행자,여,56세,중상
2013070900100122,2013년 7월 9일 07시,화요일,경상남도 창원시 성산구 가음동,경상사고,0,0,1,0,차대사람 - 기타,안전운전불이행,건조,맑음,단일로 - 기타,승용,남,72세,상해없음,보행자,남,7세,경상
2013070900100151,2013년 7월 9일 08시,화요일,경상남도 창원시 마산합포구 교방동,경상사고,0,0,1,0,차대사람 - 기타,안전운전불이행,건조,맑음,교차로 - 교차로안,승용,남,60세,상해없음,보행자,여,25세,경상
2013070900100152,2013년 7월 9일 08시,화요일,경상남도 거제시 고현동,중상사고,0,1,0,0,차대사람 - 기타,안전운전불이행,건조,맑음,단일로 - 기타,승용,여,34세,상해없음,보행자,여,40세,중상
2013070900100153,2013년 7월 9일 08시,화요일,경상남도 거제시 문동동,중상사고,0,1,0,0,차대차 - 추돌 - 진행중,안전운전불이행,건조,맑음,단일로 - 기타,승용,남,57세,상해없음,화물,남,22세,중상
2013070900100154,2013년 7월 9일 08시,화요일,경상남도 남해군 삼동면,경상사고,0,0,1,0,차대차 - 측면직각충돌,안전운전불이행,건조,맑음,기타 - 기타,농기계,남,71세,경상,건설기계,남,42세,상해없음
2013070900100184,2013년 7월 9일 09시,화요일,경상남도 진주시 가좌동,중상사고,0,1,0,1,차대차 - 기타,신호위반,건조,맑음,교차로 - 교차로안,승용,여,40세,부상신고,승용,남,53세,중상
2013070900100206,2013년 7월 9일 10시,화요일,경상남도 양산시 평산동,경상사고,0,0,2,0,차대차 - 추돌 - 진행중,안전운전불이행,건조,맑음,교차로 - 교차로부근,승용,남,46세,상해없음,승용,여,33세,경상
2013070900100207,2013년 7월 9일 10시,화요일,경상남도 창원시 마산합포구 산호동,경상사고,0,0,1,0,차대차 - 기타,안전운전불이행,건조,맑음,단일로 - 기타,승용,남,60세,상해없음,원동기,남,17세,경상
2013070900100284,2013년 7월 9일 13시,화요일,경상남도 창원시 마산합포구 교방동,중상사고,0,1,0,0,차대사람 - 차도통행중,안전운전불이행,건조,맑음,교차로 - 교차로부근,화물,남,53세,상해없음,보행자,여,70세,중상
2013070900100285,2013년 7월 9일 13시,화요일,경상남도 진주시 봉곡동,중상사고,0,1,0,0,차대사람 - 횡단중,안전운전불이행,건조,맑음,단일로 - 기타,승용,여,36세,기타불명,보행자,남,64세,중상
2013070900100286,2013년 7월 9일 13시,화요일,경상남도 거제시 남부면,중상사고,0,1,0,0,차대차 - 추돌 - 진행중,안전운전불이행,건조,맑음,단일로 - 기타,승합,남,52세,상해없음,농기계,남,77세,상해없음
2013070900100287,2013년 7월 9일 13시,화요일,경상남도 김해시 장유면,중상사고,0,1,0,0,차대사람 - 횡단중,안전운전불이행,건조,맑음,단일로 - 횡단보도부근,승용,여,58세,상해없음,보행자,여,63세,중상
2013070900100312,2013년 7월 9일 14시,화요일,경상남도 창원시 마산합포구 신포동1가,중상사고,0,1,0,0,차대사람 - 횡단중,안전운전불이행,건조,맑음,교차로 - 교차로부근,승용,여,35세,상해없음,보행자,남,36세,중상
2013070900100346,2013년 7월 9일 15시,화요일,경상남도 김해시 삼계동,경상사고,0,0,1,0,차대차 - 추돌 - 주정차중,안전운전불이행,건조,맑음,단일로 - 기타,승용,여,49세,상해없음,승용,남,37세,경상
2013070900100347,2013년 7월 9일 15시,화요일,경상남도 함양군 수동면,중상사고,0,1,0,0,차대차 - 추돌 - 주정차중,안전운전불이행,건조,맑음,단일로 - 기타,건설기계,남,26세,상해없음,농기계,남,78세,중상
2013070900100374,2013년 7월 9일 16시,화요일,경상남도 밀양시 산외면,중상사고,0,1,0,0,차량단독 - 공작물충돌,안전운전불이행,건조,맑음,단일로 - 기타,승용,남,65세,상해없음,,,,
2013070900100375,2013년 7월 9일 16시,화요일,경상남도 거제시 고현동,경상사고,0,0,1,0,차대차 - 추돌 - 진행중,안전운전불이행,건조,맑음,교차로 - 교차로안,이륜,남,34세,경상,승합,남,64세,상해없음
2013070900100402,2013년 7월 9일 17시,화요일,경상남도 창원시 진해구 성내동,경상사고,0,0,2,0,차대차 - 추돌 - 진행중,안전거리미확보,건조,맑음,단일로 - 기타,화물,남,28세,상해없음,승용,남,38세,경상
2013070900100403,2013년 7월 9일 17시,화요일,경상남도 밀양시 초동면,경상사고,0,0,1,0,차대차 - 측면직각충돌,교차로운행방법위반,건조,맑음,교차로 - 교차로안,승용,남,63세,상해없음,승용,남,31세,경상
2013070900100404,2013년 7월 9일 17시,화요일,경상남도 양산시 남부동,중상사고,0,1,0,0,차대사람 - 횡단중,보행자보호의무위반,건조,맑음,교차로 - 교차로안,승용,여,61세,상해없음,보행자,여,58세,중상
2013070900100405,2013년 7월 9일 17시,화요일,경상남도 거제시 장평동,경상사고,0,0,1,0,차대차 - 추돌 - 진행중,안전운전불이행,건조,맑음,기타 - 기타,승용,남,37세,상해없음,원동기,남,25세,경상
2013070900100406,2013년 7월 9일 17시,화요일,경상남도 창원시 성산구 상남동,경상사고,0,0,3,0,차대차 - 추돌 - 주정차중,안전운전불이행,건조,맑음,단일로 - 기타,승용,여,33세,상해없음,승용,남,29세,경상
2013070900100407,2013년 7월 9일 17시,화요일,경상남도 창원시 성산구 사파동,중상사고,0,1,0,0,차대사람 - 기타,안전운전불이행,건조,맑음,단일로 - 기타,화물,남,30세,상해없음,보행자,남,24세,중상
2013070900100408,2013년 7월 9일 17시,화요일,경상남도 창원시 마산회원구 석전동,경상사고,0,0,1,0,차대차 - 기타,안전운전불이행,건조,맑음,교차로 - 교차로부근,승용,남,51세,상해없음,자전거,남,35세,경상
2013070900100448,2013년 7월 9일 18시,화요일,경상남도 진주시 일반성면,중상사고,0,2,0,0,차대차 - 기타,안전운전불이행,건조,맑음,교차로 - 교차로부근,승용,남,56세,상해없음,승용,남,66세,중상
2013070900100449,2013년 7월 9일 18시,화요일,경상남도 창원시 의창구 팔용동,중상사고,0,2,0,0,차대차 - 추돌 - 진행중,안전운전불이행,건조,맑음,단일로 - 기타,승용,남,49세,상해없음,승합,남,36세,중상