사고번호,사고일시,요일,시군구,사고내용,사망자수,중상자수,경상자수,부상신고자수,사고유형,법규위반,노면상태,기상상태,도로형태,가해운전자 차종,가해운전자 성별,가해운전자 연령,가해운전자 상해정도,피해운전자 차종,피해운전자 성별,피해운전자 연령,피해운전자 상해정도
2013071300100176,2013년 7월 13일 06시,토요일,경상남도 창원시 마산합포구 신포동2가,중상사고,0,1,0,1,차대차 - 측면직각충돌,교차로운행방법위반,건조,흐림,교차로 - 교차로안,승용,남,70세,부상신고,승용,남,59세,상해없음
2013071300100177,2013년 7월 13일 06시,토요일,경상남도 진주시 인사동,경상사고,0,0,2,0,차대차 - 추돌 - 주정차중,안전운전불이행,건조,맑음,교차로 - 교차로안,승용,남,25세,상해없음,승용,남,53세,경상
2013071300100178,2013년 7월 13일 06시,토요일,경상남도 창원시 진해구 석동,중상사고,0,1,2,0,차대차 - 측면직각충돌,신호위반,습기,비,교차로 - 교차로안,승용,남,47세,경상,승용,여,37세,중상
2013071300100194,2013년 7월 13일 07시,토요일,경상남도 하동군 진교면,경상사고,0,0,1,0,차대차 - 측면직각충돌,신호위반,건조,맑음,교차로 - 교차로안,건설기계,남,52세,상해없음,화물,남,35세,경상
2013071300100195,2013년 7월 13일 07시,토요일,경상남도 거제시 고현동,중상사고,0,1,0,0,차대차 - 측면직각충돌,교차로운행방법위반,건조,맑음,교차로 - 교차로안,승용,남,36세,상해없음,자전거,남,29세,중상
2013071300100215,2013년 7월 13일 08시,토요일,경상남도 김해시 진영읍,중상사고,0,3,2,0,차대차 - 추돌 - 진행중,안전운전불이행,건조,흐림,단일로 - 기타,특수,남,39세,상해없음,승용,여,56세,경상
2013071300100237,2013년 7월 13일 09시,토요일,경상남도 진주시 옥봉동,경상사고,0,0,1,0,차대차 - 측면직각충돌,중앙선침범,건조,맑음,교차로 - 교차로안,승용,남,74세,상해없음,승용,남,53세,경상
2013071300100238,2013년 7월 13일 09시,토요일,경상남도 사천시 축동면,경상사고,0,0,2,0,차대차 - 기타,안전거리미확보,건조,맑음,단일로 - 기타,승용,여,43세,상해없음,승용,남,39세,경상
2013071300100239,2013년 7월 13일 09시,토요일,경상남도 창녕군 부곡면,경상사고,0,0,1,0,차대차 - 측면직각충돌,안전운전불이행,건조,맑음,단일로 - 기타,승용,남,34세,상해없음,원동기,남,65세,경상
2013071300100275,2013년 7월 13일 10시,토요일,경상남도 거창군 거창읍,경상사고,0,0,1,0,차대차 - 측면직각충돌,기타,건조,기타,기타 - 기타,이륜,남,78세,경상,승용,남,46세,상해없음
2013071300100302,2013년 7월 13일 11시,토요일,경상남도 창원시 마산합포구 월영동,중상사고,0,1,1,0,차대차 - 측면직각충돌,교차로운행방법위반,건조,맑음,교차로 - 교차로안,승용,여,26세,상해없음,승용,여,50세,중상
2013071300100303,2013년 7월 13일 11시,토요일,경상남도 진주시 사봉면,중상사고,0,3,1,1,차대차 - 측면직각충돌,신호위반,건조,맑음,교차로 - 교차로안,승용,여,23세,부상신고,화물,남,50세,중상
2013071300100304,2013년 7월 13일 11시,토요일,경상남도 통영시 태평동,경상사고,0,0,1,0,차대차 - 추돌 - 주정차중,안전운전불이행,건조,맑음,교차로 - 교차로부근,화물,남,34세,상해없음,원동기,남,74세,경상
2013071300100305,2013년 7월 13일 11시,토요일,경상남도 창녕군 대지면,중상사고,0,2,1,0,차대차 - 기타,안전운전불이행,건조,맑음,단일로 - 기타,승용,여,40세,상해없음,화물,남,40세,경상
2013071300100346,2013년 7월 13일 12시,토요일,경상남도 하동군 진교면,중상사고,0,1,1,0,차대차 - 측면직각충돌,안전운전불이행,건조,맑음,교차로 - 교차로안,승용,남,52세,상해없음,원동기,남,35세,경상
2013071300100381,2013년 7월 13일 13시,토요일,경상남도 통영시 도산면,경상사고,0,0,3,0,차대차 - 추돌 - 진행중,안전운전불이행,건조,맑음,교차로 - 교차로안,특수,남,24세,상해없음,승용,여,37세,경상
2013071300100382,2013년 7월 13일 13시,토요일,경상남도 밀양시 상남면,중상사고,0,3,0,0,차대차 - 기타,안전운전불이행,건조,맑음,단일로 - 기타,화물,남,70세,상해없음,승용,여,35세,중상
2013071300100383,2013년 7월 13일 13시,토요일,경상남도 남해군 창선면,사망사고,1,0,0,0,차량단독 - 전도전복,안전운전불이행,건조,맑음,교차로 - 교차로안,농기계,남,73세,사망,,,,
2013071300100384,2013년 7월 13일 13시,토요일,경상남도 김해시 진영읍,중상사고,0,1,0,0,차대차 - 측면직각충돌,불법유턴,건조,맑음,교차로 - 교차로부근,원동기,남,73세,중상,승용,남,47세,상해없음
2013071300100423,2013년 7월 13일 14시,토요일,경상남도 함양군 함양읍,중상사고,0,1,0,1,차대차 - 측면직각충돌,교차로운행방법위반,건조,맑음,교차로 - 교차로안,승용,여,28세,부상신고,원동기,남,75세,중상
2013071300100424,2013년 7월 13일 14시,토요일,경상남도 거제시 고현동,경상사고,0,0,1,0,차대차 - 추돌 - 진행중,안전운전불이행,건조,맑음,교차로 - 교차로부근,승합,남,66세,상해없음,승용,남,26세,경상
2013071300100447,2013년 7월 13일 15시,토요일,경상남도 사천시 사천읍,부상신고사고,0,0,0,1,차대차 - 기타,교차로운행방법위반,건조,맑음,교차로 - 교차로안,승용,남,35세,상해없음,승합,남,42세,상해없음
2013071300100448,2013년 7월 13일 15시,토요일,경상남도 밀양시 내이동,경상사고,0,0,1,0,차대차 - 측면직각충돌,안전운전불이행,건조,맑음,교차로 - 교차로안,승용,남,29세,상해없음,승용,남,39세,경상
2013071300100449,2013년 7월 13일 15시,토요일,경상남도 고성군 고성읍,중상사고,0,2,1,0,차대차 - 측면직각충돌,신호위반,건조,맑음,교차로 - 교차로안,승용,남,35세,상해없음,승용,남,46세,경상
2013071300100482,2013년 7월 13일 16시,토요일,경상남도 거제시 고현동,경상사고,0,0,1,0,차대차 - 기타,안전운전불이행,건조,맑음,교차로 - 교차로안,승용,여,40세,상해없음,승합,남,56세,상해없음
2013071300100483,2013년 7월 13일 16시,토요일,경상남도 거제시 옥포동,중상사고,0,1,1,0,차대차 - 기타,안전운전불이행,건조,맑음,교차로 - 교차로부근,승용,남,26세,상해없음,승용,남,63세,경상
2013071300100512,2013년 7월 13일 17시,토요일,경상남도 통영시 무전동,경상사고,0,0,1,0,차대차 - 측면직각충돌,신호위반,건조,맑음,교차로 - 교차로안,승용,남,53세,상해없음,승용,남,31세,경상
2013071300100513,2013년 7월 13일 17시,토요일,경상남도 김해시 안동,중상사고,0,1,0,0,차대차 - 추돌 - 주정차중,안전운전불이행,건조,맑음,단일로 - 기타,원동기,남,30세,중상,승합,남,64세,상해없음
2013071300100514,2013년 7월 13일 17시,토요일,경상남도 거제시 옥포동,중상사고,0,1,0,0,차대차 - 기타,안전운전불이행,건조,맑음,단일로 - 기타,승용,남,53세,상해없음,승용,여,35세,중상
2013071300100515,2013년 7월 13일 17시,토요일,경상남도 창원시 성산구 중앙동,경상사고,0,0,1,0,차대차 - 기타,교차로운행방법위반,기타,맑음,교차로 - 교차로안,승용,남,51세,상해없음,화물,남,55세,상해없음
2013071300100516,2013년 7월 13일 17시,토요일,경상남도 김해시 장유면,경상사고,0,0,1,0,차대차 - 추돌 - 진행중,안전거리미확보,건조,맑음,단일로 - 기타,승용,남,24세,상해없음,화물,여,29세,경상
2013071300100541,2013년 7월 13일 18시,토요일,경상남도 거창군 거창읍,경상사고,0,0,1,0,차대사람 - 횡단중,보행자보호의무위반,건조,맑음,단일로 - 횡단보도상,승용,여,45세,상해없음,보행자,여,6세,경상
2013071300100542,2013년 7월 13일 18시,토요일,경상남도 함안군 산인면,경상사고,0,0,1,0,차대차 - 측면직각충돌,안전운전불이행,건조,맑음,단일로 - 기타,승용,남,51세,상해없음,이륜,남,52세,경상
2013071300100543,2013년 7월 13일 18시,토요일,경상남도 창원시 의창구 도계동,경상사고,0,0,1,0,차대차 - 기타,안전거리미확보,건조,맑음,단일로 - 기타,승용,남,50세,상해없음,승용,남,21세,경상
2013071300100544,2013년 7월 13일 18시,토요일,경상남도 김해시 진영읍,경상사고,0,0,1,0,차대차 - 측면직각충돌,차로위반,건조,맑음,교차로 - 교차로부근,승용,남,41세,상해없음,원동기,남,22세,경상
2013071300100576,2013년 7월 13일 19시,토요일,경상남도 양산시 원동면,중상사고,0,2,0,0,차대차 - 측면직각충돌,안전운전불이행,건조,맑음,단일로 - 기타,이륜,남,22세,중상,승용,남,32세,상해없음
2013071300100639,2013년 7월 13일 21시,토요일,경상남도 창원시 의창구 용호동,경상사고,0,0,1,0,차대차 - 기타,신호위반,기타,맑음,교차로 - 교차로안,이륜,남,23세,상해없음,승용,여,49세,상해없음
2013071300100640,2013년 7월 13일 21시,토요일,경상남도 창원시 의창구 사림동,경상사고,0,0,1,0,차대사람 - 횡단중,보행자보호의무위반,건조,맑음,교차로 - 교차로안,승용,남,50세,상해없음,보행자,남,52세,경상
2013071300100641,2013년 7월 13일 21시,토요일,경상남도 창원시 의창구 명서동,중상사고,0,1,0,0,차대차 - 기타,안전운전불이행,건조,맑음,교차로 - 교차로안,승용,남,56세,상해없음,자전거,남,46세,중상
2013071300100663,2013년 7월 13일 22시,토요일,경상남도 통영시 도산면,중상사고,0,1,2,0,차대차 - 측면직각충돌,신호위반,건조,맑음,교차로 - 교차로안,승용,남,34세,상해없음,승용,남,24세,경상
2013071300100664,2013년 7월 13일 22시,토요일,경상남도 산청군 생비량면,중상사고,0,1,0,0,차량단독 - 공작물충돌,안전운전불이행,건조,맑음,단일로 - 기타,승합,남,58세,상해없음,,,,
2013071300100665,2013년 7월 13일 22시,토요일,경상남도 창원시 마산회원구 내서읍,중상사고,0,1,1,0,차대차 - 추돌 - 주정차중,안전운전불이행,건조,맑음,교차로 - 교차로부근,승용,남,43세,상해없음,승용,남,23세,경상
2013071300100696,2013년 7월 13일 23시,토요일,경상남도 창원시 진해구 광화동,경상사고,0,0,1,0,차대차 - 측면직각충돌,안전운전불이행,건조,맑음,교차로 - 교차로안,승용,남,61세,상해없음,승합,남,49세,경상
2013071300100697,2013년 7월 13일 23시,토요일,경상남도 거창군 거창읍,중상사고,0,2,2,0,차대차 - 측면직각충돌,신호위반,건조,기타,교차로 - 교차로안,승용,여,41세,상해없음,승용,여,42세,중상
2013071300100698,2013년 7월 13일 23시,토요일,경상남도 거제시 고현동,경상사고,0,0,1,0,차대차 - 기타,안전운전불이행,건조,맑음,단일로 - 기타,승용,남,47세,상해없음,승합,남,56세,경상
2013071300100699,2013년 7월 13일 23시,토요일,경상남도 남해군 남해읍,경상사고,0,0,1,0,차량단독 - 전도전복,안전운전불이행,건조,맑음,기타 - 기타,승용,남,31세,경상,,,,
2013071400100044,2013년 7월 14일 01시,일요일,경상남도 김해시 진영읍,중상사고,0,1,0,0,차량단독 - 공작물충돌,안전운전불이행,건조,맑음,기타 - 기타,원동기,남,18세,상해없음,,,,
2013071400100070,2013년 7월 14일 03시,일요일,경상남도 통영시 광도면,부상신고사고,0,0,0,2,차대차 - 기타,중앙선침범,건조,흐림,단일로 - 기타,기타불명,기타불명,기타불명,기타불명,승용,남,43세,부상신고
2013071400100129,2013년 7월 14일 07시,일요일,경상남도 함양군 함양읍,부상신고사고,0,0,0,1,차대차 - 추돌 - 주정차중,안전운전불이행,건조,맑음,단일로 - 기타,승용,남,20세,부상신고,화물,남,72세,상해없음
2013071400100130,2013년 7월 14일 07시,일요일,경상남도 산청군 단성면,중상사고,0,1,1,0,차량단독 - 도로외이탈 - 추락,안전운전불이행,건조,맑음,단일로 - 기타,승용,여,22세,중상,,,,
2013071400100168,2013년 7월 14일 10시,일요일,경상남도 통영시 태평동,중상사고,0,1,0,0,차대사람 - 기타,안전운전불이행,건조,맑음,단일로 - 기타,승용,남,65세,상해없음,보행자,남,39세,중상
2013071400100210,2013년 7월 14일 12시,일요일,경상남도 김해시 외동,중상사고,0,2,0,0,차대차 - 기타,기타,건조,맑음,단일로 - 기타,승용,남,72세,상해없음,승용,남,50세,중상
2013071400100230,2013년 7월 14일 13시,일요일,경상남도 양산시 동면,중상사고,0,1,0,0,차대차 - 기타,안전운전불이행,건조,맑음,단일로 - 기타,승용,남,47세,상해없음,원동기,남,65세,중상
2013071400100257,2013년 7월 14일 14시,일요일,경상남도 창원시 마산합포구 월포동,중상사고,0,1,1,0,차대차 - 추돌 - 진행중,안전운전불이행,건조,맑음,단일로 - 기타,승용,남,39세,상해없음,이륜,남,74세,경상
2013071400100258,2013년 7월 14일 14시,일요일,경상남도 진주시 문산읍,중상사고,0,1,1,0,차대차 - 추돌 - 진행중,안전운전불이행,건조,맑음,교차로 - 교차로부근,승용,남,32세,상해없음,승용,남,51세,중상
2013071400100259,2013년 7월 14일 14시,일요일,경상남도 진주시 옥봉동,경상사고,0,0,1,0,차량단독 - 기타,안전운전불이행,건조,맑음,단일로 - 기타,이륜,남,71세,경상,,,,
2013071400100260,2013년 7월 14일 14시,일요일,경상남도 밀양시 용평동,중상사고,0,1,0,0,차대차 - 측면직각충돌,안전운전불이행,건조,맑음,교차로 - 교차로안,승용,남,54세,상해없음,이륜,남,84세,중상
2013071400100261,2013년 7월 14일 14시,일요일,경상남도 거제시 장승포동,중상사고,0,1,2,0,차대차 - 측면직각충돌,안전운전불이행,건조,맑음,교차로 - 교차로안,승용,남,55세,상해없음,승용,여,26세,경상
2013071400100284,2013년 7월 14일 15시,일요일,경상남도 통영시 서호동,경상사고,0,0,1,0,차대차 - 측면직각충돌,안전운전불이행,건조,맑음,교차로 - 교차로안,승용,남,40세,상해없음,이륜,남,50세,경상
2013071400100285,2013년 7월 14일 15시,일요일,경상남도 창원시 마산회원구 내서읍,중상사고,0,1,0,0,차대사람 - 횡단중,안전운전불이행,건조,흐림,교차로 - 교차로안,승용,남,57세,상해없음,보행자,여,63세,중상
2013071400100311,2013년 7월 14일 16시,일요일,경상남도 김해시 대성동,중상사고,0,2,1,0,차대차 - 측면직각충돌,교차로운행방법위반,건조,맑음,교차로 - 교차로안,승용,여,50세,경상,승용,남,44세,중상
2013071400100312,2013년 7월 14일 16시,일요일,경상남도 창원시 의창구 봉곡동,중상사고,0,1,0,0,차대사람 - 기타,안전운전불이행,건조,맑음,단일로 - 기타,승용,남,59세,상해없음,보행자,여,39세,중상
2013071400100336,2013년 7월 14일 17시,일요일,경상남도 창원시 진해구 석동,경상사고,0,0,3,0,차대차 - 측면직각충돌,안전운전불이행,건조,맑음,교차로 - 교차로안,승용,남,34세,상해없음,승용,여,33세,경상
2013071400100366,2013년 7월 14일 18시,일요일,경상남도 통영시 도남동,중상사고,0,1,0,0,차대차 - 측면직각충돌,교차로운행방법위반,건조,맑음,교차로 - 교차로안,화물,남,65세,상해없음,화물,남,53세,중상
2013071400100394,2013년 7월 14일 19시,일요일,경상남도 진주시 상대동,중상사고,0,1,0,0,차대사람 - 기타,안전운전불이행,건조,맑음,단일로 - 기타,승용,남,42세,상해없음,보행자,여,23세,중상
2013071400100395,2013년 7월 14일 19시,일요일,경상남도 거창군 거창읍,중상사고,0,1,3,0,차대차 - 추돌 - 진행중,안전운전불이행,건조,맑음,단일로 - 기타,승용,남,50세,상해없음,승합,남,24세,경상
2013071400100417,2013년 7월 14일 20시,일요일,경상남도 창원시 진해구 석동,중상사고,0,1,0,0,차대차 - 측면직각충돌,안전거리미확보,건조,맑음,단일로 - 기타,승용,남,66세,상해없음,원동기,남,50세,중상
2013071400100418,2013년 7월 14일 20시,일요일,경상남도 김해시 동상동,중상사고,0,1,0,0,차대차 - 측면직각충돌,교차로운행방법위반,건조,맑음,교차로 - 교차로안,승용,남,64세,상해없음,원동기,남,21세,중상
2013071400100447,2013년 7월 14일 21시,일요일,경상남도 창원시 마산합포구 남성동,중상사고,0,3,0,0,차대차 - 추돌 - 진행중,안전운전불이행,건조,맑음,교차로 - 교차로부근,승용,남,56세,상해없음,승용,남,23세,중상
2013071400100448,2013년 7월 14일 21시,일요일,경상남도 창원시 마산합포구 상남동,경상사고,0,0,5,0,차대차 - 추돌 - 진행중,안전운전불이행,건조,맑음,교차로 - 교차로부근,승용,남,40세,상해없음,승용,남,40세,경상
2013071400100475,2013년 7월 14일 22시,일요일,경상남도 창원시 진해구 이동,중상사고,0,1,6,0,차대차 - 측면직각충돌,안전운전불이행,건조,맑음,교차로 - 교차로안,승용,남,50세,상해없음,승용,남,54세,경상
2013071500100023,2013년 7월 15일 02시,월요일,경상남도 거제시 거제면,중상사고,0,1,0,0,차량단독 - 기타,안전운전불이행,건조,맑음,단일로 - 기타,승용,남,27세,상해없음,,,,
2013071500100044,2013년 7월 15일 05시,월요일,경상남도 김해시 안동,중상사고,0,1,0,0,차량단독 - 기타,안전운전불이행,건조,맑음,단일로 - 기타,이륜,남,23세,상해없음,,,,
2013071500100054,2013년 7월 15일 06시,월요일,경상남도 창원시 진해구 자은동,경상사고,0,0,1,0,차대사람 - 기타,안전운전불이행,건조,맑음,단일로 - 기타,기타불명,기타불명,기타불명,기타불명,보행자,남,44세,경상
2013071500100055,2013년 7월 15일 06시,월요일,경상남도 창원시 마산회원구 회원동,중상사고,0,1,0,0,차대사람 - 기타,안전운전불이행,건조,맑음,단일로 - 기타,승용,여,27세,상해없음,보행자,남,27세,중상
2013071500100082,2013년 7월 15일 07시,월요일,경상남도 진주시 문산읍,경상사고,0,0,1,0,차대차 - 추돌 - 주정차중,안전운전불이행,건조,맑음,단일로 - 기타,승합,남,35세,경상,화물,남,38세,상해없음
2013071500100083,2013년 7월 15일 07시,월요일,경상남도 거창군 거창읍,경상사고,0,0,1,0,차대사람 - 횡단중,안전운전불이행,건조,맑음,교차로 - 교차로부근,승용,남,48세,상해없음,보행자,여,29세,경상
2013071500100084,2013년 7월 15일 07시,월요일,경상남도 거제시 아주동,경상사고,0,0,1,0,차대사람 - 기타,안전운전불이행,건조,맑음,단일로 - 기타,승용,여,26세,상해없음,보행자,남,23세,경상
2013071500100085,2013년 7월 15일 07시,월요일,경상남도 거제시 장평동,중상사고,0,1,0,0,차대사람 - 기타,안전운전불이행,건조,맑음,단일로 - 기타,화물,남,57세,상해없음,보행자,여,16세,중상
2013071500100086,2013년 7월 15일 07시,월요일,경상남도 함안군 칠원면,중상사고,0,1,0,0,차대사람 - 보도통행중,보행자보호의무위반,건조,맑음,단일로 - 횡단보도상,승용,남,50세,상해없음,보행자,여,77세,중상
2013071500100131,2013년 7월 15일 08시,월요일,경상남도 진주시 상평동,중상사고,0,1,3,0,차대차 - 기타,직진우회전진행방해,건조,맑음,교차로 - 교차로안,승용,여,55세,경상,화물,남,44세,중상
2013071500100132,2013년 7월 15일 08시,월요일,경상남도 통영시 도천동,중상사고,0,1,1,0,차대차 - 추돌 - 진행중,안전거리미확보,건조,맑음,단일로 - 기타,승용,여,41세,상해없음,승용,남,27세,중상
2013071500100133,2013년 7월 15일 08시,월요일,경상남도 사천시 사천읍,중상사고,0,1,0,0,차대사람 - 차도통행중,안전운전불이행,건조,맑음,교차로 - 교차로부근,승합,남,49세,상해없음,보행자,여,70세,중상
2013071500100134,2013년 7월 15일 08시,월요일,경상남도 하동군 하동읍,경상사고,0,0,1,0,차대차 - 측면직각충돌,안전운전불이행,건조,맑음,교차로 - 교차로안,승용,남,61세,상해없음,승용,여,49세,경상
2013071500100135,2013년 7월 15일 08시,월요일,경상남도 거제시 고현동,중상사고,0,1,0,0,차대차 - 추돌 - 진행중,안전운전불이행,건조,맑음,교차로 - 교차로부근,승용,남,60세,상해없음,승용,여,48세,중상
2013071500100136,2013년 7월 15일 08시,월요일,경상남도 산청군 신안면,중상사고,0,1,0,0,차대차 - 정면충돌,교차로운행방법위반,건조,맑음,교차로 - 교차로안,승용,남,66세,상해없음,승용,여,43세,중상
2013071500100161,2013년 7월 15일 09시,월요일,경상남도 창원시 마산합포구 진전면,중상사고,0,2,0,0,차대차 - 측면직각충돌,중앙선침범,건조,맑음,단일로 - 기타,승용,남,22세,상해없음,승용,남,46세,중상
2013071500100191,2013년 7월 15일 10시,월요일,경상남도 창녕군 계성면,부상신고사고,0,0,0,1,차대차 - 측면직각충돌,직진우회전진행방해,건조,맑음,교차로 - 교차로안,이륜,남,60세,부상신고,승용,남,56세,상해없음
2013071500100192,2013년 7월 15일 10시,월요일,경상남도 함양군 함양읍,중상사고,0,1,1,0,차대차 - 측면직각충돌,안전운전불이행,건조,맑음,교차로 - 교차로부근,화물,남,67세,상해없음,농기계,남,39세,경상
2013071500100193,2013년 7월 15일 10시,월요일,경상남도 양산시 북정동,중상사고,0,1,0,0,차대차 - 측면직각충돌,직진우회전진행방해,건조,맑음,교차로 - 교차로안,승용,남,61세,상해없음,승용,남,32세,중상
2013071500100194,2013년 7월 15일 10시,월요일,경상남도 함안군 칠원면,중상사고,0,1,0,0,차대차 - 측면직각충돌,직진우회전진행방해,건조,맑음,교차로 - 교차로안,승용,남,29세,상해없음,승용,여,46세,중상
2013071500100195,2013년 7월 15일 10시,월요일,경상남도 김해시 장유면,경상사고,0,0,4,0,차대차 - 추돌 - 진행중,안전운전불이행,건조,맑음,단일로 - 기타,화물,남,46세,상해없음,승용,여,34세,경상
2013071500100217,2013년 7월 15일 11시,월요일,경상남도 창원시 진해구 이동,중상사고,0,1,0,0,차대차 - 기타,교차로운행방법위반,건조,맑음,교차로 - 교차로안,승용,여,25세,상해없음,승용,남,65세,중상
2013071500100218,2013년 7월 15일 11시,월요일,경상남도 통영시 동호동,부상신고사고,0,0,0,1,차대차 - 측면직각충돌,직진우회전진행방해,건조,맑음,교차로 - 교차로안,이륜,남,67세,부상신고,화물,남,50세,상해없음
2013071500100219,2013년 7월 15일 11시,월요일,경상남도 김해시 삼정동,중상사고,0,1,0,0,차대차 - 추돌 - 진행중,안전운전불이행,건조,맑음,단일로 - 기타,이륜,남,17세,중상,화물,남,51세,상해없음
2013071500100267,2013년 7월 15일 13시,월요일,경상남도 합천군 가야면,중상사고,0,1,0,0,차대차 - 기타,안전운전불이행,건조,맑음,단일로 - 기타,원동기,남,72세,중상,화물,남,63세,상해없음
2013071500100295,2013년 7월 15일 14시,월요일,경상남도 김해시 장유면,중상사고,0,1,0,0,차대차 - 기타,안전거리미확보,건조,맑음,단일로 - 기타,화물,여,42세,상해없음,화물,남,36세,중상
2013071500100320,2013년 7월 15일 15시,월요일,경상남도 김해시 구산동,중상사고,0,1,0,0,차대차 - 기타,신호위반,건조,맑음,교차로 - 교차로안,승용,남,61세,상해없음,이륜,남,58세,중상
2013071500100321,2013년 7월 15일 15시,월요일,경상남도 의령군 정곡면,경상사고,0,0,1,2,차대차 - 추돌 - 진행중,안전운전불이행,건조,맑음,단일로 - 기타,화물,남,37세,상해없음,승용,남,69세,경상
2013071500100355,2013년 7월 15일 16시,월요일,경상남도 창원시 진해구 창선동,중상사고,0,1,0,0,차대차 - 기타,안전운전불이행,건조,맑음,교차로 - 교차로안,승용,여,66세,상해없음,원동기,남,38세,중상
2013071500100356,2013년 7월 15일 16시,월요일,경상남도 창원시 진해구 경화동,경상사고,0,0,2,0,차대차 - 측면직각충돌,안전거리미확보,건조,맑음,교차로 - 교차로부근,승용,남,42세,상해없음,승용,여,37세,경상
2013071500100357,2013년 7월 15일 16시,월요일,경상남도 통영시 항남동,경상사고,0,0,1,0,차대차 - 측면직각충돌,안전운전불이행,건조,맑음,단일로 - 기타,화물,남,42세,상해없음,승용,여,31세,경상
2013071500100358,2013년 7월 15일 16시,월요일,경상남도 김해시 구산동,중상사고,0,1,1,0,차대차 - 측면직각충돌,교차로운행방법위반,건조,맑음,교차로 - 교차로안,승용,여,40세,상해없음,승용,남,76세,경상
2013071500100359,2013년 7월 15일 16시,월요일,경상남도 합천군 가회면,중상사고,0,1,0,0,차량단독 - 기타,안전운전불이행,건조,맑음,단일로 - 기타,농기계,남,71세,중상,,,,
2013071500100380,2013년 7월 15일 17시,월요일,경상남도 김해시 상동면,중상사고,0,1,0,0,차대차 - 추돌 - 주정차중,안전거리미확보,건조,맑음,단일로 - 기타,화물,남,54세,상해없음,승용,여,29세,중상
2013071500100394,2013년 7월 15일 17시,월요일,경상남도 창원시 성산구 외동,중상사고,0,1,0,0,차대차 - 측면직각충돌,안전운전불이행,건조,맑음,교차로 - 교차로안,승합,남,57세,상해없음,자전거,남,58세,중상
2013071500100432,2013년 7월 15일 18시,월요일,경상남도 통영시 무전동,경상사고,0,0,1,0,차대차 - 측면직각충돌,직진우회전진행방해,건조,맑음,교차로 - 교차로안,승용,여,56세,상해없음,승용,남,57세,상해없음
2013071500100463,2013년 7월 15일 19시,월요일,경상남도 창원시 의창구 북면,중상사고,0,3,0,0,차대차 - 정면충돌,중앙선침범,건조,맑음,단일로 - 기타,화물,여,52세,상해없음,화물,남,73세,중상
2013071500100525,2013년 7월 15일 21시,월요일,경상남도 양산시 북정동,중상사고,0,1,0,0,차대차 - 측면직각충돌,교차로운행방법위반,건조,맑음,교차로 - 교차로부근,승용,남,34세,상해없음,이륜,남,17세,중상
2013071500100557,2013년 7월 15일 22시,월요일,경상남도 거제시 사등면,경상사고,0,0,2,0,차대차 - 기타,안전운전불이행,건조,맑음,단일로 - 기타,승용,남,47세,상해없음,승용,여,55세,경상
2013071600100016,2013년 7월 16일 00시,화요일,경상남도 김해시 삼정동,경상사고,0,0,1,0,차대차 - 측면직각충돌,안전거리미확보,건조,맑음,단일로 - 기타,기타불명,기타불명,기타불명,기타불명,승용,남,52세,경상
2013071600100052,2013년 7월 16일 04시,화요일,경상남도 창원시 마산합포구 남성동,부상신고사고,0,0,0,1,차대차 - 측면직각충돌,교차로운행방법위반,건조,맑음,교차로 - 교차로안,승용,여,47세,상해없음,화물,남,29세,부상신고
2013071600100053,2013년 7월 16일 04시,화요일,경상남도 산청군 단성면,중상사고,0,1,0,0,차량단독 - 전도전복,안전운전불이행,건조,맑음,단일로 - 교량,이륜,남,33세,중상,,,,
2013071600100072,2013년 7월 16일 06시,화요일,경상남도 창원시 의창구 동읍,중상사고,0,1,0,0,차대차 - 추돌 - 주정차중,안전운전불이행,건조,맑음,단일로 - 기타,특수,남,45세,상해없음,승용,남,60세,중상
2013071600100096,2013년 7월 16일 07시,화요일,경상남도 창원시 마산합포구 월영동,중상사고,0,2,1,0,차대차 - 측면직각충돌,신호위반,건조,맑음,교차로 - 교차로안,승용,남,67세,상해없음,승용,남,54세,중상
2013071600100097,2013년 7월 16일 07시,화요일,경상남도 창원시 마산합포구 자산동,중상사고,0,1,0,0,차대차 - 측면직각충돌,교차로운행방법위반,건조,맑음,교차로 - 교차로안,승용,여,42세,상해없음,승용,여,53세,중상
2013071600100098,2013년 7월 16일 07시,화요일,경상남도 창원시 진해구 태백동,경상사고,0,0,1,0,차대차 - 정면충돌,안전운전불이행,건조,맑음,교차로 - 교차로안,화물,남,64세,기타불명,자전거,남,36세,경상
2013071600100099,2013년 7월 16일 07시,화요일,경상남도 김해시 생림면,중상사고,0,1,0,0,차대사람 - 기타,안전운전불이행,건조,맑음,단일로 - 기타,승용,남,33세,상해없음,보행자,여,77세,중상
2013071600100100,2013년 7월 16일 07시,화요일,경상남도 양산시 동면,중상사고,0,1,0,0,차대사람 - 기타,안전운전불이행,건조,맑음,단일로 - 기타,기타불명,기타불명,기타불명,기타불명,보행자,남,71세,중상
2013071600100225,2013년 7월 16일 11시,화요일,경상남도 김해시 장유면,중상사고,0,1,2,0,차대차 - 기타,안전운전불이행,건조,맑음,교차로 - 교차로안,승용,여,52세,상해없음,승용,여,35세,중상
2013071600100247,2013년 7월 16일 12시,화요일,경상남도 고성군 마암면,경상사고,0,0,2,0,차대차 - 추돌 - 진행중,안전운전불이행,건조,맑음,단일로 - 기타,화물,남,46세,상해없음,승합,여,54세,경상
2013071600100248,2013년 7월 16일 12시,화요일,경상남도 김해시 주촌면,중상사고,0,1,0,0,차대차 - 추돌 - 진행중,안전거리미확보,건조,맑음,교차로 - 교차로부근,화물,남,49세,상해없음,화물,여,39세,중상