사고번호,사고일시,요일,시군구,사고내용,사망자수,중상자수,경상자수,부상신고자수,사고유형,법규위반,노면상태,기상상태,도로형태,가해운전자 차종,가해운전자 성별,가해운전자 연령,가해운전자 상해정도,피해운전자 차종,피해운전자 성별,피해운전자 연령,피해운전자 상해정도
2013071900100060,2013년 7월 19일 03시,금요일,경상남도 통영시 도남동,중상사고,0,1,0,0,차대차 - 추돌 - 주정차중,안전운전불이행,건조,맑음,단일로 - 기타,원동기,남,19세,중상,승용,여,53세,기타불명
2013071900100061,2013년 7월 19일 03시,금요일,경상남도 사천시 사천읍,경상사고,0,0,4,0,차대차 - 추돌 - 진행중,안전운전불이행,건조,맑음,단일로 - 기타,승용,남,32세,상해없음,승용,남,25세,경상
2013071900100077,2013년 7월 19일 05시,금요일,경상남도 양산시 상북면,경상사고,0,0,2,0,차대차 - 기타,안전운전불이행,건조,맑음,단일로 - 기타,승용,남,31세,상해없음,승용,남,42세,경상
2013071900100087,2013년 7월 19일 06시,금요일,경상남도 창원시 진해구 경화동,경상사고,0,0,1,0,차대차 - 추돌 - 주정차중,안전거리미확보,건조,맑음,단일로 - 기타,승용,남,37세,상해없음,승용,남,55세,경상
2013071900100088,2013년 7월 19일 06시,금요일,경상남도 고성군 회화면,사망사고,1,0,0,0,차량단독 - 공작물충돌,안전운전불이행,건조,맑음,단일로 - 기타,화물,남,58세,사망,,,,
2013071900100108,2013년 7월 19일 07시,금요일,경상남도 사천시 동금동,경상사고,0,0,1,0,차대차 - 측면직각충돌,안전운전불이행,건조,맑음,교차로 - 교차로부근,승용,남,33세,상해없음,원동기,남,73세,상해없음
2013071900100136,2013년 7월 19일 08시,금요일,경상남도 양산시 어곡동,경상사고,0,0,1,0,차대차 - 추돌 - 진행중,안전운전불이행,건조,맑음,단일로 - 기타,승용,남,24세,상해없음,화물,남,51세,상해없음
2013071900100137,2013년 7월 19일 08시,금요일,경상남도 하동군 진교면,경상사고,0,0,1,0,차대사람 - 횡단중,안전운전불이행,건조,맑음,교차로 - 교차로안,승용,여,29세,상해없음,보행자,여,13세,경상
2013071900100138,2013년 7월 19일 08시,금요일,경상남도 거제시 능포동,경상사고,0,0,2,0,차대차 - 추돌 - 진행중,안전거리미확보,건조,맑음,기타 - 기타,승합,남,43세,상해없음,화물,남,50세,경상
2013071900100172,2013년 7월 19일 09시,금요일,경상남도 통영시 태평동,경상사고,0,0,1,0,차대사람 - 횡단중,안전운전불이행,건조,맑음,단일로 - 기타,승용,여,57세,기타불명,보행자,여,19세,경상
2013071900100173,2013년 7월 19일 09시,금요일,경상남도 통영시 중앙동,경상사고,0,0,1,0,차대차 - 기타,안전운전불이행,건조,맑음,교차로 - 교차로부근,이륜,남,56세,상해없음,승용,여,25세,상해없음
2013071900100197,2013년 7월 19일 10시,금요일,경상남도 사천시 서금동,부상신고사고,0,0,0,1,차량단독 - 기타,기타,건조,맑음,단일로 - 기타,승합,남,58세,상해없음,,,,
2013071900100198,2013년 7월 19일 10시,금요일,경상남도 김해시 내동,중상사고,0,1,0,0,차대차 - 측면직각충돌,안전운전불이행,건조,맑음,교차로 - 교차로안,승용,남,52세,상해없음,승합,남,54세,상해없음
2013071900100199,2013년 7월 19일 10시,금요일,경상남도 거제시 옥포동,경상사고,0,0,2,0,차대차 - 추돌 - 진행중,안전운전불이행,건조,맑음,교차로 - 교차로부근,승용,여,28세,상해없음,승용,남,52세,경상
2013071900100200,2013년 7월 19일 10시,금요일,경상남도 김해시 전하동,중상사고,0,1,0,0,차대차 - 기타,안전운전불이행,건조,맑음,교차로 - 교차로부근,자전거,여,48세,중상,승용,남,54세,상해없음
2013071900100223,2013년 7월 19일 11시,금요일,경상남도 거창군 거창읍,경상사고,0,0,1,0,차대차 - 측면직각충돌,안전운전불이행,건조,맑음,단일로 - 기타,화물,남,61세,상해없음,원동기,남,49세,경상
2013071900100224,2013년 7월 19일 11시,금요일,경상남도 양산시 덕계동,경상사고,0,0,1,0,차대차 - 측면직각충돌,신호위반,건조,맑음,교차로 - 교차로안,승용,남,59세,상해없음,승용,여,50세,경상
2013071900100225,2013년 7월 19일 11시,금요일,경상남도 산청군 오부면,중상사고,0,1,0,0,차대사람 - 길가장자리구역통행중,안전운전불이행,건조,맑음,단일로 - 기타,승용,여,52세,상해없음,보행자,남,89세,중상
2013071900100226,2013년 7월 19일 11시,금요일,경상남도 창원시 성산구 중앙동,경상사고,0,0,1,0,차대차 - 측면직각충돌,교차로운행방법위반,건조,맑음,교차로 - 교차로안,승용,남,56세,상해없음,승용,남,32세,경상
2013071900100253,2013년 7월 19일 12시,금요일,경상남도 창원시 마산합포구 상남동,중상사고,0,1,0,0,차대사람 - 기타,안전운전불이행,건조,맑음,단일로 - 기타,승합,남,46세,상해없음,보행자,여,77세,중상
2013071900100254,2013년 7월 19일 12시,금요일,경상남도 창녕군 부곡면,경상사고,0,0,1,0,차대차 - 측면직각충돌,직진우회전진행방해,건조,맑음,교차로 - 교차로안,승용,여,51세,상해없음,승용,여,50세,경상
2013071900100255,2013년 7월 19일 12시,금요일,경상남도 창녕군 유어면,중상사고,0,1,0,0,차대차 - 기타,안전운전불이행,건조,맑음,교차로 - 교차로부근,이륜,남,22세,중상,승용,남,39세,상해없음
2013071900100291,2013년 7월 19일 13시,금요일,경상남도 창녕군 창녕읍,경상사고,0,0,1,0,차대차 - 기타,신호위반,건조,맑음,교차로 - 교차로안,이륜,남,71세,경상,승용,여,61세,상해없음
2013071900100292,2013년 7월 19일 13시,금요일,경상남도 의령군 의령읍,사망사고,1,0,0,0,차량단독 - 공작물충돌,안전운전불이행,건조,맑음,단일로 - 기타,승용,남,55세,사망,,,,
2013071900100325,2013년 7월 19일 14시,금요일,경상남도 김해시 동상동,중상사고,0,1,0,0,차대차 - 추돌 - 주정차중,안전운전불이행,건조,맑음,단일로 - 기타,승용,남,55세,상해없음,승용,여,40세,중상
2013071900100326,2013년 7월 19일 14시,금요일,경상남도 김해시 전하동,중상사고,0,1,0,0,차대사람 - 횡단중,안전운전불이행,건조,맑음,단일로 - 기타,승용,여,38세,상해없음,보행자,여,71세,중상
2013071900100343,2013년 7월 19일 15시,금요일,경상남도 양산시 다방동,중상사고,0,2,2,0,차대차 - 추돌 - 주정차중,안전운전불이행,건조,맑음,단일로 - 기타,화물,남,27세,상해없음,승용,남,30세,중상
2013071900100357,2013년 7월 19일 15시,금요일,경상남도 진주시 상대동,중상사고,0,1,0,0,차대사람 - 횡단중,안전운전불이행,건조,맑음,단일로 - 기타,승용,여,45세,상해없음,보행자,여,66세,중상
2013071900100358,2013년 7월 19일 15시,금요일,경상남도 거제시 하청면,경상사고,0,0,2,0,차대차 - 정면충돌,안전운전불이행,건조,맑음,교차로 - 교차로안,이륜,남,81세,상해없음,이륜,남,78세,경상
2013071900100359,2013년 7월 19일 15시,금요일,경상남도 거제시 사등면,중상사고,0,1,0,0,차대차 - 측면직각충돌,차로위반,건조,맑음,단일로 - 기타,승용,남,64세,상해없음,승용,남,55세,중상
2013071900100360,2013년 7월 19일 15시,금요일,경상남도 창원시 의창구 봉곡동,경상사고,0,0,1,0,차대차 - 기타,안전운전불이행,건조,맑음,단일로 - 기타,승용,여,33세,상해없음,승용,남,50세,경상
2013071900100386,2013년 7월 19일 16시,금요일,경상남도 창원시 진해구 덕산동,경상사고,0,0,2,0,차대차 - 측면직각충돌,안전운전불이행,건조,맑음,교차로 - 교차로부근,승용,남,61세,상해없음,승용,남,37세,경상
2013071900100423,2013년 7월 19일 17시,금요일,경상남도 사천시 선구동,경상사고,0,0,1,0,차대차 - 기타,교차로운행방법위반,건조,맑음,교차로 - 교차로안,원동기,여,58세,경상,화물,남,54세,상해없음
2013071900100424,2013년 7월 19일 17시,금요일,경상남도 양산시 중부동,경상사고,0,0,1,0,차대차 - 측면직각충돌,직진우회전진행방해,건조,맑음,교차로 - 교차로안,승용,남,62세,상해없음,승용,남,40세,경상
2013071900100425,2013년 7월 19일 17시,금요일,경상남도 거제시 덕포동,중상사고,0,1,1,0,차대차 - 측면직각충돌,차로위반,건조,맑음,교차로 - 교차로안,승용,남,55세,상해없음,승용,남,60세,경상
2013071900100483,2013년 7월 19일 18시,금요일,경상남도 창원시 마산합포구 진동면,경상사고,0,0,1,0,차대차 - 기타,신호위반,건조,맑음,교차로 - 교차로안,승용,남,71세,상해없음,승용,여,28세,경상
2013071900100484,2013년 7월 19일 18시,금요일,경상남도 창원시 진해구 마천동,경상사고,0,0,1,0,차량단독 - 전도전복,안전운전불이행,건조,맑음,교차로 - 교차로안,원동기,남,39세,경상,,,,
2013071900100485,2013년 7월 19일 18시,금요일,경상남도 창원시 진해구 경화동,경상사고,0,0,1,0,차대차 - 측면직각충돌,직진우회전진행방해,건조,맑음,교차로 - 교차로안,화물,남,50세,상해없음,승용,남,66세,경상
2013071900100486,2013년 7월 19일 18시,금요일,경상남도 창녕군 대합면,경상사고,0,0,1,0,차대차 - 측면직각충돌,직진우회전진행방해,건조,맑음,교차로 - 교차로안,승용,남,65세,상해없음,승용,남,42세,경상
2013071900100487,2013년 7월 19일 18시,금요일,경상남도 창원시 마산회원구 봉암동,중상사고,0,1,0,0,차대차 - 추돌 - 주정차중,안전운전불이행,건조,맑음,단일로 - 기타,승용,남,60세,상해없음,승합,남,34세,중상
2013071900100520,2013년 7월 19일 19시,금요일,경상남도 합천군 합천읍,경상사고,0,0,1,0,차대차 - 측면직각충돌,교차로운행방법위반,건조,맑음,교차로 - 교차로안,화물,남,50세,상해없음,승용,여,41세,경상
2013071900100521,2013년 7월 19일 19시,금요일,경상남도 하동군 고전면,중상사고,0,1,0,0,차대차 - 측면직각충돌,안전운전불이행,건조,맑음,단일로 - 기타,승용,남,67세,상해없음,이륜,남,65세,중상
2013071900100522,2013년 7월 19일 19시,금요일,경상남도 창원시 의창구 봉곡동,경상사고,0,0,1,0,차대차 - 기타,안전거리미확보,건조,맑음,단일로 - 기타,승용,남,39세,상해없음,승용,남,30세,경상
2013071900100552,2013년 7월 19일 20시,금요일,경상남도 진주시 중안동,중상사고,0,1,0,0,차대사람 - 횡단중,보행자보호의무위반,건조,맑음,교차로 - 교차로안,승용,여,39세,상해없음,보행자,여,43세,중상
2013071900100553,2013년 7월 19일 20시,금요일,경상남도 김해시 삼계동,경상사고,0,0,1,0,차대차 - 기타,안전운전불이행,건조,맑음,단일로 - 기타,이륜,남,24세,경상,승용,남,51세,상해없음
2013071900100554,2013년 7월 19일 20시,금요일,경상남도 함안군 군북면,중상사고,0,1,0,0,차대사람 - 횡단중,안전운전불이행,건조,맑음,단일로 - 기타,승용,남,42세,상해없음,보행자,여,81세,중상
2013071900100555,2013년 7월 19일 20시,금요일,경상남도 창원시 성산구 신촌동,중상사고,0,1,0,0,차대차 - 추돌 - 주정차중,안전운전불이행,건조,맑음,단일로 - 기타,승용,남,56세,상해없음,승용,남,60세,중상
2013071900100556,2013년 7월 19일 20시,금요일,경상남도 창원시 의창구 팔용동,중상사고,0,1,0,0,차대차 - 기타,안전운전불이행,건조,맑음,교차로 - 교차로안,승용,남,52세,상해없음,자전거,남,23세,중상
2013071900100596,2013년 7월 19일 21시,금요일,경상남도 통영시 무전동,중상사고,0,1,0,0,차대차 - 정면충돌,중앙선침범,건조,맑음,단일로 - 기타,승합,남,38세,상해없음,승용,남,31세,중상
2013071900100597,2013년 7월 19일 21시,금요일,경상남도 김해시 부원동,경상사고,0,0,1,0,차대사람 - 기타,안전운전불이행,건조,맑음,단일로 - 기타,승용,남,60세,상해없음,보행자,남,37세,경상
2013071900100623,2013년 7월 19일 22시,금요일,경상남도 진주시 하대동,경상사고,0,0,1,0,차대차 - 추돌 - 주정차중,안전거리미확보,건조,맑음,단일로 - 기타,승용,남,62세,상해없음,승용,남,36세,경상
2013071900100624,2013년 7월 19일 22시,금요일,경상남도 통영시 무전동,중상사고,0,2,0,0,차대차 - 측면직각충돌,안전운전불이행,건조,맑음,교차로 - 교차로안,승용,여,52세,상해없음,이륜,남,27세,중상
2013071900100625,2013년 7월 19일 22시,금요일,경상남도 창원시 성산구 상남동,중상사고,0,1,0,0,차대사람 - 기타,안전운전불이행,건조,맑음,단일로 - 기타,승용,남,21세,상해없음,보행자,남,26세,중상
2013072000100023,2013년 7월 20일 00시,토요일,경상남도 통영시 광도면,경상사고,0,0,1,0,차대차 - 측면직각충돌,안전운전불이행,건조,맑음,교차로 - 교차로안,승용,여,38세,상해없음,승용,남,48세,경상
2013072000100024,2013년 7월 20일 00시,토요일,경상남도 거제시 아주동,중상사고,0,1,2,0,차대차 - 측면직각충돌,신호위반,건조,맑음,교차로 - 교차로안,승용,남,37세,상해없음,승용,남,29세,경상
2013072000100055,2013년 7월 20일 01시,토요일,경상남도 창원시 마산합포구 월영동,중상사고,0,1,0,0,차대사람 - 기타,안전운전불이행,건조,맑음,단일로 - 기타,승용,남,59세,상해없음,보행자,남,39세,중상
2013072000100056,2013년 7월 20일 01시,토요일,경상남도 창원시 마산합포구 서성동,경상사고,0,0,1,0,차대차 - 추돌 - 주정차중,불법유턴,건조,맑음,단일로 - 기타,승용,남,28세,기타불명,승용,남,58세,경상
2013072000100075,2013년 7월 20일 02시,토요일,경상남도 창원시 마산합포구 남성동,경상사고,0,0,1,0,차대차 - 측면직각충돌,안전운전불이행,건조,맑음,교차로 - 교차로안,승용,기타불명,기타불명,기타불명,승용,남,21세,상해없음
2013072000100076,2013년 7월 20일 02시,토요일,경상남도 거창군 웅양면,중상사고,0,1,0,0,차량단독 - 도로외이탈 - 추락,안전운전불이행,건조,맑음,단일로 - 기타,승용,남,28세,상해없음,,,,
2013072000100087,2013년 7월 20일 03시,토요일,경상남도 김해시 진영읍,사망사고,1,0,0,0,차량단독 - 공작물충돌,안전운전불이행,건조,맑음,단일로 - 기타,승용,남,30세,사망,,,,
2013072000100162,2013년 7월 20일 07시,토요일,경상남도 창원시 성산구 외동,중상사고,0,1,0,0,차대차 - 측면직각충돌,안전운전불이행,건조,맑음,교차로 - 교차로부근,승용,남,46세,상해없음,자전거,남,43세,중상
2013072000100179,2013년 7월 20일 08시,토요일,경상남도 통영시 무전동,부상신고사고,0,0,0,1,차대차 - 추돌 - 진행중,안전운전불이행,건조,맑음,교차로 - 교차로안,자전거,남,35세,부상신고,화물,남,58세,상해없음
2013072000100197,2013년 7월 20일 09시,토요일,경상남도 창원시 마산합포구 월포동,중상사고,0,1,0,1,차량단독 - 도로외이탈 - 기타,안전운전불이행,건조,맑음,단일로 - 기타,승용,남,64세,상해없음,,,,
2013072000100198,2013년 7월 20일 09시,토요일,경상남도 거제시 옥포동,경상사고,0,0,1,0,차대차 - 추돌 - 주정차중,안전운전불이행,건조,맑음,단일로 - 기타,승용,남,30세,상해없음,승용,남,49세,경상
2013072000100226,2013년 7월 20일 10시,토요일,경상남도 창원시 진해구 태백동,중상사고,0,1,0,0,차대차 - 측면직각충돌,신호위반,건조,맑음,교차로 - 교차로안,승용,여,43세,상해없음,승용,여,41세,중상
2013072000100227,2013년 7월 20일 10시,토요일,경상남도 김해시 부원동,경상사고,0,0,1,0,차대사람 - 기타,안전운전불이행,건조,맑음,단일로 - 기타,승용,여,23세,상해없음,보행자,여,55세,경상
2013072000100228,2013년 7월 20일 10시,토요일,경상남도 거제시 장평동,중상사고,0,1,1,0,차대차 - 측면직각충돌,신호위반,건조,맑음,교차로 - 교차로안,승용,남,53세,상해없음,승용,남,51세,중상
2013072000100257,2013년 7월 20일 11시,토요일,경상남도 창원시 진해구 석동,경상사고,0,0,3,0,차대차 - 추돌 - 진행중,안전운전불이행,건조,맑음,교차로 - 교차로부근,승용,남,29세,상해없음,승용,남,43세,상해없음
2013072000100258,2013년 7월 20일 11시,토요일,경상남도 사천시 벌리동,경상사고,0,0,2,0,차대차 - 기타,교차로운행방법위반,건조,맑음,교차로 - 교차로안,승용,남,74세,경상,승용,여,38세,경상
2013072000100259,2013년 7월 20일 11시,토요일,경상남도 양산시 동면,부상신고사고,0,0,0,2,차대차 - 기타,안전운전불이행,건조,맑음,단일로 - 기타,승용,남,61세,상해없음,승용,남,36세,부상신고
2013072000100260,2013년 7월 20일 11시,토요일,경상남도 거제시 덕포동,경상사고,0,0,2,0,차량단독 - 공작물충돌,안전운전불이행,건조,맑음,단일로 - 기타,승용,남,34세,상해없음,,,,
2013072000100297,2013년 7월 20일 12시,토요일,경상남도 진주시 상대동,중상사고,0,1,0,0,차대차 - 측면직각충돌,안전운전불이행,건조,맑음,단일로 - 기타,승용,남,55세,상해없음,자전거,남,73세,중상
2013072000100298,2013년 7월 20일 12시,토요일,경상남도 합천군 가야면,중상사고,0,1,0,0,차대사람 - 횡단중,안전운전불이행,건조,맑음,단일로 - 기타,화물,남,47세,상해없음,보행자,남,71세,중상
2013072000100299,2013년 7월 20일 12시,토요일,경상남도 창녕군 영산면,중상사고,0,2,0,0,차대사람 - 기타,안전운전불이행,건조,맑음,단일로 - 기타,승용,남,29세,상해없음,보행자,남,53세,중상
2013072000100300,2013년 7월 20일 12시,토요일,경상남도 김해시 한림면,경상사고,0,0,1,0,차대차 - 측면직각충돌,안전거리미확보,건조,맑음,교차로 - 교차로부근,화물,남,54세,상해없음,화물,남,50세,경상
2013072000100336,2013년 7월 20일 13시,토요일,경상남도 김해시 부원동,중상사고,0,1,0,0,차대차 - 기타,교차로운행방법위반,건조,맑음,교차로 - 교차로안,이륜,남,41세,중상,화물,남,65세,상해없음
2013072000100337,2013년 7월 20일 13시,토요일,경상남도 합천군 대양면,경상사고,0,0,1,0,차대차 - 측면직각충돌,교차로운행방법위반,건조,맑음,교차로 - 교차로안,승용,남,43세,상해없음,이륜,남,54세,경상
2013072000100381,2013년 7월 20일 14시,토요일,경상남도 창원시 마산합포구 진전면,경상사고,0,0,1,0,차대차 - 측면직각충돌,불법유턴,건조,맑음,교차로 - 교차로안,승용,남,33세,상해없음,기타불명,남,52세,경상
2013072000100382,2013년 7월 20일 14시,토요일,경상남도 김해시 부원동,중상사고,0,1,2,0,차대차 - 기타,안전거리미확보,건조,맑음,교차로 - 교차로부근,승용,남,60세,경상,승용,남,32세,경상
2013072000100383,2013년 7월 20일 14시,토요일,경상남도 김해시 서상동,경상사고,0,0,2,0,차대차 - 측면직각충돌,직진우회전진행방해,건조,맑음,교차로 - 교차로안,승용,기타불명,기타불명,기타불명,승용,남,67세,경상
2013072000100384,2013년 7월 20일 14시,토요일,경상남도 김해시 대동면,경상사고,0,0,2,0,차대차 - 기타,중앙선침범,건조,맑음,교차로 - 교차로안,승합,남,22세,상해없음,승용,남,24세,경상
2013072000100442,2013년 7월 20일 16시,토요일,경상남도 창원시 진해구 석동,경상사고,0,0,2,0,차대차 - 추돌 - 주정차중,안전거리미확보,건조,맑음,교차로 - 교차로부근,건설기계,남,45세,상해없음,승용,남,41세,상해없음
2013072000100443,2013년 7월 20일 16시,토요일,경상남도 창원시 진해구 석동,경상사고,0,0,1,0,차대차 - 측면직각충돌,안전거리미확보,건조,맑음,교차로 - 교차로안,승합,남,51세,상해없음,승용,남,58세,경상
2013072000100444,2013년 7월 20일 16시,토요일,경상남도 김해시 외동,중상사고,0,1,0,0,차대사람 - 기타,안전운전불이행,건조,맑음,단일로 - 기타,승용,남,22세,상해없음,보행자,남,19세,중상
2013072000100445,2013년 7월 20일 16시,토요일,경상남도 김해시 외동,중상사고,0,1,0,0,차대차 - 기타,안전운전불이행,건조,맑음,단일로 - 기타,이륜,남,18세,중상,승용,남,30세,상해없음
2013072000100446,2013년 7월 20일 16시,토요일,경상남도 거창군 북상면,경상사고,0,0,1,0,차대사람 - 횡단중,안전운전불이행,건조,맑음,단일로 - 기타,승용,남,57세,상해없음,보행자,남,44세,경상
2013072000100447,2013년 7월 20일 16시,토요일,경상남도 김해시 장유면,중상사고,0,2,0,0,차대차 - 측면직각충돌,신호위반,건조,맑음,교차로 - 교차로안,승용,여,48세,중상,승용,남,58세,중상
2013072000100474,2013년 7월 20일 17시,토요일,경상남도 거제시 동부면,중상사고,0,1,2,0,차대차 - 측면직각충돌,중앙선침범,건조,맑음,단일로 - 기타,승용,남,35세,상해없음,승용,여,38세,중상
2013072000100475,2013년 7월 20일 17시,토요일,경상남도 산청군 신안면,경상사고,0,0,3,0,차대차 - 추돌 - 진행중,안전운전불이행,건조,맑음,단일로 - 교량,승용,남,46세,상해없음,승용,여,40세,경상
2013072000100502,2013년 7월 20일 18시,토요일,경상남도 진주시 동성동,경상사고,0,0,4,0,차대차 - 추돌 - 진행중,안전거리미확보,건조,맑음,단일로 - 기타,화물,남,30세,상해없음,승용,여,37세,경상
2013072000100503,2013년 7월 20일 18시,토요일,경상남도 거제시 연초면,중상사고,0,1,0,0,차대차 - 추돌 - 진행중,안전운전불이행,건조,맑음,단일로 - 기타,승용,남,58세,상해없음,화물,남,60세,중상
2013072000100504,2013년 7월 20일 18시,토요일,경상남도 창원시 성산구 귀곡동,중상사고,0,1,0,0,차대사람 - 차도통행중,안전운전불이행,건조,맑음,단일로 - 기타,승용,남,56세,상해없음,보행자,남,1세,중상
2013072000100505,2013년 7월 20일 18시,토요일,경상남도 창원시 의창구 사림동,경상사고,0,0,1,0,차대차 - 측면직각충돌,안전운전불이행,건조,맑음,기타 - 기타,승용,여,36세,상해없음,자전거,여,27세,경상
2013072000100535,2013년 7월 20일 19시,토요일,경상남도 거창군 거창읍,중상사고,0,1,0,0,차대사람 - 횡단중,안전운전불이행,건조,맑음,단일로 - 기타,원동기,남,46세,상해없음,보행자,여,35세,중상
2013072000100536,2013년 7월 20일 19시,토요일,경상남도 함양군 함양읍,부상신고사고,0,0,0,1,차대차 - 측면직각충돌,교차로운행방법위반,건조,맑음,교차로 - 교차로안,자전거,남,9세,부상신고,원동기,남,59세,상해없음
2013072000100562,2013년 7월 20일 20시,토요일,경상남도 합천군 대병면,중상사고,0,1,0,0,차량단독 - 전도전복,안전운전불이행,습기,맑음,단일로 - 기타,원동기,남,63세,중상,,,,
2013072000100563,2013년 7월 20일 20시,토요일,경상남도 창원시 성산구 내동,중상사고,0,1,0,0,차대사람 - 차도통행중,안전운전불이행,건조,맑음,단일로 - 기타,승용,남,28세,상해없음,보행자,남,64세,중상
2013072100100008,2013년 7월 21일 00시,일요일,경상남도 김해시 장유면,중상사고,0,3,0,1,차량단독 - 도로외이탈 - 기타,과속,건조,맑음,단일로 - 기타,승용,남,20세,부상신고,,,,
2013072100100066,2013년 7월 21일 03시,일요일,경상남도 진주시 주약동,경상사고,0,0,2,0,차대차 - 측면직각충돌,중앙선침범,건조,맑음,교차로 - 교차로안,승용,남,50세,상해없음,승용,남,43세,경상
2013072100100067,2013년 7월 21일 03시,일요일,경상남도 거제시 고현동,경상사고,0,0,1,0,차대사람 - 차도통행중,안전운전불이행,건조,맑음,단일로 - 기타,승용,남,25세,상해없음,보행자,남,27세,경상
2013072100100082,2013년 7월 21일 04시,일요일,경상남도 창원시 마산합포구 산호동,중상사고,0,1,0,0,차대사람 - 기타,안전운전불이행,건조,맑음,단일로 - 기타,승용,남,45세,상해없음,보행자,남,37세,중상
2013072100100096,2013년 7월 21일 05시,일요일,경상남도 거제시 아주동,경상사고,0,0,2,0,차대차 - 추돌 - 진행중,안전거리미확보,건조,맑음,단일로 - 터널,승용,남,61세,상해없음,승용,남,39세,경상
2013072100100137,2013년 7월 21일 08시,일요일,경상남도 창원시 진해구 중앙동,중상사고,0,1,0,0,차대차 - 측면직각충돌,신호위반,건조,맑음,교차로 - 교차로안,승합,남,22세,상해없음,승용,여,40세,중상
2013072100100152,2013년 7월 21일 09시,일요일,경상남도 함양군 유림면,부상신고사고,0,0,0,1,차대차 - 정면충돌,안전운전불이행,건조,맑음,교차로 - 교차로안,자전거,남,71세,부상신고,승용,여,62세,상해없음
2013072100100153,2013년 7월 21일 09시,일요일,경상남도 남해군 삼동면,중상사고,0,4,0,0,차대차 - 측면직각충돌,교차로운행방법위반,건조,맑음,교차로 - 교차로안,화물,남,49세,상해없음,승용,남,44세,중상
2013072100100181,2013년 7월 21일 11시,일요일,경상남도 진주시 봉곡동,중상사고,0,2,0,0,차대차 - 측면직각충돌,중앙선침범,건조,맑음,단일로 - 기타,승용,남,38세,상해없음,승용,남,75세,중상
2013072100100182,2013년 7월 21일 11시,일요일,경상남도 산청군 금서면,경상사고,0,0,1,0,차량단독 - 도로외이탈 - 추락,안전운전불이행,건조,맑음,단일로 - 기타,화물,여,53세,상해없음,,,,
2013072100100204,2013년 7월 21일 12시,일요일,경상남도 김해시 삼방동,중상사고,0,1,0,0,차대사람 - 횡단중,보행자보호의무위반,건조,맑음,단일로 - 기타,승용,여,32세,상해없음,보행자,남,33세,중상
2013072100100205,2013년 7월 21일 12시,일요일,경상남도 양산시 북정동,경상사고,0,0,1,0,차량단독 - 기타,안전운전불이행,건조,맑음,교차로 - 교차로부근,승합,남,50세,기타불명,,,,
2013072100100226,2013년 7월 21일 13시,일요일,경상남도 의령군 유곡면,중상사고,0,4,1,0,차대차 - 정면충돌,교차로운행방법위반,건조,맑음,교차로 - 교차로안,승용,남,20세,중상,승합,남,35세,중상
2013072100100244,2013년 7월 21일 14시,일요일,경상남도 남해군 이동면,경상사고,0,0,3,0,차대차 - 추돌 - 주정차중,안전운전불이행,건조,맑음,단일로 - 기타,승용,남,20세,경상,승합,남,49세,상해없음
2013072100100245,2013년 7월 21일 14시,일요일,경상남도 산청군 시천면,중상사고,0,1,0,0,차대사람 - 횡단중,보행자보호의무위반,건조,맑음,단일로 - 횡단보도상,승용,남,43세,상해없음,보행자,남,6세,중상
2013072100100275,2013년 7월 21일 15시,일요일,경상남도 창원시 진해구 용원동,경상사고,0,0,2,0,차대차 - 측면직각충돌,안전운전불이행,건조,맑음,교차로 - 교차로안,승용,남,48세,상해없음,원동기,남,16세,경상
2013072100100276,2013년 7월 21일 15시,일요일,경상남도 함양군 수동면,중상사고,0,1,1,0,차대차 - 추돌 - 진행중,안전운전불이행,건조,맑음,단일로 - 기타,이륜,남,49세,중상,승용,남,42세,상해없음
2013072100100277,2013년 7월 21일 15시,일요일,경상남도 양산시 덕계동,중상사고,0,1,0,0,차대차 - 측면직각충돌,교차로운행방법위반,건조,맑음,교차로 - 교차로안,승용,남,70세,중상,승용,남,33세,상해없음
2013072100100278,2013년 7월 21일 15시,일요일,경상남도 창원시 의창구 북면,경상사고,0,0,1,0,차대차 - 측면직각충돌,교차로운행방법위반,건조,맑음,교차로 - 교차로안,승용,남,51세,상해없음,승용,남,46세,경상
2013072100100307,2013년 7월 21일 16시,일요일,경상남도 사천시 선구동,중상사고,0,2,0,0,차대차 - 기타,교차로운행방법위반,건조,맑음,교차로 - 교차로안,승용,남,48세,상해없음,승용,여,20세,중상
2013072100100308,2013년 7월 21일 16시,일요일,경상남도 창원시 성산구 사파동,중상사고,0,1,1,0,차대차 - 측면직각충돌,교차로운행방법위반,기타,맑음,교차로 - 교차로안,승용,여,47세,상해없음,승용,남,58세,중상
2013072100100335,2013년 7월 21일 17시,일요일,경상남도 통영시 무전동,중상사고,0,1,0,0,차대차 - 추돌 - 진행중,차로위반,건조,맑음,단일로 - 기타,원동기,남,57세,중상,승용,남,30세,상해없음
2013072100100336,2013년 7월 21일 17시,일요일,경상남도 김해시 봉황동,경상사고,0,0,1,0,차대차 - 측면직각충돌,안전운전불이행,건조,맑음,교차로 - 교차로부근,자전거,남,7세,경상,승용,남,49세,상해없음
2013072100100337,2013년 7월 21일 17시,일요일,경상남도 거창군 거창읍,중상사고,0,1,1,0,차대차 - 추돌 - 주정차중,안전운전불이행,건조,맑음,교차로 - 교차로안,승용,남,57세,상해없음,승용,남,36세,상해없음
2013072100100338,2013년 7월 21일 17시,일요일,경상남도 고성군 거류면,중상사고,0,2,0,0,차대차 - 측면직각충돌,안전운전불이행,건조,맑음,단일로 - 기타,화물,남,52세,상해없음,원동기,남,71세,중상