사고번호,사고일시,요일,시군구,사고내용,사망자수,중상자수,경상자수,부상신고자수,사고유형,법규위반,노면상태,기상상태,도로형태,가해운전자 차종,가해운전자 성별,가해운전자 연령,가해운전자 상해정도,피해운전자 차종,피해운전자 성별,피해운전자 연령,피해운전자 상해정도
2013072400100554,2013년 7월 24일 22시,수요일,경상남도 하동군 진교면,중상사고,0,1,0,0,차대사람 - 횡단중,안전운전불이행,건조,맑음,단일로 - 기타,승용,남,41세,상해없음,보행자,남,58세,중상
2013072400100555,2013년 7월 24일 22시,수요일,경상남도 거제시 고현동,경상사고,0,0,1,0,차대차 - 기타,안전운전불이행,건조,맑음,교차로 - 교차로안,승용,남,57세,상해없음,이륜,남,29세,경상
2013072400100584,2013년 7월 24일 23시,수요일,경상남도 창원시 의창구 소답동,경상사고,0,0,1,0,차대차 - 추돌 - 진행중,안전운전불이행,건조,맑음,단일로 - 기타,승용,남,35세,상해없음,원동기,남,16세,경상
2013072500100025,2013년 7월 25일 01시,목요일,경상남도 진주시 상대동,경상사고,0,0,1,0,차대차 - 기타,신호위반,건조,맑음,교차로 - 교차로안,이륜,남,18세,경상,승용,남,31세,상해없음
2013072500100026,2013년 7월 25일 01시,목요일,경상남도 밀양시 내일동,중상사고,0,1,0,0,차대사람 - 길가장자리구역통행중,중앙선침범,건조,맑음,단일로 - 기타,승합,남,40세,상해없음,보행자,남,49세,중상
2013072500100035,2013년 7월 25일 02시,목요일,경상남도 거제시 연초면,경상사고,0,0,4,0,차대차 - 기타,안전운전불이행,건조,맑음,단일로 - 기타,승용,여,40세,상해없음,승용,남,33세,경상
2013072500100042,2013년 7월 25일 03시,목요일,경상남도 창원시 마산회원구 봉암동,중상사고,0,1,0,0,차대차 - 측면직각충돌,신호위반,건조,맑음,교차로 - 교차로안,승용,남,31세,상해없음,승용,남,55세,중상
2013072500100065,2013년 7월 25일 06시,목요일,경상남도 창원시 성산구 내동,중상사고,0,1,0,0,차대사람 - 기타,안전운전불이행,건조,맑음,기타 - 기타,승용,남,39세,상해없음,보행자,여,78세,중상
2013072500100115,2013년 7월 25일 08시,목요일,경상남도 창원시 마산합포구 오동동,중상사고,0,1,0,0,차대차 - 측면직각충돌,교차로운행방법위반,건조,맑음,교차로 - 교차로안,화물,남,53세,상해없음,자전거,여,43세,중상
2013072500100116,2013년 7월 25일 08시,목요일,경상남도 함안군 군북면,경상사고,0,0,4,0,차대차 - 측면직각충돌,안전운전불이행,건조,맑음,단일로 - 기타,화물,남,53세,상해없음,화물,남,38세,경상
2013072500100145,2013년 7월 25일 09시,목요일,경상남도 사천시 정동면,중상사고,0,1,1,0,차대차 - 정면충돌,교차로운행방법위반,건조,맑음,교차로 - 교차로안,화물,남,36세,상해없음,승용,여,47세,중상
2013072500100146,2013년 7월 25일 09시,목요일,경상남도 창원시 성산구 상남동,중상사고,0,1,0,0,차대차 - 기타,안전운전불이행,기타,맑음,교차로 - 교차로안,승용,남,66세,상해없음,자전거,여,20세,중상
2013072500100173,2013년 7월 25일 10시,목요일,경상남도 창원시 마산합포구 상남동,경상사고,0,0,1,0,차대차 - 측면직각충돌,안전운전불이행,건조,맑음,교차로 - 교차로부근,이륜,남,79세,경상,화물,남,48세,상해없음
2013072500100174,2013년 7월 25일 10시,목요일,경상남도 창녕군 창녕읍,중상사고,0,1,0,0,차대사람 - 보도통행중,안전운전불이행,건조,맑음,단일로 - 기타,화물,남,51세,상해없음,보행자,여,70세,중상
2013072500100175,2013년 7월 25일 10시,목요일,경상남도 하동군 진교면,중상사고,0,1,0,0,차대사람 - 횡단중,안전운전불이행,건조,맑음,단일로 - 기타,이륜,남,84세,상해없음,보행자,여,65세,중상
2013072500100176,2013년 7월 25일 10시,목요일,경상남도 거제시 고현동,중상사고,0,1,2,0,차대차 - 추돌 - 진행중,안전운전불이행,건조,맑음,단일로 - 기타,화물,남,52세,상해없음,승용,남,53세,상해없음
2013072500100177,2013년 7월 25일 10시,목요일,경상남도 거제시 장평동,중상사고,0,1,0,0,차대사람 - 기타,안전운전불이행,건조,맑음,단일로 - 기타,이륜,남,29세,상해없음,보행자,여,31세,중상
2013072500100206,2013년 7월 25일 11시,목요일,경상남도 창원시 의창구 사림동,경상사고,0,0,1,0,차대차 - 측면직각충돌,신호위반,기타,맑음,교차로 - 교차로안,승용,여,59세,상해없음,승용,남,56세,경상
2013072500100240,2013년 7월 25일 12시,목요일,경상남도 창원시 마산합포구 자산동,중상사고,0,1,0,0,차대사람 - 횡단중,안전운전불이행,건조,맑음,교차로 - 교차로부근,승용,남,55세,상해없음,보행자,남,60세,중상
2013072500100241,2013년 7월 25일 12시,목요일,경상남도 김해시 내동,중상사고,0,1,0,0,차대차 - 측면직각충돌,안전운전불이행,건조,맑음,단일로 - 횡단보도상,화물,남,29세,상해없음,자전거,여,65세,중상
2013072500100267,2013년 7월 25일 13시,목요일,경상남도 창원시 마산합포구 월포동,경상사고,0,0,1,0,차대사람 - 기타,안전운전불이행,건조,맑음,단일로 - 기타,승용,여,46세,상해없음,보행자,남,36세,경상
2013072500100268,2013년 7월 25일 13시,목요일,경상남도 김해시 부원동,중상사고,0,1,0,0,차량단독 - 기타,안전운전불이행,건조,맑음,단일로 - 기타,자전거,남,68세,중상,,,,
2013072500100303,2013년 7월 25일 14시,목요일,경상남도 사천시 사천읍,경상사고,0,0,1,0,차대사람 - 차도통행중,안전운전불이행,건조,맑음,단일로 - 기타,승용,여,38세,상해없음,보행자,여,42세,경상
2013072500100349,2013년 7월 25일 15시,목요일,경상남도 진주시 상대동,중상사고,0,1,0,0,차대차 - 추돌 - 진행중,안전운전불이행,건조,맑음,교차로 - 교차로안,승용,남,24세,상해없음,자전거,남,79세,중상
2013072500100350,2013년 7월 25일 15시,목요일,경상남도 창원시 진해구 여좌동,중상사고,0,1,0,0,차대사람 - 횡단중,보행자보호의무위반,건조,맑음,단일로 - 횡단보도상,화물,남,60세,상해없음,보행자,여,75세,중상
2013072500100351,2013년 7월 25일 15시,목요일,경상남도 밀양시 산내면,경상사고,0,0,1,0,차대차 - 추돌 - 진행중,교차로운행방법위반,건조,맑음,교차로 - 교차로안,이륜,남,61세,상해없음,원동기,남,56세,경상
2013072500100352,2013년 7월 25일 15시,목요일,경상남도 거제시 장평동,중상사고,0,1,0,0,차대사람 - 기타,안전운전불이행,건조,맑음,단일로 - 기타,승용,남,51세,상해없음,보행자,여,52세,중상
2013072500100353,2013년 7월 25일 15시,목요일,경상남도 창원시 마산회원구 합성동,중상사고,0,1,0,0,차대차 - 기타,안전운전불이행,건조,맑음,교차로 - 교차로안,건설기계,남,35세,상해없음,승용,여,47세,중상
2013072500100392,2013년 7월 25일 16시,목요일,경상남도 사천시 서동,중상사고,0,1,0,0,차대차 - 기타,교차로운행방법위반,건조,맑음,교차로 - 교차로안,승용,여,49세,상해없음,승용,남,44세,중상
2013072500100393,2013년 7월 25일 16시,목요일,경상남도 사천시 송포동,경상사고,0,0,1,0,차량단독 - 공작물충돌,안전운전불이행,건조,맑음,단일로 - 기타,승용,여,46세,상해없음,,,,
2013072500100394,2013년 7월 25일 16시,목요일,경상남도 밀양시 가곡동,경상사고,0,0,1,0,차대차 - 측면직각충돌,교차로운행방법위반,건조,맑음,교차로 - 교차로안,건설기계,남,51세,상해없음,화물,남,59세,경상
2013072500100395,2013년 7월 25일 16시,목요일,경상남도 거제시 옥포동,경상사고,0,0,1,0,차대차 - 추돌 - 진행중,안전운전불이행,건조,맑음,교차로 - 교차로안,승용,남,40세,상해없음,승용,여,28세,경상
2013072500100396,2013년 7월 25일 16시,목요일,경상남도 김해시 주촌면,경상사고,0,0,2,0,차대차 - 기타,교차로운행방법위반,건조,맑음,교차로 - 교차로안,승용,남,43세,상해없음,승용,남,51세,상해없음
2013072500100427,2013년 7월 25일 17시,목요일,경상남도 진주시 초전동,경상사고,0,0,1,0,차대사람 - 횡단중,안전운전불이행,건조,맑음,단일로 - 기타,승용,여,38세,상해없음,보행자,남,4세,경상
2013072500100428,2013년 7월 25일 17시,목요일,경상남도 진주시 문산읍,중상사고,0,2,0,0,차대차 - 추돌 - 진행중,안전거리미확보,건조,맑음,단일로 - 기타,승용,남,28세,상해없음,원동기,남,19세,중상
2013072500100429,2013년 7월 25일 17시,목요일,경상남도 창원시 진해구 석동,중상사고,0,1,0,0,차대사람 - 횡단중,신호위반,건조,맑음,단일로 - 횡단보도상,원동기,남,18세,상해없음,보행자,남,11세,중상
2013072500100468,2013년 7월 25일 18시,목요일,경상남도 통영시 광도면,중상사고,0,1,0,0,차대차 - 측면직각충돌,안전운전불이행,건조,맑음,교차로 - 교차로안,승용,여,50세,상해없음,이륜,남,38세,중상
2013072500100469,2013년 7월 25일 18시,목요일,경상남도 양산시 물금읍,부상신고사고,0,0,0,1,차대차 - 기타,안전운전불이행,건조,맑음,교차로 - 교차로안,자전거,남,17세,부상신고,승용,남,64세,상해없음
2013072500100506,2013년 7월 25일 19시,목요일,경상남도 진주시 상평동,경상사고,0,0,2,0,차대차 - 측면직각충돌,신호위반,건조,맑음,교차로 - 교차로안,승합,여,43세,상해없음,승용,남,35세,경상
2013072500100507,2013년 7월 25일 19시,목요일,경상남도 창원시 진해구 장천동,경상사고,0,0,1,0,차대차 - 기타,안전운전불이행,건조,맑음,기타 - 기타,승용,남,32세,기타불명,승용,여,49세,경상
2013072500100549,2013년 7월 25일 20시,목요일,경상남도 김해시 부원동,중상사고,0,1,1,0,차대차 - 기타,신호위반,건조,맑음,교차로 - 교차로안,승용,남,41세,상해없음,이륜,남,23세,중상
2013072500100550,2013년 7월 25일 20시,목요일,경상남도 창원시 마산회원구 양덕동,중상사고,0,1,0,0,차대차 - 기타,신호위반,건조,맑음,교차로 - 교차로안,승용,남,46세,상해없음,승용,남,34세,중상
2013072500100573,2013년 7월 25일 21시,목요일,경상남도 통영시 정량동,중상사고,0,1,0,0,차대사람 - 횡단중,안전운전불이행,건조,맑음,단일로 - 기타,승용,남,58세,상해없음,보행자,여,27세,중상
2013072500100574,2013년 7월 25일 21시,목요일,경상남도 김해시 동상동,경상사고,0,0,1,0,차대차 - 정면충돌,중앙선침범,건조,맑음,단일로 - 기타,승용,남,52세,상해없음,승용,남,30세,경상
2013072500100575,2013년 7월 25일 21시,목요일,경상남도 양산시 동면,중상사고,0,1,0,0,차대사람 - 기타,안전운전불이행,건조,맑음,단일로 - 기타,승용,남,52세,상해없음,보행자,여,18세,중상
2013072500100576,2013년 7월 25일 21시,목요일,경상남도 거제시 고현동,부상신고사고,0,0,0,2,차대차 - 기타,기타,건조,맑음,교차로 - 교차로안,기타불명,기타불명,기타불명,기타불명,원동기,남,26세,부상신고
2013072500100605,2013년 7월 25일 22시,목요일,경상남도 사천시 사천읍,경상사고,0,0,1,0,차대사람 - 기타,안전운전불이행,건조,맑음,교차로 - 교차로안,승용,남,40세,상해없음,보행자,남,31세,경상
2013072500100606,2013년 7월 25일 22시,목요일,경상남도 산청군 산청읍,중상사고,0,2,0,1,차량단독 - 전도전복,안전운전불이행,습기,맑음,단일로 - 기타,승용,남,22세,상해없음,,,,
2013072600100013,2013년 7월 26일 00시,금요일,경상남도 거제시 아주동,중상사고,0,1,0,0,차대사람 - 기타,보행자보호의무위반,건조,맑음,단일로 - 횡단보도상,승용,남,34세,상해없음,보행자,남,26세,중상
2013072600100028,2013년 7월 26일 01시,금요일,경상남도 창원시 의창구 팔용동,중상사고,0,1,2,0,차대차 - 측면직각충돌,교차로운행방법위반,건조,맑음,교차로 - 교차로안,승용,남,21세,상해없음,승용,남,43세,경상
2013072600100091,2013년 7월 26일 07시,금요일,경상남도 거제시 고현동,중상사고,0,1,0,0,차대차 - 추돌 - 진행중,안전운전불이행,건조,맑음,교차로 - 교차로안,승용,여,30세,상해없음,이륜,남,40세,중상
2013072600100092,2013년 7월 26일 07시,금요일,경상남도 창원시 마산회원구 구암동,중상사고,0,1,0,0,차대차 - 기타,안전운전불이행,건조,맑음,교차로 - 교차로안,화물,남,23세,상해없음,원동기,남,51세,중상
2013072600100128,2013년 7월 26일 08시,금요일,경상남도 창원시 마산합포구 남성동,경상사고,0,0,1,0,차대차 - 기타,기타,건조,맑음,단일로 - 기타,승용,남,55세,상해없음,이륜,남,41세,경상
2013072600100129,2013년 7월 26일 08시,금요일,경상남도 창녕군 남지읍,중상사고,0,2,0,0,차대차 - 측면직각충돌,신호위반,건조,맑음,교차로 - 교차로안,화물,남,50세,상해없음,승용,남,34세,중상
2013072600100130,2013년 7월 26일 08시,금요일,경상남도 창원시 성산구 상남동,중상사고,0,1,0,0,차대차 - 기타,안전운전불이행,건조,맑음,단일로 - 기타,승용,남,31세,상해없음,자전거,남,30세,중상
2013072600100152,2013년 7월 26일 09시,금요일,경상남도 통영시 광도면,경상사고,0,0,1,0,차대차 - 측면직각충돌,안전운전불이행,건조,맑음,단일로 - 기타,화물,남,46세,상해없음,승용,남,28세,경상
2013072600100153,2013년 7월 26일 09시,금요일,경상남도 사천시 정동면,경상사고,0,0,1,0,차대사람 - 차도통행중,안전운전불이행,건조,맑음,기타 - 기타,기타불명,기타불명,기타불명,기타불명,보행자,여,14세,경상
2013072600100154,2013년 7월 26일 09시,금요일,경상남도 창원시 마산회원구 석전동,경상사고,0,0,1,0,차대차 - 기타,신호위반,건조,맑음,교차로 - 교차로안,자전거,남,74세,경상,승용,남,50세,상해없음
2013072600100186,2013년 7월 26일 10시,금요일,경상남도 진주시 상평동,사망사고,1,0,0,0,차대차 - 측면직각충돌,교차로운행방법위반,건조,맑음,교차로 - 교차로부근,건설기계,남,53세,상해없음,이륜,여,47세,사망
2013072600100187,2013년 7월 26일 10시,금요일,경상남도 창원시 진해구 여좌동,중상사고,0,1,0,0,차대사람 - 기타,안전운전불이행,건조,맑음,단일로 - 기타,승용,남,64세,상해없음,보행자,남,51세,중상
2013072600100188,2013년 7월 26일 10시,금요일,경상남도 김해시 외동,경상사고,0,0,2,0,차대차 - 측면직각충돌,불법유턴,건조,맑음,교차로 - 교차로부근,승용,여,33세,상해없음,승용,남,21세,경상
2013072600100189,2013년 7월 26일 10시,금요일,경상남도 거창군 거창읍,부상신고사고,0,0,0,1,차대차 - 측면직각충돌,교차로운행방법위반,건조,맑음,교차로 - 교차로안,자전거,여,28세,부상신고,승용,남,35세,상해없음
2013072600100190,2013년 7월 26일 10시,금요일,경상남도 거제시 옥포동,경상사고,0,0,1,0,차대차 - 추돌 - 진행중,교차로운행방법위반,건조,맑음,교차로 - 교차로안,승용,여,51세,상해없음,자전거,남,14세,경상
2013072600100191,2013년 7월 26일 10시,금요일,경상남도 창원시 의창구 용호동,경상사고,0,0,1,0,차대차 - 측면직각충돌,안전운전불이행,건조,맑음,교차로 - 교차로안,승용,여,45세,상해없음,자전거,여,22세,경상
2013072600100217,2013년 7월 26일 11시,금요일,경상남도 창원시 마산합포구 월영동,경상사고,0,0,1,0,차대차 - 측면직각충돌,안전운전불이행,건조,맑음,단일로 - 기타,승용,남,60세,상해없음,승용,남,40세,경상
2013072600100218,2013년 7월 26일 11시,금요일,경상남도 밀양시 내일동,중상사고,0,1,0,0,차대차 - 기타,안전운전불이행,건조,맑음,교차로 - 교차로안,승용,남,48세,상해없음,이륜,남,58세,중상
2013072600100219,2013년 7월 26일 11시,금요일,경상남도 밀양시 내이동,경상사고,0,0,1,0,차대차 - 기타,안전운전불이행,건조,맑음,교차로 - 교차로안,승용,남,68세,상해없음,자전거,여,70세,경상
2013072600100252,2013년 7월 26일 12시,금요일,경상남도 통영시 정량동,중상사고,0,1,0,0,차대차 - 측면직각충돌,직진우회전진행방해,건조,맑음,교차로 - 교차로안,승용,남,57세,상해없음,이륜,남,42세,중상
2013072600100253,2013년 7월 26일 12시,금요일,경상남도 밀양시 삼문동,경상사고,0,0,1,0,차대차 - 기타,안전운전불이행,건조,맑음,단일로 - 기타,승용,남,52세,상해없음,승용,여,60세,경상
2013072600100254,2013년 7월 26일 12시,금요일,경상남도 고성군 고성읍,경상사고,0,0,1,0,차대사람 - 길가장자리구역통행중,안전운전불이행,건조,맑음,단일로 - 기타,승용,남,46세,상해없음,보행자,남,10세,경상
2013072600100255,2013년 7월 26일 12시,금요일,경상남도 하동군 금남면,경상사고,0,0,1,0,차대차 - 측면직각충돌,안전운전불이행,건조,맑음,교차로 - 교차로안,승용,남,63세,상해없음,승용,여,47세,경상
2013072600100309,2013년 7월 26일 14시,금요일,경상남도 창녕군 남지읍,경상사고,0,0,1,0,차대차 - 기타,교차로운행방법위반,건조,맑음,교차로 - 교차로안,화물,남,29세,상해없음,원동기,남,19세,경상
2013072600100347,2013년 7월 26일 15시,금요일,경상남도 창원시 마산합포구 신월동,중상사고,0,1,0,0,차대사람 - 횡단중,안전운전불이행,건조,맑음,단일로 - 횡단보도부근,승용,남,54세,상해없음,보행자,남,84세,중상
2013072600100348,2013년 7월 26일 15시,금요일,경상남도 사천시 서포면,중상사고,0,1,0,0,차량단독 - 공작물충돌,안전운전불이행,건조,맑음,단일로 - 기타,농기계,남,82세,중상,,,,
2013072600100349,2013년 7월 26일 15시,금요일,경상남도 산청군 신안면,경상사고,0,0,1,0,차대차 - 측면직각충돌,교차로운행방법위반,건조,맑음,교차로 - 교차로안,승용,남,19세,상해없음,승용,남,33세,경상
2013072600100379,2013년 7월 26일 16시,금요일,경상남도 사천시 서포면,중상사고,0,1,0,0,차대차 - 정면충돌,안전운전불이행,건조,맑음,단일로 - 기타,승합,여,45세,상해없음,이륜,남,53세,중상
2013072600100405,2013년 7월 26일 17시,금요일,경상남도 창원시 마산합포구 진북면,중상사고,0,1,0,1,차대차 - 정면충돌,중앙선침범,건조,맑음,단일로 - 기타,승합,남,52세,중상,화물,남,37세,부상신고
2013072600100406,2013년 7월 26일 17시,금요일,경상남도 진주시 금산면,중상사고,0,1,0,0,차대차 - 측면직각충돌,안전거리미확보,건조,맑음,단일로 - 기타,승용,남,23세,상해없음,이륜,남,17세,중상
2013072600100407,2013년 7월 26일 17시,금요일,경상남도 통영시 북신동,부상신고사고,0,0,0,1,차대차 - 측면직각충돌,안전운전불이행,건조,맑음,교차로 - 교차로안,승용,여,51세,부상신고,승용,남,36세,상해없음
2013072600100408,2013년 7월 26일 17시,금요일,경상남도 밀양시 상남면,중상사고,0,1,0,0,차대사람 - 기타,안전운전불이행,건조,맑음,단일로 - 기타,화물,남,63세,상해없음,보행자,여,73세,중상
2013072600100443,2013년 7월 26일 18시,금요일,경상남도 진주시 망경동,중상사고,0,1,0,0,차대사람 - 횡단중,안전운전불이행,건조,맑음,교차로 - 교차로부근,승용,여,49세,상해없음,보행자,여,79세,중상
2013072600100444,2013년 7월 26일 18시,금요일,경상남도 창원시 진해구 덕산동,중상사고,0,1,0,0,차대차 - 측면직각충돌,안전운전불이행,건조,맑음,단일로 - 기타,원동기,남,58세,중상,승용,남,36세,상해없음
2013072600100446,2013년 7월 26일 18시,금요일,경상남도 산청군 금서면,경상사고,0,0,2,0,차대차 - 정면충돌,안전운전불이행,건조,맑음,단일로 - 기타,승용,남,23세,상해없음,승용,남,29세,경상
2013072600100447,2013년 7월 26일 18시,금요일,경상남도 창원시 마산회원구 구암동,중상사고,0,1,0,0,차대사람 - 길가장자리구역통행중,안전운전불이행,건조,맑음,단일로 - 기타,승용,여,53세,상해없음,보행자,여,2세,중상
2013072600100508,2013년 7월 26일 20시,금요일,경상남도 거제시 능포동,경상사고,0,0,1,0,차대차 - 기타,안전거리미확보,건조,맑음,교차로 - 교차로부근,승용,남,49세,상해없음,승용,남,51세,경상
2013072600100549,2013년 7월 26일 21시,금요일,경상남도 진주시 상봉동,중상사고,0,1,0,0,차대차 - 기타,교차로운행방법위반,건조,맑음,교차로 - 교차로안,승용,남,49세,상해없음,승합,남,48세,상해없음
2013072600100550,2013년 7월 26일 21시,금요일,경상남도 양산시 중부동,경상사고,0,0,5,0,차대차 - 기타,중앙선침범,건조,맑음,단일로 - 기타,승용,여,29세,상해없음,승용,남,30세,경상
2013072600100551,2013년 7월 26일 21시,금요일,경상남도 창원시 성산구 웅남동,경상사고,0,0,1,0,차대차 - 추돌 - 주정차중,안전운전불이행,건조,맑음,교차로 - 교차로부근,화물,남,47세,상해없음,승용,남,44세,경상
2013072600100591,2013년 7월 26일 22시,금요일,경상남도 진주시 칠암동,중상사고,0,1,1,0,차대차 - 정면충돌,중앙선침범,건조,맑음,단일로 - 기타,승용,여,51세,경상,이륜,남,52세,중상
2013072600100592,2013년 7월 26일 22시,금요일,경상남도 밀양시 내이동,경상사고,0,0,1,0,차대사람 - 기타,보행자보호의무위반,건조,맑음,단일로 - 횡단보도상,승용,남,33세,상해없음,보행자,남,34세,경상
2013072600100620,2013년 7월 26일 23시,금요일,경상남도 거제시 장평동,중상사고,0,3,1,0,차대차 - 기타,안전운전불이행,건조,맑음,교차로 - 교차로부근,승용,남,50세,상해없음,승용,여,29세,중상
2013072600100621,2013년 7월 26일 23시,금요일,경상남도 창원시 성산구 외동,경상사고,0,0,1,0,차대차 - 정면충돌,중앙선침범,건조,맑음,교차로 - 교차로부근,화물,남,39세,상해없음,승용,남,55세,경상
2013072600100622,2013년 7월 26일 23시,금요일,경상남도 창원시 의창구 명서동,중상사고,0,2,0,0,차대차 - 측면직각충돌,안전운전불이행,건조,맑음,단일로 - 기타,승합,남,41세,상해없음,승용,남,25세,중상
2013072700100017,2013년 7월 27일 00시,토요일,경상남도 창원시 진해구 자은동,중상사고,0,1,1,0,차대차 - 측면직각충돌,안전운전불이행,건조,맑음,단일로 - 기타,승용,여,19세,상해없음,승용,남,63세,중상
2013072700100018,2013년 7월 27일 00시,토요일,경상남도 함양군 함양읍,중상사고,0,1,0,0,차대차 - 정면충돌,중앙선침범,건조,맑음,단일로 - 기타,승용,남,39세,상해없음,승용,남,46세,중상
2013072700100019,2013년 7월 27일 00시,토요일,경상남도 창원시 마산회원구 합성동,경상사고,0,0,1,0,차대차 - 측면직각충돌,안전운전불이행,건조,맑음,단일로 - 기타,승용,남,47세,상해없음,원동기,남,23세,경상
2013072700100043,2013년 7월 27일 01시,토요일,경상남도 김해시 어방동,부상신고사고,0,0,0,1,차대차 - 측면직각충돌,직진우회전진행방해,건조,맑음,교차로 - 교차로부근,승용,남,44세,상해없음,자전거,남,36세,부상신고
2013072700100056,2013년 7월 27일 02시,토요일,경상남도 김해시 삼정동,중상사고,0,1,0,0,차대차 - 측면직각충돌,신호위반,건조,맑음,교차로 - 교차로안,승용,남,49세,상해없음,승용,남,50세,중상
2013072700100072,2013년 7월 27일 03시,토요일,경상남도 창원시 진해구 석동,경상사고,0,0,2,0,차대차 - 측면직각충돌,안전운전불이행,건조,맑음,교차로 - 교차로안,승용,남,30세,상해없음,승용,남,58세,상해없음
2013072700100085,2013년 7월 27일 04시,토요일,경상남도 양산시 소주동,중상사고,0,1,0,0,차대사람 - 기타,안전운전불이행,건조,맑음,기타 - 기타,화물,남,47세,기타불명,보행자,남,57세,중상
2013072700100129,2013년 7월 27일 07시,토요일,경상남도 사천시 사천읍,경상사고,0,0,3,0,차대차 - 측면직각충돌,안전운전불이행,건조,맑음,교차로 - 교차로안,승용,여,53세,경상,승용,여,35세,경상
2013072700100130,2013년 7월 27일 07시,토요일,경상남도 거제시 장평동,경상사고,0,0,1,0,차대차 - 기타,안전운전불이행,건조,맑음,단일로 - 기타,화물,남,29세,상해없음,화물,남,34세,경상
2013072700100150,2013년 7월 27일 08시,토요일,경상남도 진주시 인사동,중상사고,0,1,0,1,차대차 - 측면직각충돌,신호위반,건조,맑음,교차로 - 교차로안,화물,남,55세,부상신고,승용,남,30세,중상
2013072700100151,2013년 7월 27일 08시,토요일,경상남도 진주시 정촌면,경상사고,0,0,1,0,차대차 - 측면직각충돌,직진우회전진행방해,건조,맑음,교차로 - 교차로안,원동기,남,69세,경상,승용,남,46세,상해없음
2013072700100174,2013년 7월 27일 09시,토요일,경상남도 통영시 용남면,사망사고,1,1,3,0,차량단독 - 전도전복,안전운전불이행,건조,맑음,단일로 - 기타,승합,남,54세,상해없음,,,,
2013072700100175,2013년 7월 27일 09시,토요일,경상남도 양산시 물금읍,경상사고,0,0,1,0,차대사람 - 횡단중,안전운전불이행,건조,맑음,교차로 - 교차로부근,승용,남,49세,상해없음,보행자,남,20세,경상
2013072700100176,2013년 7월 27일 09시,토요일,경상남도 고성군 회화면,경상사고,0,0,1,0,차대사람 - 기타,안전운전불이행,건조,맑음,단일로 - 기타,승용,남,47세,상해없음,보행자,남,74세,경상
2013072700100177,2013년 7월 27일 09시,토요일,경상남도 창원시 의창구 동읍,경상사고,0,0,2,0,차대차 - 기타,안전운전불이행,건조,맑음,기타 - 기타,화물,남,63세,상해없음,승용,여,24세,경상
2013072700100199,2013년 7월 27일 10시,토요일,경상남도 김해시 상동면,경상사고,0,0,1,0,차대차 - 측면직각충돌,안전운전불이행,건조,맑음,단일로 - 기타,승합,남,52세,상해없음,화물,남,59세,경상
2013072700100231,2013년 7월 27일 11시,토요일,경상남도 거제시 옥포동,중상사고,0,1,0,0,차대차 - 추돌 - 진행중,차로위반,건조,맑음,교차로 - 교차로부근,승용,남,38세,상해없음,승용,여,32세,중상
2013072700100268,2013년 7월 27일 12시,토요일,경상남도 창원시 마산합포구 구산면,부상신고사고,0,0,0,1,차대차 - 측면직각충돌,안전운전불이행,건조,맑음,교차로 - 교차로안,농기계,남,70세,부상신고,승용,남,72세,상해없음
2013072700100269,2013년 7월 27일 12시,토요일,경상남도 창원시 마산합포구 구산면,부상신고사고,0,0,0,1,차대차 - 측면직각충돌,안전운전불이행,건조,맑음,교차로 - 교차로안,농기계,남,70세,부상신고,승용,남,72세,상해없음
2013072700100270,2013년 7월 27일 12시,토요일,경상남도 창원시 진해구 풍호동,경상사고,0,0,1,0,차대차 - 측면직각충돌,안전거리미확보,건조,맑음,교차로 - 교차로부근,원동기,남,30세,경상,화물,남,42세,상해없음
2013072700100271,2013년 7월 27일 12시,토요일,경상남도 사천시 사천읍,중상사고,0,3,7,0,차대차 - 추돌 - 진행중,안전운전불이행,건조,맑음,단일로 - 기타,승용,여,25세,중상,승용,남,42세,상해없음
2013072700100272,2013년 7월 27일 12시,토요일,경상남도 거창군 거창읍,중상사고,0,1,0,0,차대사람 - 횡단중,안전운전불이행,건조,맑음,단일로 - 기타,승용,남,68세,상해없음,보행자,여,39세,중상
2013072700100273,2013년 7월 27일 12시,토요일,경상남도 양산시 상북면,경상사고,0,0,1,0,차대차 - 정면충돌,직진우회전진행방해,건조,맑음,교차로 - 교차로안,승용,남,55세,상해없음,자전거,남,56세,경상
2013072700100343,2013년 7월 27일 14시,토요일,경상남도 창원시 마산합포구 월영동,사망사고,1,0,1,1,차대차 - 추돌 - 주정차중,안전운전불이행,건조,맑음,교차로 - 교차로부근,화물,남,51세,사망,승용,남,39세,상해없음
2013072700100344,2013년 7월 27일 14시,토요일,경상남도 창원시 진해구 자은동,중상사고,0,1,0,0,차대차 - 측면직각충돌,교차로운행방법위반,건조,맑음,교차로 - 교차로안,승용,남,43세,상해없음,원동기,남,46세,중상
2013072700100345,2013년 7월 27일 14시,토요일,경상남도 의령군 정곡면,중상사고,0,2,0,0,차량단독 - 공작물충돌,안전운전불이행,건조,맑음,단일로 - 기타,승용,남,77세,중상,,,,
2013072700100346,2013년 7월 27일 14시,토요일,경상남도 창원시 마산회원구 내서읍,경상사고,0,0,1,0,차대차 - 기타,안전운전불이행,건조,맑음,단일로 - 기타,승용,남,54세,상해없음,이륜,남,44세,경상
2013072700100372,2013년 7월 27일 15시,토요일,경상남도 진주시 호탄동,경상사고,0,0,1,0,차대차 - 추돌 - 주정차중,안전운전불이행,건조,맑음,단일로 - 기타,화물,남,56세,상해없음,화물,남,22세,상해없음