사고번호,사고일시,요일,시군구,사고내용,사망자수,중상자수,경상자수,부상신고자수,사고유형,법규위반,노면상태,기상상태,도로형태,가해운전자 차종,가해운전자 성별,가해운전자 연령,가해운전자 상해정도,피해운전자 차종,피해운전자 성별,피해운전자 연령,피해운전자 상해정도
2013073100100076,2013년 7월 31일 04시,수요일,경상남도 김해시 진영읍,경상사고,0,0,2,0,차대차 - 측면직각충돌,신호위반,건조,맑음,교차로 - 교차로안,승용,남,51세,상해없음,승용,여,52세,경상
2013073100100087,2013년 7월 31일 05시,수요일,경상남도 창원시 진해구 장천동,경상사고,0,0,1,0,차량단독 - 공작물충돌,안전운전불이행,건조,맑음,단일로 - 기타,건설기계,남,61세,경상,,,,
2013073100100110,2013년 7월 31일 07시,수요일,경상남도 김해시 대동면,경상사고,0,0,1,0,차대차 - 기타,교차로운행방법위반,건조,맑음,교차로 - 교차로안,승용,남,54세,상해없음,화물,남,60세,경상
2013073100100111,2013년 7월 31일 07시,수요일,경상남도 김해시 생림면,경상사고,0,0,2,0,차대차 - 기타,안전운전불이행,건조,맑음,단일로 - 기타,화물,남,63세,상해없음,승용,남,36세,경상
2013073100100139,2013년 7월 31일 08시,수요일,경상남도 창원시 마산합포구 진동면,경상사고,0,0,2,0,차대차 - 측면직각충돌,안전거리미확보,건조,맑음,단일로 - 기타,화물,남,53세,상해없음,승용,여,38세,경상
2013073100100140,2013년 7월 31일 08시,수요일,경상남도 진주시 계동,중상사고,0,1,0,0,차대사람 - 기타,안전운전불이행,건조,맑음,교차로 - 교차로부근,승용,남,42세,상해없음,보행자,여,69세,중상
2013073100100141,2013년 7월 31일 08시,수요일,경상남도 김해시 삼계동,경상사고,0,0,1,0,차대차 - 기타,안전거리미확보,건조,맑음,단일로 - 기타,건설기계,남,48세,상해없음,승용,여,30세,경상
2013073100100166,2013년 7월 31일 09시,수요일,경상남도 거제시 연초면,중상사고,0,2,0,0,차대차 - 추돌 - 진행중,안전운전불이행,건조,맑음,단일로 - 기타,화물,남,40세,상해없음,화물,남,35세,중상
2013073100100190,2013년 7월 31일 10시,수요일,경상남도 창원시 마산합포구 완월동,중상사고,0,1,0,0,차대사람 - 횡단중,보행자보호의무위반,건조,맑음,교차로 - 교차로안,승용,남,34세,상해없음,보행자,여,17세,중상
2013073100100191,2013년 7월 31일 10시,수요일,경상남도 밀양시 삼랑진읍,중상사고,0,1,0,0,차대차 - 정면충돌,중앙선침범,건조,맑음,단일로 - 기타,화물,남,31세,상해없음,승용,남,61세,중상
2013073100100228,2013년 7월 31일 11시,수요일,경상남도 거창군 마리면,중상사고,0,1,3,0,차대차 - 측면직각충돌,안전운전불이행,습기,비,기타 - 기타,화물,남,60세,상해없음,승용,남,25세,중상
2013073100100229,2013년 7월 31일 11시,수요일,경상남도 거창군 북상면,경상사고,0,0,1,0,차대사람 - 횡단중,안전운전불이행,건조,맑음,단일로 - 기타,승용,여,25세,상해없음,보행자,여,23세,경상
2013073100100260,2013년 7월 31일 12시,수요일,경상남도 창원시 의창구 팔용동,경상사고,0,0,2,0,차대차 - 추돌 - 주정차중,안전운전불이행,건조,맑음,단일로 - 기타,승용,남,56세,상해없음,승용,여,31세,경상
2013073100100293,2013년 7월 31일 13시,수요일,경상남도 김해시 부원동,중상사고,0,1,0,0,차대사람 - 횡단중,안전운전불이행,건조,맑음,교차로 - 교차로안,승용,남,58세,상해없음,보행자,여,76세,중상
2013073100100294,2013년 7월 31일 13시,수요일,경상남도 거제시 옥포동,경상사고,0,0,1,0,차대차 - 기타,교차로운행방법위반,건조,맑음,교차로 - 교차로안,승용,여,34세,기타불명,화물,남,44세,경상
2013073100100295,2013년 7월 31일 13시,수요일,경상남도 창원시 마산회원구 회원동,부상신고사고,0,0,0,1,차대차 - 추돌 - 주정차중,안전운전불이행,건조,맑음,단일로 - 기타,승용,남,42세,상해없음,승용,남,54세,부상신고
2013073100100333,2013년 7월 31일 14시,수요일,경상남도 창원시 마산합포구 신포동2가,중상사고,0,1,0,0,차대차 - 측면직각충돌,안전운전불이행,건조,맑음,교차로 - 교차로안,화물,남,28세,상해없음,자전거,남,61세,중상
2013073100100334,2013년 7월 31일 14시,수요일,경상남도 거창군 거창읍,경상사고,0,0,1,0,차대사람 - 횡단중,안전운전불이행,건조,맑음,단일로 - 기타,승용,여,53세,상해없음,보행자,여,69세,경상
2013073100100335,2013년 7월 31일 14시,수요일,경상남도 함양군 안의면,경상사고,0,0,1,1,차대차 - 측면직각충돌,교차로운행방법위반,건조,맑음,교차로 - 교차로안,원동기,여,63세,부상신고,원동기,남,87세,경상
2013073100100336,2013년 7월 31일 14시,수요일,경상남도 남해군 남해읍,중상사고,0,1,2,1,차대차 - 측면직각충돌,중앙선침범,건조,맑음,기타 - 기타,승용,남,42세,상해없음,화물,여,46세,경상
2013073100100398,2013년 7월 31일 16시,수요일,경상남도 창원시 마산합포구 서성동,중상사고,0,1,0,0,차대차 - 측면직각충돌,신호위반,건조,맑음,교차로 - 교차로안,승용,남,30세,상해없음,승용,남,47세,중상
2013073100100399,2013년 7월 31일 16시,수요일,경상남도 거창군 위천면,경상사고,0,0,2,0,차대차 - 추돌 - 주정차중,안전운전불이행,건조,맑음,기타 - 기타,승용,남,46세,상해없음,승용,여,52세,경상
2013073100100400,2013년 7월 31일 16시,수요일,경상남도 합천군 초계면,사망사고,1,2,0,0,차량단독 - 공작물충돌,안전운전불이행,건조,맑음,단일로 - 기타,화물,남,44세,사망,,,,
2013073100100401,2013년 7월 31일 16시,수요일,경상남도 고성군 고성읍,중상사고,0,1,0,0,차대사람 - 보도통행중,보행자보호의무위반,건조,맑음,교차로 - 교차로부근,승용,여,46세,상해없음,보행자,남,10세,중상
2013073100100427,2013년 7월 31일 17시,수요일,경상남도 진주시 장대동,중상사고,0,1,0,0,차대차 - 측면직각충돌,안전거리미확보,건조,맑음,교차로 - 교차로부근,승용,남,34세,상해없음,이륜,남,63세,중상
2013073100100428,2013년 7월 31일 17시,수요일,경상남도 창원시 진해구 용원동,중상사고,0,1,0,0,차대차 - 기타,안전운전불이행,건조,맑음,단일로 - 기타,승용,남,38세,상해없음,원동기,남,33세,중상
2013073100100429,2013년 7월 31일 17시,수요일,경상남도 통영시 무전동,경상사고,0,0,1,0,차대사람 - 횡단중,보행자보호의무위반,건조,맑음,교차로 - 교차로부근,승합,남,54세,상해없음,보행자,여,23세,경상
2013073100100430,2013년 7월 31일 17시,수요일,경상남도 통영시 도천동,중상사고,0,1,0,0,차대차 - 측면직각충돌,중앙선침범,건조,맑음,교차로 - 교차로부근,화물,남,45세,상해없음,이륜,남,17세,중상
2013073100100431,2013년 7월 31일 17시,수요일,경상남도 김해시 삼정동,중상사고,0,1,1,0,차대차 - 측면직각충돌,안전거리미확보,건조,맑음,단일로 - 기타,승용,여,47세,중상,승용,여,45세,경상
2013073100100432,2013년 7월 31일 17시,수요일,경상남도 창원시 마산회원구 양덕동,경상사고,0,0,1,0,차대차 - 측면직각충돌,중앙선침범,건조,기타,단일로 - 기타,승용,남,52세,상해없음,이륜,남,20세,경상
2013073100100465,2013년 7월 31일 18시,수요일,경상남도 산청군 산청읍,경상사고,0,0,2,0,차대차 - 측면직각충돌,안전운전불이행,건조,맑음,교차로 - 교차로안,화물,남,20세,상해없음,화물,남,37세,경상
2013073100100466,2013년 7월 31일 18시,수요일,경상남도 김해시 주촌면,경상사고,0,0,1,0,차대차 - 측면직각충돌,안전운전불이행,건조,맑음,교차로 - 교차로안,승용,남,51세,상해없음,화물,남,31세,경상
2013073100100492,2013년 7월 31일 19시,수요일,경상남도 거제시 고현동,중상사고,0,1,0,0,차대사람 - 기타,안전운전불이행,건조,맑음,단일로 - 기타,승용,남,31세,상해없음,보행자,여,80세,중상
2013073100100519,2013년 7월 31일 20시,수요일,경상남도 창녕군 창녕읍,중상사고,0,1,0,0,차대차 - 측면직각충돌,직진우회전진행방해,건조,맑음,교차로 - 교차로안,승용,남,72세,상해없음,이륜,남,17세,중상
2013073100100520,2013년 7월 31일 20시,수요일,경상남도 양산시 물금읍,경상사고,0,0,1,0,차대차 - 측면직각충돌,신호위반,건조,맑음,교차로 - 교차로안,승용,여,21세,상해없음,승용,여,33세,경상
2013073100100544,2013년 7월 31일 21시,수요일,경상남도 창원시 마산합포구 해운동,경상사고,0,0,1,0,차대차 - 추돌 - 진행중,안전운전불이행,건조,맑음,단일로 - 기타,승합,남,63세,상해없음,화물,남,38세,경상
2013073100100545,2013년 7월 31일 21시,수요일,경상남도 창녕군 고암면,중상사고,0,1,0,0,차대차 - 측면직각충돌,직진우회전진행방해,건조,흐림,교차로 - 교차로안,화물,남,65세,상해없음,이륜,남,58세,중상
2013073100100546,2013년 7월 31일 21시,수요일,경상남도 고성군 회화면,중상사고,0,4,1,0,차대차 - 추돌 - 주정차중,안전운전불이행,건조,맑음,교차로 - 교차로부근,승용,남,29세,기타불명,승용,남,42세,중상
2013073100100547,2013년 7월 31일 21시,수요일,경상남도 남해군 미조면,중상사고,0,1,0,0,차대사람 - 기타,안전운전불이행,건조,맑음,교차로 - 교차로안,승용,여,45세,상해없음,보행자,남,64세,중상
2013073100100548,2013년 7월 31일 21시,수요일,경상남도 남해군 상주면,중상사고,0,1,1,0,차대차 - 정면충돌,중앙선침범,건조,기타,기타 - 기타,이륜,남,33세,경상,승용,남,38세,중상
2013073100100581,2013년 7월 31일 22시,수요일,경상남도 김해시 삼방동,중상사고,0,2,0,0,차대차 - 추돌 - 진행중,교차로운행방법위반,건조,맑음,교차로 - 교차로안,승용,여,38세,상해없음,이륜,남,43세,중상
2013073100100583,2013년 7월 31일 22시,수요일,경상남도 창원시 마산회원구 합성동,중상사고,0,1,0,0,차대사람 - 횡단중,신호위반,건조,기타,단일로 - 횡단보도부근,승용,남,47세,상해없음,보행자,남,38세,중상
2013073100100623,2013년 7월 31일 23시,수요일,경상남도 통영시 광도면,중상사고,0,1,2,0,차대차 - 추돌 - 주정차중,안전거리미확보,건조,맑음,교차로 - 교차로부근,화물,남,46세,상해없음,승용,남,36세,경상
2013073100100624,2013년 7월 31일 23시,수요일,경상남도 창원시 마산회원구 석전동,경상사고,0,0,1,1,차대차 - 측면직각충돌,신호위반,기타,기타,교차로 - 교차로안,승용,남,56세,부상신고,승용,남,41세,상해없음
2013080100100013,2013년 8월 1일 00시,목요일,경상남도 창원시 성산구 상남동,경상사고,0,0,1,0,차대차 - 측면직각충돌,신호위반,습기,흐림,교차로 - 교차로안,승용,남,27세,상해없음,승용,남,60세,경상
2013080100100027,2013년 8월 1일 01시,목요일,경상남도 고성군 고성읍,중상사고,0,1,0,0,차대사람 - 차도통행중,안전운전불이행,건조,맑음,단일로 - 기타,승용,남,38세,상해없음,보행자,남,19세,중상
2013080100100042,2013년 8월 1일 02시,목요일,경상남도 창원시 진해구 태평동,사망사고,1,1,0,0,차량단독 - 공작물충돌,안전운전불이행,건조,맑음,교차로 - 교차로안,승용,남,42세,중상,,,,
2013080100100043,2013년 8월 1일 02시,목요일,경상남도 창원시 의창구 봉곡동,부상신고사고,0,0,0,1,차대차 - 측면직각충돌,안전운전불이행,건조,맑음,단일로 - 기타,승용,남,54세,상해없음,승용,여,30세,상해없음
2013080100100056,2013년 8월 1일 03시,목요일,경상남도 창원시 성산구 외동,중상사고,0,2,0,0,차대차 - 추돌 - 진행중,안전운전불이행,습기,비,교차로 - 교차로부근,승용,남,23세,상해없음,승용,여,28세,중상
2013080100100057,2013년 8월 1일 03시,목요일,경상남도 창원시 의창구 팔용동,경상사고,0,0,2,0,차대차 - 추돌 - 주정차중,안전운전불이행,건조,맑음,단일로 - 기타,승용,여,49세,상해없음,승용,남,65세,경상
2013080100100078,2013년 8월 1일 05시,목요일,경상남도 사천시 곤명면,사망사고,2,4,0,0,차대차 - 추돌 - 진행중,안전운전불이행,건조,맑음,단일로 - 기타,화물,남,66세,중상,농기계,남,73세,사망
2013080100100090,2013년 8월 1일 06시,목요일,경상남도 진주시 판문동,중상사고,0,1,0,0,차대사람 - 차도통행중,안전거리미확보,건조,맑음,단일로 - 기타,승용,여,57세,상해없음,보행자,여,17세,중상
2013080100100108,2013년 8월 1일 07시,목요일,경상남도 김해시 외동,중상사고,0,1,0,0,차량단독 - 기타,안전운전불이행,건조,맑음,단일로 - 기타,승용,여,56세,중상,,,,
2013080100100109,2013년 8월 1일 07시,목요일,경상남도 거제시 고현동,경상사고,0,0,1,0,차대사람 - 기타,안전운전불이행,건조,맑음,단일로 - 기타,원동기,남,18세,상해없음,보행자,여,79세,경상
2013080100100131,2013년 8월 1일 08시,목요일,경상남도 거제시 고현동,중상사고,0,3,1,0,차대차 - 추돌 - 진행중,안전운전불이행,건조,맑음,단일로 - 기타,승용,남,68세,상해없음,승용,여,35세,중상
2013080100100132,2013년 8월 1일 08시,목요일,경상남도 창원시 성산구 외동,중상사고,0,1,0,0,차대사람 - 횡단중,안전운전불이행,건조,맑음,단일로 - 기타,승용,남,57세,상해없음,보행자,여,69세,중상
2013080100100165,2013년 8월 1일 09시,목요일,경상남도 합천군 봉산면,경상사고,0,0,1,0,차량단독 - 전도전복,안전운전불이행,건조,맑음,단일로 - 기타,승용,여,55세,경상,,,,
2013080100100166,2013년 8월 1일 09시,목요일,경상남도 거제시 고현동,중상사고,0,1,0,0,차대차 - 추돌 - 진행중,안전운전불이행,건조,맑음,단일로 - 기타,승용,남,45세,상해없음,승용,여,34세,중상
2013080100100192,2013년 8월 1일 10시,목요일,경상남도 밀양시 가곡동,중상사고,0,1,1,0,차대차 - 추돌 - 진행중,안전운전불이행,건조,맑음,단일로 - 기타,승용,남,58세,상해없음,승용,남,60세,경상
2013080100100233,2013년 8월 1일 11시,목요일,경상남도 통영시 중앙동,중상사고,0,1,0,0,차대사람 - 횡단중,안전운전불이행,건조,맑음,단일로 - 기타,승합,남,51세,상해없음,보행자,남,8세,중상
2013080100100234,2013년 8월 1일 11시,목요일,경상남도 합천군 적중면,중상사고,0,2,1,1,차량단독 - 도로외이탈 - 추락,안전운전불이행,건조,맑음,단일로 - 기타,승용,남,23세,부상신고,,,,
2013080100100264,2013년 8월 1일 12시,목요일,경상남도 김해시 장유면,중상사고,0,3,0,0,차대차 - 추돌 - 진행중,안전거리미확보,건조,맑음,단일로 - 기타,승용,남,44세,상해없음,승용,여,47세,중상
2013080100100289,2013년 8월 1일 13시,목요일,경상남도 사천시 송포동,경상사고,0,0,5,0,차대차 - 기타,기타,건조,맑음,교차로 - 교차로안,승합,남,52세,상해없음,승용,여,42세,경상
2013080100100290,2013년 8월 1일 13시,목요일,경상남도 산청군 신안면,중상사고,0,1,0,0,차량단독 - 전도전복,안전운전불이행,습기,비,단일로 - 기타,화물,남,72세,상해없음,,,,
2013080100100309,2013년 8월 1일 14시,목요일,경상남도 통영시 북신동,경상사고,0,0,1,0,차대차 - 측면직각충돌,중앙선침범,건조,맑음,단일로 - 기타,승용,남,55세,상해없음,이륜,남,27세,경상
2013080100100310,2013년 8월 1일 14시,목요일,경상남도 합천군 가야면,중상사고,0,4,0,0,차대차 - 기타,안전운전불이행,습기,비,단일로 - 기타,승용,남,52세,상해없음,승합,여,51세,기타불명
2013080100100311,2013년 8월 1일 14시,목요일,경상남도 창녕군 대합면,경상사고,0,0,1,0,차대차 - 기타,안전운전불이행,건조,맑음,교차로 - 교차로안,승용,남,71세,상해없음,승용,여,66세,경상
2013080100100312,2013년 8월 1일 14시,목요일,경상남도 산청군 단성면,경상사고,0,0,3,0,차대차 - 추돌 - 진행중,안전운전불이행,습기,비,단일로 - 기타,승용,남,30세,상해없음,승용,남,42세,경상
2013080100100386,2013년 8월 1일 16시,목요일,경상남도 창원시 진해구 제덕동,경상사고,0,0,5,0,차대차 - 측면직각충돌,교차로운행방법위반,건조,맑음,교차로 - 교차로안,승합,남,56세,경상,화물,남,68세,경상
2013080100100387,2013년 8월 1일 16시,목요일,경상남도 김해시 서상동,경상사고,0,0,1,0,차대차 - 측면직각충돌,교차로운행방법위반,건조,맑음,교차로 - 교차로안,화물,남,58세,상해없음,승용,남,55세,경상
2013080100100388,2013년 8월 1일 16시,목요일,경상남도 함양군 함양읍,경상사고,0,0,1,0,차대차 - 측면직각충돌,교차로운행방법위반,습기,비,교차로 - 교차로안,승용,여,40세,상해없음,승용,남,40세,경상
2013080100100423,2013년 8월 1일 17시,목요일,경상남도 창원시 진해구 화천동,경상사고,0,0,1,0,차대차 - 측면직각충돌,차로위반,건조,맑음,기타 - 기타,승용,남,64세,상해없음,승용,여,34세,상해없음
2013080100100424,2013년 8월 1일 17시,목요일,경상남도 김해시 상동면,중상사고,0,2,0,0,차대차 - 측면직각충돌,안전운전불이행,건조,맑음,단일로 - 기타,화물,남,45세,상해없음,화물,남,33세,중상
2013080100100425,2013년 8월 1일 17시,목요일,경상남도 김해시 삼방동,중상사고,0,2,2,0,차대차 - 측면직각충돌,교차로운행방법위반,건조,맑음,교차로 - 교차로안,화물,남,22세,기타불명,승합,남,53세,상해없음
2013080100100426,2013년 8월 1일 17시,목요일,경상남도 창녕군 창녕읍,중상사고,0,1,0,0,차대사람 - 횡단중,신호위반,건조,흐림,교차로 - 교차로안,승용,남,23세,상해없음,보행자,여,10세,중상
2013080100100427,2013년 8월 1일 17시,목요일,경상남도 의령군 정곡면,부상신고사고,0,0,0,1,차량단독 - 기타,안전운전불이행,습기,비,단일로 - 기타,승용,남,26세,부상신고,,,,
2013080100100455,2013년 8월 1일 18시,목요일,경상남도 창녕군 도천면,경상사고,0,0,1,0,차대차 - 기타,신호위반,습기,흐림,교차로 - 교차로안,승용,남,27세,상해없음,승용,남,36세,경상
2013080100100456,2013년 8월 1일 18시,목요일,경상남도 거제시 아주동,중상사고,0,1,0,0,차대차 - 기타,안전운전불이행,건조,맑음,교차로 - 교차로안,승용,남,63세,상해없음,승용,여,51세,중상
2013080100100457,2013년 8월 1일 18시,목요일,경상남도 창원시 의창구 서상동,경상사고,0,0,1,0,차대차 - 추돌 - 진행중,안전운전불이행,습기,비,단일로 - 기타,승용,남,20세,상해없음,승용,남,38세,경상
2013080100100522,2013년 8월 1일 20시,목요일,경상남도 양산시 삼호동,중상사고,0,2,1,0,차대차 - 정면충돌,신호위반,습기,흐림,교차로 - 교차로안,승용,여,42세,상해없음,승용,남,64세,중상
2013080100100523,2013년 8월 1일 20시,목요일,경상남도 산청군 산청읍,중상사고,0,2,2,0,차량단독 - 도로외이탈 - 추락,안전운전불이행,습기,비,단일로 - 기타,화물,남,60세,중상,,,,
2013080100100524,2013년 8월 1일 20시,목요일,경상남도 창원시 의창구 동읍,경상사고,0,0,1,0,차대차 - 정면충돌,신호위반,습기,비,교차로 - 교차로안,승용,남,35세,상해없음,승용,남,34세,경상
2013080100100525,2013년 8월 1일 20시,목요일,경상남도 김해시 한림면,중상사고,0,1,0,0,차대차 - 측면직각충돌,신호위반,습기,비,교차로 - 교차로안,승용,남,29세,상해없음,승용,남,56세,중상
2013080100100549,2013년 8월 1일 21시,목요일,경상남도 통영시 정량동,경상사고,0,0,1,0,차대사람 - 횡단중,안전운전불이행,건조,맑음,교차로 - 교차로안,기타불명,기타불명,기타불명,기타불명,보행자,남,16세,경상
2013080100100550,2013년 8월 1일 21시,목요일,경상남도 사천시 향촌동,경상사고,0,0,1,0,차대차 - 기타,안전운전불이행,건조,맑음,단일로 - 기타,승용,남,51세,상해없음,자전거,남,30세,상해없음
2013080100100551,2013년 8월 1일 21시,목요일,경상남도 김해시 한림면,부상신고사고,0,0,0,1,차량단독 - 도로외이탈 - 추락,안전운전불이행,습기,비,단일로 - 기타,승용,남,35세,부상신고,,,,
2013080100100580,2013년 8월 1일 22시,목요일,경상남도 통영시 동호동,경상사고,0,0,1,0,차대차 - 정면충돌,중앙선침범,건조,맑음,교차로 - 교차로부근,승용,남,45세,상해없음,이륜,남,46세,경상
2013080100100581,2013년 8월 1일 22시,목요일,경상남도 고성군 상리면,중상사고,0,1,0,0,차량단독 - 공작물충돌,안전운전불이행,건조,맑음,단일로 - 교량,이륜,여,31세,상해없음,,,,
2013080100100582,2013년 8월 1일 22시,목요일,경상남도 거제시 아주동,경상사고,0,0,3,0,차대차 - 기타,안전운전불이행,건조,맑음,단일로 - 기타,승용,남,32세,상해없음,승용,남,59세,상해없음
2013080100100583,2013년 8월 1일 22시,목요일,경상남도 남해군 남면,경상사고,0,0,1,0,차량단독 - 전도전복,안전운전불이행,건조,맑음,기타 - 기타,승용,남,22세,경상,,,,
2013080100100584,2013년 8월 1일 22시,목요일,경상남도 함안군 가야읍,경상사고,0,0,1,0,차대차 - 측면직각충돌,중앙선침범,건조,맑음,단일로 - 기타,승용,남,53세,상해없음,승용,남,40세,상해없음
2013080100100609,2013년 8월 1일 23시,목요일,경상남도 김해시 어방동,중상사고,0,1,0,0,차대차 - 추돌 - 진행중,차로위반,건조,맑음,단일로 - 기타,승합,남,45세,상해없음,승용,남,19세,중상
2013080200100025,2013년 8월 2일 01시,금요일,경상남도 양산시 동면,경상사고,0,0,3,1,차대차 - 추돌 - 진행중,안전거리미확보,건조,맑음,단일로 - 기타,승용,남,61세,상해없음,승용,남,30세,경상
2013080200100031,2013년 8월 2일 01시,금요일,경상남도 사천시 사천읍,경상사고,0,0,1,0,차대사람 - 기타,안전운전불이행,건조,맑음,교차로 - 교차로부근,승용,남,65세,상해없음,보행자,여,30세,경상
2013080200100032,2013년 8월 2일 01시,금요일,경상남도 사천시 사천읍,중상사고,0,1,0,0,차대사람 - 횡단중,보행자보호의무위반,건조,맑음,단일로 - 횡단보도상,승용,남,20세,상해없음,보행자,남,51세,중상
2013080200100044,2013년 8월 2일 02시,금요일,경상남도 창원시 성산구 가음정동,경상사고,0,0,1,1,차대차 - 정면충돌,중앙선침범,건조,맑음,교차로 - 교차로안,승용,남,41세,상해없음,승용,남,38세,부상신고
2013080200100088,2013년 8월 2일 07시,금요일,경상남도 김해시 진례면,중상사고,0,1,0,0,차대차 - 정면충돌,교차로운행방법위반,건조,맑음,교차로 - 교차로안,화물,남,37세,상해없음,이륜,남,33세,중상
2013080200100100,2013년 8월 2일 08시,금요일,경상남도 창원시 성산구 내동,중상사고,0,1,0,0,차대차 - 기타,안전운전불이행,건조,맑음,단일로 - 기타,승용,남,34세,상해없음,이륜,남,43세,중상
2013080200100121,2013년 8월 2일 09시,금요일,경상남도 김해시 내동,경상사고,0,0,1,0,차대차 - 기타,불법유턴,건조,맑음,교차로 - 교차로안,자전거,남,29세,경상,승용,남,54세,상해없음
2013080200100144,2013년 8월 2일 10시,금요일,경상남도 김해시 내동,중상사고,0,2,2,0,차대차 - 측면직각충돌,안전운전불이행,건조,맑음,교차로 - 교차로안,승용,여,52세,경상,승용,남,61세,중상
2013080200100145,2013년 8월 2일 10시,금요일,경상남도 김해시 풍유동,경상사고,0,0,1,0,차대차 - 측면직각충돌,안전거리미확보,건조,맑음,교차로 - 교차로부근,건설기계,남,36세,상해없음,승용,남,36세,경상
2013080200100175,2013년 8월 2일 11시,금요일,경상남도 통영시 무전동,경상사고,0,0,2,0,차대차 - 추돌 - 진행중,안전운전불이행,건조,맑음,단일로 - 기타,승용,남,58세,상해없음,화물,남,51세,경상
2013080200100176,2013년 8월 2일 11시,금요일,경상남도 사천시 사천읍,경상사고,0,0,1,0,차대차 - 측면직각충돌,신호위반,건조,맑음,교차로 - 교차로안,승용,남,30세,상해없음,승용,남,49세,경상
2013080200100177,2013년 8월 2일 11시,금요일,경상남도 양산시 상북면,경상사고,0,0,1,0,차대차 - 추돌 - 주정차중,안전거리미확보,건조,맑음,교차로 - 교차로안,건설기계,남,52세,상해없음,화물,남,49세,경상
2013080200100213,2013년 8월 2일 12시,금요일,경상남도 통영시 정량동,중상사고,0,1,0,0,차대사람 - 횡단중,안전운전불이행,건조,맑음,단일로 - 기타,화물,남,52세,상해없음,보행자,남,52세,중상
2013080200100245,2013년 8월 2일 13시,금요일,경상남도 통영시 무전동,중상사고,0,1,0,0,차대사람 - 횡단중,안전운전불이행,건조,맑음,단일로 - 기타,승용,남,44세,상해없음,보행자,남,33세,중상
2013080200100246,2013년 8월 2일 13시,금요일,경상남도 사천시 사천읍,경상사고,0,0,2,2,차대차 - 추돌 - 진행중,안전운전불이행,건조,맑음,단일로 - 기타,승합,남,53세,상해없음,승용,남,44세,부상신고
2013080200100247,2013년 8월 2일 13시,금요일,경상남도 사천시 사천읍,경상사고,0,0,1,0,차대차 - 기타,교차로운행방법위반,건조,맑음,교차로 - 교차로안,승용,여,54세,상해없음,승용,남,59세,상해없음
2013080200100248,2013년 8월 2일 13시,금요일,경상남도 거제시 옥포동,경상사고,0,0,1,0,차대사람 - 차도통행중,안전운전불이행,건조,맑음,단일로 - 기타,승용,남,27세,상해없음,보행자,남,28세,경상
2013080200100277,2013년 8월 2일 14시,금요일,경상남도 창원시 마산합포구 자산동,중상사고,0,2,0,0,차대차 - 측면직각충돌,교차로운행방법위반,건조,맑음,교차로 - 교차로부근,승용,남,67세,상해없음,승용,남,34세,중상
2013080200100278,2013년 8월 2일 14시,금요일,경상남도 창원시 진해구 용원동,중상사고,0,1,0,0,차대차 - 기타,안전운전불이행,건조,맑음,단일로 - 기타,승용,남,34세,상해없음,원동기,남,40세,중상
2013080200100279,2013년 8월 2일 14시,금요일,경상남도 사천시 향촌동,중상사고,0,1,2,0,차량단독 - 공작물충돌,안전운전불이행,건조,맑음,단일로 - 기타,화물,남,66세,상해없음,,,,
2013080200100280,2013년 8월 2일 14시,금요일,경상남도 밀양시 상남면,경상사고,0,0,1,0,차대차 - 측면직각충돌,안전운전불이행,건조,맑음,교차로 - 교차로안,승용,여,40세,상해없음,이륜,남,47세,경상
2013080200100281,2013년 8월 2일 14시,금요일,경상남도 거창군 북상면,경상사고,0,0,1,0,차대차 - 측면직각충돌,안전운전불이행,건조,맑음,단일로 - 기타,승합,남,60세,상해없음,승용,남,58세,상해없음
2013080200100282,2013년 8월 2일 14시,금요일,경상남도 김해시 장유면,중상사고,0,1,0,0,차대차 - 측면직각충돌,안전거리미확보,건조,맑음,교차로 - 교차로부근,건설기계,남,56세,상해없음,승용,여,46세,중상
2013080200100283,2013년 8월 2일 14시,금요일,경상남도 함안군 칠원면,중상사고,0,4,7,0,차대차 - 추돌 - 진행중,안전운전불이행,건조,맑음,단일로 - 기타,승용,남,51세,상해없음,승용,남,31세,중상
2013080200100310,2013년 8월 2일 15시,금요일,경상남도 진주시 대곡면,경상사고,0,0,1,0,차대차 - 정면충돌,중앙선침범,건조,맑음,단일로 - 기타,원동기,남,86세,경상,승용,여,42세,상해없음
2013080200100311,2013년 8월 2일 15시,금요일,경상남도 남해군 삼동면,중상사고,0,1,0,0,차대사람 - 횡단중,안전운전불이행,건조,맑음,단일로 - 기타,승용,남,48세,상해없음,보행자,여,2세,중상
2013080200100339,2013년 8월 2일 16시,금요일,경상남도 함양군 안의면,중상사고,0,2,0,0,차대차 - 추돌 - 진행중,안전운전불이행,건조,맑음,교차로 - 교차로부근,승합,여,52세,상해없음,화물,남,54세,중상
2013080200100340,2013년 8월 2일 16시,금요일,경상남도 거제시 동부면,경상사고,0,0,2,0,차대차 - 기타,안전운전불이행,건조,맑음,단일로 - 기타,승합,남,54세,상해없음,승합,남,57세,상해없음
2013080200100341,2013년 8월 2일 16시,금요일,경상남도 창원시 의창구 봉곡동,경상사고,0,0,1,0,차대사람 - 횡단중,안전운전불이행,건조,맑음,교차로 - 교차로부근,승용,남,35세,상해없음,보행자,여,13세,경상
2013080200100378,2013년 8월 2일 17시,금요일,경상남도 진주시 상평동,중상사고,0,1,0,0,차대차 - 측면직각충돌,신호위반,건조,맑음,교차로 - 교차로안,승용,남,44세,상해없음,승용,남,40세,중상
2013080200100379,2013년 8월 2일 17시,금요일,경상남도 밀양시 무안면,경상사고,0,0,1,0,차대사람 - 기타,안전운전불이행,건조,맑음,교차로 - 교차로안,승용,남,51세,상해없음,보행자,여,72세,경상
2013080200100380,2013년 8월 2일 17시,금요일,경상남도 창녕군 부곡면,중상사고,0,2,0,0,차대차 - 측면직각충돌,교차로운행방법위반,건조,맑음,교차로 - 교차로안,승용,남,45세,상해없음,승용,여,60세,중상