사고번호,사고일시,요일,시군구,사고내용,사망자수,중상자수,경상자수,부상신고자수,사고유형,법규위반,노면상태,기상상태,도로형태,가해운전자 차종,가해운전자 성별,가해운전자 연령,가해운전자 상해정도,피해운전자 차종,피해운전자 성별,피해운전자 연령,피해운전자 상해정도
2013080200100381,2013년 8월 2일 17시,금요일,경상남도 남해군 남면,경상사고,0,0,1,0,차대차 - 기타,안전운전불이행,건조,맑음,단일로 - 기타,승용,남,23세,상해없음,승용,남,38세,경상
2013080200100411,2013년 8월 2일 18시,금요일,경상남도 사천시 사천읍,경상사고,0,0,3,0,차대차 - 측면직각충돌,직진우회전진행방해,건조,맑음,교차로 - 교차로안,승용,남,51세,상해없음,승용,남,59세,상해없음
2013080200100412,2013년 8월 2일 18시,금요일,경상남도 산청군 단성면,경상사고,0,0,1,0,차대사람 - 횡단중,안전운전불이행,건조,맑음,교차로 - 교차로안,승용,여,31세,상해없음,보행자,남,15세,경상
2013080200100444,2013년 8월 2일 19시,금요일,경상남도 통영시 무전동,중상사고,0,1,0,0,차대차 - 측면직각충돌,안전운전불이행,건조,맑음,단일로 - 기타,승용,남,41세,상해없음,원동기,남,39세,중상
2013080200100445,2013년 8월 2일 19시,금요일,경상남도 거제시 동부면,경상사고,0,0,1,0,차대사람 - 기타,안전운전불이행,건조,맑음,단일로 - 기타,승용,남,30세,상해없음,보행자,여,11세,경상
2013080200100469,2013년 8월 2일 20시,금요일,경상남도 합천군 삼가면,중상사고,0,1,0,0,차대사람 - 횡단중,안전운전불이행,건조,맑음,교차로 - 교차로부근,승용,남,35세,상해없음,보행자,여,67세,중상
2013080200100470,2013년 8월 2일 20시,금요일,경상남도 산청군 단성면,사망사고,1,0,0,0,차대사람 - 횡단중,안전운전불이행,건조,맑음,단일로 - 기타,승합,남,65세,상해없음,보행자,여,53세,사망
2013080200100510,2013년 8월 2일 21시,금요일,경상남도 창원시 마산합포구 오동동,부상신고사고,0,0,0,1,차대사람 - 횡단중,보행자보호의무위반,건조,맑음,단일로 - 횡단보도상,승용,여,48세,상해없음,보행자,여,79세,부상신고
2013080200100567,2013년 8월 2일 23시,금요일,경상남도 사천시 동금동,경상사고,0,0,3,0,차대차 - 측면직각충돌,신호위반,건조,맑음,교차로 - 교차로안,승용,남,27세,상해없음,승용,여,58세,경상
2013080200100568,2013년 8월 2일 23시,금요일,경상남도 거제시 상동동,경상사고,0,0,1,0,차대차 - 측면직각충돌,중앙선침범,건조,맑음,단일로 - 기타,승용,남,29세,상해없음,이륜,남,52세,경상
2013080200100569,2013년 8월 2일 23시,금요일,경상남도 창원시 의창구 명서동,중상사고,0,1,0,0,차대차 - 측면직각충돌,안전운전불이행,건조,맑음,단일로 - 기타,자전거,남,18세,중상,승용,남,30세,상해없음
2013080300100064,2013년 8월 3일 03시,토요일,경상남도 창원시 진해구 용원동,경상사고,0,0,1,0,차대차 - 측면직각충돌,안전운전불이행,건조,맑음,단일로 - 기타,승용,남,28세,상해없음,승용,남,69세,경상
2013080300100076,2013년 8월 3일 04시,토요일,경상남도 창원시 마산회원구 합성동,중상사고,0,1,0,0,차대차 - 기타,신호위반,건조,맑음,교차로 - 교차로안,승용,남,60세,상해없음,원동기,남,68세,중상
2013080300100117,2013년 8월 3일 07시,토요일,경상남도 거창군 마리면,부상신고사고,0,0,0,1,차대차 - 추돌 - 주정차중,안전운전불이행,건조,맑음,기타 - 기타,승합,남,18세,상해없음,승합,남,41세,상해없음
2013080300100132,2013년 8월 3일 08시,토요일,경상남도 창원시 진해구 풍호동,경상사고,0,0,1,0,차대차 - 기타,안전운전불이행,건조,맑음,교차로 - 교차로부근,승용,남,61세,상해없음,승용,남,29세,경상
2013080300100133,2013년 8월 3일 08시,토요일,경상남도 사천시 대방동,경상사고,0,0,1,0,차대차 - 기타,안전거리미확보,건조,맑음,단일로 - 기타,승용,남,60세,상해없음,승용,남,55세,경상
2013080300100134,2013년 8월 3일 08시,토요일,경상남도 함안군 함안면,경상사고,0,0,1,0,차대차 - 측면직각충돌,신호위반,건조,맑음,교차로 - 교차로안,승용,여,56세,상해없음,승용,남,42세,경상
2013080300100135,2013년 8월 3일 08시,토요일,경상남도 김해시 풍유동,중상사고,0,1,0,0,차대차 - 기타,안전운전불이행,건조,맑음,단일로 - 기타,승용,남,73세,상해없음,승용,남,35세,중상
2013080300100163,2013년 8월 3일 09시,토요일,경상남도 통영시 도천동,경상사고,0,0,2,0,차대차 - 측면직각충돌,중앙선침범,건조,맑음,교차로 - 교차로부근,승용,남,47세,상해없음,승용,남,46세,경상
2013080300100164,2013년 8월 3일 09시,토요일,경상남도 합천군 적중면,중상사고,0,2,0,0,차대차 - 측면직각충돌,안전운전불이행,건조,맑음,단일로 - 기타,농기계,남,75세,중상,화물,남,75세,중상
2013080300100165,2013년 8월 3일 09시,토요일,경상남도 창원시 의창구 팔용동,중상사고,0,1,1,1,차대차 - 측면직각충돌,신호위반,건조,맑음,교차로 - 교차로안,승용,남,50세,상해없음,승용,여,42세,중상
2013080300100191,2013년 8월 3일 10시,토요일,경상남도 진주시 초전동,경상사고,0,0,1,0,차대사람 - 기타,안전운전불이행,건조,맑음,기타 - 기타,건설기계,남,50세,상해없음,보행자,여,48세,경상
2013080300100192,2013년 8월 3일 10시,토요일,경상남도 거창군 거창읍,경상사고,0,0,1,0,차대차 - 측면직각충돌,교차로운행방법위반,건조,맑음,교차로 - 교차로안,승용,여,45세,상해없음,자전거,남,60세,경상
2013080300100212,2013년 8월 3일 11시,토요일,경상남도 진주시 문산읍,경상사고,0,0,1,0,차대차 - 기타,안전운전불이행,건조,맑음,교차로 - 교차로안,이륜,남,16세,경상,승용,남,34세,상해없음
2013080300100213,2013년 8월 3일 11시,토요일,경상남도 사천시 용현면,중상사고,0,1,1,0,차대차 - 측면직각충돌,신호위반,건조,맑음,교차로 - 교차로부근,승용,여,45세,상해없음,승용,여,45세,중상
2013080300100214,2013년 8월 3일 11시,토요일,경상남도 밀양시 내일동,경상사고,0,0,4,0,차대차 - 추돌 - 진행중,안전거리미확보,건조,맑음,교차로 - 교차로부근,승용,여,56세,상해없음,승용,남,44세,경상
2013080300100215,2013년 8월 3일 11시,토요일,경상남도 하동군 진교면,경상사고,0,0,1,0,차대차 - 측면직각충돌,중앙선침범,건조,맑음,단일로 - 기타,승용,남,34세,상해없음,이륜,남,72세,경상
2013080300100250,2013년 8월 3일 12시,토요일,경상남도 창원시 진해구 태백동,중상사고,0,1,0,0,차대차 - 측면직각충돌,안전운전불이행,건조,맑음,교차로 - 교차로안,승용,남,43세,상해없음,승용,남,28세,중상
2013080300100251,2013년 8월 3일 12시,토요일,경상남도 사천시 사남면,경상사고,0,0,1,0,차대사람 - 길가장자리구역통행중,안전운전불이행,건조,맑음,단일로 - 기타,승용,여,54세,상해없음,보행자,여,53세,경상
2013080300100252,2013년 8월 3일 12시,토요일,경상남도 함양군 함양읍,중상사고,0,1,0,0,차대사람 - 차도통행중,교차로운행방법위반,건조,맑음,교차로 - 교차로안,승용,여,42세,상해없음,보행자,여,76세,중상
2013080300100290,2013년 8월 3일 13시,토요일,경상남도 창원시 마산합포구 예곡동,경상사고,0,0,3,0,차대차 - 추돌 - 진행중,안전거리미확보,건조,맑음,교차로 - 교차로부근,승합,남,56세,상해없음,승용,남,49세,상해없음
2013080300100291,2013년 8월 3일 13시,토요일,경상남도 창원시 성산구 사파동,경상사고,0,0,1,0,차대차 - 측면직각충돌,안전운전불이행,건조,맑음,교차로 - 교차로부근,승용,남,51세,기타불명,자전거,남,17세,경상
2013080300100329,2013년 8월 3일 14시,토요일,경상남도 밀양시 내일동,경상사고,0,0,1,0,차대차 - 정면충돌,교차로운행방법위반,건조,맑음,교차로 - 교차로안,승용,남,36세,상해없음,이륜,남,30세,경상
2013080300100330,2013년 8월 3일 14시,토요일,경상남도 창원시 성산구 반지동,중상사고,0,1,0,0,차대차 - 측면직각충돌,안전운전불이행,건조,맑음,교차로 - 교차로부근,승용,남,52세,상해없음,자전거,여,62세,중상
2013080300100359,2013년 8월 3일 15시,토요일,경상남도 진주시 호탄동,경상사고,0,0,1,0,차대사람 - 횡단중,보행자보호의무위반,건조,맑음,단일로 - 횡단보도상,승용,남,45세,상해없음,보행자,여,6세,경상
2013080300100360,2013년 8월 3일 15시,토요일,경상남도 양산시 삼호동,중상사고,0,2,0,0,차대차 - 측면직각충돌,안전운전불이행,건조,맑음,교차로 - 교차로안,화물,남,31세,상해없음,승용,남,70세,중상
2013080300100361,2013년 8월 3일 15시,토요일,경상남도 거제시 동부면,경상사고,0,0,2,0,차대차 - 기타,안전거리미확보,건조,맑음,기타 - 기타,승용,남,32세,상해없음,승용,남,31세,경상
2013080300100362,2013년 8월 3일 15시,토요일,경상남도 남해군 이동면,경상사고,0,0,1,0,차량단독 - 기타,안전운전불이행,건조,맑음,기타 - 기타,화물,남,41세,경상,,,,
2013080300100401,2013년 8월 3일 16시,토요일,경상남도 밀양시 산외면,중상사고,0,1,1,0,차량단독 - 도로외이탈 - 추락,안전운전불이행,건조,맑음,기타 - 기타,승용,남,58세,상해없음,,,,
2013080300100402,2013년 8월 3일 16시,토요일,경상남도 김해시 구산동,중상사고,0,1,0,0,차대차 - 측면직각충돌,안전운전불이행,건조,맑음,단일로 - 기타,승용,여,54세,상해없음,이륜,남,17세,중상
2013080300100434,2013년 8월 3일 17시,토요일,경상남도 거제시 옥포동,경상사고,0,0,6,0,차대차 - 기타,안전거리미확보,건조,맑음,기타 - 기타,화물,여,45세,상해없음,승용,남,56세,경상
2013080300100435,2013년 8월 3일 17시,토요일,경상남도 창원시 마산회원구 석전동,경상사고,0,0,1,0,차대차 - 측면직각충돌,안전운전불이행,건조,맑음,단일로 - 기타,승용,남,58세,상해없음,원동기,남,25세,경상
2013080300100482,2013년 8월 3일 18시,토요일,경상남도 거창군 거창읍,중상사고,0,1,1,0,차대차 - 측면직각충돌,신호위반,습기,비,교차로 - 교차로안,승합,남,67세,상해없음,화물,남,68세,상해없음
2013080300100514,2013년 8월 3일 19시,토요일,경상남도 김해시 부원동,중상사고,0,1,0,0,차량단독 - 공작물충돌,안전운전불이행,습기,비,단일로 - 기타,자전거,남,65세,중상,,,,
2013080300100515,2013년 8월 3일 19시,토요일,경상남도 거제시 연초면,경상사고,0,0,2,0,차대차 - 추돌 - 진행중,안전운전불이행,건조,맑음,단일로 - 기타,승용,남,63세,기타불명,승용,여,36세,경상
2013080300100549,2013년 8월 3일 20시,토요일,경상남도 통영시 정량동,중상사고,0,1,1,0,차대사람 - 횡단중,보행자보호의무위반,건조,맑음,단일로 - 기타,승용,남,61세,상해없음,보행자,남,72세,경상
2013080300100550,2013년 8월 3일 20시,토요일,경상남도 남해군 상주면,부상신고사고,0,0,0,1,차대사람 - 기타,안전운전불이행,기타,기타,기타 - 기타,승용,여,48세,상해없음,보행자,남,36세,부상신고
2013080300100580,2013년 8월 3일 21시,토요일,경상남도 김해시 구산동,중상사고,0,1,0,0,차대차 - 측면직각충돌,안전운전불이행,습기,비,단일로 - 기타,승용,남,21세,상해없음,승합,남,39세,중상
2013080300100598,2013년 8월 3일 22시,토요일,경상남도 김해시 부원동,경상사고,0,0,3,0,차대차 - 측면직각충돌,안전운전불이행,습기,비,단일로 - 기타,승용,남,53세,상해없음,승용,남,51세,상해없음
2013080300100612,2013년 8월 3일 22시,토요일,경상남도 진주시 평거동,경상사고,0,0,1,0,차대사람 - 기타,안전운전불이행,건조,맑음,단일로 - 횡단보도부근,승용,기타불명,기타불명,기타불명,보행자,여,21세,경상
2013080300100613,2013년 8월 3일 22시,토요일,경상남도 통영시 도천동,중상사고,0,1,0,1,차대차 - 측면직각충돌,신호위반,건조,맑음,교차로 - 교차로안,이륜,남,16세,부상신고,이륜,남,30세,중상
2013080300100641,2013년 8월 3일 23시,토요일,경상남도 창녕군 영산면,경상사고,0,0,3,0,차대차 - 측면직각충돌,신호위반,건조,맑음,교차로 - 교차로안,승용,남,53세,상해없음,승용,남,42세,경상
2013080300100642,2013년 8월 3일 23시,토요일,경상남도 창원시 마산회원구 봉암동,중상사고,0,1,2,0,차대차 - 측면직각충돌,안전운전불이행,건조,맑음,교차로 - 교차로안,승용,남,51세,경상,승용,남,52세,중상
2013080400100077,2013년 8월 4일 07시,일요일,경상남도 창원시 의창구 삼동동,경상사고,0,0,2,0,차대차 - 측면직각충돌,신호위반,건조,맑음,교차로 - 교차로안,승용,남,55세,상해없음,승용,남,43세,경상
2013080400100088,2013년 8월 4일 08시,일요일,경상남도 김해시 대동면,경상사고,0,0,1,0,차대차 - 추돌 - 진행중,교차로운행방법위반,건조,맑음,교차로 - 교차로부근,승용,남,46세,상해없음,승합,여,43세,경상
2013080400100108,2013년 8월 4일 09시,일요일,경상남도 진주시 주약동,중상사고,0,1,0,0,차대차 - 기타,안전거리미확보,건조,맑음,교차로 - 교차로안,승용,여,57세,상해없음,원동기,남,35세,중상
2013080400100109,2013년 8월 4일 09시,일요일,경상남도 거제시 장목면,경상사고,0,0,3,0,차대차 - 기타,차로위반,건조,맑음,단일로 - 기타,승용,여,38세,상해없음,승용,남,40세,경상
2013080400100161,2013년 8월 4일 11시,일요일,경상남도 통영시 무전동,중상사고,0,4,0,0,차대차 - 추돌 - 진행중,안전거리미확보,건조,맑음,단일로 - 기타,승용,남,34세,상해없음,승용,남,42세,중상
2013080400100162,2013년 8월 4일 11시,일요일,경상남도 창녕군 유어면,경상사고,0,0,1,0,차대차 - 측면직각충돌,안전운전불이행,건조,맑음,교차로 - 교차로안,화물,남,47세,상해없음,이륜,남,70세,경상
2013080400100163,2013년 8월 4일 11시,일요일,경상남도 거제시 고현동,중상사고,0,1,0,0,차대사람 - 길가장자리구역통행중,안전운전불이행,건조,맑음,단일로 - 기타,이륜,남,77세,상해없음,보행자,남,35세,중상
2013080400100184,2013년 8월 4일 12시,일요일,경상남도 사천시 벌리동,중상사고,0,1,0,0,차대사람 - 차도통행중,안전운전불이행,건조,맑음,교차로 - 교차로안,승용,남,57세,상해없음,보행자,여,71세,중상
2013080400100205,2013년 8월 4일 13시,일요일,경상남도 통영시 태평동,경상사고,0,0,3,0,차대차 - 추돌 - 주정차중,안전운전불이행,건조,맑음,교차로 - 교차로부근,승용,남,53세,상해없음,승용,남,54세,경상
2013080400100206,2013년 8월 4일 13시,일요일,경상남도 사천시 서포면,경상사고,0,0,5,0,차대차 - 추돌 - 주정차중,안전거리미확보,건조,맑음,단일로 - 기타,승용,남,28세,상해없음,승용,남,39세,경상
2013080400100207,2013년 8월 4일 13시,일요일,경상남도 거창군 거창읍,중상사고,0,1,0,0,차대차 - 측면직각충돌,교차로운행방법위반,건조,맑음,교차로 - 교차로안,승용,남,67세,상해없음,화물,남,49세,중상
2013080400100208,2013년 8월 4일 13시,일요일,경상남도 창녕군 대합면,경상사고,0,0,3,0,차대차 - 측면직각충돌,신호위반,건조,맑음,교차로 - 교차로안,화물,남,62세,상해없음,승용,남,48세,경상
2013080400100241,2013년 8월 4일 14시,일요일,경상남도 통영시 서호동,경상사고,0,0,1,0,차대차 - 측면직각충돌,안전거리미확보,건조,맑음,단일로 - 기타,승용,남,62세,상해없음,이륜,남,31세,경상
2013080400100271,2013년 8월 4일 15시,일요일,경상남도 통영시 광도면,경상사고,0,0,1,0,차대사람 - 길가장자리구역통행중,안전운전불이행,건조,맑음,단일로 - 기타,승용,여,32세,상해없음,보행자,여,63세,경상
2013080400100272,2013년 8월 4일 15시,일요일,경상남도 하동군 하동읍,중상사고,0,5,0,0,차대차 - 추돌 - 진행중,안전운전불이행,건조,맑음,단일로 - 기타,승용,남,50세,상해없음,승용,남,23세,중상
2013080400100273,2013년 8월 4일 15시,일요일,경상남도 남해군 미조면,중상사고,0,1,0,0,차대차 - 정면충돌,중앙선침범,건조,맑음,단일로 - 기타,승용,남,26세,상해없음,승용,남,53세,상해없음
2013080400100309,2013년 8월 4일 16시,일요일,경상남도 거창군 거창읍,중상사고,0,1,0,0,차대차 - 측면직각충돌,안전운전불이행,건조,맑음,단일로 - 기타,승용,남,60세,상해없음,자전거,남,13세,중상
2013080400100310,2013년 8월 4일 16시,일요일,경상남도 김해시 진영읍,경상사고,0,0,2,0,차대차 - 측면직각충돌,교차로운행방법위반,습기,비,교차로 - 교차로안,승용,남,33세,상해없음,승용,여,26세,경상
2013080400100332,2013년 8월 4일 17시,일요일,경상남도 김해시 서상동,경상사고,0,0,1,0,차대차 - 측면직각충돌,교차로운행방법위반,습기,비,교차로 - 교차로안,승용,여,54세,상해없음,승용,남,64세,상해없음
2013080400100333,2013년 8월 4일 17시,일요일,경상남도 김해시 삼계동,중상사고,0,2,1,0,차대차 - 기타,중앙선침범,습기,비,단일로 - 기타,승용,남,69세,상해없음,승용,남,41세,중상
2013080400100334,2013년 8월 4일 17시,일요일,경상남도 김해시 동상동,중상사고,0,1,0,0,차대차 - 추돌 - 진행중,안전거리미확보,습기,비,교차로 - 교차로부근,승용,남,38세,상해없음,승용,여,39세,중상
2013080400100335,2013년 8월 4일 17시,일요일,경상남도 창원시 의창구 대산면,경상사고,0,0,1,4,차대차 - 기타,안전거리미확보,습기,비,단일로 - 기타,승용,남,41세,상해없음,승용,여,30세,경상
2013080400100385,2013년 8월 4일 19시,일요일,경상남도 창원시 마산회원구 합성동,중상사고,0,1,0,0,차대차 - 기타,안전운전불이행,습기,비,단일로 - 기타,승용,남,30세,상해없음,이륜,남,55세,중상
2013080400100410,2013년 8월 4일 20시,일요일,경상남도 통영시 봉평동,경상사고,0,0,1,0,차대차 - 측면직각충돌,직진우회전진행방해,건조,맑음,교차로 - 교차로안,이륜,남,51세,상해없음,승용,남,62세,상해없음
2013080400100411,2013년 8월 4일 20시,일요일,경상남도 김해시 외동,경상사고,0,0,1,0,차대차 - 기타,안전거리미확보,건조,맑음,교차로 - 교차로부근,승용,남,62세,상해없음,이륜,남,44세,경상
2013080400100412,2013년 8월 4일 20시,일요일,경상남도 거제시 상동동,중상사고,0,1,0,0,차대차 - 측면직각충돌,중앙선침범,건조,맑음,단일로 - 기타,승용,여,32세,상해없음,이륜,남,18세,중상
2013080400100435,2013년 8월 4일 21시,일요일,경상남도 사천시 사천읍,부상신고사고,0,0,0,1,차대차 - 추돌 - 진행중,안전운전불이행,건조,흐림,교차로 - 교차로안,승용,남,30세,상해없음,승용,여,39세,상해없음
2013080400100436,2013년 8월 4일 21시,일요일,경상남도 고성군 고성읍,경상사고,0,0,1,0,차대차 - 측면직각충돌,신호위반,건조,맑음,교차로 - 교차로안,승용,남,25세,상해없음,승용,여,38세,경상
2013080400100451,2013년 8월 4일 22시,일요일,경상남도 김해시 대동면,중상사고,0,2,2,0,차대차 - 추돌 - 주정차중,안전운전불이행,건조,맑음,단일로 - 기타,승용,여,46세,상해없음,승용,여,43세,중상
2013080400100460,2013년 8월 4일 22시,일요일,경상남도 김해시 내동,경상사고,0,0,1,0,차대차 - 기타,안전운전불이행,건조,맑음,단일로 - 기타,이륜,남,15세,경상,승용,남,47세,상해없음
2013080500100060,2013년 8월 5일 07시,월요일,경상남도 창원시 진해구 풍호동,경상사고,0,0,1,1,차대차 - 측면직각충돌,직진우회전진행방해,건조,맑음,교차로 - 교차로안,승용,여,52세,부상신고,승용,여,43세,경상
2013080500100061,2013년 8월 5일 07시,월요일,경상남도 밀양시 무안면,경상사고,0,0,1,0,차대차 - 측면직각충돌,교차로운행방법위반,건조,맑음,교차로 - 교차로안,화물,남,66세,상해없음,화물,남,53세,경상
2013080500100062,2013년 8월 5일 07시,월요일,경상남도 거제시 고현동,중상사고,0,1,0,0,차대차 - 측면직각충돌,교차로운행방법위반,건조,맑음,교차로 - 교차로안,승용,남,64세,상해없음,이륜,남,64세,중상
2013080500100099,2013년 8월 5일 08시,월요일,경상남도 창원시 진해구 안골동,경상사고,0,0,3,0,차대차 - 측면직각충돌,교차로운행방법위반,건조,맑음,교차로 - 교차로안,승용,남,70세,경상,승용,남,20세,경상
2013080500100100,2013년 8월 5일 08시,월요일,경상남도 김해시 동상동,경상사고,0,0,1,0,차대차 - 측면직각충돌,교차로운행방법위반,건조,맑음,교차로 - 교차로안,이륜,여,36세,경상,승용,남,35세,상해없음
2013080500100102,2013년 8월 5일 08시,월요일,경상남도 김해시 진영읍,경상사고,0,0,1,0,차대차 - 기타,교차로운행방법위반,건조,맑음,교차로 - 교차로안,승용,남,32세,상해없음,승용,남,27세,경상
2013080500100114,2013년 8월 5일 09시,월요일,경상남도 김해시 장유면,사망사고,1,0,0,0,차량단독 - 기타,안전운전불이행,건조,맑음,단일로 - 기타,화물,남,43세,사망,,,,
2013080500100131,2013년 8월 5일 09시,월요일,경상남도 창원시 진해구 청안동,경상사고,0,0,2,0,차대차 - 측면직각충돌,안전운전불이행,건조,맑음,교차로 - 교차로안,승용,남,22세,상해없음,승합,남,41세,경상
2013080500100162,2013년 8월 5일 10시,월요일,경상남도 밀양시 교동,경상사고,0,0,1,0,차대차 - 추돌 - 주정차중,안전운전불이행,건조,맑음,교차로 - 교차로부근,화물,남,59세,상해없음,승용,남,63세,경상
2013080500100163,2013년 8월 5일 10시,월요일,경상남도 함양군 함양읍,경상사고,0,0,1,0,차대차 - 측면직각충돌,교차로운행방법위반,건조,맑음,교차로 - 교차로안,승용,여,35세,상해없음,승용,남,66세,상해없음
2013080500100193,2013년 8월 5일 11시,월요일,경상남도 통영시 무전동,경상사고,0,0,1,0,차대차 - 측면직각충돌,직진우회전진행방해,건조,맑음,교차로 - 교차로안,승용,남,52세,상해없음,승용,남,54세,경상
2013080500100194,2013년 8월 5일 11시,월요일,경상남도 사천시 벌리동,경상사고,0,0,1,0,차대차 - 기타,안전운전불이행,건조,흐림,교차로 - 교차로부근,승용,남,74세,상해없음,승용,여,36세,상해없음
2013080500100195,2013년 8월 5일 11시,월요일,경상남도 남해군 남해읍,경상사고,0,0,1,0,차대사람 - 기타,안전운전불이행,건조,맑음,기타 - 기타,화물,남,37세,상해없음,보행자,남,59세,경상
2013080500100196,2013년 8월 5일 11시,월요일,경상남도 김해시 장유면,중상사고,0,1,0,0,차대차 - 기타,중앙선침범,건조,맑음,단일로 - 기타,기타불명,기타불명,기타불명,기타불명,화물,남,41세,중상
2013080500100223,2013년 8월 5일 12시,월요일,경상남도 창원시 마산합포구 교방동,중상사고,0,1,0,0,차대차 - 추돌 - 주정차중,안전운전불이행,건조,맑음,교차로 - 교차로부근,승용,남,69세,상해없음,승용,여,45세,중상
2013080500100224,2013년 8월 5일 12시,월요일,경상남도 통영시 광도면,부상신고사고,0,0,0,1,차대차 - 정면충돌,안전운전불이행,건조,맑음,단일로 - 기타,원동기,남,35세,부상신고,승용,남,55세,상해없음
2013080500100225,2013년 8월 5일 12시,월요일,경상남도 김해시 서상동,경상사고,0,0,1,0,차대차 - 측면직각충돌,기타,건조,맑음,단일로 - 기타,화물,여,39세,상해없음,이륜,남,31세,경상
2013080500100226,2013년 8월 5일 12시,월요일,경상남도 양산시 남부동,부상신고사고,0,0,0,1,차대차 - 측면직각충돌,안전운전불이행,건조,맑음,단일로 - 기타,승용,남,34세,상해없음,승합,남,44세,부상신고
2013080500100253,2013년 8월 5일 13시,월요일,경상남도 진주시 가좌동,중상사고,0,1,0,0,차대차 - 측면직각충돌,교차로운행방법위반,건조,맑음,교차로 - 교차로안,승용,여,28세,상해없음,이륜,남,31세,중상
2013080500100254,2013년 8월 5일 13시,월요일,경상남도 창원시 진해구 이동,경상사고,0,0,1,0,차대차 - 기타,안전운전불이행,건조,맑음,교차로 - 교차로안,승용,남,40세,상해없음,승용,남,28세,경상
2013080500100255,2013년 8월 5일 13시,월요일,경상남도 사천시 동금동,중상사고,0,1,0,0,차대사람 - 기타,안전운전불이행,건조,맑음,단일로 - 기타,승합,남,53세,상해없음,보행자,여,68세,중상
2013080500100256,2013년 8월 5일 13시,월요일,경상남도 창녕군 영산면,중상사고,0,1,0,0,차대차 - 기타,안전운전불이행,건조,맑음,단일로 - 기타,승용,남,75세,상해없음,이륜,여,64세,중상
2013080500100257,2013년 8월 5일 13시,월요일,경상남도 양산시 북부동,경상사고,0,0,1,0,차대차 - 측면직각충돌,안전운전불이행,건조,맑음,단일로 - 기타,승용,여,46세,상해없음,자전거,남,50세,경상
2013080500100295,2013년 8월 5일 14시,월요일,경상남도 진주시 수정동,중상사고,0,1,0,0,차량단독 - 기타,기타,건조,맑음,단일로 - 기타,승합,남,47세,상해없음,,,,
2013080500100296,2013년 8월 5일 14시,월요일,경상남도 김해시 안동,부상신고사고,0,0,0,1,차대차 - 측면직각충돌,중앙선침범,건조,맑음,교차로 - 교차로안,이륜,남,56세,부상신고,화물,남,38세,상해없음
2013080500100297,2013년 8월 5일 14시,월요일,경상남도 김해시 외동,중상사고,0,1,0,0,차대사람 - 기타,안전운전불이행,건조,맑음,단일로 - 기타,승용,여,58세,상해없음,보행자,여,47세,중상
2013080500100298,2013년 8월 5일 14시,월요일,경상남도 김해시 어방동,중상사고,0,1,0,0,차대차 - 정면충돌,안전운전불이행,건조,맑음,단일로 - 기타,승용,여,44세,상해없음,승용,여,40세,중상
2013080500100299,2013년 8월 5일 14시,월요일,경상남도 김해시 장유면,경상사고,0,0,1,0,차대사람 - 기타,안전운전불이행,건조,맑음,교차로 - 교차로안,화물,남,36세,상해없음,보행자,남,39세,경상
2013080500100325,2013년 8월 5일 15시,월요일,경상남도 김해시 서상동,경상사고,0,0,1,0,차대차 - 측면직각충돌,기타,건조,맑음,단일로 - 기타,승용,남,44세,상해없음,이륜,남,54세,경상
2013080500100357,2013년 8월 5일 16시,월요일,경상남도 진주시 망경동,경상사고,0,0,1,0,차대차 - 추돌 - 주정차중,안전운전불이행,건조,맑음,교차로 - 교차로부근,승용,남,56세,상해없음,승용,여,35세,경상
2013080500100358,2013년 8월 5일 16시,월요일,경상남도 사천시 좌룡동,경상사고,0,0,5,0,차대차 - 기타,안전운전불이행,건조,맑음,단일로 - 기타,건설기계,남,55세,상해없음,승용,여,41세,경상
2013080500100359,2013년 8월 5일 16시,월요일,경상남도 밀양시 교동,경상사고,0,0,3,0,차대차 - 측면직각충돌,신호위반,건조,맑음,교차로 - 교차로안,승용,여,57세,상해없음,화물,남,47세,경상
2013080500100404,2013년 8월 5일 17시,월요일,경상남도 진주시 수곡면,중상사고,0,1,0,0,차대차 - 측면직각충돌,직진우회전진행방해,건조,맑음,교차로 - 교차로안,화물,남,37세,상해없음,원동기,남,89세,중상
2013080500100405,2013년 8월 5일 17시,월요일,경상남도 남해군 남해읍,중상사고,0,2,1,0,차대차 - 정면충돌,중앙선침범,건조,맑음,기타 - 기타,농기계,남,76세,중상,화물,남,51세,경상
2013080500100436,2013년 8월 5일 18시,월요일,경상남도 창원시 진해구 이동,중상사고,0,1,0,0,차대사람 - 횡단중,안전운전불이행,건조,맑음,교차로 - 교차로안,승용,남,75세,상해없음,보행자,여,74세,중상
2013080500100485,2013년 8월 5일 19시,월요일,경상남도 창원시 마산합포구 신포동1가,경상사고,0,0,1,0,차대사람 - 기타,안전운전불이행,건조,맑음,단일로 - 기타,승용,남,65세,상해없음,보행자,남,53세,경상
2013080500100486,2013년 8월 5일 19시,월요일,경상남도 양산시 남부동,중상사고,0,1,0,0,차대차 - 측면직각충돌,안전운전불이행,건조,맑음,교차로 - 교차로안,승용,남,36세,상해없음,이륜,남,36세,중상
2013080500100487,2013년 8월 5일 19시,월요일,경상남도 거제시 사등면,경상사고,0,0,4,0,차대차 - 측면직각충돌,안전거리미확보,건조,맑음,단일로 - 기타,승용,여,30세,상해없음,승용,여,41세,경상
2013080500100488,2013년 8월 5일 19시,월요일,경상남도 창원시 성산구 내동,중상사고,0,1,0,0,차대차 - 측면직각충돌,안전운전불이행,건조,맑음,교차로 - 교차로안,승용,남,42세,상해없음,자전거,여,46세,중상