사고번호,사고일시,요일,시군구,사고내용,사망자수,중상자수,경상자수,부상신고자수,사고유형,법규위반,노면상태,기상상태,도로형태,가해운전자 차종,가해운전자 성별,가해운전자 연령,가해운전자 상해정도,피해운전자 차종,피해운전자 성별,피해운전자 연령,피해운전자 상해정도
2013081500100315,2013년 8월 15일 14시,목요일,경상남도 김해시 삼방동,경상사고,0,0,1,0,차대사람 - 보도통행중,기타,건조,맑음,기타 - 기타,이륜,남,57세,상해없음,보행자,남,4세,경상
2013081500100340,2013년 8월 15일 15시,목요일,경상남도 창원시 의창구 동읍,경상사고,0,0,1,0,차대사람 - 기타,안전운전불이행,건조,맑음,단일로 - 기타,승합,남,61세,상해없음,보행자,여,65세,경상
2013081500100341,2013년 8월 15일 15시,목요일,경상남도 김해시 한림면,경상사고,0,0,1,0,차대차 - 측면직각충돌,안전운전불이행,건조,맑음,단일로 - 기타,화물,남,56세,상해없음,승용,남,33세,경상
2013081500100379,2013년 8월 15일 16시,목요일,경상남도 함양군 서하면,부상신고사고,0,0,0,1,차대차 - 추돌 - 주정차중,교차로운행방법위반,건조,맑음,교차로 - 교차로안,이륜,남,75세,부상신고,승용,여,56세,상해없음
2013081500100380,2013년 8월 15일 16시,목요일,경상남도 창원시 성산구 외동,중상사고,0,1,1,0,차대차 - 측면직각충돌,안전운전불이행,건조,맑음,단일로 - 기타,승용,남,63세,상해없음,화물,남,52세,경상
2013081500100393,2013년 8월 15일 17시,목요일,경상남도 양산시 동면,경상사고,0,0,2,0,차대차 - 측면직각충돌,안전운전불이행,건조,맑음,단일로 - 기타,승용,남,24세,상해없음,승용,남,46세,경상
2013081500100416,2013년 8월 15일 17시,목요일,경상남도 진주시 망경동,중상사고,0,1,0,0,차대사람 - 횡단중,안전운전불이행,건조,맑음,교차로 - 교차로부근,승용,남,33세,상해없음,보행자,여,11세,중상
2013081500100447,2013년 8월 15일 18시,목요일,경상남도 진주시 일반성면,중상사고,0,1,1,0,차대차 - 기타,중앙선침범,건조,맑음,단일로 - 기타,이륜,남,56세,경상,자전거,여,65세,중상
2013081500100448,2013년 8월 15일 18시,목요일,경상남도 통영시 당동,중상사고,0,1,0,0,차대차 - 측면직각충돌,직진우회전진행방해,건조,맑음,교차로 - 교차로안,승용,여,46세,상해없음,자전거,남,72세,중상
2013081500100449,2013년 8월 15일 18시,목요일,경상남도 창녕군 남지읍,중상사고,0,2,1,0,차대차 - 기타,신호위반,건조,맑음,교차로 - 교차로안,승합,남,27세,상해없음,승용,여,36세,중상
2013081500100477,2013년 8월 15일 19시,목요일,경상남도 통영시 광도면,경상사고,0,0,2,0,차대차 - 측면직각충돌,직진우회전진행방해,건조,맑음,교차로 - 교차로안,승용,남,65세,상해없음,승용,남,50세,경상
2013081500100505,2013년 8월 15일 20시,목요일,경상남도 진주시 칠암동,경상사고,0,0,1,0,차대차 - 측면직각충돌,안전운전불이행,건조,맑음,단일로 - 기타,승용,남,40세,상해없음,승용,남,55세,경상
2013081500100506,2013년 8월 15일 20시,목요일,경상남도 밀양시 삼랑진읍,중상사고,0,1,0,0,차대사람 - 기타,안전운전불이행,건조,맑음,단일로 - 기타,이륜,남,71세,상해없음,보행자,여,66세,중상
2013081500100507,2013년 8월 15일 20시,목요일,경상남도 김해시 부원동,경상사고,0,0,2,0,차대차 - 기타,안전운전불이행,건조,맑음,교차로 - 교차로부근,승용,남,42세,상해없음,승용,여,39세,경상
2013081500100508,2013년 8월 15일 20시,목요일,경상남도 창원시 마산회원구 봉암동,경상사고,0,0,1,0,차대차 - 측면직각충돌,신호위반,건조,맑음,교차로 - 교차로안,승용,여,24세,상해없음,승용,남,48세,경상
2013081500100533,2013년 8월 15일 21시,목요일,경상남도 창원시 진해구 용원동,경상사고,0,0,1,0,차대차 - 기타,중앙선침범,건조,맑음,단일로 - 기타,원동기,남,18세,상해없음,화물,여,55세,경상
2013081500100534,2013년 8월 15일 21시,목요일,경상남도 양산시 하북면,중상사고,0,1,0,0,차량단독 - 공작물충돌,안전운전불이행,건조,맑음,단일로 - 기타,승용,여,49세,상해없음,,,,
2013081500100561,2013년 8월 15일 23시,목요일,경상남도 거제시 옥포동,경상사고,0,0,1,0,차대차 - 기타,안전운전불이행,건조,맑음,교차로 - 교차로안,승용,남,36세,상해없음,승용,여,43세,경상
2013081600100021,2013년 8월 16일 01시,금요일,경상남도 김해시 주촌면,경상사고,0,0,1,0,차대차 - 측면직각충돌,안전운전불이행,건조,맑음,단일로 - 기타,승용,남,60세,상해없음,화물,남,37세,경상
2013081600100052,2013년 8월 16일 05시,금요일,경상남도 함양군 마천면,중상사고,0,1,0,0,차량단독 - 도로외이탈 - 추락,안전운전불이행,습기,흐림,단일로 - 기타,승용,여,60세,상해없음,,,,
2013081600100067,2013년 8월 16일 06시,금요일,경상남도 통영시 광도면,중상사고,0,1,0,0,차대차 - 측면직각충돌,직진우회전진행방해,건조,맑음,교차로 - 교차로안,승합,여,46세,상해없음,이륜,남,17세,중상
2013081600100068,2013년 8월 16일 06시,금요일,경상남도 밀양시 부북면,경상사고,0,0,1,0,차대차 - 측면직각충돌,교차로운행방법위반,건조,맑음,교차로 - 교차로안,화물,여,47세,상해없음,자전거,남,68세,경상
2013081600100069,2013년 8월 16일 06시,금요일,경상남도 양산시 동면,경상사고,0,0,1,1,차대차 - 측면직각충돌,안전거리미확보,건조,맑음,단일로 - 기타,화물,남,55세,상해없음,승용,남,44세,경상
2013081600100070,2013년 8월 16일 06시,금요일,경상남도 거제시 연초면,중상사고,0,1,0,0,차대사람 - 기타,안전운전불이행,건조,기타,기타 - 기타,승용,남,38세,상해없음,보행자,남,53세,중상
2013081600100071,2013년 8월 16일 06시,금요일,경상남도 창원시 성산구 중앙동,중상사고,0,1,0,0,차대사람 - 기타,안전운전불이행,건조,맑음,단일로 - 기타,승용,남,55세,상해없음,보행자,남,51세,중상
2013081600100088,2013년 8월 16일 07시,금요일,경상남도 거제시 옥포동,경상사고,0,0,1,0,차대차 - 추돌 - 진행중,신호위반,건조,맑음,교차로 - 교차로안,승용,남,25세,상해없음,이륜,남,34세,경상
2013081600100089,2013년 8월 16일 07시,금요일,경상남도 남해군 상주면,중상사고,0,1,1,0,차량단독 - 전도전복,안전운전불이행,건조,맑음,기타 - 기타,화물,남,57세,경상,,,,
2013081600100147,2013년 8월 16일 09시,금요일,경상남도 진주시 봉곡동,중상사고,0,1,0,0,차대차 - 측면직각충돌,직진우회전진행방해,건조,맑음,교차로 - 교차로안,승용,여,40세,상해없음,자전거,남,73세,중상
2013081600100213,2013년 8월 16일 11시,금요일,경상남도 창녕군 창녕읍,경상사고,0,0,1,0,차대차 - 측면직각충돌,직진우회전진행방해,건조,맑음,교차로 - 교차로안,화물,남,43세,상해없음,화물,남,31세,경상
2013081600100276,2013년 8월 16일 13시,금요일,경상남도 김해시 동상동,중상사고,0,1,0,0,차대차 - 추돌 - 진행중,차로위반,건조,맑음,교차로 - 교차로부근,승용,남,60세,상해없음,승용,여,38세,중상
2013081600100277,2013년 8월 16일 13시,금요일,경상남도 고성군 상리면,경상사고,0,0,3,0,차대차 - 추돌 - 주정차중,안전거리미확보,건조,맑음,단일로 - 기타,화물,남,54세,상해없음,승용,여,58세,경상
2013081600100314,2013년 8월 16일 14시,금요일,경상남도 진주시 계동,경상사고,0,0,1,0,차대사람 - 횡단중,보행자보호의무위반,건조,맑음,단일로 - 기타,승용,여,37세,상해없음,보행자,여,55세,경상
2013081600100315,2013년 8월 16일 14시,금요일,경상남도 밀양시 산내면,중상사고,0,1,0,0,차대사람 - 기타,안전운전불이행,건조,맑음,단일로 - 기타,승용,여,18세,상해없음,보행자,남,18세,중상
2013081600100316,2013년 8월 16일 14시,금요일,경상남도 양산시 용당동,중상사고,0,2,0,0,차대차 - 추돌 - 진행중,안전운전불이행,건조,맑음,교차로 - 교차로안,건설기계,남,39세,상해없음,승용,남,62세,중상
2013081600100317,2013년 8월 16일 14시,금요일,경상남도 창원시 의창구 동읍,중상사고,0,1,0,0,차대차 - 기타,안전운전불이행,건조,맑음,단일로 - 기타,승용,남,42세,상해없음,승용,남,61세,중상
2013081600100345,2013년 8월 16일 15시,금요일,경상남도 창원시 마산합포구 중앙동1가,경상사고,0,0,1,0,차대차 - 측면직각충돌,신호위반,건조,맑음,교차로 - 교차로안,승용,여,26세,상해없음,원동기,남,66세,경상
2013081600100346,2013년 8월 16일 15시,금요일,경상남도 창원시 진해구 남양동,중상사고,0,1,0,0,차대차 - 기타,안전운전불이행,건조,맑음,단일로 - 기타,승용,남,56세,중상,승용,남,43세,기타불명
2013081600100347,2013년 8월 16일 15시,금요일,경상남도 김해시 진영읍,경상사고,0,0,1,0,차대차 - 기타,신호위반,건조,맑음,교차로 - 교차로안,화물,남,48세,상해없음,화물,남,61세,경상
2013081600100396,2013년 8월 16일 16시,금요일,경상남도 거제시 연초면,중상사고,0,2,0,0,차대차 - 기타,안전운전불이행,건조,맑음,단일로 - 기타,승용,여,39세,상해없음,승용,남,42세,중상
2013081600100432,2013년 8월 16일 17시,금요일,경상남도 진주시 이현동,경상사고,0,0,1,0,차대차 - 측면직각충돌,직진우회전진행방해,건조,맑음,교차로 - 교차로안,승용,남,34세,상해없음,자전거,남,14세,경상
2013081600100433,2013년 8월 16일 17시,금요일,경상남도 사천시 용현면,경상사고,0,0,1,0,차대차 - 측면직각충돌,교차로운행방법위반,건조,맑음,교차로 - 교차로안,승용,남,56세,상해없음,승용,여,32세,경상
2013081600100479,2013년 8월 16일 18시,금요일,경상남도 진주시 집현면,중상사고,0,1,0,0,차량단독 - 전도전복,안전운전불이행,건조,맑음,단일로 - 기타,이륜,남,71세,중상,,,,
2013081600100480,2013년 8월 16일 18시,금요일,경상남도 합천군 합천읍,경상사고,0,0,1,0,차대차 - 측면직각충돌,교차로운행방법위반,건조,맑음,교차로 - 교차로안,원동기,여,40세,경상,승용,남,46세,상해없음
2013081600100481,2013년 8월 16일 18시,금요일,경상남도 남해군 설천면,경상사고,0,0,1,0,차대사람 - 기타,안전운전불이행,건조,맑음,기타 - 기타,이륜,남,78세,상해없음,보행자,여,88세,경상
2013081600100608,2013년 8월 16일 22시,금요일,경상남도 사천시 향촌동,중상사고,0,1,0,0,차대차 - 정면충돌,안전운전불이행,건조,맑음,단일로 - 기타,승합,남,55세,상해없음,자전거,남,66세,중상
2013081600100633,2013년 8월 16일 23시,금요일,경상남도 김해시 내동,중상사고,0,1,1,0,차대차 - 추돌 - 진행중,안전거리미확보,건조,맑음,교차로 - 교차로부근,승용,남,47세,상해없음,승용,남,50세,경상
2013081700100014,2013년 8월 17일 00시,토요일,경상남도 거제시 상동동,경상사고,0,0,3,0,차대차 - 추돌 - 진행중,안전거리미확보,건조,맑음,단일로 - 기타,승용,남,29세,상해없음,승용,남,26세,경상
2013081700100015,2013년 8월 17일 00시,토요일,경상남도 창원시 성산구 상남동,중상사고,0,3,1,0,차대차 - 추돌 - 진행중,안전운전불이행,건조,맑음,단일로 - 기타,승용,남,52세,상해없음,승용,남,61세,경상
2013081700100016,2013년 8월 17일 00시,토요일,경상남도 창원시 성산구 상남동,경상사고,0,0,1,1,차대차 - 추돌 - 진행중,안전운전불이행,건조,맑음,교차로 - 교차로부근,승용,남,31세,상해없음,승용,남,46세,경상
2013081700100036,2013년 8월 17일 01시,토요일,경상남도 창원시 성산구 상남동,경상사고,0,0,1,0,차대사람 - 길가장자리구역통행중,안전운전불이행,건조,맑음,단일로 - 기타,승용,남,48세,상해없음,보행자,남,30세,경상
2013081700100037,2013년 8월 17일 01시,토요일,경상남도 산청군 금서면,중상사고,0,1,0,0,차량단독 - 전도전복,안전운전불이행,건조,맑음,단일로 - 기타,승용,남,29세,상해없음,,,,
2013081700100058,2013년 8월 17일 03시,토요일,경상남도 창원시 마산합포구 서성동,경상사고,0,0,1,0,차대차 - 측면직각충돌,신호위반,건조,맑음,교차로 - 교차로안,승용,남,43세,상해없음,승용,남,66세,경상
2013081700100059,2013년 8월 17일 03시,토요일,경상남도 거제시 능포동,경상사고,0,0,1,0,차대사람 - 기타,안전운전불이행,건조,맑음,교차로 - 교차로부근,승용,남,42세,상해없음,보행자,남,78세,경상
2013081700100085,2013년 8월 17일 05시,토요일,경상남도 거제시 고현동,경상사고,0,0,1,0,차대차 - 기타,안전운전불이행,건조,맑음,교차로 - 교차로부근,승용,남,32세,상해없음,승용,남,62세,기타불명
2013081700100100,2013년 8월 17일 06시,토요일,경상남도 김해시 동상동,중상사고,0,1,0,0,차대차 - 측면직각충돌,교차로운행방법위반,건조,맑음,교차로 - 교차로부근,이륜,여,73세,중상,승용,남,44세,상해없음
2013081700100119,2013년 8월 17일 07시,토요일,경상남도 산청군 금서면,경상사고,0,0,3,0,차대차 - 측면직각충돌,안전거리미확보,건조,맑음,교차로 - 교차로안,승용,남,46세,상해없음,승용,남,45세,경상
2013081700100120,2013년 8월 17일 07시,토요일,경상남도 산청군 신안면,중상사고,0,1,0,0,차대차 - 측면직각충돌,안전운전불이행,건조,맑음,교차로 - 교차로안,승용,남,46세,상해없음,농기계,남,56세,중상
2013081700100121,2013년 8월 17일 07시,토요일,경상남도 창원시 성산구 반림동,경상사고,0,0,1,0,차대사람 - 횡단중,신호위반,건조,맑음,교차로 - 교차로부근,승합,남,58세,상해없음,보행자,남,54세,경상
2013081700100189,2013년 8월 17일 10시,토요일,경상남도 함양군 안의면,중상사고,0,2,1,0,차대차 - 측면직각충돌,중앙선침범,건조,맑음,교차로 - 교차로부근,승용,남,57세,상해없음,건설기계,남,65세,상해없음
2013081700100190,2013년 8월 17일 10시,토요일,경상남도 산청군 신안면,중상사고,0,1,0,0,차대차 - 측면직각충돌,안전운전불이행,건조,맑음,단일로 - 기타,건설기계,남,57세,상해없음,화물,남,52세,중상
2013081700100222,2013년 8월 17일 11시,토요일,경상남도 창원시 마산합포구 월남동5가,중상사고,0,1,0,0,차대사람 - 기타,안전운전불이행,건조,맑음,단일로 - 기타,자전거,남,9세,상해없음,보행자,여,45세,중상
2013081700100223,2013년 8월 17일 11시,토요일,경상남도 함안군 가야읍,부상신고사고,0,0,0,2,차대차 - 기타,안전운전불이행,건조,맑음,단일로 - 기타,승합,남,40세,상해없음,이륜,남,72세,부상신고
2013081700100250,2013년 8월 17일 12시,토요일,경상남도 고성군 회화면,경상사고,0,0,3,0,차대차 - 추돌 - 진행중,안전운전불이행,건조,맑음,단일로 - 기타,승용,남,21세,상해없음,승용,남,41세,상해없음
2013081700100286,2013년 8월 17일 13시,토요일,경상남도 창녕군 창녕읍,사망사고,1,1,0,0,차대사람 - 기타,안전운전불이행,건조,맑음,교차로 - 교차로부근,화물,남,71세,상해없음,보행자,여,70세,사망
2013081700100287,2013년 8월 17일 13시,토요일,경상남도 하동군 악양면,사망사고,1,0,0,0,차대사람 - 기타,안전운전불이행,건조,맑음,단일로 - 기타,화물,남,41세,상해없음,보행자,남,2세,사망
2013081700100288,2013년 8월 17일 13시,토요일,경상남도 김해시 진영읍,경상사고,0,0,3,0,차대차 - 측면직각충돌,중앙선침범,건조,맑음,단일로 - 기타,승용,여,38세,상해없음,승용,남,45세,경상
2013081700100318,2013년 8월 17일 14시,토요일,경상남도 밀양시 단장면,중상사고,0,3,0,0,차대차 - 정면충돌,중앙선침범,건조,맑음,단일로 - 기타,승용,여,63세,상해없음,승용,남,48세,중상
2013081700100319,2013년 8월 17일 14시,토요일,경상남도 양산시 중부동,중상사고,0,1,0,0,차대차 - 측면직각충돌,신호위반,건조,맑음,교차로 - 교차로안,승용,남,57세,상해없음,이륜,남,41세,중상
2013081700100320,2013년 8월 17일 14시,토요일,경상남도 의령군 정곡면,경상사고,0,0,2,0,차대차 - 측면직각충돌,중앙선침범,건조,맑음,단일로 - 기타,승용,남,67세,상해없음,승용,남,47세,경상
2013081700100352,2013년 8월 17일 15시,토요일,경상남도 진주시 초전동,사망사고,1,0,0,0,차대차 - 측면직각충돌,신호위반,건조,맑음,교차로 - 교차로안,자전거,남,77세,사망,화물,남,52세,상해없음
2013081700100353,2013년 8월 17일 15시,토요일,경상남도 양산시 주진동,경상사고,0,0,1,1,차대차 - 추돌 - 진행중,안전거리미확보,건조,맑음,단일로 - 기타,화물,남,55세,상해없음,승합,남,58세,상해없음
2013081700100388,2013년 8월 17일 16시,토요일,경상남도 통영시 북신동,경상사고,0,0,1,0,차량단독 - 기타,안전운전불이행,건조,맑음,단일로 - 기타,승합,남,42세,상해없음,,,,
2013081700100389,2013년 8월 17일 16시,토요일,경상남도 거제시 옥포동,중상사고,0,1,0,0,차대사람 - 기타,안전운전불이행,건조,맑음,단일로 - 기타,승용,남,46세,상해없음,보행자,남,62세,중상
2013081700100390,2013년 8월 17일 16시,토요일,경상남도 창원시 의창구 동읍,중상사고,0,3,1,0,차대차 - 추돌 - 진행중,안전운전불이행,건조,맑음,단일로 - 터널,승용,남,50세,상해없음,승용,남,34세,중상
2013081700100420,2013년 8월 17일 17시,토요일,경상남도 창원시 진해구 풍호동,경상사고,0,0,1,0,차대사람 - 기타,안전운전불이행,건조,맑음,기타 - 기타,승용,남,32세,기타불명,보행자,남,4세,경상
2013081700100421,2013년 8월 17일 17시,토요일,경상남도 사천시 사천읍,중상사고,0,1,0,0,차대차 - 기타,안전운전불이행,건조,맑음,단일로 - 기타,승용,여,46세,상해없음,승용,여,42세,중상
2013081700100422,2013년 8월 17일 17시,토요일,경상남도 사천시 정동면,경상사고,0,0,1,0,차대사람 - 기타,안전운전불이행,건조,흐림,단일로 - 기타,승합,남,46세,상해없음,보행자,남,45세,경상
2013081700100423,2013년 8월 17일 17시,토요일,경상남도 하동군 화개면,경상사고,0,0,1,0,차대사람 - 기타,안전운전불이행,건조,맑음,단일로 - 기타,승용,남,37세,상해없음,보행자,남,8세,경상
2013081700100454,2013년 8월 17일 18시,토요일,경상남도 사천시 정동면,경상사고,0,0,2,0,차대차 - 기타,교차로운행방법위반,건조,맑음,교차로 - 교차로안,승용,여,29세,상해없음,승용,여,59세,경상
2013081700100491,2013년 8월 17일 19시,토요일,경상남도 밀양시 내일동,경상사고,0,0,1,0,차대사람 - 횡단중,보행자보호의무위반,건조,맑음,단일로 - 횡단보도상,승용,남,24세,상해없음,보행자,여,70세,경상
2013081700100521,2013년 8월 17일 20시,토요일,경상남도 김해시 동상동,중상사고,0,1,2,0,차대차 - 추돌 - 주정차중,안전운전불이행,건조,맑음,단일로 - 기타,승용,남,41세,상해없음,승용,남,42세,경상
2013081700100549,2013년 8월 17일 21시,토요일,경상남도 창원시 마산합포구 신포동2가,부상신고사고,0,0,0,1,차대차 - 측면직각충돌,신호위반,건조,맑음,교차로 - 교차로안,원동기,남,23세,부상신고,승용,남,56세,상해없음
2013081700100550,2013년 8월 17일 21시,토요일,경상남도 거제시 고현동,경상사고,0,0,2,0,차대차 - 추돌 - 진행중,안전운전불이행,건조,맑음,단일로 - 기타,승용,남,51세,상해없음,승용,남,29세,경상
2013081700100581,2013년 8월 17일 22시,토요일,경상남도 김해시 봉황동,경상사고,0,0,4,0,차대차 - 추돌 - 주정차중,안전운전불이행,건조,맑음,단일로 - 기타,승용,남,58세,상해없음,승용,남,39세,경상
2013081700100582,2013년 8월 17일 22시,토요일,경상남도 김해시 삼계동,중상사고,0,1,0,0,차대차 - 측면직각충돌,교차로운행방법위반,건조,맑음,교차로 - 교차로안,승용,남,22세,상해없음,원동기,남,18세,중상
2013081800100082,2013년 8월 18일 04시,일요일,경상남도 창원시 진해구 장천동,중상사고,0,3,2,0,차대차 - 정면충돌,중앙선침범,건조,맑음,단일로 - 기타,승용,남,44세,경상,승용,남,18세,경상
2013081800100093,2013년 8월 18일 05시,일요일,경상남도 진주시 상대동,중상사고,0,1,0,0,차대차 - 추돌 - 진행중,안전운전불이행,건조,맑음,교차로 - 교차로부근,승용,기타불명,기타불명,기타불명,승용,남,43세,상해없음
2013081800100094,2013년 8월 18일 05시,일요일,경상남도 사천시 벌리동,경상사고,0,0,2,0,차대차 - 측면직각충돌,신호위반,건조,맑음,교차로 - 교차로안,승용,남,74세,상해없음,승용,남,66세,경상
2013081800100095,2013년 8월 18일 05시,일요일,경상남도 남해군 남면,중상사고,0,1,0,0,차대사람 - 기타,안전운전불이행,건조,맑음,단일로 - 기타,기타불명,기타불명,기타불명,기타불명,보행자,여,76세,중상
2013081800100113,2013년 8월 18일 07시,일요일,경상남도 창원시 의창구 용동,경상사고,0,0,1,0,차대차 - 기타,안전거리미확보,건조,맑음,단일로 - 기타,승용,남,69세,상해없음,승용,남,53세,상해없음
2013081800100136,2013년 8월 18일 09시,일요일,경상남도 창원시 진해구 이동,중상사고,0,1,0,0,차대차 - 측면직각충돌,안전거리미확보,건조,맑음,단일로 - 기타,승용,남,75세,상해없음,원동기,남,53세,중상
2013081800100154,2013년 8월 18일 10시,일요일,경상남도 양산시 물금읍,중상사고,0,1,1,0,차대차 - 기타,안전거리미확보,건조,맑음,교차로 - 교차로안,화물,남,48세,상해없음,승용,여,32세,경상
2013081800100155,2013년 8월 18일 10시,일요일,경상남도 창원시 마산회원구 내서읍,중상사고,0,2,0,0,차대차 - 기타,신호위반,건조,맑음,교차로 - 교차로안,승용,남,63세,상해없음,승용,남,61세,중상
2013081800100172,2013년 8월 18일 11시,일요일,경상남도 밀양시 내이동,중상사고,0,2,1,0,차대차 - 기타,안전운전불이행,건조,맑음,교차로 - 교차로안,화물,남,36세,상해없음,승용,여,48세,경상
2013081800100173,2013년 8월 18일 11시,일요일,경상남도 합천군 삼가면,경상사고,0,0,1,0,차대차 - 측면직각충돌,안전운전불이행,건조,맑음,단일로 - 기타,화물,남,52세,상해없음,화물,남,56세,상해없음
2013081800100193,2013년 8월 18일 12시,일요일,경상남도 양산시 남부동,중상사고,0,3,0,0,차대차 - 기타,중앙선침범,건조,맑음,교차로 - 교차로안,승용,남,44세,중상,승용,남,33세,중상
2013081800100194,2013년 8월 18일 12시,일요일,경상남도 산청군 단성면,중상사고,0,1,0,0,차대사람 - 길가장자리구역통행중,안전운전불이행,건조,맑음,단일로 - 기타,승용,남,64세,상해없음,보행자,남,58세,중상
2013081800100195,2013년 8월 18일 12시,일요일,경상남도 창원시 성산구 반림동,중상사고,0,1,0,0,차대차 - 기타,중앙선침범,기타,맑음,단일로 - 기타,승용,여,48세,상해없음,승용,여,53세,중상
2013081800100196,2013년 8월 18일 12시,일요일,경상남도 창원시 의창구 소계동,중상사고,0,2,1,0,차대차 - 측면직각충돌,교차로운행방법위반,건조,맑음,교차로 - 교차로안,화물,여,48세,상해없음,승합,남,57세,중상
2013081800100212,2013년 8월 18일 13시,일요일,경상남도 진주시 평거동,경상사고,0,0,2,0,차대차 - 추돌 - 주정차중,안전운전불이행,건조,맑음,교차로 - 교차로안,승용,남,51세,상해없음,승용,남,34세,경상
2013081800100273,2013년 8월 18일 15시,일요일,경상남도 통영시 광도면,중상사고,0,2,0,0,차대차 - 측면직각충돌,신호위반,건조,맑음,교차로 - 교차로안,승용,여,42세,상해없음,승용,여,32세,중상
2013081800100274,2013년 8월 18일 15시,일요일,경상남도 거제시 장평동,중상사고,0,3,1,0,차대차 - 기타,안전운전불이행,건조,맑음,단일로 - 기타,승용,남,65세,상해없음,승용,남,22세,경상
2013081800100275,2013년 8월 18일 15시,일요일,경상남도 거제시 장목면,중상사고,0,1,1,0,차대차 - 기타,안전운전불이행,건조,맑음,교차로 - 교차로안,승용,남,25세,상해없음,승용,남,55세,중상
2013081800100276,2013년 8월 18일 15시,일요일,경상남도 창원시 마산회원구 합성동,경상사고,0,0,1,0,차대차 - 기타,안전운전불이행,건조,맑음,단일로 - 기타,승용,여,41세,상해없음,원동기,남,31세,경상
2013081800100294,2013년 8월 18일 16시,일요일,경상남도 김해시 안동,중상사고,0,1,0,0,차대차 - 정면충돌,중앙선침범,건조,맑음,단일로 - 기타,승용,남,55세,상해없음,원동기,남,77세,중상
2013081800100295,2013년 8월 18일 16시,일요일,경상남도 창녕군 영산면,경상사고,0,0,1,0,차대차 - 추돌 - 주정차중,안전운전불이행,건조,맑음,교차로 - 교차로부근,승합,남,76세,상해없음,화물,남,66세,경상
2013081800100296,2013년 8월 18일 16시,일요일,경상남도 남해군 이동면,경상사고,0,0,1,0,차량단독 - 공작물충돌,안전운전불이행,건조,맑음,기타 - 기타,승용,남,77세,경상,,,,
2013081800100297,2013년 8월 18일 16시,일요일,경상남도 창원시 성산구 중앙동,경상사고,0,0,6,0,차대차 - 기타,안전운전불이행,기타,맑음,교차로 - 교차로안,승용,남,21세,상해없음,승용,남,44세,경상
2013081800100323,2013년 8월 18일 17시,일요일,경상남도 사천시 벌리동,경상사고,0,0,1,0,차대차 - 기타,교차로운행방법위반,건조,맑음,교차로 - 교차로안,원동기,남,81세,경상,승용,남,31세,상해없음
2013081800100324,2013년 8월 18일 17시,일요일,경상남도 사천시 동금동,경상사고,0,0,2,0,차대차 - 기타,교차로운행방법위반,건조,맑음,교차로 - 교차로안,승합,남,62세,상해없음,승용,여,55세,경상
2013081800100325,2013년 8월 18일 17시,일요일,경상남도 고성군 거류면,경상사고,0,0,2,0,차대차 - 측면직각충돌,안전운전불이행,건조,맑음,단일로 - 기타,승용,남,29세,상해없음,승용,남,40세,경상
2013081800100326,2013년 8월 18일 17시,일요일,경상남도 함안군 산인면,경상사고,0,0,2,0,차대차 - 추돌 - 진행중,안전운전불이행,건조,맑음,단일로 - 기타,승용,여,21세,상해없음,승용,여,31세,경상
2013081800100346,2013년 8월 18일 18시,일요일,경상남도 김해시 구산동,중상사고,0,1,0,0,차대차 - 추돌 - 진행중,교차로운행방법위반,건조,맑음,교차로 - 교차로부근,승용,여,61세,중상,승용,남,27세,상해없음
2013081800100347,2013년 8월 18일 18시,일요일,경상남도 함안군 법수면,중상사고,0,1,0,0,차대사람 - 기타,안전운전불이행,건조,맑음,기타 - 기타,승용,여,52세,상해없음,보행자,여,63세,중상
2013081800100371,2013년 8월 18일 19시,일요일,경상남도 고성군 거류면,중상사고,0,1,0,0,차대차 - 추돌 - 진행중,안전운전불이행,건조,맑음,교차로 - 교차로안,승용,남,35세,상해없음,이륜,남,76세,중상
2013081800100372,2013년 8월 18일 19시,일요일,경상남도 합천군 야로면,경상사고,0,0,6,0,차대차 - 추돌 - 진행중,안전운전불이행,건조,맑음,단일로 - 기타,승용,남,33세,상해없음,승용,여,43세,경상
2013081800100393,2013년 8월 18일 20시,일요일,경상남도 밀양시 삼문동,중상사고,0,1,0,0,차대사람 - 기타,안전운전불이행,건조,맑음,단일로 - 기타,승합,여,45세,상해없음,보행자,남,77세,중상
2013081800100394,2013년 8월 18일 20시,일요일,경상남도 밀양시 상동면,경상사고,0,0,3,0,차대차 - 기타,중앙선침범,건조,맑음,단일로 - 기타,화물,남,35세,상해없음,승용,남,40세,경상
2013081800100395,2013년 8월 18일 20시,일요일,경상남도 창원시 마산회원구 회원동,중상사고,0,1,0,0,차대차 - 기타,안전운전불이행,건조,맑음,단일로 - 기타,화물,남,36세,상해없음,화물,남,63세,상해없음
2013081800100427,2013년 8월 18일 21시,일요일,경상남도 김해시 외동,중상사고,0,1,0,0,차량단독 - 기타,기타,건조,맑음,교차로 - 교차로안,승합,남,34세,상해없음,,,,
2013081800100428,2013년 8월 18일 21시,일요일,경상남도 김해시 장유면,경상사고,0,0,1,0,차대차 - 측면직각충돌,안전거리미확보,건조,맑음,단일로 - 기타,승용,남,31세,상해없음,이륜,남,20세,경상
2013081800100465,2013년 8월 18일 23시,일요일,경상남도 진주시 평거동,중상사고,0,1,0,0,차량단독 - 공작물충돌,안전운전불이행,건조,맑음,단일로 - 기타,원동기,남,44세,중상,,,,