사고번호,사고일시,요일,시군구,사고내용,사망자수,중상자수,경상자수,부상신고자수,사고유형,법규위반,노면상태,기상상태,도로형태,가해운전자 차종,가해운전자 성별,가해운전자 연령,가해운전자 상해정도,피해운전자 차종,피해운전자 성별,피해운전자 연령,피해운전자 상해정도
2013081900100012,2013년 8월 19일 00시,월요일,경상남도 김해시 생림면,중상사고,0,1,1,0,차대차 - 정면충돌,중앙선침범,건조,맑음,단일로 - 기타,승용,남,40세,중상,승용,남,43세,경상
2013081900100023,2013년 8월 19일 01시,월요일,경상남도 창원시 의창구 대원동,경상사고,0,0,3,0,차대차 - 기타,중앙선침범,기타,맑음,교차로 - 교차로부근,승용,남,23세,상해없음,승용,남,44세,경상
2013081900100034,2013년 8월 19일 02시,월요일,경상남도 창원시 마산회원구 회성동,경상사고,0,0,1,0,차량단독 - 주차차량충돌,안전운전불이행,건조,맑음,단일로 - 기타,승용,남,26세,상해없음,,,,
2013081900100091,2013년 8월 19일 07시,월요일,경상남도 통영시 무전동,경상사고,0,0,1,0,차대차 - 측면직각충돌,안전운전불이행,건조,맑음,교차로 - 교차로안,승용,여,57세,상해없음,이륜,남,64세,경상
2013081900100092,2013년 8월 19일 07시,월요일,경상남도 합천군 율곡면,중상사고,0,3,0,0,차대차 - 정면충돌,중앙선침범,건조,맑음,단일로 - 기타,화물,남,45세,중상,승용,남,44세,중상
2013081900100131,2013년 8월 19일 08시,월요일,경상남도 진주시 일반성면,중상사고,0,1,1,0,차대차 - 기타,중앙선침범,건조,맑음,단일로 - 기타,승용,남,26세,상해없음,원동기,여,40세,중상
2013081900100132,2013년 8월 19일 08시,월요일,경상남도 사천시 벌리동,중상사고,0,1,0,0,차대차 - 기타,교차로운행방법위반,건조,맑음,교차로 - 교차로안,승용,남,36세,상해없음,자전거,남,70세,중상
2013081900100133,2013년 8월 19일 08시,월요일,경상남도 밀양시 부북면,중상사고,0,1,0,0,차대차 - 기타,신호위반,건조,맑음,교차로 - 교차로안,승용,남,34세,상해없음,승용,남,52세,중상
2013081900100134,2013년 8월 19일 08시,월요일,경상남도 거제시 거제면,중상사고,0,1,0,0,차대차 - 추돌 - 진행중,안전운전불이행,건조,맑음,교차로 - 교차로부근,승용,여,44세,상해없음,농기계,남,82세,중상
2013081900100169,2013년 8월 19일 09시,월요일,경상남도 밀양시 하남읍,중상사고,0,1,0,0,차대차 - 측면직각충돌,안전운전불이행,건조,맑음,교차로 - 교차로안,화물,남,52세,상해없음,원동기,남,62세,중상
2013081900100170,2013년 8월 19일 09시,월요일,경상남도 의령군 대의면,중상사고,0,1,0,0,차대차 - 기타,교차로운행방법위반,건조,맑음,교차로 - 교차로안,승합,남,58세,상해없음,승용,여,50세,중상
2013081900100171,2013년 8월 19일 09시,월요일,경상남도 창원시 성산구 상남동,경상사고,0,0,1,0,차대차 - 추돌 - 주정차중,안전거리미확보,건조,맑음,교차로 - 교차로안,승용,남,70세,상해없음,승용,여,54세,경상
2013081900100231,2013년 8월 19일 11시,월요일,경상남도 창원시 진해구 석동,중상사고,0,1,0,0,차대사람 - 보도통행중,기타,건조,맑음,단일로 - 기타,자전거,남,70세,상해없음,보행자,여,38세,중상
2013081900100232,2013년 8월 19일 11시,월요일,경상남도 창원시 진해구 자은동,중상사고,0,1,0,0,차대차 - 추돌 - 주정차중,안전운전불이행,건조,맑음,교차로 - 교차로부근,특수,남,49세,상해없음,승용,여,45세,중상
2013081900100233,2013년 8월 19일 11시,월요일,경상남도 사천시 용강동,경상사고,0,0,1,0,차대차 - 측면직각충돌,신호위반,건조,맑음,교차로 - 교차로안,건설기계,남,61세,상해없음,원동기,여,55세,경상
2013081900100258,2013년 8월 19일 12시,월요일,경상남도 창원시 마산합포구 중앙동1가,경상사고,0,0,1,0,차대사람 - 기타,안전운전불이행,건조,맑음,교차로 - 교차로안,승용,남,28세,상해없음,보행자,여,73세,경상
2013081900100259,2013년 8월 19일 12시,월요일,경상남도 통영시 무전동,중상사고,0,1,0,0,차대차 - 측면직각충돌,중앙선침범,건조,맑음,단일로 - 기타,화물,남,40세,상해없음,승용,남,45세,중상
2013081900100260,2013년 8월 19일 12시,월요일,경상남도 사천시 죽림동,경상사고,0,0,1,0,차대사람 - 차도통행중,안전운전불이행,건조,맑음,단일로 - 기타,승용,남,56세,상해없음,보행자,여,69세,경상
2013081900100261,2013년 8월 19일 12시,월요일,경상남도 고성군 거류면,중상사고,0,2,0,0,차대차 - 정면충돌,중앙선침범,건조,맑음,단일로 - 기타,승용,여,51세,상해없음,승용,남,45세,중상
2013081900100288,2013년 8월 19일 13시,월요일,경상남도 창원시 마산합포구 구산면,경상사고,0,0,1,0,차량단독 - 공작물충돌,안전운전불이행,건조,맑음,단일로 - 기타,승용,여,48세,경상,,,,
2013081900100289,2013년 8월 19일 13시,월요일,경상남도 통영시 광도면,경상사고,0,0,1,0,차대사람 - 길가장자리구역통행중,안전운전불이행,건조,맑음,단일로 - 기타,승용,남,57세,상해없음,보행자,여,57세,경상
2013081900100336,2013년 8월 19일 14시,월요일,경상남도 창원시 진해구 석동,경상사고,0,0,2,0,차대차 - 측면직각충돌,교차로운행방법위반,건조,맑음,교차로 - 교차로안,승용,남,57세,상해없음,승용,여,42세,경상
2013081900100337,2013년 8월 19일 14시,월요일,경상남도 통영시 항남동,경상사고,0,0,1,0,차대차 - 측면직각충돌,중앙선침범,건조,맑음,단일로 - 기타,이륜,남,46세,상해없음,승용,남,39세,경상
2013081900100338,2013년 8월 19일 14시,월요일,경상남도 밀양시 내일동,경상사고,0,0,4,0,차대차 - 추돌 - 진행중,안전운전불이행,건조,맑음,교차로 - 교차로안,승용,남,56세,상해없음,승용,남,21세,경상
2013081900100339,2013년 8월 19일 14시,월요일,경상남도 김해시 삼정동,경상사고,0,0,2,0,차대차 - 기타,안전운전불이행,건조,맑음,교차로 - 교차로부근,승용,남,42세,상해없음,승용,남,38세,경상
2013081900100365,2013년 8월 19일 15시,월요일,경상남도 창원시 마산합포구 월남동2가,경상사고,0,0,2,0,차대차 - 측면직각충돌,교차로운행방법위반,건조,맑음,교차로 - 교차로안,승용,남,65세,경상,승용,여,40세,경상
2013081900100366,2013년 8월 19일 15시,월요일,경상남도 양산시 남부동,경상사고,0,0,1,0,차대차 - 기타,안전운전불이행,건조,맑음,교차로 - 교차로안,승용,남,71세,상해없음,승용,남,50세,경상
2013081900100431,2013년 8월 19일 17시,월요일,경상남도 창원시 성산구 불모산동,경상사고,0,0,1,0,차대차 - 정면충돌,중앙선침범,건조,맑음,교차로 - 교차로부근,승용,남,63세,상해없음,화물,남,48세,경상
2013081900100473,2013년 8월 19일 18시,월요일,경상남도 진주시 망경동,경상사고,0,0,1,0,차대사람 - 횡단중,안전운전불이행,건조,맑음,교차로 - 교차로안,승용,남,32세,상해없음,보행자,여,12세,경상
2013081900100474,2013년 8월 19일 18시,월요일,경상남도 창원시 진해구 안골동,중상사고,0,1,0,0,차대차 - 기타,안전운전불이행,건조,맑음,단일로 - 기타,승용,남,42세,상해없음,승용,여,35세,상해없음
2013081900100475,2013년 8월 19일 18시,월요일,경상남도 고성군 영현면,경상사고,0,0,1,0,차대차 - 추돌 - 주정차중,안전운전불이행,건조,맑음,단일로 - 기타,화물,남,33세,상해없음,자전거,여,68세,경상
2013081900100476,2013년 8월 19일 18시,월요일,경상남도 남해군 이동면,경상사고,0,0,1,0,차량단독 - 전도전복,안전운전불이행,건조,맑음,기타 - 기타,이륜,남,72세,경상,,,,
2013081900100518,2013년 8월 19일 19시,월요일,경상남도 창원시 진해구 석동,부상신고사고,0,0,0,1,차대차 - 측면직각충돌,안전운전불이행,건조,맑음,교차로 - 교차로안,이륜,남,19세,부상신고,승용,남,58세,상해없음
2013081900100519,2013년 8월 19일 19시,월요일,경상남도 김해시 삼계동,경상사고,0,0,1,0,차대차 - 측면직각충돌,중앙선침범,건조,맑음,단일로 - 기타,승용,남,64세,상해없음,승합,남,55세,경상
2013081900100520,2013년 8월 19일 19시,월요일,경상남도 고성군 고성읍,경상사고,0,0,1,0,차대사람 - 기타,안전운전불이행,건조,맑음,단일로 - 기타,원동기,남,50세,기타불명,보행자,남,68세,경상
2013081900100521,2013년 8월 19일 19시,월요일,경상남도 산청군 산청읍,중상사고,0,1,0,0,차대차 - 측면직각충돌,교차로운행방법위반,건조,맑음,교차로 - 교차로안,승용,남,46세,상해없음,승용,여,48세,중상
2013081900100563,2013년 8월 19일 20시,월요일,경상남도 김해시 삼정동,중상사고,0,1,0,0,차대차 - 추돌 - 진행중,교차로운행방법위반,건조,맑음,교차로 - 교차로부근,승용,남,38세,상해없음,원동기,남,53세,중상
2013081900100564,2013년 8월 19일 20시,월요일,경상남도 김해시 삼방동,중상사고,0,2,0,0,차대차 - 측면직각충돌,안전운전불이행,건조,맑음,교차로 - 교차로안,원동기,남,18세,중상,원동기,남,18세,중상
2013081900100565,2013년 8월 19일 20시,월요일,경상남도 거제시 고현동,중상사고,0,2,0,0,차대사람 - 기타,안전운전불이행,건조,맑음,교차로 - 교차로안,승용,남,54세,상해없음,보행자,여,20세,중상
2013081900100566,2013년 8월 19일 20시,월요일,경상남도 김해시 진영읍,중상사고,0,1,0,0,차대차 - 측면직각충돌,신호위반,건조,맑음,교차로 - 교차로안,승용,남,70세,상해없음,이륜,남,30세,중상
2013081900100602,2013년 8월 19일 21시,월요일,경상남도 사천시 향촌동,경상사고,0,0,1,0,차량단독 - 도로외이탈 - 추락,안전운전불이행,건조,맑음,기타 - 기타,화물,남,44세,경상,,,,
2013081900100603,2013년 8월 19일 21시,월요일,경상남도 의령군 의령읍,경상사고,0,0,1,0,차대차 - 측면직각충돌,직진우회전진행방해,건조,맑음,교차로 - 교차로안,승용,남,30세,상해없음,이륜,남,43세,경상
2013081900100626,2013년 8월 19일 22시,월요일,경상남도 창원시 마산합포구 월영동,중상사고,0,1,0,0,차대차 - 측면직각충돌,신호위반,건조,맑음,교차로 - 교차로안,화물,남,47세,상해없음,승용,남,33세,중상
2013081900100627,2013년 8월 19일 22시,월요일,경상남도 진주시 가좌동,중상사고,0,4,0,0,차대차 - 측면직각충돌,신호위반,건조,맑음,교차로 - 교차로안,승용,여,40세,중상,승용,남,19세,중상
2013081900100647,2013년 8월 19일 23시,월요일,경상남도 통영시 광도면,경상사고,0,0,2,0,차대차 - 측면직각충돌,직진우회전진행방해,건조,맑음,교차로 - 교차로안,승용,남,36세,상해없음,승용,남,40세,상해없음
2013081900100648,2013년 8월 19일 23시,월요일,경상남도 거제시 옥포동,경상사고,0,0,1,0,차대사람 - 횡단중,안전운전불이행,건조,맑음,교차로 - 교차로부근,승용,남,30세,상해없음,보행자,여,18세,경상
2013082000100017,2013년 8월 20일 00시,화요일,경상남도 통영시 욕지면,중상사고,0,1,1,0,차량단독 - 전도전복,안전운전불이행,건조,맑음,단일로 - 기타,원동기,남,48세,중상,,,,
2013082000100029,2013년 8월 20일 01시,화요일,경상남도 창원시 마산합포구 해운동,중상사고,0,1,0,0,차대차 - 측면직각충돌,안전운전불이행,건조,맑음,단일로 - 기타,승용,남,56세,상해없음,승용,남,29세,중상
2013082000100030,2013년 8월 20일 01시,화요일,경상남도 함안군 칠원면,경상사고,0,0,1,0,차대차 - 추돌 - 진행중,안전운전불이행,건조,맑음,단일로 - 기타,승용,남,37세,기타불명,화물,남,35세,경상
2013082000100038,2013년 8월 20일 02시,화요일,경상남도 창원시 진해구 용원동,경상사고,0,0,1,0,차대차 - 정면충돌,교차로운행방법위반,건조,맑음,단일로 - 기타,승용,남,58세,상해없음,원동기,남,46세,경상
2013082000100089,2013년 8월 20일 07시,화요일,경상남도 창원시 진해구 속천동,중상사고,0,1,2,0,차대차 - 정면충돌,안전운전불이행,건조,맑음,단일로 - 기타,승용,남,37세,경상,승용,남,31세,경상
2013082000100090,2013년 8월 20일 07시,화요일,경상남도 창원시 진해구 장천동,중상사고,0,1,0,0,차대차 - 측면직각충돌,안전운전불이행,건조,맑음,단일로 - 기타,건설기계,남,52세,상해없음,승용,남,42세,중상
2013082000100120,2013년 8월 20일 08시,화요일,경상남도 창원시 진해구 자은동,중상사고,0,1,0,0,차대사람 - 횡단중,보행자보호의무위반,건조,맑음,교차로 - 교차로안,승용,여,27세,상해없음,보행자,여,51세,중상
2013082000100121,2013년 8월 20일 08시,화요일,경상남도 거제시 아주동,경상사고,0,0,1,0,차대차 - 추돌 - 진행중,안전거리미확보,건조,맑음,기타 - 기타,승용,남,56세,상해없음,승용,남,31세,경상
2013082000100146,2013년 8월 20일 09시,화요일,경상남도 창원시 진해구 석동,경상사고,0,0,1,0,차대차 - 측면직각충돌,안전운전불이행,건조,맑음,교차로 - 교차로안,승용,여,27세,상해없음,승용,여,56세,경상
2013082000100147,2013년 8월 20일 09시,화요일,경상남도 거창군 거창읍,중상사고,0,1,0,0,차대차 - 추돌 - 진행중,안전운전불이행,건조,맑음,단일로 - 기타,화물,남,46세,상해없음,원동기,남,81세,중상
2013082000100148,2013년 8월 20일 09시,화요일,경상남도 양산시 중부동,경상사고,0,0,1,0,차대차 - 측면직각충돌,교차로운행방법위반,건조,맑음,교차로 - 교차로안,승용,여,51세,상해없음,승용,남,51세,경상
2013082000100149,2013년 8월 20일 09시,화요일,경상남도 김해시 장유면,중상사고,0,1,0,0,차대사람 - 기타,안전운전불이행,건조,맑음,교차로 - 교차로안,승합,남,56세,상해없음,보행자,남,21세,중상
2013082000100178,2013년 8월 20일 10시,화요일,경상남도 창원시 진해구 석동,중상사고,0,1,1,0,차대차 - 추돌 - 주정차중,안전운전불이행,건조,맑음,교차로 - 교차로부근,승용,남,42세,상해없음,화물,남,45세,경상
2013082000100179,2013년 8월 20일 10시,화요일,경상남도 창원시 진해구 안골동,경상사고,0,0,2,0,차대차 - 측면직각충돌,안전운전불이행,건조,맑음,교차로 - 교차로부근,특수,남,50세,상해없음,화물,남,47세,경상
2013082000100180,2013년 8월 20일 10시,화요일,경상남도 김해시 장유면,경상사고,0,0,1,0,차대차 - 측면직각충돌,교차로운행방법위반,건조,맑음,교차로 - 교차로안,승용,여,36세,상해없음,화물,남,47세,경상
2013082000100219,2013년 8월 20일 11시,화요일,경상남도 창원시 마산합포구 문화동,중상사고,0,1,0,0,차대사람 - 기타,안전운전불이행,건조,맑음,교차로 - 교차로안,승용,여,68세,상해없음,보행자,여,49세,중상
2013082000100220,2013년 8월 20일 11시,화요일,경상남도 진주시 상평동,경상사고,0,0,1,0,차대차 - 측면직각충돌,안전운전불이행,건조,맑음,교차로 - 교차로부근,건설기계,남,38세,상해없음,자전거,남,23세,경상
2013082000100221,2013년 8월 20일 11시,화요일,경상남도 진주시 평거동,중상사고,0,1,0,0,차대차 - 측면직각충돌,직진우회전진행방해,건조,맑음,교차로 - 교차로안,승용,여,33세,상해없음,이륜,남,20세,중상
2013082000100222,2013년 8월 20일 11시,화요일,경상남도 진주시 하대동,중상사고,0,1,0,0,차대차 - 측면직각충돌,안전거리미확보,건조,맑음,교차로 - 교차로부근,이륜,남,79세,중상,화물,남,42세,상해없음
2013082000100223,2013년 8월 20일 11시,화요일,경상남도 창원시 진해구 자은동,중상사고,0,1,0,0,차대사람 - 횡단중,보행자보호의무위반,건조,맑음,단일로 - 횡단보도상,승용,남,47세,상해없음,보행자,여,59세,중상
2013082000100224,2013년 8월 20일 11시,화요일,경상남도 밀양시 상남면,경상사고,0,0,2,0,차대차 - 기타,안전운전불이행,건조,맑음,단일로 - 기타,승용,여,55세,상해없음,승용,남,52세,상해없음
2013082000100225,2013년 8월 20일 11시,화요일,경상남도 밀양시 교동,중상사고,0,2,0,0,차대차 - 기타,차로위반,건조,맑음,단일로 - 기타,승합,남,49세,상해없음,승용,남,48세,중상
2013082000100226,2013년 8월 20일 11시,화요일,경상남도 의령군 화정면,중상사고,0,1,0,0,차대차 - 기타,안전운전불이행,건조,맑음,기타 - 기타,건설기계,남,44세,상해없음,이륜,남,38세,중상
2013082000100265,2013년 8월 20일 13시,화요일,경상남도 하동군 고전면,중상사고,0,1,0,0,차대사람 - 횡단중,안전운전불이행,건조,맑음,단일로 - 횡단보도상,화물,남,59세,상해없음,보행자,여,28세,중상
2013082000100266,2013년 8월 20일 13시,화요일,경상남도 남해군 남해읍,중상사고,0,2,3,0,차대차 - 정면충돌,중앙선침범,건조,맑음,단일로 - 기타,승용,여,36세,상해없음,승용,남,32세,경상
2013082000100311,2013년 8월 20일 14시,화요일,경상남도 통영시 북신동,경상사고,0,0,1,0,차대차 - 추돌 - 진행중,안전거리미확보,건조,맑음,단일로 - 기타,승용,여,36세,상해없음,승용,여,50세,경상
2013082000100312,2013년 8월 20일 14시,화요일,경상남도 밀양시 삼문동,경상사고,0,0,2,0,차대차 - 측면직각충돌,안전운전불이행,건조,맑음,교차로 - 교차로안,자전거,여,11세,경상,승용,여,46세,상해없음
2013082000100313,2013년 8월 20일 14시,화요일,경상남도 합천군 합천읍,경상사고,0,0,1,0,차대차 - 측면직각충돌,신호위반,건조,맑음,교차로 - 교차로안,승용,여,53세,상해없음,승용,여,45세,경상
2013082000100382,2013년 8월 20일 16시,화요일,경상남도 창녕군 계성면,경상사고,0,0,1,1,차대사람 - 횡단중,안전운전불이행,건조,맑음,단일로 - 기타,원동기,남,69세,부상신고,보행자,여,71세,경상
2013082000100468,2013년 8월 20일 18시,화요일,경상남도 김해시 생림면,경상사고,0,0,1,0,차대차 - 측면직각충돌,신호위반,건조,맑음,교차로 - 교차로안,화물,남,45세,상해없음,화물,남,51세,경상
2013082000100499,2013년 8월 20일 19시,화요일,경상남도 진주시 초전동,경상사고,0,0,2,0,차대차 - 측면직각충돌,신호위반,습기,비,교차로 - 교차로안,승용,남,38세,상해없음,승용,남,34세,경상
2013082000100500,2013년 8월 20일 19시,화요일,경상남도 양산시 중부동,부상신고사고,0,0,0,1,차대사람 - 횡단중,신호위반,건조,맑음,단일로 - 횡단보도상,승용,남,53세,상해없음,보행자,남,7세,부상신고
2013082000100501,2013년 8월 20일 19시,화요일,경상남도 하동군 금성면,경상사고,0,0,1,0,차대차 - 측면직각충돌,안전운전불이행,건조,맑음,교차로 - 교차로안,승용,남,47세,상해없음,승용,남,19세,경상
2013082000100533,2013년 8월 20일 20시,화요일,경상남도 통영시 중앙동,경상사고,0,0,1,0,차대사람 - 횡단중,보행자보호의무위반,건조,맑음,단일로 - 횡단보도상,승용,남,34세,상해없음,보행자,여,35세,경상
2013082000100561,2013년 8월 20일 21시,화요일,경상남도 창원시 진해구 석동,중상사고,0,1,0,0,차대차 - 측면직각충돌,차로위반,건조,맑음,교차로 - 교차로안,승용,남,59세,상해없음,승용,남,46세,중상
2013082000100562,2013년 8월 20일 21시,화요일,경상남도 김해시 삼정동,경상사고,0,0,1,0,차대사람 - 기타,안전운전불이행,건조,맑음,단일로 - 기타,승용,여,48세,상해없음,보행자,여,53세,경상
2013082000100563,2013년 8월 20일 21시,화요일,경상남도 김해시 삼계동,경상사고,0,0,1,0,차대사람 - 횡단중,안전운전불이행,건조,맑음,교차로 - 교차로부근,승용,여,57세,상해없음,보행자,여,37세,경상
2013082000100597,2013년 8월 20일 22시,화요일,경상남도 양산시 중부동,중상사고,0,1,0,0,차대사람 - 기타,보행자보호의무위반,건조,맑음,교차로 - 교차로부근,승용,여,44세,상해없음,보행자,여,56세,중상
2013082000100598,2013년 8월 20일 22시,화요일,경상남도 거제시 상동동,경상사고,0,0,2,0,차대차 - 측면직각충돌,교차로운행방법위반,건조,맑음,교차로 - 교차로안,승용,여,49세,상해없음,승합,남,39세,상해없음
2013082100100032,2013년 8월 21일 01시,수요일,경상남도 창원시 의창구 명서동,경상사고,0,0,1,0,차대차 - 기타,안전운전불이행,건조,맑음,교차로 - 교차로안,승용,여,52세,상해없음,승용,남,50세,경상
2013082100100051,2013년 8월 21일 03시,수요일,경상남도 김해시 장유면,경상사고,0,0,1,0,차대차 - 추돌 - 진행중,안전운전불이행,건조,맑음,단일로 - 기타,승용,남,35세,상해없음,건설기계,남,68세,경상
2013082100100084,2013년 8월 21일 06시,수요일,경상남도 창원시 성산구 상남동,경상사고,0,0,2,0,차대차 - 측면직각충돌,안전운전불이행,건조,맑음,교차로 - 교차로안,승용,남,24세,상해없음,승용,남,39세,경상
2013082100100112,2013년 8월 21일 07시,수요일,경상남도 함안군 칠서면,경상사고,0,0,2,0,차대차 - 측면직각충돌,중앙선침범,건조,맑음,교차로 - 교차로부근,화물,남,32세,상해없음,승용,여,51세,경상
2013082100100149,2013년 8월 21일 08시,수요일,경상남도 창원시 마산합포구 홍문동,중상사고,0,1,0,0,차대차 - 기타,안전운전불이행,건조,맑음,단일로 - 기타,화물,남,57세,상해없음,원동기,남,75세,중상
2013082100100150,2013년 8월 21일 08시,수요일,경상남도 창원시 마산회원구 내서읍,중상사고,0,4,0,0,차대차 - 기타,안전운전불이행,건조,맑음,교차로 - 교차로부근,승용,기타불명,기타불명,기타불명,승용,여,46세,중상
2013082100100182,2013년 8월 21일 09시,수요일,경상남도 김해시 삼계동,중상사고,0,2,0,0,차대차 - 측면직각충돌,차로위반,건조,맑음,교차로 - 교차로부근,승합,여,38세,상해없음,승용,여,36세,상해없음
2013082100100183,2013년 8월 21일 09시,수요일,경상남도 창원시 마산회원구 구암동,경상사고,0,0,1,0,차대차 - 정면충돌,신호위반,건조,맑음,교차로 - 교차로안,화물,남,59세,상해없음,승용,남,45세,경상
2013082100100184,2013년 8월 21일 09시,수요일,경상남도 김해시 이동,경상사고,0,0,1,0,차대사람 - 기타,안전운전불이행,건조,맑음,교차로 - 교차로부근,특수,남,47세,상해없음,보행자,남,41세,경상
2013082100100211,2013년 8월 21일 10시,수요일,경상남도 창원시 마산합포구 구산면,경상사고,0,0,2,0,차대차 - 측면직각충돌,중앙선침범,건조,맑음,단일로 - 기타,승용,여,45세,상해없음,승용,남,46세,상해없음
2013082100100212,2013년 8월 21일 10시,수요일,경상남도 거창군 거창읍,중상사고,0,1,0,0,차대사람 - 보도통행중,보행자보호의무위반,건조,맑음,단일로 - 횡단보도상,화물,남,47세,상해없음,보행자,여,11세,중상
2013082100100242,2013년 8월 21일 11시,수요일,경상남도 밀양시 하남읍,중상사고,0,1,0,0,차대사람 - 횡단중,안전운전불이행,건조,맑음,단일로 - 기타,승용,여,61세,상해없음,보행자,남,52세,중상
2013082100100243,2013년 8월 21일 11시,수요일,경상남도 거제시 거제면,중상사고,0,1,1,0,차대차 - 추돌 - 진행중,중앙선침범,건조,맑음,단일로 - 기타,승용,남,42세,상해없음,승용,남,28세,경상
2013082100100244,2013년 8월 21일 11시,수요일,경상남도 거제시 수월동,중상사고,0,1,0,0,차대사람 - 기타,안전운전불이행,건조,맑음,단일로 - 기타,승용,여,34세,상해없음,보행자,남,1세,중상
2013082100100245,2013년 8월 21일 11시,수요일,경상남도 창원시 의창구 서상동,중상사고,0,1,0,0,차대차 - 측면직각충돌,안전운전불이행,건조,맑음,단일로 - 횡단보도부근,승용,여,41세,상해없음,자전거,남,68세,중상
2013082100100268,2013년 8월 21일 12시,수요일,경상남도 거창군 거창읍,경상사고,0,0,2,0,차대차 - 측면직각충돌,교차로운행방법위반,건조,맑음,교차로 - 교차로안,화물,남,71세,상해없음,승합,남,81세,경상
2013082100100269,2013년 8월 21일 12시,수요일,경상남도 함양군 함양읍,경상사고,0,0,1,0,차대차 - 측면직각충돌,교차로운행방법위반,건조,맑음,교차로 - 교차로안,승용,여,58세,상해없음,원동기,남,54세,경상
2013082100100335,2013년 8월 21일 14시,수요일,경상남도 진주시 대곡면,중상사고,0,1,0,0,차대차 - 정면충돌,안전운전불이행,건조,맑음,단일로 - 기타,승용,여,41세,상해없음,이륜,남,43세,중상
2013082100100336,2013년 8월 21일 14시,수요일,경상남도 합천군 야로면,중상사고,0,1,5,0,차대차 - 측면직각충돌,교차로운행방법위반,건조,맑음,교차로 - 교차로안,승용,여,58세,경상,승용,여,47세,경상
2013082100100337,2013년 8월 21일 14시,수요일,경상남도 양산시 유산동,경상사고,0,0,1,0,차대차 - 기타,안전운전불이행,건조,맑음,교차로 - 교차로안,승용,남,51세,상해없음,승용,여,39세,경상
2013082100100338,2013년 8월 21일 14시,수요일,경상남도 창원시 의창구 명서동,중상사고,0,1,0,0,차대차 - 측면직각충돌,직진우회전진행방해,건조,맑음,교차로 - 교차로안,승용,남,52세,상해없음,원동기,남,43세,중상
2013082100100373,2013년 8월 21일 15시,수요일,경상남도 진주시 하대동,경상사고,0,0,1,0,차대사람 - 기타,안전운전불이행,건조,맑음,단일로 - 기타,승용,남,24세,상해없음,보행자,남,20세,경상
2013082100100374,2013년 8월 21일 15시,수요일,경상남도 사천시 벌리동,경상사고,0,0,4,0,차대차 - 측면직각충돌,안전운전불이행,건조,맑음,교차로 - 교차로안,승용,남,78세,기타불명,화물,남,39세,경상
2013082100100375,2013년 8월 21일 15시,수요일,경상남도 밀양시 내이동,경상사고,0,0,2,0,차대차 - 측면직각충돌,교차로운행방법위반,건조,맑음,교차로 - 교차로안,승용,남,67세,상해없음,승용,남,48세,경상
2013082100100376,2013년 8월 21일 15시,수요일,경상남도 창원시 성산구 남양동,중상사고,0,1,0,0,차대차 - 정면충돌,신호위반,건조,맑음,교차로 - 교차로안,승용,여,47세,상해없음,승용,여,40세,중상
2013082100100399,2013년 8월 21일 16시,수요일,경상남도 사천시 축동면,부상신고사고,0,0,0,1,차대차 - 정면충돌,교차로운행방법위반,건조,맑음,교차로 - 교차로안,건설기계,남,49세,상해없음,승용,남,40세,부상신고
2013082100100400,2013년 8월 21일 16시,수요일,경상남도 양산시 덕계동,중상사고,0,2,0,0,차대차 - 추돌 - 주정차중,안전운전불이행,건조,맑음,단일로 - 기타,승용,여,50세,상해없음,승용,여,27세,중상
2013082100100401,2013년 8월 21일 16시,수요일,경상남도 거제시 장평동,중상사고,0,3,0,0,차대차 - 측면직각충돌,안전거리미확보,건조,맑음,단일로 - 기타,건설기계,남,46세,상해없음,승용,남,55세,중상
2013082100100402,2013년 8월 21일 16시,수요일,경상남도 김해시 한림면,중상사고,0,1,1,0,차대차 - 기타,중앙선침범,건조,맑음,교차로 - 교차로부근,농기계,남,75세,중상,승용,여,48세,경상
2013082100100439,2013년 8월 21일 17시,수요일,경상남도 사천시 사남면,경상사고,0,0,1,0,차대차 - 측면직각충돌,중앙선침범,건조,맑음,단일로 - 기타,원동기,남,55세,경상,화물,남,47세,상해없음
2013082100100440,2013년 8월 21일 17시,수요일,경상남도 함안군 군북면,중상사고,0,1,0,0,차대차 - 정면충돌,안전운전불이행,건조,맑음,단일로 - 기타,화물,남,68세,상해없음,이륜,남,65세,중상
2013082100100441,2013년 8월 21일 17시,수요일,경상남도 창원시 성산구 성주동,중상사고,0,1,0,0,차대차 - 측면직각충돌,신호위반,건조,맑음,교차로 - 교차로안,승용,여,47세,상해없음,승용,남,49세,중상
2013082100100477,2013년 8월 21일 18시,수요일,경상남도 창원시 성산구 상남동,경상사고,0,0,1,0,차대차 - 측면직각충돌,안전운전불이행,건조,맑음,교차로 - 교차로안,승용,남,48세,상해없음,자전거,남,19세,경상
2013082100100502,2013년 8월 21일 19시,수요일,경상남도 사천시 사천읍,경상사고,0,0,1,0,차대차 - 기타,안전운전불이행,건조,맑음,교차로 - 교차로안,승용,남,60세,상해없음,승용,여,31세,경상
2013082100100531,2013년 8월 21일 20시,수요일,경상남도 창원시 진해구 자은동,경상사고,0,0,1,0,차대차 - 추돌 - 진행중,안전운전불이행,건조,맑음,교차로 - 교차로부근,승용,남,49세,상해없음,승용,여,41세,경상
2013082100100532,2013년 8월 21일 20시,수요일,경상남도 사천시 벌리동,경상사고,0,0,1,0,차대사람 - 횡단중,중앙선침범,건조,맑음,단일로 - 기타,승용,남,54세,상해없음,보행자,여,17세,경상
2013082100100533,2013년 8월 21일 20시,수요일,경상남도 고성군 거류면,경상사고,0,0,1,0,차대차 - 측면직각충돌,안전운전불이행,건조,흐림,단일로 - 기타,화물,남,50세,상해없음,자전거,남,31세,경상