사고번호,사고일시,요일,시군구,사고내용,사망자수,중상자수,경상자수,부상신고자수,사고유형,법규위반,노면상태,기상상태,도로형태,가해운전자 차종,가해운전자 성별,가해운전자 연령,가해운전자 상해정도,피해운전자 차종,피해운전자 성별,피해운전자 연령,피해운전자 상해정도
2013082100100555,2013년 8월 21일 21시,수요일,경상남도 창원시 마산합포구 월남동1가,경상사고,0,0,1,1,차대차 - 기타,안전운전불이행,건조,맑음,교차로 - 교차로안,승용,남,38세,부상신고,승용,남,30세,경상
2013082100100556,2013년 8월 21일 21시,수요일,경상남도 김해시 봉황동,경상사고,0,0,1,0,차대사람 - 기타,안전운전불이행,건조,맑음,단일로 - 기타,기타불명,기타불명,기타불명,기타불명,보행자,남,47세,경상
2013082100100557,2013년 8월 21일 21시,수요일,경상남도 양산시 중부동,중상사고,0,1,1,0,차대사람 - 횡단중,보행자보호의무위반,건조,맑음,교차로 - 교차로안,승용,여,36세,상해없음,보행자,여,15세,중상
2013082100100558,2013년 8월 21일 21시,수요일,경상남도 창원시 의창구 봉곡동,경상사고,0,0,1,0,차대사람 - 기타,안전운전불이행,건조,맑음,단일로 - 기타,승용,여,31세,상해없음,보행자,남,48세,경상
2013082100100611,2013년 8월 21일 23시,수요일,경상남도 김해시 진영읍,경상사고,0,0,1,0,차대차 - 측면직각충돌,신호위반,건조,맑음,교차로 - 교차로안,승용,남,53세,상해없음,승용,남,39세,경상
2013082200100033,2013년 8월 22일 01시,목요일,경상남도 창원시 마산합포구 상남동,경상사고,0,0,2,0,차대차 - 측면직각충돌,신호위반,건조,맑음,교차로 - 교차로안,승용,남,62세,상해없음,승용,남,48세,경상
2013082200100034,2013년 8월 22일 01시,목요일,경상남도 김해시 삼정동,중상사고,0,1,0,0,차량단독 - 공작물충돌,안전운전불이행,건조,맑음,교차로 - 교차로부근,승합,남,56세,상해없음,,,,
2013082200100066,2013년 8월 22일 05시,목요일,경상남도 진주시 중안동,경상사고,0,0,1,0,차대차 - 측면직각충돌,신호위반,건조,흐림,교차로 - 교차로안,승용,남,48세,상해없음,승용,여,57세,경상
2013082200100080,2013년 8월 22일 06시,목요일,경상남도 거제시 고현동,경상사고,0,0,1,0,차대차 - 측면직각충돌,안전운전불이행,건조,맑음,교차로 - 교차로안,건설기계,남,35세,상해없음,승용,남,34세,경상
2013082200100128,2013년 8월 22일 08시,목요일,경상남도 김해시 어방동,경상사고,0,0,1,0,차대차 - 측면직각충돌,중앙선침범,습기,비,단일로 - 기타,승용,남,47세,상해없음,화물,남,42세,경상
2013082200100129,2013년 8월 22일 08시,목요일,경상남도 김해시 삼정동,중상사고,0,1,0,0,차량단독 - 공작물충돌,안전운전불이행,습기,비,단일로 - 기타,승용,남,21세,기타불명,,,,
2013082200100130,2013년 8월 22일 08시,목요일,경상남도 창원시 마산회원구 양덕동,경상사고,0,0,1,0,차대차 - 정면충돌,중앙선침범,건조,맑음,단일로 - 기타,승용,남,30세,상해없음,승용,남,61세,경상
2013082200100162,2013년 8월 22일 09시,목요일,경상남도 함양군 함양읍,경상사고,0,0,1,0,차대차 - 측면직각충돌,교차로운행방법위반,건조,맑음,교차로 - 교차로안,승용,남,50세,상해없음,승용,여,43세,경상
2013082200100163,2013년 8월 22일 09시,목요일,경상남도 창원시 마산회원구 합성동,경상사고,0,0,1,0,차대차 - 기타,안전운전불이행,건조,맑음,단일로 - 기타,승용,남,28세,상해없음,이륜,남,69세,경상
2013082200100191,2013년 8월 22일 10시,목요일,경상남도 김해시 부원동,경상사고,0,0,1,0,차대차 - 측면직각충돌,중앙선침범,건조,흐림,단일로 - 기타,원동기,여,52세,경상,승용,남,38세,상해없음
2013082200100192,2013년 8월 22일 10시,목요일,경상남도 산청군 산청읍,경상사고,0,0,1,0,차대사람 - 기타,안전운전불이행,건조,맑음,교차로 - 교차로안,특수,남,44세,상해없음,보행자,남,47세,경상
2013082200100248,2013년 8월 22일 12시,목요일,경상남도 진주시 평거동,경상사고,0,0,1,0,차대차 - 측면직각충돌,교차로운행방법위반,건조,맑음,교차로 - 교차로안,원동기,남,23세,경상,승용,남,53세,상해없음
2013082200100249,2013년 8월 22일 12시,목요일,경상남도 거제시 사등면,사망사고,1,0,1,0,차대차 - 정면충돌,중앙선침범,건조,맑음,단일로 - 기타,승합,남,26세,사망,화물,남,31세,경상
2013082200100270,2013년 8월 22일 13시,목요일,경상남도 창녕군 성산면,중상사고,0,1,0,0,차대차 - 측면직각충돌,교차로운행방법위반,건조,맑음,교차로 - 교차로안,화물,남,78세,상해없음,승용,남,51세,상해없음
2013082200100271,2013년 8월 22일 13시,목요일,경상남도 산청군 신안면,부상신고사고,0,0,0,1,차대차 - 측면직각충돌,안전운전불이행,건조,맑음,교차로 - 교차로안,화물,남,47세,상해없음,승용,남,51세,상해없음
2013082200100309,2013년 8월 22일 14시,목요일,경상남도 김해시 생림면,중상사고,0,1,0,0,차대차 - 기타,안전운전불이행,건조,맑음,교차로 - 교차로안,자전거,남,72세,중상,화물,남,51세,상해없음
2013082200100310,2013년 8월 22일 14시,목요일,경상남도 양산시 덕계동,경상사고,0,0,1,0,차대차 - 기타,안전거리미확보,건조,맑음,교차로 - 교차로안,승용,남,36세,상해없음,승용,여,51세,경상
2013082200100337,2013년 8월 22일 15시,목요일,경상남도 창원시 마산합포구 해운동,중상사고,0,1,0,0,차대사람 - 기타,안전운전불이행,건조,맑음,교차로 - 교차로안,승합,남,47세,상해없음,보행자,남,7세,중상
2013082200100363,2013년 8월 22일 16시,목요일,경상남도 창원시 의창구 봉곡동,경상사고,0,0,2,0,차대차 - 정면충돌,안전운전불이행,건조,맑음,단일로 - 기타,승합,여,35세,상해없음,승용,남,54세,경상
2013082200100396,2013년 8월 22일 17시,목요일,경상남도 통영시 광도면,경상사고,0,0,2,0,차대차 - 추돌 - 주정차중,안전거리미확보,건조,맑음,교차로 - 교차로부근,화물,남,47세,상해없음,승용,여,36세,경상
2013082200100397,2013년 8월 22일 17시,목요일,경상남도 김해시 삼계동,경상사고,0,0,1,0,차대사람 - 기타,안전운전불이행,건조,맑음,단일로 - 기타,승용,여,40세,상해없음,보행자,남,10세,경상
2013082200100398,2013년 8월 22일 17시,목요일,경상남도 창원시 성산구 사파동,중상사고,0,1,0,0,차대사람 - 횡단중,안전운전불이행,건조,맑음,단일로 - 기타,승용,여,39세,상해없음,보행자,여,75세,중상
2013082200100473,2013년 8월 22일 19시,목요일,경상남도 밀양시 초동면,부상신고사고,0,0,0,1,차대차 - 추돌 - 진행중,안전거리미확보,건조,맑음,단일로 - 기타,승용,남,62세,상해없음,원동기,남,65세,부상신고
2013082200100474,2013년 8월 22일 19시,목요일,경상남도 고성군 회화면,중상사고,0,1,0,0,차대사람 - 횡단중,안전운전불이행,습기,비,단일로 - 기타,승용,남,64세,상해없음,보행자,남,12세,중상
2013082200100513,2013년 8월 22일 20시,목요일,경상남도 창원시 마산회원구 봉암동,경상사고,0,0,1,0,차대차 - 측면직각충돌,안전운전불이행,건조,맑음,단일로 - 기타,기타불명,기타불명,기타불명,기타불명,승용,남,44세,경상
2013082200100555,2013년 8월 22일 21시,목요일,경상남도 김해시 지내동,중상사고,0,1,0,0,차대차 - 측면직각충돌,안전운전불이행,건조,맑음,교차로 - 교차로안,자전거,여,55세,중상,승용,남,68세,상해없음
2013082300100012,2013년 8월 23일 00시,금요일,경상남도 창원시 마산합포구 해운동,중상사고,0,2,2,0,차대사람 - 차도통행중,안전운전불이행,건조,맑음,단일로 - 기타,승용,남,50세,기타불명,보행자,여,19세,중상
2013082300100013,2013년 8월 23일 00시,금요일,경상남도 진주시 가좌동,부상신고사고,0,0,0,1,차대차 - 측면직각충돌,교차로운행방법위반,건조,맑음,교차로 - 교차로안,원동기,남,23세,부상신고,승용,남,62세,상해없음
2013082300100014,2013년 8월 23일 00시,금요일,경상남도 창원시 성산구 중앙동,경상사고,0,0,1,0,차대사람 - 기타,안전운전불이행,건조,맑음,기타 - 기타,자전거,남,52세,상해없음,보행자,남,24세,경상
2013082300100062,2013년 8월 23일 03시,금요일,경상남도 김해시 외동,경상사고,0,0,3,0,차대차 - 추돌 - 주정차중,안전운전불이행,습기,비,단일로 - 기타,승용,남,29세,상해없음,화물,남,33세,경상
2013082300100082,2013년 8월 23일 04시,금요일,경상남도 사천시 벌리동,경상사고,0,0,1,0,차대사람 - 횡단중,안전운전불이행,습기,비,교차로 - 교차로부근,승용,남,48세,상해없음,보행자,남,58세,경상
2013082300100083,2013년 8월 23일 04시,금요일,경상남도 밀양시 내이동,사망사고,1,1,0,0,차대차 - 측면직각충돌,안전운전불이행,건조,흐림,교차로 - 교차로부근,원동기,남,22세,사망,화물,남,68세,중상
2013082300100084,2013년 8월 23일 04시,금요일,경상남도 창원시 성산구 성산동,사망사고,1,0,0,0,차대사람 - 횡단중,안전운전불이행,습기,비,단일로 - 기타,승용,남,43세,상해없음,보행자,남,49세,사망
2013082300100085,2013년 8월 23일 04시,금요일,경상남도 창원시 마산회원구 합성동,사망사고,1,2,0,0,차대사람 - 횡단중,안전운전불이행,습기,비,교차로 - 교차로안,승용,남,66세,중상,보행자,여,76세,사망
2013082300100086,2013년 8월 23일 04시,금요일,경상남도 창원시 마산회원구 회원동,중상사고,0,1,0,0,차량단독 - 공작물충돌,안전운전불이행,습기,비,단일로 - 기타,승용,남,60세,상해없음,,,,
2013082300100124,2013년 8월 23일 06시,금요일,경상남도 창원시 진해구 태백동,중상사고,0,4,0,0,차대차 - 측면직각충돌,중앙선침범,습기,비,교차로 - 교차로부근,승합,남,52세,상해없음,화물,남,53세,중상
2013082300100125,2013년 8월 23일 06시,금요일,경상남도 양산시 삼호동,중상사고,0,1,0,0,차대차 - 기타,직진우회전진행방해,건조,맑음,교차로 - 교차로안,승용,여,41세,상해없음,승용,남,57세,중상
2013082300100155,2013년 8월 23일 07시,금요일,경상남도 사천시 서포면,경상사고,0,0,3,0,차대차 - 기타,중앙선침범,습기,비,단일로 - 기타,승용,남,39세,경상,화물,남,57세,경상
2013082300100156,2013년 8월 23일 07시,금요일,경상남도 양산시 동면,중상사고,0,1,2,0,차대차 - 측면직각충돌,안전운전불이행,습기,맑음,단일로 - 기타,승용,남,29세,상해없음,승합,여,51세,경상
2013082300100157,2013년 8월 23일 07시,금요일,경상남도 거제시 연초면,중상사고,0,1,0,0,차대차 - 추돌 - 진행중,안전운전불이행,건조,맑음,단일로 - 기타,화물,남,61세,상해없음,이륜,남,44세,중상
2013082300100158,2013년 8월 23일 07시,금요일,경상남도 창원시 의창구 대원동,중상사고,0,1,0,0,차대사람 - 횡단중,보행자보호의무위반,습기,비,교차로 - 교차로부근,승용,남,31세,상해없음,보행자,남,22세,중상
2013082300100188,2013년 8월 23일 08시,금요일,경상남도 창원시 진해구 석동,경상사고,0,0,1,0,차대차 - 기타,안전운전불이행,건조,맑음,교차로 - 교차로부근,승용,남,46세,기타불명,승용,여,25세,경상
2013082300100189,2013년 8월 23일 08시,금요일,경상남도 사천시 용현면,중상사고,0,1,0,0,차대차 - 추돌 - 주정차중,안전운전불이행,습기,비,교차로 - 교차로부근,승용,남,59세,상해없음,승용,여,43세,중상
2013082300100190,2013년 8월 23일 08시,금요일,경상남도 양산시 교동,부상신고사고,0,0,0,1,차대차 - 기타,신호위반,건조,맑음,교차로 - 교차로안,승합,남,53세,상해없음,승용,여,29세,부상신고
2013082300100191,2013년 8월 23일 08시,금요일,경상남도 양산시 명곡동,경상사고,0,0,1,0,차대차 - 기타,중앙선침범,습기,흐림,단일로 - 기타,기타불명,기타불명,기타불명,기타불명,승용,여,34세,경상
2013082300100192,2013년 8월 23일 08시,금요일,경상남도 창원시 의창구 명서동,중상사고,0,1,0,0,차대차 - 추돌 - 주정차중,안전운전불이행,습기,흐림,교차로 - 교차로부근,화물,남,46세,상해없음,승합,남,21세,중상
2013082300100222,2013년 8월 23일 09시,금요일,경상남도 김해시 안동,중상사고,0,1,0,0,차대차 - 측면직각충돌,신호위반,습기,흐림,단일로 - 기타,승용,남,59세,상해없음,이륜,여,44세,중상
2013082300100223,2013년 8월 23일 09시,금요일,경상남도 김해시 대성동,중상사고,0,1,0,0,차대사람 - 기타,안전운전불이행,습기,비,교차로 - 교차로안,승용,남,62세,상해없음,보행자,남,9세,중상
2013082300100224,2013년 8월 23일 09시,금요일,경상남도 양산시 하북면,경상사고,0,0,1,0,차대차 - 측면직각충돌,신호위반,건조,맑음,교차로 - 교차로안,화물,남,66세,상해없음,승용,여,45세,경상
2013082300100263,2013년 8월 23일 11시,금요일,경상남도 창원시 마산합포구 덕동동,경상사고,0,0,1,0,차대차 - 기타,안전운전불이행,건조,맑음,교차로 - 교차로안,화물,남,74세,상해없음,화물,남,71세,경상
2013082300100264,2013년 8월 23일 11시,금요일,경상남도 창원시 마산회원구 회원동,중상사고,0,1,0,0,차대사람 - 차도통행중,안전운전불이행,건조,맑음,단일로 - 기타,화물,남,39세,상해없음,보행자,여,60세,중상
2013082300100290,2013년 8월 23일 12시,금요일,경상남도 창원시 진해구 이동,경상사고,0,0,1,0,차대차 - 기타,안전운전불이행,건조,맑음,단일로 - 기타,원동기,남,14세,경상,승용,남,29세,기타불명
2013082300100318,2013년 8월 23일 13시,금요일,경상남도 진주시 상봉동,경상사고,0,0,1,0,차대사람 - 기타,보행자보호의무위반,건조,맑음,교차로 - 교차로부근,승합,남,35세,상해없음,보행자,남,40세,경상
2013082300100344,2013년 8월 23일 14시,금요일,경상남도 김해시 장유면,중상사고,0,1,0,0,차대차 - 추돌 - 주정차중,안전운전불이행,습기,비,단일로 - 기타,원동기,남,16세,중상,화물,남,56세,기타불명
2013082300100345,2013년 8월 23일 14시,금요일,경상남도 김해시 진영읍,중상사고,0,1,1,0,차대사람 - 보도통행중,중앙선침범,건조,맑음,단일로 - 횡단보도상,승용,여,58세,상해없음,보행자,여,19세,중상
2013082300100380,2013년 8월 23일 15시,금요일,경상남도 진주시 유곡동,중상사고,0,1,0,0,차량단독 - 공작물충돌,안전운전불이행,습기,비,단일로 - 기타,승용,남,63세,중상,,,,
2013082300100412,2013년 8월 23일 16시,금요일,경상남도 창원시 진해구 석동,중상사고,0,1,0,0,차대차 - 기타,안전운전불이행,건조,맑음,단일로 - 기타,승용,남,58세,상해없음,승용,남,56세,중상
2013082300100413,2013년 8월 23일 16시,금요일,경상남도 함양군 수동면,중상사고,0,1,0,0,차량단독 - 공작물충돌,안전운전불이행,습기,비,단일로 - 기타,화물,남,31세,상해없음,,,,
2013082300100414,2013년 8월 23일 16시,금요일,경상남도 고성군 고성읍,경상사고,0,0,2,0,차대차 - 추돌 - 진행중,안전운전불이행,건조,맑음,단일로 - 기타,승용,남,59세,상해없음,승용,남,34세,경상
2013082300100415,2013년 8월 23일 16시,금요일,경상남도 창원시 마산회원구 합성동,경상사고,0,0,1,0,차대차 - 측면직각충돌,안전운전불이행,건조,맑음,단일로 - 기타,승합,남,54세,상해없음,승용,남,38세,경상
2013082300100438,2013년 8월 23일 17시,금요일,경상남도 김해시 장유면,중상사고,0,1,0,0,차대사람 - 횡단중,보행자보호의무위반,건조,맑음,단일로 - 횡단보도상,승용,남,45세,상해없음,보행자,여,36세,중상
2013082300100486,2013년 8월 23일 18시,금요일,경상남도 밀양시 하남읍,경상사고,0,0,1,0,차대사람 - 길가장자리구역통행중,안전운전불이행,건조,맑음,단일로 - 기타,승합,남,74세,상해없음,보행자,여,78세,경상
2013082300100487,2013년 8월 23일 18시,금요일,경상남도 창원시 마산회원구 양덕동,경상사고,0,0,1,0,차대차 - 측면직각충돌,안전운전불이행,건조,맑음,교차로 - 교차로안,이륜,남,21세,경상,승용,여,51세,상해없음
2013082300100488,2013년 8월 23일 18시,금요일,경상남도 김해시 주촌면,중상사고,0,1,1,0,차대차 - 기타,차로위반,건조,맑음,단일로 - 기타,기타불명,기타불명,기타불명,기타불명,화물,여,31세,중상
2013082300100522,2013년 8월 23일 19시,금요일,경상남도 창원시 마산합포구 교원동,경상사고,0,0,1,0,차대사람 - 차도통행중,안전운전불이행,건조,흐림,교차로 - 교차로안,승용,여,52세,상해없음,보행자,여,54세,경상
2013082300100523,2013년 8월 23일 19시,금요일,경상남도 양산시 남부동,경상사고,0,0,1,0,차대차 - 추돌 - 주정차중,안전운전불이행,건조,맑음,교차로 - 교차로안,승용,남,55세,상해없음,승용,남,39세,경상
2013082300100563,2013년 8월 23일 20시,금요일,경상남도 창원시 마산합포구 상남동,경상사고,0,0,1,0,차대차 - 기타,안전운전불이행,건조,흐림,단일로 - 기타,승용,남,61세,상해없음,이륜,남,52세,경상
2013082300100564,2013년 8월 23일 20시,금요일,경상남도 통영시 도천동,경상사고,0,0,2,0,차대차 - 추돌 - 주정차중,안전운전불이행,건조,맑음,단일로 - 기타,승용,남,46세,상해없음,승용,여,33세,경상
2013082300100565,2013년 8월 23일 20시,금요일,경상남도 김해시 구산동,중상사고,0,1,0,0,차대사람 - 길가장자리구역통행중,안전운전불이행,건조,맑음,단일로 - 기타,승용,남,38세,상해없음,보행자,여,38세,중상
2013082300100600,2013년 8월 23일 21시,금요일,경상남도 창원시 마산합포구 해운동,중상사고,0,1,0,0,차대사람 - 길가장자리구역통행중,안전운전불이행,건조,맑음,단일로 - 기타,승용,남,53세,상해없음,보행자,여,24세,중상
2013082300100601,2013년 8월 23일 21시,금요일,경상남도 김해시 삼계동,경상사고,0,0,1,0,차대사람 - 기타,안전운전불이행,건조,맑음,교차로 - 교차로부근,승용,남,33세,상해없음,보행자,남,50세,경상
2013082300100672,2013년 8월 23일 23시,금요일,경상남도 거제시 아주동,경상사고,0,0,2,0,차대차 - 기타,안전운전불이행,건조,맑음,단일로 - 기타,승용,여,39세,상해없음,승용,여,24세,경상
2013082300100673,2013년 8월 23일 23시,금요일,경상남도 거제시 고현동,경상사고,0,0,1,0,차대차 - 측면직각충돌,안전운전불이행,건조,맑음,단일로 - 기타,승용,남,33세,상해없음,자전거,남,31세,경상
2013082300100674,2013년 8월 23일 23시,금요일,경상남도 창원시 의창구 도계동,중상사고,0,2,0,0,차대차 - 추돌 - 주정차중,안전운전불이행,건조,맑음,교차로 - 교차로부근,화물,남,23세,기타불명,화물,남,35세,중상
2013082400100023,2013년 8월 24일 00시,토요일,경상남도 창원시 진해구 여좌동,중상사고,0,1,0,0,차대사람 - 기타,안전운전불이행,건조,맑음,단일로 - 기타,승합,남,55세,상해없음,보행자,남,63세,중상
2013082400100024,2013년 8월 24일 00시,토요일,경상남도 통영시 광도면,경상사고,0,0,4,0,차대차 - 측면직각충돌,교차로운행방법위반,건조,맑음,교차로 - 교차로안,승용,남,44세,경상,승용,남,28세,경상
2013082400100025,2013년 8월 24일 00시,토요일,경상남도 사천시 벌리동,경상사고,0,0,1,0,차대차 - 추돌 - 진행중,안전운전불이행,건조,흐림,단일로 - 기타,이륜,남,29세,경상,승용,남,48세,상해없음
2013082400100026,2013년 8월 24일 00시,토요일,경상남도 거제시 옥포동,경상사고,0,0,1,0,차대차 - 기타,안전운전불이행,건조,맑음,교차로 - 교차로안,승용,남,35세,상해없음,원동기,남,16세,경상
2013082400100027,2013년 8월 24일 00시,토요일,경상남도 거제시 고현동,중상사고,0,1,0,0,차대차 - 측면직각충돌,신호위반,건조,맑음,교차로 - 교차로안,승용,남,39세,상해없음,원동기,남,33세,중상
2013082400100028,2013년 8월 24일 00시,토요일,경상남도 창원시 성산구 가음정동,경상사고,0,0,2,0,차대차 - 추돌 - 주정차중,안전운전불이행,습기,비,교차로 - 교차로부근,승용,남,53세,상해없음,승용,남,56세,경상
2013082400100055,2013년 8월 24일 01시,토요일,경상남도 창원시 성산구 내동,경상사고,0,0,2,0,차대차 - 정면충돌,안전운전불이행,습기,비,단일로 - 기타,승용,남,31세,상해없음,승용,남,47세,경상
2013082400100084,2013년 8월 24일 02시,토요일,경상남도 거제시 옥포동,경상사고,0,0,1,0,차대사람 - 기타,안전운전불이행,건조,맑음,교차로 - 교차로부근,승용,여,40세,상해없음,보행자,남,49세,경상
2013082400100103,2013년 8월 24일 03시,토요일,경상남도 진주시 상봉동,중상사고,0,1,0,0,차대사람 - 횡단중,안전운전불이행,습기,비,단일로 - 기타,승용,남,49세,상해없음,보행자,여,50세,중상
2013082400100104,2013년 8월 24일 03시,토요일,경상남도 창원시 진해구 석동,중상사고,0,1,0,0,차대차 - 기타,안전운전불이행,습기,비,단일로 - 기타,승용,남,27세,상해없음,원동기,남,26세,중상
2013082400100105,2013년 8월 24일 03시,토요일,경상남도 양산시 물금읍,경상사고,0,0,2,0,차대차 - 측면직각충돌,안전거리미확보,건조,맑음,교차로 - 교차로부근,승용,남,58세,경상,승용,여,48세,경상
2013082400100106,2013년 8월 24일 03시,토요일,경상남도 거제시 연초면,경상사고,0,0,1,0,차대차 - 측면직각충돌,안전운전불이행,습기,흐림,단일로 - 기타,승용,여,32세,상해없음,승용,남,32세,경상
2013082400100107,2013년 8월 24일 03시,토요일,경상남도 창원시 마산회원구 회성동,중상사고,0,1,1,0,차량단독 - 공작물충돌,안전운전불이행,습기,비,단일로 - 기타,화물,남,52세,경상,,,,
2013082400100122,2013년 8월 24일 04시,토요일,경상남도 창원시 의창구 팔용동,경상사고,0,0,1,0,차대차 - 측면직각충돌,안전운전불이행,습기,흐림,교차로 - 교차로안,승용,여,49세,상해없음,승용,남,27세,경상
2013082400100158,2013년 8월 24일 06시,토요일,경상남도 창원시 진해구 여좌동,중상사고,0,1,0,0,차대사람 - 차도통행중,신호위반,습기,비,교차로 - 교차로안,승용,여,40세,상해없음,보행자,여,60세,중상
2013082400100159,2013년 8월 24일 06시,토요일,경상남도 고성군 회화면,사망사고,1,0,0,0,차대차 - 측면직각충돌,신호위반,습기,비,교차로 - 교차로안,화물,남,47세,상해없음,자전거,남,71세,사망
2013082400100160,2013년 8월 24일 06시,토요일,경상남도 거제시 연초면,중상사고,0,1,0,0,차대차 - 기타,안전운전불이행,건조,맑음,교차로 - 교차로안,승용,남,43세,상해없음,원동기,남,49세,중상
2013082400100173,2013년 8월 24일 07시,토요일,경상남도 창원시 마산회원구 양덕동,중상사고,0,10,8,1,차량단독 - 공작물충돌,안전운전불이행,습기,비,교차로 - 교차로안,승합,남,40세,상해없음,,,,
2013082400100221,2013년 8월 24일 09시,토요일,경상남도 진주시 장대동,경상사고,0,0,1,0,차대사람 - 횡단중,보행자보호의무위반,습기,비,단일로 - 횡단보도상,승용,남,46세,상해없음,보행자,여,17세,경상
2013082400100222,2013년 8월 24일 09시,토요일,경상남도 통영시 항남동,경상사고,0,0,1,0,차대사람 - 횡단중,안전운전불이행,습기,비,교차로 - 교차로부근,이륜,남,60세,상해없음,보행자,여,34세,경상
2013082400100223,2013년 8월 24일 09시,토요일,경상남도 김해시 어방동,중상사고,0,1,0,0,차량단독 - 기타,안전운전불이행,습기,흐림,교차로 - 교차로부근,이륜,남,40세,중상,,,,
2013082400100224,2013년 8월 24일 09시,토요일,경상남도 창원시 마산회원구 양덕동,경상사고,0,0,2,0,차대차 - 추돌 - 주정차중,안전운전불이행,건조,기타,단일로 - 기타,승용,여,38세,상해없음,승용,남,46세,경상
2013082400100225,2013년 8월 24일 09시,토요일,경상남도 김해시 주촌면,중상사고,0,1,0,0,차대차 - 추돌 - 진행중,안전운전불이행,습기,비,단일로 - 터널,화물,남,64세,상해없음,화물,남,33세,중상
2013082400100251,2013년 8월 24일 10시,토요일,경상남도 창원시 진해구 장천동,중상사고,0,1,1,0,차대차 - 기타,안전운전불이행,습기,비,교차로 - 교차로안,화물,남,49세,상해없음,승용,남,50세,경상
2013082400100252,2013년 8월 24일 10시,토요일,경상남도 양산시 동면,경상사고,0,0,1,0,차대차 - 기타,안전운전불이행,습기,비,기타 - 기타,승용,여,55세,기타불명,화물,남,57세,경상
2013082400100296,2013년 8월 24일 11시,토요일,경상남도 통영시 무전동,경상사고,0,0,1,0,차대차 - 측면직각충돌,중앙선침범,습기,비,교차로 - 교차로부근,승용,남,69세,상해없음,승용,여,52세,경상
2013082400100297,2013년 8월 24일 11시,토요일,경상남도 합천군 가회면,중상사고,0,1,0,0,차대사람 - 길가장자리구역통행중,중앙선침범,건조,맑음,교차로 - 교차로부근,화물,남,74세,상해없음,보행자,남,57세,중상
2013082400100298,2013년 8월 24일 11시,토요일,경상남도 김해시 장유면,중상사고,0,1,0,0,차대차 - 정면충돌,중앙선침범,습기,비,단일로 - 기타,승용,남,54세,상해없음,승합,남,42세,중상
2013082400100336,2013년 8월 24일 12시,토요일,경상남도 합천군 가야면,중상사고,0,1,1,0,차대차 - 정면충돌,중앙선침범,습기,비,단일로 - 기타,승용,남,66세,경상,승용,여,52세,중상
2013082400100337,2013년 8월 24일 12시,토요일,경상남도 합천군 초계면,중상사고,0,1,0,0,차량단독 - 기타,안전운전불이행,건조,맑음,단일로 - 기타,원동기,남,44세,중상,,,,
2013082400100338,2013년 8월 24일 12시,토요일,경상남도 함안군 칠원면,중상사고,0,1,0,0,차량단독 - 전도전복,안전운전불이행,습기,비,단일로 - 기타,화물,남,48세,중상,,,,
2013082400100339,2013년 8월 24일 12시,토요일,경상남도 창원시 의창구 동읍,중상사고,0,2,0,0,차대차 - 기타,안전운전불이행,습기,비,단일로 - 기타,승용,남,45세,상해없음,승용,남,41세,중상
2013082400100340,2013년 8월 24일 12시,토요일,경상남도 진주시 정촌면,중상사고,0,1,1,0,차대차 - 추돌 - 주정차중,안전운전불이행,습기,비,단일로 - 기타,승용,남,53세,상해없음,승용,남,58세,중상
2013082400100373,2013년 8월 24일 13시,토요일,경상남도 통영시 광도면,경상사고,0,0,1,0,차대차 - 추돌 - 진행중,안전거리미확보,습기,비,단일로 - 기타,화물,남,56세,상해없음,화물,남,38세,경상
2013082400100374,2013년 8월 24일 13시,토요일,경상남도 함양군 함양읍,경상사고,0,0,1,0,차량단독 - 공작물충돌,안전운전불이행,습기,비,단일로 - 기타,화물,남,30세,경상,,,,
2013082400100375,2013년 8월 24일 13시,토요일,경상남도 거제시 일운면,중상사고,0,3,2,0,차대차 - 기타,교차로운행방법위반,습기,맑음,교차로 - 교차로안,승용,남,53세,상해없음,승용,남,58세,경상
2013082400100376,2013년 8월 24일 13시,토요일,경상남도 김해시 주촌면,경상사고,0,0,1,0,차대차 - 추돌 - 진행중,안전운전불이행,습기,비,단일로 - 터널,화물,남,39세,상해없음,화물,남,55세,경상
2013082400100410,2013년 8월 24일 14시,토요일,경상남도 통영시 도산면,중상사고,0,1,0,0,차량단독 - 공작물충돌,안전운전불이행,습기,비,단일로 - 기타,화물,남,33세,중상,,,,
2013082400100411,2013년 8월 24일 14시,토요일,경상남도 창원시 의창구 북동,중상사고,0,1,0,0,차대사람 - 횡단중,안전운전불이행,습기,비,교차로 - 교차로안,원동기,남,69세,상해없음,보행자,여,72세,중상
2013082400100443,2013년 8월 24일 15시,토요일,경상남도 통영시 용남면,중상사고,0,2,0,0,차대차 - 추돌 - 진행중,안전거리미확보,습기,비,단일로 - 기타,승용,남,68세,상해없음,승용,남,44세,중상
2013082400100444,2013년 8월 24일 15시,토요일,경상남도 김해시 흥동,중상사고,0,1,2,0,차대차 - 추돌 - 진행중,안전운전불이행,습기,비,단일로 - 교량,승용,남,27세,상해없음,승용,여,30세,중상
2013082400100445,2013년 8월 24일 15시,토요일,경상남도 김해시 진영읍,경상사고,0,0,1,0,차대차 - 추돌 - 주정차중,안전운전불이행,습기,비,교차로 - 교차로부근,이륜,남,16세,상해없음,이륜,남,16세,상해없음
2013082400100511,2013년 8월 24일 17시,토요일,경상남도 통영시 광도면,경상사고,0,0,2,0,차대차 - 추돌 - 진행중,안전운전불이행,습기,비,단일로 - 기타,승용,남,57세,상해없음,승용,남,57세,경상