사고번호,사고일시,요일,시군구,사고내용,사망자수,중상자수,경상자수,부상신고자수,사고유형,법규위반,노면상태,기상상태,도로형태,가해운전자 차종,가해운전자 성별,가해운전자 연령,가해운전자 상해정도,피해운전자 차종,피해운전자 성별,피해운전자 연령,피해운전자 상해정도
2013082800100335,2013년 8월 28일 15시,수요일,경상남도 김해시 장유면,중상사고,0,1,0,0,차대사람 - 횡단중,안전운전불이행,건조,맑음,교차로 - 교차로부근,승합,남,33세,상해없음,보행자,여,78세,중상
2013082800100366,2013년 8월 28일 16시,수요일,경상남도 창원시 마산합포구 남성동,경상사고,0,0,1,0,차대차 - 기타,신호위반,건조,맑음,단일로 - 횡단보도상,승합,남,40세,상해없음,자전거,남,59세,경상
2013082800100367,2013년 8월 28일 16시,수요일,경상남도 통영시 광도면,부상신고사고,0,0,0,1,차대차 - 기타,직진우회전진행방해,건조,맑음,교차로 - 교차로안,원동기,남,37세,부상신고,승용,남,51세,상해없음
2013082800100400,2013년 8월 28일 17시,수요일,경상남도 창원시 진해구 경화동,중상사고,0,1,2,0,차대사람 - 차도통행중,안전운전불이행,건조,맑음,교차로 - 교차로안,원동기,남,53세,상해없음,보행자,여,81세,경상
2013082800100438,2013년 8월 28일 18시,수요일,경상남도 창원시 진해구 자은동,중상사고,0,1,0,0,차대사람 - 차도통행중,안전운전불이행,건조,맑음,단일로 - 기타,승용,남,53세,상해없음,보행자,남,9세,중상
2013082800100486,2013년 8월 28일 19시,수요일,경상남도 거창군 거창읍,부상신고사고,0,0,0,1,차대차 - 측면직각충돌,안전운전불이행,건조,맑음,교차로 - 교차로안,농기계,남,64세,부상신고,승용,남,54세,상해없음
2013082800100487,2013년 8월 28일 19시,수요일,경상남도 양산시 삼호동,경상사고,0,0,1,0,차대사람 - 기타,보행자보호의무위반,건조,맑음,단일로 - 횡단보도상,승합,남,49세,상해없음,보행자,여,40세,경상
2013082800100581,2013년 8월 28일 22시,수요일,경상남도 진주시 주약동,중상사고,0,1,0,0,차대차 - 기타,안전운전불이행,건조,맑음,단일로 - 기타,승용,남,38세,상해없음,원동기,남,16세,중상
2013082800100582,2013년 8월 28일 22시,수요일,경상남도 창원시 진해구 용원동,경상사고,0,0,1,0,차대사람 - 차도통행중,안전운전불이행,건조,맑음,단일로 - 기타,승용,남,26세,상해없음,보행자,남,31세,경상
2013082800100583,2013년 8월 28일 22시,수요일,경상남도 거제시 아주동,중상사고,0,3,0,0,차대차 - 추돌 - 진행중,안전운전불이행,건조,맑음,교차로 - 교차로부근,승용,남,39세,상해없음,승용,남,25세,중상
2013082800100584,2013년 8월 28일 22시,수요일,경상남도 창원시 성산구 반지동,경상사고,0,0,1,0,차대사람 - 차도통행중,안전운전불이행,건조,맑음,단일로 - 기타,기타불명,기타불명,기타불명,기타불명,보행자,남,18세,경상
2013082900100063,2013년 8월 29일 05시,목요일,경상남도 하동군 적량면,사망사고,1,0,0,0,차량단독 - 공작물충돌,안전운전불이행,건조,맑음,기타 - 기타,승용,남,55세,사망,,,,
2013082900100099,2013년 8월 29일 07시,목요일,경상남도 거창군 남하면,중상사고,0,1,1,0,차대차 - 정면충돌,중앙선침범,건조,맑음,단일로 - 기타,승용,여,41세,중상,승용,남,38세,경상
2013082900100136,2013년 8월 29일 08시,목요일,경상남도 창원시 마산합포구 완월동,중상사고,0,1,1,0,차대차 - 기타,교차로운행방법위반,건조,맑음,단일로 - 기타,승용,여,37세,상해없음,승용,남,61세,중상
2013082900100137,2013년 8월 29일 08시,목요일,경상남도 김해시 흥동,중상사고,0,1,0,0,차대차 - 기타,교차로운행방법위반,건조,맑음,교차로 - 교차로안,건설기계,남,47세,상해없음,화물,남,59세,중상
2013082900100169,2013년 8월 29일 09시,목요일,경상남도 김해시 외동,중상사고,0,2,1,0,차대차 - 기타,안전거리미확보,건조,맑음,단일로 - 기타,화물,남,63세,상해없음,승용,여,34세,중상
2013082900100208,2013년 8월 29일 10시,목요일,경상남도 통영시 서호동,중상사고,0,1,0,0,차대차 - 측면직각충돌,안전운전불이행,건조,맑음,단일로 - 기타,자전거,남,76세,중상,화물,남,40세,상해없음
2013082900100209,2013년 8월 29일 10시,목요일,경상남도 합천군 초계면,사망사고,1,0,0,0,차량단독 - 공작물충돌,안전운전불이행,습기,비,단일로 - 기타,이륜,남,71세,사망,,,,
2013082900100230,2013년 8월 29일 11시,목요일,경상남도 사천시 동금동,경상사고,0,0,1,0,차대차 - 측면직각충돌,중앙선침범,건조,맑음,교차로 - 교차로부근,승용,남,51세,상해없음,이륜,남,72세,경상
2013082900100255,2013년 8월 29일 12시,목요일,경상남도 밀양시 무안면,경상사고,0,0,1,0,차대차 - 측면직각충돌,교차로운행방법위반,건조,맑음,교차로 - 교차로안,화물,남,44세,상해없음,이륜,남,58세,경상
2013082900100256,2013년 8월 29일 12시,목요일,경상남도 창원시 성산구 상남동,경상사고,0,0,1,0,차대차 - 측면직각충돌,안전운전불이행,건조,맑음,교차로 - 교차로안,승용,남,28세,상해없음,승용,남,51세,경상
2013082900100278,2013년 8월 29일 13시,목요일,경상남도 거제시 사등면,부상신고사고,0,0,0,1,차대사람 - 기타,안전운전불이행,건조,맑음,단일로 - 기타,기타불명,기타불명,기타불명,기타불명,보행자,여,14세,부상신고
2013082900100279,2013년 8월 29일 13시,목요일,경상남도 함안군 산인면,경상사고,0,0,1,0,차대차 - 추돌 - 진행중,안전운전불이행,건조,맑음,단일로 - 기타,화물,남,50세,상해없음,승용,여,52세,경상
2013082900100280,2013년 8월 29일 13시,목요일,경상남도 의령군 유곡면,경상사고,0,0,1,0,차량단독 - 기타,안전운전불이행,건조,맑음,교차로 - 교차로부근,원동기,남,81세,경상,,,,
2013082900100333,2013년 8월 29일 15시,목요일,경상남도 진주시 가좌동,중상사고,0,2,2,0,차대차 - 추돌 - 진행중,안전거리미확보,건조,맑음,교차로 - 교차로부근,승합,남,58세,상해없음,승용,여,45세,중상
2013082900100334,2013년 8월 29일 15시,목요일,경상남도 통영시 북신동,경상사고,0,0,2,0,차대차 - 측면직각충돌,교차로운행방법위반,건조,맑음,교차로 - 교차로안,이륜,남,49세,상해없음,승용,남,38세,경상
2013082900100335,2013년 8월 29일 15시,목요일,경상남도 거창군 거창읍,사망사고,1,0,0,0,차량단독 - 공작물충돌,안전운전불이행,습기,비,단일로 - 기타,원동기,여,62세,사망,,,,
2013082900100336,2013년 8월 29일 15시,목요일,경상남도 김해시 한림면,중상사고,0,2,0,0,차대차 - 기타,안전운전불이행,건조,맑음,교차로 - 교차로안,승용,남,47세,상해없음,승용,여,51세,중상
2013082900100377,2013년 8월 29일 16시,목요일,경상남도 거창군 거창읍,중상사고,0,1,0,0,차대차 - 측면직각충돌,교차로운행방법위반,건조,맑음,교차로 - 교차로안,화물,남,65세,상해없음,원동기,남,47세,중상
2013082900100412,2013년 8월 29일 17시,목요일,경상남도 밀양시 가곡동,중상사고,0,1,0,0,차대차 - 측면직각충돌,교차로운행방법위반,건조,맑음,교차로 - 교차로안,원동기,남,17세,상해없음,자전거,여,67세,중상
2013082900100413,2013년 8월 29일 17시,목요일,경상남도 김해시 삼계동,중상사고,0,2,0,0,차대차 - 기타,안전거리미확보,건조,맑음,단일로 - 기타,건설기계,남,46세,상해없음,승용,남,35세,중상
2013082900100448,2013년 8월 29일 18시,목요일,경상남도 밀양시 산외면,중상사고,0,1,0,0,차대사람 - 기타,안전운전불이행,건조,맑음,단일로 - 기타,화물,남,32세,상해없음,보행자,남,70세,중상
2013082900100449,2013년 8월 29일 18시,목요일,경상남도 창원시 성산구 외동,부상신고사고,0,0,0,1,차대사람 - 기타,안전운전불이행,건조,맑음,교차로 - 교차로부근,기타불명,기타불명,기타불명,기타불명,보행자,남,37세,부상신고
2013082900100450,2013년 8월 29일 18시,목요일,경상남도 창원시 마산회원구 내서읍,중상사고,0,1,1,0,차대차 - 측면직각충돌,안전운전불이행,건조,맑음,단일로 - 기타,건설기계,남,38세,상해없음,원동기,여,41세,중상
2013082900100495,2013년 8월 29일 19시,목요일,경상남도 창원시 마산회원구 구암동,중상사고,0,1,0,0,차대차 - 측면직각충돌,안전운전불이행,건조,맑음,단일로 - 기타,자전거,남,49세,중상,승합,남,47세,상해없음
2013082900100537,2013년 8월 29일 20시,목요일,경상남도 창녕군 영산면,중상사고,0,1,0,0,차대사람 - 횡단중,보행자보호의무위반,습기,비,단일로 - 횡단보도상,승용,남,37세,상해없음,보행자,여,49세,중상
2013082900100569,2013년 8월 29일 21시,목요일,경상남도 김해시 어방동,중상사고,0,1,1,0,차대차 - 추돌 - 진행중,안전운전불이행,건조,맑음,교차로 - 교차로부근,승용,남,48세,상해없음,승용,남,26세,경상
2013082900100570,2013년 8월 29일 21시,목요일,경상남도 창원시 마산회원구 구암동,경상사고,0,0,1,0,차대차 - 기타,안전운전불이행,습기,비,단일로 - 기타,승용,여,20세,상해없음,이륜,남,39세,경상
2013082900100571,2013년 8월 29일 21시,목요일,경상남도 창원시 의창구 팔용동,중상사고,0,1,0,0,차대사람 - 횡단중,보행자보호의무위반,건조,맑음,단일로 - 횡단보도상,승용,여,37세,상해없음,보행자,남,53세,중상
2013082900100616,2013년 8월 29일 22시,목요일,경상남도 창원시 성산구 상남동,경상사고,0,0,1,0,차대차 - 추돌 - 진행중,안전운전불이행,습기,비,교차로 - 교차로부근,승용,남,51세,상해없음,승용,남,29세,경상
2013082900100649,2013년 8월 29일 23시,목요일,경상남도 진주시 금산면,부상신고사고,0,0,0,1,차량단독 - 전도전복,안전운전불이행,습기,비,단일로 - 기타,승용,여,43세,부상신고,,,,
2013083000100014,2013년 8월 30일 00시,금요일,경상남도 양산시 물금읍,중상사고,0,2,1,0,차대차 - 기타,안전운전불이행,습기,비,단일로 - 기타,승용,여,57세,기타불명,승용,남,47세,중상
2013083000100015,2013년 8월 30일 00시,금요일,경상남도 고성군 고성읍,경상사고,0,0,1,0,차대차 - 측면직각충돌,교차로운행방법위반,습기,비,교차로 - 교차로안,화물,남,53세,상해없음,화물,남,36세,경상
2013083000100016,2013년 8월 30일 00시,금요일,경상남도 창원시 마산회원구 구암동,경상사고,0,0,1,0,차대차 - 추돌 - 주정차중,안전운전불이행,습기,비,교차로 - 교차로부근,승용,여,40세,상해없음,승용,남,25세,상해없음
2013083000100028,2013년 8월 30일 01시,금요일,경상남도 진주시 하대동,중상사고,0,1,0,0,차대차 - 측면직각충돌,교차로운행방법위반,기타,비,교차로 - 교차로안,승용,남,52세,상해없음,원동기,남,30세,중상
2013083000100029,2013년 8월 30일 01시,금요일,경상남도 양산시 명동,경상사고,0,0,2,0,차대차 - 측면직각충돌,신호위반,습기,비,교차로 - 교차로안,승용,남,21세,상해없음,승합,여,46세,상해없음
2013083000100045,2013년 8월 30일 02시,금요일,경상남도 진주시 상대동,중상사고,0,1,0,0,차대사람 - 보도통행중,신호위반,습기,비,단일로 - 기타,승용,남,33세,상해없음,보행자,남,48세,중상
2013083000100071,2013년 8월 30일 04시,금요일,경상남도 창원시 마산회원구 양덕동,경상사고,0,0,1,0,차대차 - 추돌 - 주정차중,안전운전불이행,습기,비,단일로 - 기타,승용,남,23세,상해없음,승용,남,54세,경상
2013083000100093,2013년 8월 30일 06시,금요일,경상남도 거제시 장목면,경상사고,0,0,1,0,차대차 - 측면직각충돌,안전운전불이행,건조,맑음,단일로 - 기타,승용,남,32세,상해없음,승용,여,34세,경상
2013083000100105,2013년 8월 30일 07시,금요일,경상남도 김해시 어방동,중상사고,0,2,0,0,차대차 - 기타,안전운전불이행,건조,맑음,교차로 - 교차로부근,승용,남,43세,중상,승용,여,48세,중상
2013083000100106,2013년 8월 30일 07시,금요일,경상남도 창원시 의창구 사림동,경상사고,0,0,3,0,차대차 - 정면충돌,중앙선침범,습기,흐림,교차로 - 교차로부근,승용,남,47세,상해없음,승용,남,25세,경상
2013083000100140,2013년 8월 30일 08시,금요일,경상남도 함양군 함양읍,중상사고,0,1,0,0,차대차 - 추돌 - 주정차중,안전운전불이행,습기,흐림,교차로 - 교차로안,승합,남,65세,중상,화물,남,71세,상해없음
2013083000100178,2013년 8월 30일 09시,금요일,경상남도 창원시 의창구 도계동,중상사고,0,1,0,0,차대사람 - 길가장자리구역통행중,안전운전불이행,건조,맑음,교차로 - 교차로부근,승용,남,23세,상해없음,보행자,여,85세,중상
2013083000100205,2013년 8월 30일 10시,금요일,경상남도 김해시 어방동,중상사고,0,1,2,0,차대차 - 측면직각충돌,안전운전불이행,건조,흐림,교차로 - 교차로안,승용,여,37세,경상,승합,남,47세,상해없음
2013083000100206,2013년 8월 30일 10시,금요일,경상남도 거제시 고현동,중상사고,0,1,0,0,차대차 - 기타,직진우회전진행방해,건조,맑음,교차로 - 교차로안,승용,여,31세,상해없음,승용,여,57세,중상
2013083000100207,2013년 8월 30일 10시,금요일,경상남도 김해시 진영읍,중상사고,0,1,0,0,차대사람 - 기타,안전운전불이행,건조,맑음,교차로 - 교차로안,화물,남,22세,상해없음,보행자,남,61세,중상
2013083000100264,2013년 8월 30일 12시,금요일,경상남도 창원시 마산합포구 동성동,부상신고사고,0,0,0,1,차대차 - 측면직각충돌,중앙선침범,건조,맑음,단일로 - 기타,이륜,남,61세,부상신고,승용,남,27세,상해없음
2013083000100265,2013년 8월 30일 12시,금요일,경상남도 창원시 의창구 동읍,경상사고,0,0,1,0,차대차 - 측면직각충돌,차로위반,건조,맑음,단일로 - 기타,승용,남,44세,상해없음,화물,남,45세,경상
2013083000100319,2013년 8월 30일 14시,금요일,경상남도 창원시 마산회원구 양덕동,중상사고,0,1,0,0,차대차 - 측면직각충돌,안전운전불이행,건조,맑음,교차로 - 교차로안,화물,남,61세,상해없음,원동기,남,55세,중상
2013083000100385,2013년 8월 30일 16시,금요일,경상남도 창원시 진해구 평안동,중상사고,0,1,0,0,차대차 - 측면직각충돌,안전운전불이행,건조,맑음,교차로 - 교차로안,승용,남,53세,상해없음,자전거,여,71세,중상
2013083000100386,2013년 8월 30일 16시,금요일,경상남도 밀양시 내이동,경상사고,0,0,2,0,차대차 - 기타,안전운전불이행,건조,맑음,교차로 - 교차로안,승용,남,52세,상해없음,승용,남,35세,경상
2013083000100387,2013년 8월 30일 16시,금요일,경상남도 거제시 고현동,경상사고,0,0,1,0,차대차 - 기타,안전운전불이행,건조,맑음,교차로 - 교차로안,승용,여,29세,상해없음,승합,남,43세,상해없음
2013083000100388,2013년 8월 30일 16시,금요일,경상남도 창원시 마산회원구 내서읍,중상사고,0,3,1,0,차대차 - 추돌 - 진행중,안전운전불이행,건조,맑음,교차로 - 교차로부근,화물,남,52세,상해없음,승용,남,38세,경상
2013083000100424,2013년 8월 30일 17시,금요일,경상남도 밀양시 부북면,경상사고,0,0,1,0,차대차 - 기타,안전운전불이행,건조,맑음,교차로 - 교차로부근,화물,남,53세,상해없음,이륜,남,77세,경상
2013083000100425,2013년 8월 30일 17시,금요일,경상남도 김해시 외동,경상사고,0,0,1,0,차대차 - 측면직각충돌,중앙선침범,건조,맑음,단일로 - 기타,자전거,여,37세,경상,승합,남,50세,상해없음
2013083000100426,2013년 8월 30일 17시,금요일,경상남도 함안군 대산면,경상사고,0,0,1,0,차대차 - 측면직각충돌,안전운전불이행,건조,맑음,단일로 - 기타,건설기계,남,55세,상해없음,승용,여,60세,경상
2013083000100468,2013년 8월 30일 18시,금요일,경상남도 창원시 마산합포구 중앙동3가,경상사고,0,0,2,0,차대차 - 측면직각충돌,안전운전불이행,건조,맑음,단일로 - 기타,승용,남,56세,상해없음,승용,남,65세,경상
2013083000100469,2013년 8월 30일 18시,금요일,경상남도 합천군 대병면,사망사고,1,0,0,0,차대사람 - 기타,안전운전불이행,건조,맑음,단일로 - 기타,화물,남,63세,상해없음,보행자,남,32세,사망
2013083000100539,2013년 8월 30일 20시,금요일,경상남도 진주시 상대동,중상사고,0,1,0,0,차대사람 - 횡단중,안전운전불이행,건조,흐림,단일로 - 기타,승용,남,36세,상해없음,보행자,남,63세,중상
2013083000100540,2013년 8월 30일 20시,금요일,경상남도 밀양시 산외면,경상사고,0,0,1,0,차대차 - 기타,안전운전불이행,건조,맑음,교차로 - 교차로안,승용,남,51세,상해없음,화물,남,20세,경상
2013083000100541,2013년 8월 30일 20시,금요일,경상남도 김해시 외동,중상사고,0,1,0,0,차대차 - 측면직각충돌,안전운전불이행,건조,맑음,교차로 - 교차로부근,이륜,남,57세,중상,승용,남,47세,상해없음
2013083000100542,2013년 8월 30일 20시,금요일,경상남도 양산시 물금읍,경상사고,0,0,1,0,차대사람 - 횡단중,안전운전불이행,건조,맑음,단일로 - 횡단보도상,승용,남,29세,상해없음,보행자,여,23세,경상
2013083000100579,2013년 8월 30일 21시,금요일,경상남도 창원시 마산합포구 남성동,부상신고사고,0,0,0,1,차대사람 - 기타,안전운전불이행,건조,맑음,교차로 - 교차로안,승용,여,38세,상해없음,보행자,남,68세,부상신고
2013083000100580,2013년 8월 30일 21시,금요일,경상남도 양산시 북부동,중상사고,0,1,0,0,차대사람 - 기타,안전운전불이행,건조,흐림,단일로 - 기타,승용,남,41세,상해없음,보행자,남,38세,중상
2013083000100581,2013년 8월 30일 21시,금요일,경상남도 양산시 중부동,경상사고,0,0,1,0,차대차 - 측면직각충돌,안전거리미확보,건조,맑음,단일로 - 기타,승용,남,55세,상해없음,승용,여,40세,상해없음
2013083000100582,2013년 8월 30일 21시,금요일,경상남도 창원시 마산회원구 구암동,경상사고,0,0,3,0,차대차 - 추돌 - 주정차중,안전운전불이행,건조,맑음,단일로 - 기타,승용,남,39세,상해없음,승용,남,44세,상해없음
2013083000100596,2013년 8월 30일 22시,금요일,경상남도 김해시 대동면,중상사고,0,1,0,0,차대차 - 측면직각충돌,안전거리미확보,건조,맑음,단일로 - 기타,화물,남,51세,상해없음,승용,남,38세,중상
2013083000100614,2013년 8월 30일 22시,금요일,경상남도 창원시 의창구 소답동,경상사고,0,0,4,0,차대차 - 측면직각충돌,직진우회전진행방해,건조,맑음,교차로 - 교차로안,승용,남,52세,상해없음,승용,남,26세,경상
2013083000100644,2013년 8월 30일 23시,금요일,경상남도 진주시 유곡동,중상사고,0,1,0,0,차대사람 - 기타,안전운전불이행,건조,맑음,단일로 - 기타,승용,남,44세,상해없음,보행자,남,45세,중상
2013083000100645,2013년 8월 30일 23시,금요일,경상남도 창원시 진해구 충무동,중상사고,0,1,1,0,차대차 - 측면직각충돌,안전운전불이행,건조,맑음,단일로 - 기타,승합,남,42세,상해없음,승용,남,44세,경상
2013083000100646,2013년 8월 30일 23시,금요일,경상남도 창원시 의창구 팔용동,중상사고,0,1,0,0,차대사람 - 횡단중,안전운전불이행,건조,맑음,교차로 - 교차로부근,승용,남,27세,상해없음,보행자,남,28세,중상
2013083100100020,2013년 8월 31일 00시,토요일,경상남도 창원시 진해구 경화동,경상사고,0,0,1,0,차대차 - 추돌 - 주정차중,안전운전불이행,건조,기타,단일로 - 기타,승용,남,31세,상해없음,승용,남,43세,경상
2013083100100021,2013년 8월 31일 00시,토요일,경상남도 양산시 북정동,중상사고,0,1,0,0,차량단독 - 기타,안전운전불이행,건조,맑음,단일로 - 기타,승합,남,41세,상해없음,,,,
2013083100100064,2013년 8월 31일 02시,토요일,경상남도 창원시 마산합포구 오동동,중상사고,0,1,1,0,차대차 - 측면직각충돌,불법유턴,건조,맑음,교차로 - 교차로안,승용,남,55세,상해없음,승용,남,57세,상해없음
2013083100100065,2013년 8월 31일 02시,토요일,경상남도 창원시 마산회원구 회원동,중상사고,0,1,0,0,차대차 - 측면직각충돌,신호위반,건조,맑음,교차로 - 교차로안,원동기,남,16세,상해없음,승용,남,25세,상해없음
2013083100100078,2013년 8월 31일 03시,토요일,경상남도 사천시 서금동,경상사고,0,0,2,0,차대차 - 기타,교차로운행방법위반,건조,맑음,교차로 - 교차로안,승용,남,71세,상해없음,화물,여,64세,경상
2013083100100089,2013년 8월 31일 04시,토요일,경상남도 창녕군 계성면,경상사고,0,0,1,0,차대차 - 기타,안전운전불이행,건조,맑음,단일로 - 기타,화물,남,31세,상해없음,승용,남,21세,경상
2013083100100109,2013년 8월 31일 05시,토요일,경상남도 양산시 평산동,중상사고,0,1,0,0,차대사람 - 기타,안전운전불이행,건조,맑음,교차로 - 교차로안,승용,여,43세,상해없음,보행자,남,48세,중상
2013083100100110,2013년 8월 31일 05시,토요일,경상남도 사천시 곤양면,중상사고,0,1,1,0,차량단독 - 기타,안전운전불이행,건조,맑음,단일로 - 기타,승용,남,39세,상해없음,,,,
2013083100100157,2013년 8월 31일 08시,토요일,경상남도 진주시 망경동,경상사고,0,0,2,0,차대차 - 측면직각충돌,신호위반,건조,맑음,교차로 - 교차로안,승용,여,38세,상해없음,승용,여,52세,경상
2013083100100158,2013년 8월 31일 08시,토요일,경상남도 진주시 대안동,중상사고,0,1,0,0,차대차 - 추돌 - 주정차중,안전거리미확보,건조,맑음,교차로 - 교차로부근,승용,남,46세,상해없음,승용,여,44세,중상
2013083100100159,2013년 8월 31일 08시,토요일,경상남도 진주시 상봉동,중상사고,0,1,0,0,차대차 - 추돌 - 주정차중,안전거리미확보,건조,맑음,교차로 - 교차로부근,화물,남,38세,상해없음,승용,남,53세,중상
2013083100100184,2013년 8월 31일 09시,토요일,경상남도 사천시 대방동,경상사고,0,0,2,0,차대차 - 측면직각충돌,교차로운행방법위반,건조,맑음,교차로 - 교차로안,승용,남,52세,상해없음,화물,남,56세,경상
2013083100100185,2013년 8월 31일 09시,토요일,경상남도 하동군 하동읍,경상사고,0,0,2,0,차대차 - 추돌 - 주정차중,안전운전불이행,건조,맑음,단일로 - 기타,승합,남,44세,상해없음,승용,남,43세,경상
2013083100100186,2013년 8월 31일 09시,토요일,경상남도 남해군 남해읍,중상사고,0,1,0,0,차대차 - 추돌 - 주정차중,안전운전불이행,건조,맑음,기타 - 기타,승용,남,34세,상해없음,승용,남,56세,중상
2013083100100211,2013년 8월 31일 10시,토요일,경상남도 김해시 장유면,중상사고,0,1,0,0,차대사람 - 차도통행중,안전운전불이행,건조,맑음,단일로 - 기타,승용,남,33세,상해없음,보행자,여,73세,중상
2013083100100238,2013년 8월 31일 11시,토요일,경상남도 거제시 동부면,중상사고,0,2,0,0,차대차 - 측면직각충돌,안전운전불이행,건조,맑음,교차로 - 교차로부근,승용,여,27세,상해없음,승용,남,32세,중상
2013083100100276,2013년 8월 31일 12시,토요일,경상남도 양산시 중부동,중상사고,0,1,0,0,차대사람 - 횡단중,보행자보호의무위반,건조,맑음,교차로 - 교차로부근,승용,남,40세,상해없음,보행자,여,27세,중상
2013083100100277,2013년 8월 31일 12시,토요일,경상남도 양산시 명곡동,경상사고,0,0,1,0,차대차 - 측면직각충돌,안전운전불이행,건조,맑음,기타 - 기타,승용,남,58세,상해없음,승용,남,34세,경상
2013083100100278,2013년 8월 31일 12시,토요일,경상남도 김해시 장유면,중상사고,0,2,0,0,차대차 - 측면직각충돌,안전운전불이행,건조,맑음,단일로 - 기타,승용,여,47세,상해없음,승용,남,58세,상해없음
2013083100100309,2013년 8월 31일 13시,토요일,경상남도 창원시 진해구 원포동,경상사고,0,0,2,0,차량단독 - 전도전복,안전운전불이행,건조,맑음,기타 - 기타,원동기,남,16세,경상,,,,
2013083100100310,2013년 8월 31일 13시,토요일,경상남도 창원시 의창구 팔용동,중상사고,0,2,3,0,차대차 - 추돌 - 진행중,안전거리미확보,건조,맑음,단일로 - 기타,화물,남,63세,상해없음,승용,남,31세,중상
2013083100100340,2013년 8월 31일 14시,토요일,경상남도 진주시 하대동,경상사고,0,0,1,0,차대사람 - 횡단중,안전운전불이행,건조,맑음,단일로 - 기타,이륜,남,16세,상해없음,보행자,여,10세,경상
2013083100100341,2013년 8월 31일 14시,토요일,경상남도 사천시 용현면,부상신고사고,0,0,0,1,차대차 - 추돌 - 주정차중,안전거리미확보,건조,맑음,교차로 - 교차로부근,화물,남,51세,상해없음,승용,남,60세,부상신고
2013083100100342,2013년 8월 31일 14시,토요일,경상남도 함양군 함양읍,경상사고,0,0,3,0,차대차 - 추돌 - 주정차중,안전운전불이행,건조,맑음,교차로 - 교차로안,화물,남,63세,상해없음,승용,남,39세,경상
2013083100100343,2013년 8월 31일 14시,토요일,경상남도 남해군 상주면,중상사고,0,1,0,0,차대차 - 기타,안전운전불이행,건조,맑음,기타 - 기타,승합,남,51세,상해없음,승용,남,21세,중상
2013083100100378,2013년 8월 31일 15시,토요일,경상남도 거제시 동부면,사망사고,1,2,1,0,차량단독 - 전도전복,안전운전불이행,건조,맑음,단일로 - 기타,승용,남,63세,중상,,,,
2013083100100379,2013년 8월 31일 15시,토요일,경상남도 창원시 성산구 외동,중상사고,0,1,2,0,차대차 - 추돌 - 주정차중,안전운전불이행,습기,흐림,단일로 - 기타,승용,남,53세,상해없음,승용,여,42세,중상
2013083100100380,2013년 8월 31일 15시,토요일,경상남도 김해시 진영읍,중상사고,0,1,0,0,차대사람 - 기타,안전운전불이행,건조,맑음,기타 - 기타,승용,여,32세,상해없음,보행자,여,32세,중상
2013083100100381,2013년 8월 31일 15시,토요일,경상남도 창원시 의창구 동읍,중상사고,0,1,0,0,차대차 - 기타,안전운전불이행,건조,맑음,단일로 - 기타,승용,남,59세,상해없음,승용,남,47세,중상
2013083100100421,2013년 8월 31일 16시,토요일,경상남도 통영시 도천동,경상사고,0,0,2,0,차대차 - 추돌 - 주정차중,안전운전불이행,건조,맑음,단일로 - 기타,승용,남,44세,상해없음,승용,남,28세,경상
2013083100100422,2013년 8월 31일 16시,토요일,경상남도 양산시 상북면,중상사고,0,1,0,0,차대차 - 측면직각충돌,안전운전불이행,건조,맑음,교차로 - 교차로부근,승용,남,53세,상해없음,자전거,남,75세,중상
2013083100100456,2013년 8월 31일 17시,토요일,경상남도 창원시 의창구 도계동,경상사고,0,0,1,0,차대차 - 기타,안전운전불이행,건조,맑음,단일로 - 기타,승합,남,31세,상해없음,원동기,남,16세,상해없음
2013083100100483,2013년 8월 31일 18시,토요일,경상남도 진주시 금곡면,중상사고,0,1,0,0,차대차 - 추돌 - 주정차중,안전운전불이행,건조,맑음,단일로 - 기타,농기계,남,54세,중상,승용,남,43세,상해없음
2013083100100484,2013년 8월 31일 18시,토요일,경상남도 함양군 수동면,부상신고사고,0,0,0,1,차대차 - 측면직각충돌,교차로운행방법위반,건조,맑음,교차로 - 교차로안,원동기,남,69세,부상신고,승합,남,47세,상해없음
2013083100100521,2013년 8월 31일 19시,토요일,경상남도 창원시 마산합포구 문화동,경상사고,0,0,1,0,차대차 - 측면직각충돌,안전운전불이행,건조,맑음,교차로 - 교차로안,승용,남,54세,상해없음,승용,여,31세,경상
2013083100100522,2013년 8월 31일 19시,토요일,경상남도 양산시 다방동,중상사고,0,2,0,0,차대차 - 측면직각충돌,신호위반,건조,맑음,교차로 - 교차로안,승용,남,66세,상해없음,승용,남,28세,중상
2013083100100523,2013년 8월 31일 19시,토요일,경상남도 김해시 장유면,중상사고,0,1,0,0,차대사람 - 차도통행중,안전운전불이행,건조,맑음,단일로 - 기타,화물,남,56세,상해없음,보행자,남,82세,중상
2013083100100551,2013년 8월 31일 20시,토요일,경상남도 진주시 신안동,중상사고,0,1,0,0,차대사람 - 기타,안전운전불이행,건조,맑음,단일로 - 기타,승합,남,59세,상해없음,보행자,여,50세,중상
2013083100100552,2013년 8월 31일 20시,토요일,경상남도 김해시 구산동,경상사고,0,0,1,0,차대사람 - 횡단중,안전운전불이행,건조,맑음,단일로 - 기타,이륜,남,27세,상해없음,보행자,남,59세,경상
2013083100100579,2013년 8월 31일 21시,토요일,경상남도 창원시 진해구 여좌동,경상사고,0,0,1,0,차대사람 - 기타,신호위반,건조,맑음,교차로 - 교차로안,승용,여,45세,상해없음,보행자,남,34세,경상