사고번호,사고일시,요일,시군구,사고내용,사망자수,중상자수,경상자수,부상신고자수,사고유형,법규위반,노면상태,기상상태,도로형태,가해운전자 차종,가해운전자 성별,가해운전자 연령,가해운전자 상해정도,피해운전자 차종,피해운전자 성별,피해운전자 연령,피해운전자 상해정도
2013083100100580,2013년 8월 31일 21시,토요일,경상남도 김해시 구산동,경상사고,0,0,1,0,차대차 - 측면직각충돌,신호위반,건조,맑음,교차로 - 교차로안,승용,남,54세,상해없음,승용,남,21세,경상
2013083100100581,2013년 8월 31일 21시,토요일,경상남도 창원시 의창구 봉곡동,중상사고,0,1,0,0,차대사람 - 횡단중,안전운전불이행,건조,맑음,단일로 - 기타,승용,남,55세,상해없음,보행자,여,12세,중상
2013083100100594,2013년 8월 31일 22시,토요일,경상남도 김해시 대동면,중상사고,0,1,0,0,차대차 - 측면직각충돌,안전거리미확보,건조,맑음,단일로 - 기타,승용,남,55세,상해없음,승용,남,33세,중상
2013090100100046,2013년 9월 1일 02시,일요일,경상남도 거제시 장승포동,중상사고,0,2,0,0,차대차 - 기타,안전운전불이행,건조,맑음,단일로 - 기타,승용,여,33세,상해없음,승용,여,22세,중상
2013090100100047,2013년 9월 1일 02시,일요일,경상남도 창원시 마산회원구 회성동,중상사고,0,2,0,0,차대차 - 측면직각충돌,신호위반,건조,맑음,교차로 - 교차로안,승용,남,37세,상해없음,승용,남,60세,중상
2013090100100048,2013년 9월 1일 02시,일요일,경상남도 창원시 마산회원구 합성동,경상사고,0,0,1,0,차대사람 - 길가장자리구역통행중,안전운전불이행,건조,맑음,단일로 - 기타,승용,남,23세,상해없음,보행자,여,33세,경상
2013090100100063,2013년 9월 1일 03시,일요일,경상남도 거제시 고현동,중상사고,0,1,0,0,차대차 - 측면직각충돌,안전운전불이행,건조,맑음,교차로 - 교차로안,기타불명,기타불명,기타불명,기타불명,자전거,여,68세,중상
2013090100100064,2013년 9월 1일 03시,일요일,경상남도 창원시 성산구 성주동,중상사고,0,1,1,0,차대차 - 측면직각충돌,안전거리미확보,건조,맑음,교차로 - 교차로부근,승용,남,17세,상해없음,승용,남,36세,경상
2013090100100065,2013년 9월 1일 03시,일요일,경상남도 창원시 마산회원구 석전동,경상사고,0,0,1,0,차대사람 - 횡단중,안전운전불이행,건조,맑음,교차로 - 교차로안,승용,남,35세,상해없음,보행자,남,23세,경상
2013090100100084,2013년 9월 1일 05시,일요일,경상남도 창원시 마산회원구 내서읍,경상사고,0,0,1,0,차대차 - 측면직각충돌,신호위반,건조,맑음,교차로 - 교차로안,승용,남,71세,상해없음,자전거,여,48세,경상
2013090100100087,2013년 9월 1일 06시,일요일,경상남도 양산시 다방동,경상사고,0,0,1,0,차대차 - 추돌 - 주정차중,안전운전불이행,건조,맑음,단일로 - 기타,승용,남,52세,상해없음,승용,여,50세,경상
2013090100100120,2013년 9월 1일 08시,일요일,경상남도 사천시 축동면,경상사고,0,0,3,0,차대차 - 측면직각충돌,안전거리미확보,건조,맑음,교차로 - 교차로부근,승용,남,32세,경상,승용,남,29세,경상
2013090100100138,2013년 9월 1일 09시,일요일,경상남도 창녕군 계성면,중상사고,0,1,1,0,차대차 - 측면직각충돌,신호위반,건조,맑음,교차로 - 교차로안,승용,남,48세,상해없음,승용,남,54세,상해없음
2013090100100139,2013년 9월 1일 09시,일요일,경상남도 거제시 아주동,경상사고,0,0,1,0,차대차 - 추돌 - 주정차중,안전운전불이행,건조,맑음,단일로 - 기타,승용,여,65세,상해없음,승용,남,50세,경상
2013090100100165,2013년 9월 1일 10시,일요일,경상남도 하동군 횡천면,중상사고,0,1,0,0,차대사람 - 횡단중,안전운전불이행,건조,맑음,단일로 - 기타,화물,남,50세,상해없음,보행자,남,71세,중상
2013090100100166,2013년 9월 1일 10시,일요일,경상남도 거제시 장목면,경상사고,0,0,2,0,차대차 - 측면직각충돌,안전운전불이행,건조,맑음,단일로 - 교량,승용,남,29세,상해없음,승용,남,52세,경상
2013090100100167,2013년 9월 1일 10시,일요일,경상남도 진주시 정촌면,중상사고,0,2,2,0,차대차 - 추돌 - 진행중,안전운전불이행,건조,맑음,단일로 - 기타,승용,남,52세,상해없음,승용,남,41세,중상
2013090100100191,2013년 9월 1일 11시,일요일,경상남도 함안군 칠서면,경상사고,0,0,1,0,차대차 - 정면충돌,중앙선침범,건조,맑음,단일로 - 기타,승용,남,43세,상해없음,승용,남,50세,경상
2013090100100215,2013년 9월 1일 12시,일요일,경상남도 창원시 의창구 봉곡동,경상사고,0,0,3,0,차대차 - 측면직각충돌,교차로운행방법위반,건조,맑음,교차로 - 교차로안,승용,남,56세,상해없음,승용,남,36세,경상
2013090100100245,2013년 9월 1일 13시,일요일,경상남도 진주시 인사동,중상사고,0,1,0,0,차대차 - 기타,중앙선침범,건조,맑음,교차로 - 교차로부근,자전거,남,82세,중상,승용,여,38세,상해없음
2013090100100270,2013년 9월 1일 14시,일요일,경상남도 통영시 광도면,중상사고,0,2,2,0,차대차 - 추돌 - 진행중,안전운전불이행,건조,맑음,단일로 - 기타,화물,남,56세,상해없음,승합,남,69세,중상
2013090100100271,2013년 9월 1일 14시,일요일,경상남도 창원시 의창구 소답동,중상사고,0,1,0,0,차대사람 - 횡단중,보행자보호의무위반,건조,맑음,단일로 - 횡단보도상,승용,여,41세,상해없음,보행자,여,54세,중상
2013090100100299,2013년 9월 1일 15시,일요일,경상남도 창원시 마산합포구 월영동,경상사고,0,0,1,0,차대사람 - 횡단중,보행자보호의무위반,건조,맑음,교차로 - 교차로부근,승용,남,44세,상해없음,보행자,여,19세,경상
2013090100100300,2013년 9월 1일 15시,일요일,경상남도 창원시 성산구 가음동,중상사고,0,1,0,0,차대사람 - 기타,안전운전불이행,건조,맑음,단일로 - 기타,원동기,남,56세,상해없음,보행자,남,10세,중상
2013090100100328,2013년 9월 1일 16시,일요일,경상남도 창원시 의창구 대산면,경상사고,0,0,3,0,차대차 - 추돌 - 주정차중,안전운전불이행,건조,맑음,교차로 - 교차로부근,화물,남,56세,상해없음,승용,남,59세,경상
2013090100100329,2013년 9월 1일 16시,일요일,경상남도 김해시 주촌면,중상사고,0,1,1,0,차대차 - 기타,교차로운행방법위반,건조,맑음,교차로 - 교차로안,승용,남,26세,상해없음,승용,남,43세,중상
2013090100100351,2013년 9월 1일 17시,일요일,경상남도 김해시 장유면,경상사고,0,0,2,0,차대차 - 추돌 - 진행중,안전운전불이행,건조,맑음,단일로 - 기타,승용,남,70세,상해없음,승용,남,44세,경상
2013090100100384,2013년 9월 1일 18시,일요일,경상남도 합천군 야로면,중상사고,0,1,0,0,차대차 - 측면직각충돌,안전운전불이행,건조,맑음,단일로 - 기타,화물,남,58세,상해없음,이륜,남,55세,중상
2013090100100410,2013년 9월 1일 19시,일요일,경상남도 거제시 고현동,중상사고,0,1,0,0,차대사람 - 횡단중,안전운전불이행,건조,맑음,단일로 - 기타,화물,남,42세,상해없음,보행자,남,48세,중상
2013090100100432,2013년 9월 1일 20시,일요일,경상남도 통영시 서호동,중상사고,0,2,0,0,차대차 - 측면직각충돌,교차로운행방법위반,건조,맑음,교차로 - 교차로안,승용,남,45세,상해없음,원동기,남,27세,중상
2013090100100433,2013년 9월 1일 20시,일요일,경상남도 밀양시 상남면,중상사고,0,1,0,0,차대차 - 추돌 - 진행중,안전운전불이행,건조,맑음,단일로 - 기타,승용,남,66세,상해없음,농기계,남,57세,중상
2013090100100434,2013년 9월 1일 20시,일요일,경상남도 김해시 삼계동,경상사고,0,0,1,0,차대차 - 측면직각충돌,신호위반,건조,맑음,교차로 - 교차로안,승용,남,21세,상해없음,승용,남,43세,경상
2013090100100435,2013년 9월 1일 20시,일요일,경상남도 함양군 함양읍,부상신고사고,0,0,0,1,차대차 - 측면직각충돌,신호위반,건조,맑음,교차로 - 교차로안,원동기,남,63세,부상신고,승용,남,27세,상해없음
2013090200100007,2013년 9월 2일 00시,월요일,경상남도 진주시 신안동,중상사고,0,1,0,0,차대차 - 측면직각충돌,신호위반,건조,맑음,교차로 - 교차로안,승용,남,42세,상해없음,원동기,남,18세,중상
2013090200100021,2013년 9월 2일 02시,월요일,경상남도 김해시 생림면,중상사고,0,2,0,0,차대차 - 기타,안전운전불이행,건조,맑음,단일로 - 기타,화물,남,32세,중상,이륜,남,20세,중상
2013090200100030,2013년 9월 2일 04시,월요일,경상남도 밀양시 삼문동,경상사고,0,0,1,0,차대사람 - 차도통행중,안전운전불이행,건조,맑음,단일로 - 기타,승용,남,40세,상해없음,보행자,남,66세,경상
2013090200100057,2013년 9월 2일 06시,월요일,경상남도 밀양시 상남면,중상사고,0,1,0,0,차대사람 - 기타,안전운전불이행,건조,맑음,단일로 - 기타,승용,남,59세,상해없음,보행자,여,70세,중상
2013090200100058,2013년 9월 2일 06시,월요일,경상남도 함안군 가야읍,중상사고,0,3,0,0,차량단독 - 전도전복,안전운전불이행,건조,맑음,단일로 - 기타,화물,남,43세,중상,,,,
2013090200100092,2013년 9월 2일 07시,월요일,경상남도 밀양시 삼문동,경상사고,0,0,1,0,차대사람 - 기타,안전운전불이행,건조,맑음,교차로 - 교차로안,승용,여,43세,상해없음,보행자,남,65세,경상
2013090200100093,2013년 9월 2일 07시,월요일,경상남도 창녕군 창녕읍,중상사고,0,1,0,0,차대차 - 측면직각충돌,신호위반,건조,맑음,교차로 - 교차로안,화물,남,62세,상해없음,이륜,남,70세,중상
2013090200100094,2013년 9월 2일 07시,월요일,경상남도 거제시 장평동,중상사고,0,1,0,0,차대차 - 측면직각충돌,안전운전불이행,건조,맑음,교차로 - 교차로부근,화물,남,57세,상해없음,자전거,남,35세,중상
2013090200100095,2013년 9월 2일 07시,월요일,경상남도 의령군 의령읍,중상사고,0,1,0,0,차대차 - 측면직각충돌,신호위반,건조,맑음,교차로 - 교차로안,승용,여,27세,상해없음,원동기,남,76세,중상
2013090200100114,2013년 9월 2일 08시,월요일,경상남도 양산시 산막동,중상사고,0,1,0,0,차대차 - 기타,안전운전불이행,건조,맑음,단일로 - 기타,승합,남,61세,기타불명,승용,남,31세,중상
2013090200100137,2013년 9월 2일 08시,월요일,경상남도 창원시 마산합포구 유록동,중상사고,0,1,0,0,차대차 - 측면직각충돌,신호위반,건조,맑음,교차로 - 교차로안,승용,남,46세,상해없음,승용,남,57세,상해없음
2013090200100138,2013년 9월 2일 08시,월요일,경상남도 창원시 진해구 여좌동,중상사고,0,1,0,0,차대차 - 기타,안전운전불이행,건조,맑음,교차로 - 교차로부근,승용,남,54세,상해없음,승용,남,44세,중상
2013090200100139,2013년 9월 2일 08시,월요일,경상남도 양산시 물금읍,중상사고,0,1,0,0,차대차 - 측면직각충돌,직진우회전진행방해,건조,맑음,교차로 - 교차로안,승용,여,45세,상해없음,자전거,남,33세,중상
2013090200100140,2013년 9월 2일 08시,월요일,경상남도 창원시 마산회원구 봉암동,경상사고,0,0,1,0,차대차 - 추돌 - 진행중,안전운전불이행,건조,맑음,단일로 - 기타,화물,남,41세,상해없음,승용,남,42세,경상
2013090200100174,2013년 9월 2일 09시,월요일,경상남도 김해시 삼계동,경상사고,0,0,2,0,차대차 - 추돌 - 진행중,안전운전불이행,건조,맑음,단일로 - 기타,화물,남,56세,상해없음,화물,남,37세,경상
2013090200100175,2013년 9월 2일 09시,월요일,경상남도 창녕군 창녕읍,중상사고,0,1,0,0,차대차 - 기타,교차로운행방법위반,건조,맑음,단일로 - 기타,이륜,남,70세,상해없음,이륜,남,45세,상해없음
2013090200100206,2013년 9월 2일 10시,월요일,경상남도 창원시 마산합포구 중앙동3가,경상사고,0,0,1,0,차대차 - 측면직각충돌,신호위반,건조,맑음,교차로 - 교차로안,승용,여,65세,상해없음,승용,남,25세,경상
2013090200100207,2013년 9월 2일 10시,월요일,경상남도 통영시 무전동,경상사고,0,0,1,0,차대사람 - 기타,안전운전불이행,건조,맑음,기타 - 기타,승용,여,61세,상해없음,보행자,여,48세,경상
2013090200100228,2013년 9월 2일 11시,월요일,경상남도 창원시 마산합포구 우산동,중상사고,0,1,0,0,차대차 - 추돌 - 주정차중,안전거리미확보,건조,맑음,단일로 - 기타,화물,남,42세,상해없음,승용,남,52세,중상
2013090200100229,2013년 9월 2일 11시,월요일,경상남도 진주시 신안동,중상사고,0,1,1,0,차대차 - 기타,안전운전불이행,건조,맑음,단일로 - 기타,승용,여,43세,상해없음,이륜,남,76세,경상
2013090200100230,2013년 9월 2일 11시,월요일,경상남도 함양군 백전면,중상사고,0,2,0,0,차대차 - 측면직각충돌,중앙선침범,건조,맑음,단일로 - 기타,화물,남,40세,상해없음,원동기,여,65세,중상
2013090200100274,2013년 9월 2일 12시,월요일,경상남도 진주시 상평동,중상사고,0,1,0,0,차대차 - 기타,안전운전불이행,건조,맑음,교차로 - 교차로안,승용,남,37세,상해없음,승용,여,38세,중상
2013090200100275,2013년 9월 2일 12시,월요일,경상남도 통영시 당동,경상사고,0,0,5,0,차대차 - 추돌 - 주정차중,안전거리미확보,건조,맑음,단일로 - 기타,승용,여,39세,상해없음,승용,남,32세,경상
2013090200100276,2013년 9월 2일 12시,월요일,경상남도 창원시 성산구 중앙동,중상사고,0,1,0,0,차대차 - 기타,신호위반,건조,맑음,교차로 - 교차로안,승용,남,48세,상해없음,이륜,남,50세,중상
2013090200100326,2013년 9월 2일 14시,월요일,경상남도 창녕군 남지읍,경상사고,0,0,1,0,차대사람 - 기타,안전운전불이행,건조,맑음,단일로 - 기타,승용,남,59세,상해없음,보행자,남,24세,경상
2013090200100327,2013년 9월 2일 14시,월요일,경상남도 양산시 남부동,경상사고,0,0,1,0,차대차 - 측면직각충돌,직진우회전진행방해,건조,맑음,교차로 - 교차로안,승용,남,55세,상해없음,승용,여,52세,경상
2013090200100328,2013년 9월 2일 14시,월요일,경상남도 양산시 동면,경상사고,0,0,1,0,차대차 - 측면직각충돌,안전운전불이행,건조,맑음,교차로 - 교차로부근,승용,남,50세,상해없음,이륜,남,52세,경상
2013090200100329,2013년 9월 2일 14시,월요일,경상남도 거제시 옥포동,경상사고,0,0,1,0,차대사람 - 기타,보행자보호의무위반,건조,맑음,교차로 - 교차로안,승용,여,38세,상해없음,보행자,여,53세,경상
2013090200100369,2013년 9월 2일 15시,월요일,경상남도 김해시 장유면,경상사고,0,0,1,1,차대차 - 측면직각충돌,직진우회전진행방해,건조,맑음,교차로 - 교차로안,승용,여,58세,부상신고,화물,남,45세,경상
2013090200100404,2013년 9월 2일 16시,월요일,경상남도 진주시 평거동,중상사고,0,1,0,0,차대차 - 기타,교차로운행방법위반,건조,맑음,교차로 - 교차로안,승용,남,46세,상해없음,이륜,남,36세,중상
2013090200100405,2013년 9월 2일 16시,월요일,경상남도 진주시 상평동,중상사고,0,1,0,0,차대차 - 기타,교차로운행방법위반,건조,맑음,교차로 - 교차로안,승용,남,26세,상해없음,자전거,남,62세,중상
2013090200100406,2013년 9월 2일 16시,월요일,경상남도 거제시 장승포동,경상사고,0,0,2,0,차대차 - 기타,안전운전불이행,건조,맑음,교차로 - 교차로안,승용,남,34세,경상,이륜,남,46세,경상
2013090200100407,2013년 9월 2일 16시,월요일,경상남도 창원시 성산구 안민동,중상사고,0,1,0,0,차대사람 - 길가장자리구역통행중,안전운전불이행,건조,맑음,단일로 - 기타,이륜,남,74세,상해없음,보행자,여,62세,중상
2013090200100408,2013년 9월 2일 16시,월요일,경상남도 창원시 의창구 도계동,경상사고,0,0,1,0,차대차 - 기타,안전운전불이행,건조,맑음,단일로 - 기타,승용,남,26세,상해없음,승용,남,58세,경상
2013090200100457,2013년 9월 2일 17시,월요일,경상남도 거제시 옥포동,중상사고,0,1,0,0,차대사람 - 기타,안전운전불이행,건조,맑음,기타 - 기타,승용,여,38세,상해없음,보행자,남,1세,중상
2013090200100458,2013년 9월 2일 17시,월요일,경상남도 창원시 의창구 명서동,경상사고,0,0,1,0,차대차 - 측면직각충돌,안전운전불이행,건조,맑음,단일로 - 기타,승용,여,35세,상해없음,승용,여,29세,경상
2013090200100574,2013년 9월 2일 20시,월요일,경상남도 김해시 내동,경상사고,0,0,1,0,차대차 - 측면직각충돌,안전운전불이행,습기,비,단일로 - 기타,승용,여,46세,상해없음,승용,남,56세,경상
2013090200100622,2013년 9월 2일 22시,월요일,경상남도 김해시 구산동,중상사고,0,1,1,0,차량단독 - 공작물충돌,안전운전불이행,건조,맑음,단일로 - 기타,승용,남,56세,상해없음,,,,
2013090200100657,2013년 9월 2일 23시,월요일,경상남도 창원시 의창구 명서동,경상사고,0,0,1,0,차대사람 - 기타,안전운전불이행,건조,맑음,단일로 - 기타,승용,남,56세,상해없음,보행자,남,31세,경상
2013090300100012,2013년 9월 3일 00시,화요일,경상남도 창원시 마산합포구 상남동,중상사고,0,1,0,0,차대차 - 측면직각충돌,신호위반,건조,맑음,교차로 - 교차로안,승용,남,38세,상해없음,승용,여,54세,중상
2013090300100052,2013년 9월 3일 05시,화요일,경상남도 창원시 마산회원구 합성동,경상사고,0,0,1,0,차대차 - 측면직각충돌,안전운전불이행,건조,맑음,단일로 - 기타,승용,남,28세,상해없음,승용,남,61세,경상
2013090300100062,2013년 9월 3일 06시,화요일,경상남도 통영시 서호동,중상사고,0,1,2,0,차대차 - 측면직각충돌,교차로운행방법위반,건조,맑음,교차로 - 교차로안,승용,남,37세,경상,승용,남,58세,경상
2013090300100099,2013년 9월 3일 07시,화요일,경상남도 진주시 옥봉동,중상사고,0,1,2,0,차대차 - 추돌 - 주정차중,안전운전불이행,건조,맑음,단일로 - 기타,승용,남,33세,상해없음,승용,남,35세,중상
2013090300100100,2013년 9월 3일 07시,화요일,경상남도 김해시 삼계동,경상사고,0,0,1,0,차대사람 - 횡단중,보행자보호의무위반,건조,맑음,교차로 - 교차로부근,승용,남,31세,상해없음,보행자,남,56세,경상
2013090300100101,2013년 9월 3일 07시,화요일,경상남도 창녕군 영산면,중상사고,0,1,0,0,차대차 - 기타,중앙선침범,건조,맑음,교차로 - 교차로부근,승용,남,28세,상해없음,승용,남,47세,중상
2013090300100143,2013년 9월 3일 08시,화요일,경상남도 창원시 성산구 가음정동,경상사고,0,0,1,0,차대사람 - 기타,안전운전불이행,건조,맑음,단일로 - 기타,승용,남,58세,상해없음,보행자,남,15세,경상
2013090300100198,2013년 9월 3일 10시,화요일,경상남도 창원시 마산합포구 중앙동2가,중상사고,0,1,0,0,차대사람 - 보도통행중,안전운전불이행,건조,흐림,기타 - 기타,승용,남,43세,상해없음,보행자,남,54세,중상
2013090300100199,2013년 9월 3일 10시,화요일,경상남도 사천시 축동면,경상사고,0,0,1,0,차량단독 - 공작물충돌,안전운전불이행,건조,맑음,교차로 - 교차로부근,승합,여,48세,경상,,,,
2013090300100257,2013년 9월 3일 12시,화요일,경상남도 통영시 서호동,경상사고,0,0,1,0,차대사람 - 횡단중,안전운전불이행,건조,맑음,단일로 - 횡단보도부근,승용,여,28세,상해없음,보행자,여,65세,경상
2013090300100258,2013년 9월 3일 12시,화요일,경상남도 통영시 무전동,중상사고,0,1,0,0,차대사람 - 기타,안전운전불이행,건조,맑음,단일로 - 횡단보도상,화물,남,44세,상해없음,보행자,여,24세,중상
2013090300100259,2013년 9월 3일 12시,화요일,경상남도 창녕군 창녕읍,경상사고,0,0,1,0,차대사람 - 기타,안전운전불이행,건조,맑음,단일로 - 기타,승합,남,57세,상해없음,보행자,여,77세,경상
2013090300100260,2013년 9월 3일 12시,화요일,경상남도 하동군 금성면,경상사고,0,0,1,0,차대차 - 측면직각충돌,안전운전불이행,건조,맑음,교차로 - 교차로안,승용,여,41세,상해없음,승용,남,43세,경상
2013090300100261,2013년 9월 3일 12시,화요일,경상남도 창원시 의창구 도계동,경상사고,0,0,1,0,차대차 - 측면직각충돌,중앙선침범,건조,맑음,교차로 - 교차로부근,승용,여,57세,상해없음,승용,여,55세,경상
2013090300100296,2013년 9월 3일 13시,화요일,경상남도 함양군 수동면,중상사고,0,1,0,0,차대차 - 정면충돌,중앙선침범,건조,맑음,단일로 - 기타,승용,남,56세,상해없음,승합,남,46세,중상
2013090300100322,2013년 9월 3일 14시,화요일,경상남도 창원시 마산합포구 창동,중상사고,0,1,0,0,차대사람 - 횡단중,신호위반,건조,맑음,교차로 - 교차로부근,승용,여,62세,상해없음,보행자,여,12세,중상
2013090300100360,2013년 9월 3일 15시,화요일,경상남도 밀양시 삼문동,중상사고,0,1,0,0,차대차 - 측면직각충돌,신호위반,건조,맑음,교차로 - 교차로안,승용,여,56세,상해없음,자전거,남,13세,중상
2013090300100362,2013년 9월 3일 15시,화요일,경상남도 창원시 의창구 봉곡동,경상사고,0,0,1,0,차량단독 - 기타,안전운전불이행,건조,맑음,교차로 - 교차로부근,승용,남,62세,상해없음,,,,
2013090300100394,2013년 9월 3일 16시,화요일,경상남도 창원시 마산합포구 월영동,경상사고,0,0,2,0,차대차 - 추돌 - 진행중,안전거리미확보,건조,맑음,단일로 - 기타,화물,남,47세,상해없음,승용,여,35세,경상
2013090300100395,2013년 9월 3일 16시,화요일,경상남도 김해시 장유면,중상사고,0,1,0,0,차대사람 - 횡단중,안전운전불이행,건조,맑음,교차로 - 교차로안,승용,여,51세,상해없음,보행자,남,13세,중상
2013090300100433,2013년 9월 3일 17시,화요일,경상남도 통영시 미수동,중상사고,0,1,0,0,차대사람 - 기타,안전운전불이행,건조,맑음,단일로 - 기타,승합,남,76세,상해없음,보행자,남,7세,중상
2013090300100434,2013년 9월 3일 17시,화요일,경상남도 사천시 축동면,경상사고,0,0,1,0,차대차 - 측면직각충돌,직진우회전진행방해,건조,맑음,교차로 - 교차로안,승용,남,54세,상해없음,승용,남,32세,경상
2013090300100435,2013년 9월 3일 17시,화요일,경상남도 하동군 하동읍,중상사고,0,1,0,0,차대차 - 정면충돌,안전운전불이행,건조,맑음,단일로 - 기타,화물,남,59세,상해없음,승용,여,31세,중상
2013090300100474,2013년 9월 3일 18시,화요일,경상남도 창원시 진해구 용원동,경상사고,0,0,2,0,차대차 - 측면직각충돌,안전운전불이행,건조,맑음,단일로 - 기타,승용,남,41세,상해없음,승용,여,30세,경상
2013090300100475,2013년 9월 3일 18시,화요일,경상남도 창원시 진해구 가주동,중상사고,0,1,0,0,차대차 - 추돌 - 진행중,안전거리미확보,건조,맑음,단일로 - 터널,특수,남,51세,상해없음,승용,남,53세,중상
2013090300100476,2013년 9월 3일 18시,화요일,경상남도 김해시 어방동,중상사고,0,1,1,0,차대차 - 추돌 - 진행중,안전운전불이행,건조,맑음,단일로 - 기타,승용,여,40세,상해없음,승용,여,35세,경상
2013090300100477,2013년 9월 3일 18시,화요일,경상남도 의령군 부림면,중상사고,0,1,0,0,차대차 - 측면직각충돌,교차로운행방법위반,건조,맑음,교차로 - 교차로안,화물,남,39세,상해없음,이륜,남,51세,중상
2013090300100518,2013년 9월 3일 19시,화요일,경상남도 창원시 진해구 남문동,중상사고,0,1,0,0,차대차 - 측면직각충돌,교차로운행방법위반,건조,맑음,교차로 - 교차로안,승용,남,27세,상해없음,원동기,남,69세,중상
2013090300100520,2013년 9월 3일 19시,화요일,경상남도 산청군 오부면,중상사고,0,4,0,0,차대차 - 추돌 - 진행중,안전운전불이행,건조,맑음,단일로 - 기타,승합,남,45세,중상,농기계,남,69세,중상
2013090300100548,2013년 9월 3일 20시,화요일,경상남도 사천시 벌리동,사망사고,1,0,0,0,차대사람 - 차도통행중,안전운전불이행,건조,맑음,교차로 - 교차로안,승용,남,33세,상해없음,보행자,남,57세,사망
2013090300100549,2013년 9월 3일 20시,화요일,경상남도 김해시 외동,경상사고,0,0,1,0,차대차 - 기타,안전거리미확보,건조,맑음,교차로 - 교차로안,승합,남,57세,상해없음,이륜,남,27세,경상
2013090300100569,2013년 9월 3일 21시,화요일,경상남도 창원시 성산구 가음동,경상사고,0,0,1,0,차대차 - 추돌 - 주정차중,안전운전불이행,건조,맑음,단일로 - 기타,승용,남,57세,상해없음,승합,남,53세,경상
2013090300100570,2013년 9월 3일 21시,화요일,경상남도 김해시 장유면,경상사고,0,0,1,0,차대차 - 정면충돌,교차로운행방법위반,건조,맑음,교차로 - 교차로안,승용,남,52세,상해없음,이륜,남,48세,경상
2013090300100616,2013년 9월 3일 23시,화요일,경상남도 김해시 동상동,경상사고,0,0,2,0,차대차 - 기타,안전운전불이행,건조,맑음,단일로 - 기타,승용,남,42세,상해없음,승용,남,44세,경상
2013090300100617,2013년 9월 3일 23시,화요일,경상남도 김해시 진영읍,경상사고,0,0,2,0,차대차 - 기타,안전운전불이행,건조,맑음,단일로 - 기타,승용,남,24세,상해없음,승용,남,53세,경상
2013090400100024,2013년 9월 4일 01시,수요일,경상남도 창원시 성산구 내동,중상사고,0,2,0,0,차대차 - 기타,교차로운행방법위반,기타,맑음,교차로 - 교차로안,승용,남,45세,상해없음,승용,남,26세,상해없음
2013090400100040,2013년 9월 4일 03시,수요일,경상남도 김해시 외동,중상사고,0,1,0,0,차대차 - 측면직각충돌,교차로운행방법위반,건조,맑음,교차로 - 교차로안,원동기,남,51세,중상,승용,남,53세,상해없음
2013090400100048,2013년 9월 4일 04시,수요일,경상남도 사천시 서동,중상사고,0,1,0,0,차대차 - 기타,안전운전불이행,건조,맑음,단일로 - 기타,화물,남,72세,상해없음,농기계,남,68세,중상
2013090400100063,2013년 9월 4일 05시,수요일,경상남도 창원시 의창구 신월동,중상사고,0,1,0,0,차대차 - 기타,신호위반,기타,맑음,교차로 - 교차로안,화물,남,54세,상해없음,승용,여,53세,중상
2013090400100080,2013년 9월 4일 06시,수요일,경상남도 의령군 의령읍,경상사고,0,0,1,0,차대사람 - 기타,안전운전불이행,건조,맑음,단일로 - 기타,승용,남,50세,상해없음,보행자,남,61세,경상
2013090400100104,2013년 9월 4일 07시,수요일,경상남도 창원시 진해구 행암동,중상사고,0,1,0,0,차대차 - 측면직각충돌,교차로운행방법위반,건조,맑음,단일로 - 기타,승용,남,61세,상해없음,자전거,남,31세,중상
2013090400100105,2013년 9월 4일 07시,수요일,경상남도 밀양시 부북면,중상사고,0,1,0,0,차대차 - 측면직각충돌,교차로운행방법위반,건조,맑음,교차로 - 교차로부근,승용,여,51세,상해없음,승용,남,56세,중상
2013090400100106,2013년 9월 4일 07시,수요일,경상남도 함양군 함양읍,경상사고,0,0,1,1,차대차 - 정면충돌,안전운전불이행,건조,맑음,단일로 - 기타,원동기,여,60세,부상신고,원동기,여,54세,경상
2013090400100107,2013년 9월 4일 07시,수요일,경상남도 거제시 고현동,경상사고,0,0,1,0,차대차 - 기타,안전운전불이행,건조,맑음,단일로 - 기타,이륜,남,34세,상해없음,자전거,남,25세,경상
2013090400100108,2013년 9월 4일 07시,수요일,경상남도 창원시 성산구 내동,중상사고,0,1,0,0,차대차 - 기타,신호위반,기타,맑음,교차로 - 교차로안,승용,남,27세,상해없음,원동기,남,32세,중상
2013090400100154,2013년 9월 4일 08시,수요일,경상남도 사천시 정동면,경상사고,0,0,1,0,차대사람 - 횡단중,보행자보호의무위반,건조,맑음,단일로 - 횡단보도상,승용,남,52세,상해없음,보행자,남,7세,경상
2013090400100155,2013년 9월 4일 08시,수요일,경상남도 김해시 어방동,중상사고,0,1,0,0,차대차 - 측면직각충돌,교차로운행방법위반,건조,맑음,교차로 - 교차로안,자전거,남,74세,중상,승용,여,45세,상해없음
2013090400100156,2013년 9월 4일 08시,수요일,경상남도 창원시 의창구 팔용동,경상사고,0,0,1,0,차대차 - 추돌 - 진행중,안전거리미확보,건조,맑음,교차로 - 교차로부근,승용,남,61세,상해없음,승용,남,24세,상해없음
2013090400100245,2013년 9월 4일 11시,수요일,경상남도 거제시 옥포동,경상사고,0,0,1,0,차대차 - 추돌 - 진행중,안전거리미확보,건조,맑음,교차로 - 교차로부근,승용,남,44세,상해없음,승용,여,55세,경상
2013090400100246,2013년 9월 4일 11시,수요일,경상남도 창원시 의창구 동읍,경상사고,0,0,1,0,차대사람 - 횡단중,과속,건조,맑음,교차로 - 교차로안,화물,남,32세,상해없음,보행자,남,8세,경상