사고번호,사고일시,요일,시군구,사고내용,사망자수,중상자수,경상자수,부상신고자수,사고유형,법규위반,노면상태,기상상태,도로형태,가해운전자 차종,가해운전자 성별,가해운전자 연령,가해운전자 상해정도,피해운전자 차종,피해운전자 성별,피해운전자 연령,피해운전자 상해정도
2013090400100270,2013년 9월 4일 12시,수요일,경상남도 함안군 산인면,경상사고,0,0,1,0,차대차 - 측면직각충돌,안전운전불이행,건조,맑음,기타 - 기타,승용,여,47세,상해없음,승용,여,53세,경상
2013090400100271,2013년 9월 4일 12시,수요일,경상남도 김해시 장유면,중상사고,0,1,0,0,차대차 - 측면직각충돌,신호위반,건조,맑음,교차로 - 교차로안,승용,남,62세,상해없음,승용,남,47세,중상
2013090400100300,2013년 9월 4일 13시,수요일,경상남도 사천시 서포면,경상사고,0,0,1,0,차대차 - 기타,중앙선침범,건조,맑음,단일로 - 기타,승용,남,26세,상해없음,승용,남,51세,경상
2013090400100301,2013년 9월 4일 13시,수요일,경상남도 창원시 마산회원구 양덕동,경상사고,0,0,2,0,차대차 - 측면직각충돌,안전운전불이행,건조,맑음,교차로 - 교차로안,건설기계,남,38세,상해없음,승용,남,69세,경상
2013090400100335,2013년 9월 4일 14시,수요일,경상남도 통영시 사량면,사망사고,1,0,0,0,차량단독 - 공작물충돌,안전운전불이행,건조,맑음,단일로 - 기타,화물,남,46세,사망,,,,
2013090400100367,2013년 9월 4일 15시,수요일,경상남도 거제시 옥포동,경상사고,0,0,1,0,차대차 - 추돌 - 진행중,신호위반,건조,맑음,교차로 - 교차로안,승용,여,50세,상해없음,승용,남,44세,경상
2013090400100368,2013년 9월 4일 15시,수요일,경상남도 함안군 가야읍,중상사고,0,3,0,0,차대차 - 측면직각충돌,차로위반,건조,맑음,단일로 - 기타,원동기,남,69세,중상,승용,여,23세,중상
2013090400100402,2013년 9월 4일 16시,수요일,경상남도 창원시 진해구 두동,경상사고,0,0,1,0,차대사람 - 기타,안전운전불이행,건조,맑음,단일로 - 기타,승용,남,33세,상해없음,보행자,여,12세,경상
2013090400100430,2013년 9월 4일 17시,수요일,경상남도 창원시 진해구 여좌동,경상사고,0,0,1,0,차대사람 - 차도통행중,안전운전불이행,건조,맑음,단일로 - 기타,이륜,남,61세,상해없음,보행자,여,65세,경상
2013090400100431,2013년 9월 4일 17시,수요일,경상남도 양산시 유산동,경상사고,0,0,1,0,차대차 - 기타,안전운전불이행,건조,맑음,단일로 - 기타,화물,남,38세,상해없음,승용,여,53세,경상
2013090400100432,2013년 9월 4일 17시,수요일,경상남도 창원시 의창구 용호동,경상사고,0,0,2,0,차대차 - 추돌 - 진행중,안전운전불이행,건조,맑음,단일로 - 기타,승용,남,43세,상해없음,자전거,남,66세,경상
2013090400100433,2013년 9월 4일 17시,수요일,경상남도 창원시 성산구 중앙동,중상사고,0,1,0,0,차대사람 - 기타,기타,건조,맑음,기타 - 기타,원동기,남,25세,상해없음,보행자,남,50세,중상
2013090400100434,2013년 9월 4일 17시,수요일,경상남도 창원시 마산회원구 내서읍,중상사고,0,1,0,0,차대사람 - 길가장자리구역통행중,안전운전불이행,건조,맑음,단일로 - 기타,승용,남,53세,상해없음,보행자,여,42세,중상
2013090400100474,2013년 9월 4일 18시,수요일,경상남도 진주시 초전동,중상사고,0,1,0,0,차대차 - 측면직각충돌,안전운전불이행,건조,맑음,교차로 - 교차로안,승용,남,33세,상해없음,이륜,남,41세,중상
2013090400100506,2013년 9월 4일 19시,수요일,경상남도 창원시 마산합포구 중앙동2가,경상사고,0,0,1,0,차대차 - 측면직각충돌,기타,건조,맑음,교차로 - 교차로부근,화물,남,60세,상해없음,자전거,남,27세,경상
2013090400100507,2013년 9월 4일 19시,수요일,경상남도 진주시 정촌면,사망사고,1,0,0,1,차대사람 - 차도통행중,안전운전불이행,건조,맑음,단일로 - 기타,승용,남,29세,부상신고,보행자,남,85세,사망
2013090400100508,2013년 9월 4일 19시,수요일,경상남도 진주시 칠암동,중상사고,0,1,0,0,차대차 - 추돌 - 진행중,안전운전불이행,건조,맑음,교차로 - 교차로부근,승합,남,37세,상해없음,승용,여,42세,중상
2013090400100509,2013년 9월 4일 19시,수요일,경상남도 통영시 봉평동,경상사고,0,0,1,0,차대차 - 측면직각충돌,안전운전불이행,건조,맑음,교차로 - 교차로안,승용,여,50세,상해없음,승용,남,52세,상해없음
2013090400100544,2013년 9월 4일 20시,수요일,경상남도 창원시 마산합포구 상남동,중상사고,0,1,0,0,차대차 - 측면직각충돌,신호위반,건조,맑음,교차로 - 교차로안,승용,남,45세,상해없음,이륜,여,38세,중상
2013090400100545,2013년 9월 4일 20시,수요일,경상남도 진주시 금산면,중상사고,0,1,0,0,차대차 - 측면직각충돌,안전거리미확보,건조,맑음,단일로 - 기타,승용,여,42세,상해없음,이륜,여,50세,중상
2013090400100575,2013년 9월 4일 21시,수요일,경상남도 양산시 북부동,중상사고,0,1,0,0,차대차 - 기타,신호위반,건조,맑음,교차로 - 교차로안,원동기,남,65세,중상,승용,남,45세,상해없음
2013090400100607,2013년 9월 4일 22시,수요일,경상남도 진주시 신안동,중상사고,0,1,0,0,차대사람 - 횡단중,안전운전불이행,건조,맑음,교차로 - 교차로안,승용,여,32세,상해없음,보행자,여,57세,중상
2013090400100608,2013년 9월 4일 22시,수요일,경상남도 창녕군 창녕읍,경상사고,0,0,2,0,차대차 - 기타,안전운전불이행,건조,맑음,교차로 - 교차로안,원동기,여,18세,경상,승용,남,43세,상해없음
2013090500100017,2013년 9월 5일 00시,목요일,경상남도 창원시 진해구 충무동,중상사고,0,1,1,0,차대차 - 추돌 - 주정차중,안전운전불이행,건조,맑음,교차로 - 교차로부근,승용,여,46세,상해없음,승용,남,30세,기타불명
2013090500100066,2013년 9월 5일 05시,목요일,경상남도 창원시 진해구 석동,중상사고,0,1,0,0,차대사람 - 횡단중,안전운전불이행,건조,맑음,교차로 - 교차로안,승용,남,22세,상해없음,보행자,남,70세,중상
2013090500100067,2013년 9월 5일 05시,목요일,경상남도 밀양시 가곡동,경상사고,0,0,1,0,차대사람 - 기타,안전운전불이행,건조,맑음,교차로 - 교차로안,승합,남,51세,상해없음,보행자,남,55세,경상
2013090500100082,2013년 9월 5일 06시,목요일,경상남도 창원시 진해구 용원동,중상사고,0,11,0,0,차대차 - 기타,신호위반,건조,맑음,교차로 - 교차로안,승용,남,51세,상해없음,승용,남,60세,중상
2013090500100083,2013년 9월 5일 06시,목요일,경상남도 고성군 동해면,경상사고,0,0,1,0,차대차 - 측면직각충돌,안전운전불이행,건조,맑음,단일로 - 기타,화물,남,55세,상해없음,승용,남,46세,경상
2013090500100113,2013년 9월 5일 07시,목요일,경상남도 창녕군 성산면,중상사고,0,1,0,0,차대차 - 기타,기타,건조,맑음,단일로 - 기타,화물,남,63세,상해없음,원동기,남,76세,중상
2013090500100114,2013년 9월 5일 07시,목요일,경상남도 고성군 고성읍,경상사고,0,0,2,0,차대차 - 측면직각충돌,신호위반,습기,흐림,교차로 - 교차로안,승용,남,51세,상해없음,승용,여,40세,경상
2013090500100115,2013년 9월 5일 07시,목요일,경상남도 거제시 옥포동,중상사고,0,1,0,0,차대차 - 추돌 - 진행중,교차로운행방법위반,건조,맑음,교차로 - 교차로안,이륜,남,36세,상해없음,승용,남,41세,중상
2013090500100116,2013년 9월 5일 07시,목요일,경상남도 김해시 장유면,중상사고,0,1,0,0,차대사람 - 횡단중,안전운전불이행,건조,맑음,단일로 - 기타,승용,남,48세,상해없음,보행자,여,36세,중상
2013090500100141,2013년 9월 5일 08시,목요일,경상남도 창원시 진해구 남양동,중상사고,0,1,2,0,차대차 - 측면직각충돌,안전운전불이행,건조,맑음,단일로 - 기타,승용,남,27세,중상,승용,남,45세,경상
2013090500100142,2013년 9월 5일 08시,목요일,경상남도 밀양시 삼랑진읍,중상사고,0,1,0,0,차대차 - 추돌 - 진행중,안전운전불이행,건조,맑음,교차로 - 교차로부근,건설기계,남,33세,상해없음,자전거,남,76세,중상
2013090500100143,2013년 9월 5일 08시,목요일,경상남도 김해시 어방동,중상사고,0,1,0,0,차대사람 - 차도통행중,기타,건조,맑음,단일로 - 기타,화물,남,49세,상해없음,보행자,남,25세,중상
2013090500100173,2013년 9월 5일 09시,목요일,경상남도 창원시 진해구 용원동,경상사고,0,0,1,0,차대사람 - 기타,안전운전불이행,건조,맑음,기타 - 기타,승용,남,27세,상해없음,보행자,남,56세,경상
2013090500100174,2013년 9월 5일 09시,목요일,경상남도 밀양시 부북면,경상사고,0,0,1,0,차대차 - 기타,안전운전불이행,건조,맑음,단일로 - 기타,화물,남,32세,상해없음,이륜,여,72세,경상
2013090500100214,2013년 9월 5일 11시,목요일,경상남도 사천시 축동면,경상사고,0,0,1,0,차대차 - 추돌 - 주정차중,안전운전불이행,건조,맑음,단일로 - 기타,자전거,남,59세,경상,화물,남,36세,상해없음
2013090500100215,2013년 9월 5일 11시,목요일,경상남도 남해군 창선면,중상사고,0,2,0,0,차대차 - 측면직각충돌,신호위반,건조,맑음,교차로 - 교차로안,승합,여,58세,상해없음,승용,남,47세,중상
2013090500100238,2013년 9월 5일 12시,목요일,경상남도 진주시 이현동,경상사고,0,0,2,0,차대차 - 측면직각충돌,신호위반,건조,맑음,교차로 - 교차로안,화물,남,71세,상해없음,승용,여,35세,경상
2013090500100239,2013년 9월 5일 12시,목요일,경상남도 통영시 도산면,경상사고,0,0,1,0,차대차 - 추돌 - 진행중,안전거리미확보,건조,맑음,단일로 - 기타,화물,남,47세,상해없음,화물,여,53세,경상
2013090500100240,2013년 9월 5일 12시,목요일,경상남도 밀양시 가곡동,경상사고,0,0,1,0,차대차 - 기타,안전운전불이행,건조,맑음,교차로 - 교차로안,승용,남,76세,상해없음,승용,여,37세,경상
2013090500100289,2013년 9월 5일 14시,목요일,경상남도 김해시 장유면,중상사고,0,1,0,0,차대차 - 추돌 - 주정차중,안전운전불이행,건조,맑음,교차로 - 교차로부근,승용,여,28세,상해없음,승용,여,51세,중상
2013090500100317,2013년 9월 5일 15시,목요일,경상남도 창원시 마산합포구 창동,경상사고,0,0,2,0,차대차 - 기타,안전거리미확보,건조,맑음,단일로 - 기타,승용,남,53세,상해없음,화물,남,33세,경상
2013090500100318,2013년 9월 5일 15시,목요일,경상남도 김해시 삼계동,경상사고,0,0,4,1,차대차 - 기타,교차로운행방법위반,건조,맑음,교차로 - 교차로부근,승용,남,23세,상해없음,승용,남,30세,경상
2013090500100381,2013년 9월 5일 17시,목요일,경상남도 진주시 평거동,중상사고,0,2,0,0,차대차 - 측면직각충돌,신호위반,건조,맑음,교차로 - 교차로안,화물,남,49세,상해없음,승용,남,50세,중상
2013090500100382,2013년 9월 5일 17시,목요일,경상남도 함양군 함양읍,부상신고사고,0,0,0,1,차대차 - 측면직각충돌,교차로운행방법위반,건조,맑음,교차로 - 교차로안,원동기,남,17세,부상신고,화물,남,38세,상해없음
2013090500100383,2013년 9월 5일 17시,목요일,경상남도 의령군 의령읍,중상사고,0,1,0,0,차대사람 - 기타,안전운전불이행,건조,맑음,단일로 - 기타,승용,여,37세,상해없음,보행자,여,83세,중상
2013090500100384,2013년 9월 5일 17시,목요일,경상남도 창원시 의창구 동읍,중상사고,0,2,0,0,차대차 - 기타,중앙선침범,건조,맑음,단일로 - 기타,화물,남,71세,상해없음,승용,남,52세,중상
2013090500100385,2013년 9월 5일 17시,목요일,경상남도 거창군 가조면,경상사고,0,0,1,0,차대차 - 정면충돌,중앙선침범,건조,맑음,단일로 - 기타,화물,남,42세,상해없음,승용,남,63세,상해없음
2013090500100415,2013년 9월 5일 18시,목요일,경상남도 김해시 삼계동,중상사고,0,1,0,0,차대차 - 측면직각충돌,신호위반,건조,맑음,교차로 - 교차로안,승용,남,40세,기타불명,승용,남,32세,중상
2013090500100416,2013년 9월 5일 18시,목요일,경상남도 창녕군 영산면,부상신고사고,0,0,0,1,차대차 - 기타,안전운전불이행,건조,맑음,단일로 - 기타,이륜,남,62세,부상신고,승용,남,60세,상해없음
2013090500100417,2013년 9월 5일 18시,목요일,경상남도 창원시 성산구 사파동,중상사고,0,1,0,0,차대차 - 추돌 - 진행중,안전운전불이행,건조,맑음,단일로 - 기타,승용,남,60세,중상,화물,남,36세,상해없음
2013090500100493,2013년 9월 5일 20시,목요일,경상남도 진주시 평거동,중상사고,0,1,0,0,차대사람 - 횡단중,안전운전불이행,건조,맑음,단일로 - 기타,승용,남,59세,상해없음,보행자,여,42세,중상
2013090500100522,2013년 9월 5일 21시,목요일,경상남도 창원시 진해구 청안동,중상사고,0,1,0,0,차대사람 - 횡단중,보행자보호의무위반,건조,맑음,교차로 - 교차로안,이륜,남,16세,상해없음,보행자,여,35세,중상
2013090500100574,2013년 9월 5일 23시,목요일,경상남도 김해시 내동,경상사고,0,0,1,0,차대차 - 측면직각충돌,안전운전불이행,건조,맑음,단일로 - 기타,기타불명,기타불명,기타불명,기타불명,승용,남,57세,경상
2013090600100010,2013년 9월 6일 00시,금요일,경상남도 창원시 진해구 석동,경상사고,0,0,1,0,차대사람 - 횡단중,보행자보호의무위반,건조,맑음,교차로 - 교차로안,승용,여,38세,상해없음,보행자,남,37세,경상
2013090600100011,2013년 9월 6일 00시,금요일,경상남도 양산시 명동,중상사고,0,1,0,0,차대차 - 추돌 - 주정차중,안전거리미확보,건조,맑음,기타 - 기타,승용,남,44세,상해없음,승용,남,62세,중상
2013090600100038,2013년 9월 6일 02시,금요일,경상남도 사천시 축동면,경상사고,0,0,1,0,차량단독 - 전도전복,안전운전불이행,건조,맑음,단일로 - 교량,화물,남,43세,경상,,,,
2013090600100059,2013년 9월 6일 04시,금요일,경상남도 통영시 미수동,중상사고,0,1,1,0,차대차 - 추돌 - 주정차중,안전운전불이행,건조,맑음,단일로 - 기타,승용,남,28세,상해없음,승합,남,36세,상해없음
2013090600100080,2013년 9월 6일 06시,금요일,경상남도 진주시 금산면,경상사고,0,0,2,0,차대차 - 정면충돌,중앙선침범,습기,비,단일로 - 기타,승용,남,42세,경상,화물,남,57세,경상
2013090600100081,2013년 9월 6일 06시,금요일,경상남도 거제시 아주동,중상사고,0,2,3,0,차대차 - 추돌 - 진행중,안전운전불이행,건조,맑음,단일로 - 터널,승용,남,50세,상해없음,승합,남,56세,상해없음
2013090600100101,2013년 9월 6일 07시,금요일,경상남도 진주시 평거동,경상사고,0,0,1,0,차대사람 - 횡단중,안전운전불이행,건조,맑음,교차로 - 교차로안,승용,여,25세,상해없음,보행자,여,13세,경상
2013090600100143,2013년 9월 6일 08시,금요일,경상남도 양산시 중부동,부상신고사고,0,0,0,2,차대차 - 측면직각충돌,교차로운행방법위반,습기,비,교차로 - 교차로안,승용,여,52세,상해없음,승용,남,46세,부상신고
2013090600100144,2013년 9월 6일 08시,금요일,경상남도 창원시 의창구 명서동,경상사고,0,0,1,2,차대차 - 기타,안전거리미확보,건조,맑음,단일로 - 기타,승용,여,33세,상해없음,승합,남,49세,상해없음
2013090600100168,2013년 9월 6일 09시,금요일,경상남도 김해시 구산동,중상사고,0,1,1,0,차대차 - 추돌 - 주정차중,안전거리미확보,습기,비,단일로 - 기타,화물,남,43세,상해없음,승용,남,32세,경상
2013090600100209,2013년 9월 6일 10시,금요일,경상남도 거제시 옥포동,경상사고,0,0,1,0,차대차 - 기타,차로위반,건조,맑음,기타 - 기타,승용,남,26세,상해없음,승용,여,44세,경상
2013090600100240,2013년 9월 6일 11시,금요일,경상남도 창원시 진해구 용원동,경상사고,0,0,1,0,차대차 - 측면직각충돌,안전운전불이행,건조,맑음,교차로 - 교차로안,특수,남,61세,상해없음,특수,남,50세,경상
2013090600100241,2013년 9월 6일 11시,금요일,경상남도 김해시 전하동,경상사고,0,0,1,0,차대차 - 기타,안전운전불이행,건조,흐림,단일로 - 기타,승용,여,51세,상해없음,승용,여,33세,경상
2013090600100242,2013년 9월 6일 11시,금요일,경상남도 김해시 화목동,중상사고,0,1,0,0,차대사람 - 보도통행중,신호위반,습기,비,교차로 - 교차로안,건설기계,남,48세,상해없음,보행자,여,66세,중상
2013090600100263,2013년 9월 6일 12시,금요일,경상남도 의령군 가례면,중상사고,0,1,0,0,차대차 - 측면직각충돌,교차로운행방법위반,습기,비,교차로 - 교차로안,승용,남,64세,상해없음,승용,여,68세,중상
2013090600100291,2013년 9월 6일 13시,금요일,경상남도 창원시 진해구 경화동,경상사고,0,0,1,0,차대차 - 기타,안전운전불이행,건조,맑음,단일로 - 기타,승용,남,35세,상해없음,이륜,여,58세,경상
2013090600100292,2013년 9월 6일 13시,금요일,경상남도 남해군 이동면,경상사고,0,0,1,0,차량단독 - 전도전복,안전운전불이행,습기,비,기타 - 기타,승용,남,64세,상해없음,,,,
2013090600100333,2013년 9월 6일 14시,금요일,경상남도 밀양시 부북면,중상사고,0,1,0,0,차대차 - 정면충돌,중앙선침범,습기,비,단일로 - 기타,승용,남,28세,상해없음,화물,남,60세,중상
2013090600100334,2013년 9월 6일 14시,금요일,경상남도 양산시 신기동,중상사고,0,1,0,0,차대차 - 측면직각충돌,중앙선침범,건조,맑음,교차로 - 교차로안,화물,남,56세,상해없음,승용,여,39세,중상
2013090600100335,2013년 9월 6일 14시,금요일,경상남도 양산시 명동,중상사고,0,1,0,0,차대차 - 추돌 - 주정차중,안전운전불이행,습기,비,교차로 - 교차로부근,화물,남,52세,상해없음,화물,남,43세,중상
2013090600100336,2013년 9월 6일 14시,금요일,경상남도 창원시 의창구 북면,경상사고,0,0,1,0,차대차 - 측면직각충돌,직진우회전진행방해,건조,맑음,교차로 - 교차로안,승용,남,40세,상해없음,화물,남,45세,경상
2013090600100372,2013년 9월 6일 15시,금요일,경상남도 거창군 거창읍,중상사고,0,1,0,0,차대차 - 측면직각충돌,중앙선침범,습기,비,단일로 - 기타,화물,남,36세,상해없음,원동기,남,73세,중상
2013090600100373,2013년 9월 6일 15시,금요일,경상남도 양산시 중부동,부상신고사고,0,0,0,5,차대차 - 측면직각충돌,직진우회전진행방해,건조,맑음,교차로 - 교차로안,승용,남,51세,상해없음,승합,남,67세,상해없음
2013090600100374,2013년 9월 6일 15시,금요일,경상남도 남해군 창선면,중상사고,0,1,0,0,차대차 - 기타,교차로운행방법위반,습기,비,교차로 - 교차로안,승용,남,43세,상해없음,승용,남,53세,중상
2013090600100375,2013년 9월 6일 15시,금요일,경상남도 김해시 진영읍,중상사고,0,1,0,0,차대차 - 기타,안전운전불이행,습기,비,단일로 - 기타,승용,여,30세,상해없음,자전거,남,68세,중상
2013090600100406,2013년 9월 6일 16시,금요일,경상남도 창원시 마산합포구 월남동2가,경상사고,0,0,1,0,차대차 - 측면직각충돌,신호위반,습기,비,교차로 - 교차로안,승용,남,51세,상해없음,원동기,남,43세,경상
2013090600100407,2013년 9월 6일 16시,금요일,경상남도 진주시 내동면,경상사고,0,0,5,0,차대차 - 추돌 - 주정차중,안전운전불이행,습기,비,단일로 - 기타,승용,남,45세,상해없음,화물,남,59세,경상
2013090600100408,2013년 9월 6일 16시,금요일,경상남도 김해시 내동,경상사고,0,0,1,0,차대차 - 측면직각충돌,교차로운행방법위반,습기,흐림,교차로 - 교차로안,승용,여,49세,상해없음,이륜,남,16세,경상
2013090600100409,2013년 9월 6일 16시,금요일,경상남도 거창군 거창읍,경상사고,0,0,4,0,차대차 - 측면직각충돌,안전운전불이행,습기,비,교차로 - 교차로안,건설기계,남,38세,상해없음,승용,남,58세,경상
2013090600100410,2013년 9월 6일 16시,금요일,경상남도 양산시 물금읍,경상사고,0,0,1,1,차대차 - 추돌 - 진행중,안전운전불이행,건조,맑음,단일로 - 기타,화물,남,45세,상해없음,승용,여,42세,경상
2013090600100411,2013년 9월 6일 16시,금요일,경상남도 양산시 신기동,경상사고,0,0,1,0,차대차 - 측면직각충돌,직진우회전진행방해,건조,맑음,교차로 - 교차로부근,승용,남,47세,상해없음,이륜,남,30세,경상
2013090600100445,2013년 9월 6일 17시,금요일,경상남도 함양군 유림면,중상사고,0,1,0,0,차량단독 - 전도전복,안전운전불이행,습기,비,단일로 - 기타,승합,남,59세,상해없음,,,,
2013090600100446,2013년 9월 6일 17시,금요일,경상남도 거제시 능포동,경상사고,0,0,1,0,차대차 - 기타,안전운전불이행,건조,맑음,교차로 - 교차로안,승합,남,60세,상해없음,이륜,남,39세,경상
2013090600100447,2013년 9월 6일 17시,금요일,경상남도 창원시 성산구 신촌동,중상사고,0,1,0,0,차대사람 - 기타,안전운전불이행,습기,비,기타 - 기타,화물,남,41세,상해없음,보행자,남,12세,중상
2013090600100477,2013년 9월 6일 18시,금요일,경상남도 통영시 봉평동,중상사고,0,1,0,0,차대차 - 추돌 - 주정차중,안전운전불이행,습기,맑음,단일로 - 기타,승용,남,39세,상해없음,건설기계,남,37세,상해없음
2013090600100478,2013년 9월 6일 18시,금요일,경상남도 밀양시 삼문동,경상사고,0,0,2,0,차대사람 - 횡단중,안전운전불이행,건조,흐림,단일로 - 기타,승용,여,55세,상해없음,보행자,남,2세,경상
2013090600100479,2013년 9월 6일 18시,금요일,경상남도 창녕군 영산면,경상사고,0,0,2,0,차대차 - 기타,안전운전불이행,습기,비,교차로 - 교차로부근,화물,남,75세,상해없음,승용,남,54세,경상
2013090600100497,2013년 9월 6일 19시,금요일,경상남도 김해시 대동면,경상사고,0,0,1,0,차대차 - 측면직각충돌,안전운전불이행,건조,맑음,단일로 - 기타,화물,남,56세,상해없음,승용,여,67세,경상
2013090600100523,2013년 9월 6일 19시,금요일,경상남도 창원시 진해구 충무동,중상사고,0,1,0,0,차대사람 - 보도통행중,신호위반,건조,맑음,단일로 - 횡단보도상,승용,남,64세,상해없음,보행자,여,50세,중상
2013090600100524,2013년 9월 6일 19시,금요일,경상남도 거제시 연초면,중상사고,0,1,0,0,차대차 - 기타,중앙선침범,건조,맑음,단일로 - 기타,승용,남,48세,상해없음,승용,남,62세,중상
2013090600100579,2013년 9월 6일 20시,금요일,경상남도 사천시 사천읍,경상사고,0,0,1,0,차대차 - 추돌 - 진행중,안전운전불이행,습기,비,단일로 - 기타,승용,남,39세,상해없음,승용,남,36세,경상
2013090600100580,2013년 9월 6일 20시,금요일,경상남도 사천시 사천읍,경상사고,0,0,1,0,차대차 - 기타,안전운전불이행,습기,비,단일로 - 기타,승용,남,31세,상해없음,승용,남,46세,상해없음
2013090600100659,2013년 9월 6일 22시,금요일,경상남도 김해시 삼정동,중상사고,0,1,2,0,차대차 - 기타,신호위반,습기,흐림,단일로 - 기타,승용,남,31세,상해없음,승합,남,46세,중상
2013090600100689,2013년 9월 6일 23시,금요일,경상남도 김해시 삼정동,중상사고,0,4,0,0,차대차 - 기타,중앙선침범,습기,흐림,단일로 - 기타,승용,남,30세,중상,승용,남,54세,중상
2013090600100690,2013년 9월 6일 23시,금요일,경상남도 김해시 삼계동,경상사고,0,0,1,0,차대사람 - 횡단중,안전운전불이행,건조,맑음,단일로 - 기타,승용,남,46세,상해없음,보행자,남,32세,경상
2013090600100691,2013년 9월 6일 23시,금요일,경상남도 김해시 내동,경상사고,0,0,1,0,차대차 - 기타,안전운전불이행,건조,흐림,단일로 - 기타,승용,남,52세,상해없음,원동기,남,16세,경상
2013090600100692,2013년 9월 6일 23시,금요일,경상남도 거제시 장평동,중상사고,0,1,0,0,차대차 - 기타,안전운전불이행,건조,맑음,단일로 - 기타,기타불명,기타불명,기타불명,기타불명,자전거,남,26세,중상
2013090600100693,2013년 9월 6일 23시,금요일,경상남도 창원시 성산구 가음정동,경상사고,0,0,2,0,차대차 - 기타,안전운전불이행,건조,맑음,교차로 - 교차로안,승용,남,33세,기타불명,이륜,남,18세,경상
2013090600100694,2013년 9월 6일 23시,금요일,경상남도 창원시 마산회원구 양덕동,경상사고,0,0,1,0,차대차 - 측면직각충돌,중앙선침범,건조,맑음,단일로 - 기타,승용,남,53세,상해없음,승용,여,27세,경상
2013090700100062,2013년 9월 7일 02시,토요일,경상남도 거제시 장평동,중상사고,0,1,0,0,차대차 - 기타,안전운전불이행,습기,흐림,교차로 - 교차로부근,승용,남,41세,상해없음,이륜,남,28세,중상
2013090700100074,2013년 9월 7일 03시,토요일,경상남도 창원시 의창구 대원동,중상사고,0,1,1,0,차대차 - 추돌 - 주정차중,안전운전불이행,건조,맑음,교차로 - 교차로부근,승용,남,32세,상해없음,승용,여,39세,중상
2013090700100089,2013년 9월 7일 04시,토요일,경상남도 통영시 용남면,경상사고,0,0,1,0,차량단독 - 공작물충돌,안전운전불이행,건조,맑음,교차로 - 교차로안,승용,남,33세,경상,,,,
2013090700100118,2013년 9월 7일 06시,토요일,경상남도 창원시 마산합포구 월남동5가,중상사고,0,1,0,0,차대사람 - 횡단중,안전운전불이행,건조,맑음,교차로 - 교차로안,승용,여,52세,상해없음,보행자,여,68세,중상
2013090700100119,2013년 9월 7일 06시,토요일,경상남도 거창군 가조면,중상사고,0,5,0,0,차량단독 - 공작물충돌,안전운전불이행,습기,비,단일로 - 기타,화물,남,43세,중상,,,,
2013090700100147,2013년 9월 7일 08시,토요일,경상남도 김해시 내동,경상사고,0,0,1,0,차대차 - 측면직각충돌,차로위반,습기,비,단일로 - 기타,화물,남,50세,기타불명,승용,여,45세,경상
2013090700100148,2013년 9월 7일 08시,토요일,경상남도 양산시 동면,부상신고사고,0,0,0,1,차대차 - 기타,안전운전불이행,습기,비,단일로 - 기타,승용,남,45세,상해없음,승용,남,36세,상해없음
2013090700100149,2013년 9월 7일 08시,토요일,경상남도 산청군 산청읍,중상사고,0,1,0,0,차대차 - 추돌 - 진행중,안전운전불이행,습기,흐림,교차로 - 교차로안,승용,남,34세,상해없음,농기계,남,76세,중상
2013090700100179,2013년 9월 7일 09시,토요일,경상남도 창녕군 장마면,중상사고,0,1,0,0,차대차 - 기타,교차로운행방법위반,습기,비,교차로 - 교차로안,화물,여,42세,상해없음,원동기,남,77세,중상
2013090700100180,2013년 9월 7일 09시,토요일,경상남도 하동군 하동읍,경상사고,0,0,1,0,차대차 - 기타,안전운전불이행,건조,맑음,교차로 - 교차로안,화물,남,68세,상해없음,농기계,남,75세,경상
2013090700100210,2013년 9월 7일 10시,토요일,경상남도 김해시 구산동,경상사고,0,0,1,0,차대차 - 기타,안전운전불이행,습기,비,교차로 - 교차로안,원동기,남,25세,경상,승용,남,53세,상해없음
2013090700100211,2013년 9월 7일 10시,토요일,경상남도 창원시 의창구 대산면,경상사고,0,0,3,0,차대차 - 기타,차로위반,습기,비,교차로 - 교차로부근,화물,남,54세,상해없음,승용,남,55세,경상
2013090700100212,2013년 9월 7일 10시,토요일,경상남도 김해시 장유면,경상사고,0,0,1,0,차대차 - 측면직각충돌,직진우회전진행방해,습기,비,교차로 - 교차로안,승용,남,48세,상해없음,승용,남,38세,경상
2013090700100213,2013년 9월 7일 10시,토요일,경상남도 창원시 의창구 동읍,중상사고,0,1,7,0,차대차 - 추돌 - 진행중,안전거리미확보,습기,비,단일로 - 기타,승합,남,42세,상해없음,승용,남,37세,경상
2013090700100243,2013년 9월 7일 11시,토요일,경상남도 의령군 유곡면,중상사고,0,2,0,0,차대차 - 기타,안전운전불이행,건조,맑음,단일로 - 기타,승용,여,60세,중상,승용,남,33세,상해없음
2013090700100244,2013년 9월 7일 11시,토요일,경상남도 창원시 마산합포구 산호동,경상사고,0,0,1,0,차대차 - 추돌 - 진행중,안전운전불이행,건조,맑음,단일로 - 기타,승용,남,60세,상해없음,승용,남,58세,경상
2013090700100245,2013년 9월 7일 11시,토요일,경상남도 창원시 의창구 팔용동,경상사고,0,0,2,0,차대차 - 추돌 - 진행중,안전운전불이행,습기,비,단일로 - 기타,화물,남,52세,상해없음,승용,남,39세,경상
2013090700100279,2013년 9월 7일 12시,토요일,경상남도 진주시 장대동,중상사고,0,1,3,0,차대차 - 추돌 - 주정차중,안전운전불이행,건조,맑음,단일로 - 기타,승용,여,42세,상해없음,승용,여,40세,경상
2013090700100280,2013년 9월 7일 12시,토요일,경상남도 거제시 장목면,중상사고,0,1,0,2,차대차 - 기타,안전운전불이행,기타,비,단일로 - 기타,승용,남,21세,중상,화물,남,45세,부상신고