사고번호,사고일시,요일,시군구,사고내용,사망자수,중상자수,경상자수,부상신고자수,사고유형,법규위반,노면상태,기상상태,도로형태,가해운전자 차종,가해운전자 성별,가해운전자 연령,가해운전자 상해정도,피해운전자 차종,피해운전자 성별,피해운전자 연령,피해운전자 상해정도
2013090700100281,2013년 9월 7일 12시,토요일,경상남도 남해군 창선면,중상사고,0,1,0,0,차대사람 - 횡단중,안전운전불이행,건조,흐림,단일로 - 기타,승용,여,32세,상해없음,보행자,여,62세,중상
2013090700100396,2013년 9월 7일 15시,토요일,경상남도 진주시 중안동,중상사고,0,1,0,0,차대차 - 기타,안전운전불이행,건조,맑음,교차로 - 교차로안,승용,남,31세,상해없음,자전거,여,52세,중상
2013090700100397,2013년 9월 7일 15시,토요일,경상남도 사천시 사천읍,중상사고,0,2,1,0,차대차 - 추돌 - 주정차중,안전운전불이행,건조,맑음,단일로 - 기타,승합,남,63세,상해없음,승용,여,61세,중상
2013090700100398,2013년 9월 7일 15시,토요일,경상남도 양산시 삼호동,경상사고,0,0,1,0,차대차 - 측면직각충돌,신호위반,건조,맑음,교차로 - 교차로안,승용,남,51세,상해없음,원동기,남,49세,경상
2013090700100435,2013년 9월 7일 16시,토요일,경상남도 창원시 의창구 팔용동,중상사고,0,1,2,0,차대차 - 추돌 - 주정차중,안전운전불이행,건조,맑음,단일로 - 기타,승용,남,34세,상해없음,승용,여,25세,상해없음
2013090700100505,2013년 9월 7일 18시,토요일,경상남도 창원시 성산구 가음동,중상사고,0,1,0,0,차대사람 - 횡단중,안전운전불이행,건조,맑음,단일로 - 기타,승용,남,42세,상해없음,보행자,남,6세,중상
2013090700100506,2013년 9월 7일 18시,토요일,경상남도 창원시 의창구 대원동,중상사고,0,1,0,0,차대사람 - 횡단중,보행자보호의무위반,건조,맑음,단일로 - 횡단보도상,승용,여,52세,상해없음,보행자,남,47세,중상
2013090700100507,2013년 9월 7일 18시,토요일,경상남도 창원시 의창구 명서동,경상사고,0,0,2,0,차대차 - 측면직각충돌,안전운전불이행,건조,흐림,교차로 - 교차로부근,승용,남,60세,상해없음,자전거,남,44세,경상
2013090700100540,2013년 9월 7일 19시,토요일,경상남도 김해시 내동,중상사고,0,1,0,0,차량단독 - 기타,안전운전불이행,건조,맑음,단일로 - 기타,승합,남,59세,상해없음,,,,
2013090700100541,2013년 9월 7일 19시,토요일,경상남도 김해시 장유면,경상사고,0,0,1,0,차대차 - 추돌 - 주정차중,안전운전불이행,건조,맑음,교차로 - 교차로부근,승용,남,60세,상해없음,승용,여,57세,경상
2013090700100611,2013년 9월 7일 21시,토요일,경상남도 김해시 내동,경상사고,0,0,1,0,차대차 - 추돌 - 진행중,안전운전불이행,건조,맑음,단일로 - 기타,이륜,남,29세,경상,승용,남,55세,상해없음
2013090700100665,2013년 9월 7일 23시,토요일,경상남도 양산시 북부동,경상사고,0,0,3,0,차대차 - 기타,중앙선침범,건조,맑음,단일로 - 기타,승용,남,35세,상해없음,승용,남,21세,경상
2013090700100666,2013년 9월 7일 23시,토요일,경상남도 창원시 성산구 상남동,경상사고,0,0,1,0,차대사람 - 차도통행중,안전운전불이행,건조,맑음,기타 - 기타,승용,남,55세,상해없음,보행자,여,20세,경상
2013090800100052,2013년 9월 8일 02시,일요일,경상남도 창원시 마산회원구 합성동,경상사고,0,0,1,0,차대사람 - 기타,안전운전불이행,건조,맑음,기타 - 기타,승용,여,21세,상해없음,보행자,남,29세,경상
2013090800100053,2013년 9월 8일 02시,일요일,경상남도 창원시 마산회원구 합성동,경상사고,0,0,1,0,차대차 - 측면직각충돌,안전운전불이행,건조,맑음,단일로 - 기타,승용,남,18세,상해없음,승용,남,59세,경상
2013090800100073,2013년 9월 8일 03시,일요일,경상남도 김해시 진영읍,경상사고,0,0,1,0,차량단독 - 기타,기타,습기,비,단일로 - 기타,이륜,남,48세,경상,,,,
2013090800100086,2013년 9월 8일 04시,일요일,경상남도 창원시 마산회원구 봉암동,경상사고,0,0,2,0,차대차 - 측면직각충돌,신호위반,건조,맑음,교차로 - 교차로안,원동기,남,15세,상해없음,승용,남,53세,상해없음
2013090800100100,2013년 9월 8일 05시,일요일,경상남도 통영시 평림동,중상사고,0,1,0,0,차대사람 - 기타,안전운전불이행,건조,맑음,단일로 - 기타,화물,남,49세,상해없음,보행자,남,30세,중상
2013090800100112,2013년 9월 8일 06시,일요일,경상남도 통영시 서호동,경상사고,0,0,1,0,차대차 - 기타,교차로운행방법위반,건조,맑음,교차로 - 교차로안,특수,남,49세,기타불명,자전거,남,71세,경상
2013090800100113,2013년 9월 8일 06시,일요일,경상남도 사천시 대방동,경상사고,0,0,1,0,차대사람 - 횡단중,안전운전불이행,건조,맑음,단일로 - 기타,승용,남,48세,상해없음,보행자,여,68세,경상
2013090800100129,2013년 9월 8일 07시,일요일,경상남도 창원시 마산회원구 봉암동,경상사고,0,0,3,0,차대차 - 측면직각충돌,신호위반,건조,맑음,교차로 - 교차로안,승용,남,32세,상해없음,승용,남,28세,경상
2013090800100140,2013년 9월 8일 08시,일요일,경상남도 김해시 대동면,경상사고,0,0,2,0,차대차 - 기타,안전거리미확보,건조,맑음,단일로 - 기타,승용,남,55세,상해없음,승용,남,47세,상해없음
2013090800100150,2013년 9월 8일 08시,일요일,경상남도 창원시 마산합포구 창포동2가,경상사고,0,0,1,0,차대차 - 추돌 - 진행중,안전운전불이행,건조,맑음,단일로 - 기타,화물,남,61세,상해없음,승용,남,51세,경상
2013090800100151,2013년 9월 8일 08시,일요일,경상남도 진주시 옥봉동,부상신고사고,0,0,0,1,차대차 - 기타,중앙선침범,건조,맑음,단일로 - 기타,자전거,남,17세,부상신고,승용,남,59세,상해없음
2013090800100194,2013년 9월 8일 10시,일요일,경상남도 진주시 수곡면,중상사고,0,1,0,0,차대사람 - 횡단중,안전운전불이행,건조,맑음,단일로 - 기타,승용,남,36세,상해없음,보행자,남,6세,중상
2013090800100195,2013년 9월 8일 10시,일요일,경상남도 김해시 외동,중상사고,0,2,0,0,차대차 - 기타,신호위반,건조,맑음,교차로 - 교차로안,화물,남,50세,상해없음,승용,남,38세,중상
2013090800100212,2013년 9월 8일 11시,일요일,경상남도 산청군 신안면,경상사고,0,0,3,0,차대차 - 추돌 - 진행중,안전운전불이행,건조,맑음,단일로 - 교량,승용,남,26세,상해없음,승용,남,62세,경상
2013090800100229,2013년 9월 8일 12시,일요일,경상남도 창원시 마산회원구 양덕동,경상사고,0,0,1,0,차대차 - 측면직각충돌,안전운전불이행,건조,맑음,교차로 - 교차로부근,승용,여,52세,상해없음,승용,남,64세,경상
2013090800100256,2013년 9월 8일 13시,일요일,경상남도 진주시 초전동,경상사고,0,0,1,0,차대차 - 측면직각충돌,안전운전불이행,건조,맑음,단일로 - 기타,승용,남,28세,상해없음,원동기,남,57세,경상
2013090800100257,2013년 9월 8일 13시,일요일,경상남도 양산시 동면,중상사고,0,2,4,0,차대차 - 측면직각충돌,신호위반,건조,맑음,교차로 - 교차로안,승용,남,44세,경상,승용,남,47세,중상
2013090800100286,2013년 9월 8일 14시,일요일,경상남도 창원시 진해구 충무동,경상사고,0,0,1,0,차대사람 - 기타,안전운전불이행,건조,맑음,단일로 - 기타,기타불명,기타불명,기타불명,기타불명,보행자,여,15세,경상
2013090800100313,2013년 9월 8일 15시,일요일,경상남도 창녕군 영산면,경상사고,0,0,3,0,차대차 - 추돌 - 진행중,안전운전불이행,건조,맑음,단일로 - 기타,화물,남,54세,상해없음,승용,남,45세,경상
2013090800100340,2013년 9월 8일 16시,일요일,경상남도 고성군 고성읍,사망사고,2,0,0,0,차대차 - 측면직각충돌,교차로운행방법위반,건조,맑음,교차로 - 교차로안,승용,남,50세,사망,승합,남,61세,상해없음
2013090800100341,2013년 9월 8일 16시,일요일,경상남도 하동군 북천면,경상사고,0,0,1,0,차대차 - 측면직각충돌,안전운전불이행,건조,맑음,단일로 - 기타,화물,남,51세,상해없음,건설기계,남,40세,상해없음
2013090800100342,2013년 9월 8일 16시,일요일,경상남도 의령군 부림면,경상사고,0,0,3,0,차대차 - 측면직각충돌,안전운전불이행,건조,맑음,단일로 - 기타,승용,남,52세,상해없음,승용,남,48세,경상
2013090800100343,2013년 9월 8일 16시,일요일,경상남도 함안군 가야읍,중상사고,0,2,9,0,차대차 - 추돌 - 진행중,안전거리미확보,건조,맑음,단일로 - 기타,승용,남,46세,경상,승용,남,37세,경상
2013090800100378,2013년 9월 8일 17시,일요일,경상남도 진주시 신안동,중상사고,0,1,0,0,차대사람 - 횡단중,안전운전불이행,건조,맑음,교차로 - 교차로안,승용,여,46세,상해없음,보행자,여,70세,중상
2013090800100379,2013년 9월 8일 17시,일요일,경상남도 양산시 물금읍,부상신고사고,0,0,0,1,차대차 - 측면직각충돌,직진우회전진행방해,건조,맑음,교차로 - 교차로안,이륜,남,23세,상해없음,승용,여,51세,부상신고
2013090800100402,2013년 9월 8일 18시,일요일,경상남도 창원시 진해구 청안동,경상사고,0,0,1,0,차대차 - 추돌 - 주정차중,안전운전불이행,건조,맑음,단일로 - 기타,승용,남,36세,상해없음,승용,남,41세,경상
2013090800100403,2013년 9월 8일 18시,일요일,경상남도 통영시 도산면,중상사고,0,1,0,0,차대차 - 기타,안전운전불이행,건조,맑음,단일로 - 기타,이륜,남,34세,중상,승용,남,37세,상해없음
2013090800100404,2013년 9월 8일 18시,일요일,경상남도 창녕군 장마면,중상사고,0,1,0,0,차대사람 - 기타,안전운전불이행,건조,맑음,단일로 - 기타,승용,남,55세,상해없음,보행자,여,76세,중상
2013090800100405,2013년 9월 8일 18시,일요일,경상남도 거제시 아주동,경상사고,0,0,1,0,차대차 - 기타,신호위반,건조,맑음,단일로 - 기타,승용,남,40세,상해없음,원동기,남,39세,경상
2013090800100442,2013년 9월 8일 19시,일요일,경상남도 김해시 대성동,중상사고,0,1,0,0,차대차 - 정면충돌,교차로운행방법위반,건조,맑음,교차로 - 교차로안,승용,남,29세,상해없음,자전거,남,59세,중상
2013090800100443,2013년 9월 8일 19시,일요일,경상남도 양산시 물금읍,경상사고,0,0,1,0,차대차 - 측면직각충돌,신호위반,건조,맑음,교차로 - 교차로안,승합,남,63세,상해없음,이륜,남,19세,경상
2013090800100444,2013년 9월 8일 19시,일요일,경상남도 김해시 한림면,중상사고,0,1,0,0,차대사람 - 기타,안전운전불이행,건조,맑음,교차로 - 교차로부근,기타불명,기타불명,기타불명,기타불명,보행자,남,31세,중상
2013090800100502,2013년 9월 8일 21시,일요일,경상남도 김해시 삼방동,경상사고,0,0,1,0,차대차 - 추돌 - 진행중,안전운전불이행,건조,맑음,단일로 - 기타,승용,남,54세,상해없음,승용,남,32세,경상
2013090800100503,2013년 9월 8일 21시,일요일,경상남도 김해시 장유면,중상사고,0,1,0,0,차대사람 - 보도통행중,보행자보호의무위반,건조,맑음,단일로 - 기타,승용,남,55세,상해없음,보행자,여,77세,중상
2013090800100523,2013년 9월 8일 22시,일요일,경상남도 거제시 고현동,경상사고,0,0,1,0,차대차 - 추돌 - 진행중,안전운전불이행,건조,맑음,단일로 - 기타,승용,남,52세,상해없음,승용,여,39세,경상
2013090800100542,2013년 9월 8일 23시,일요일,경상남도 거제시 옥포동,경상사고,0,0,1,0,차대사람 - 보도통행중,안전운전불이행,건조,맑음,단일로 - 기타,승용,여,36세,상해없음,보행자,남,29세,경상
2013090900100016,2013년 9월 9일 01시,월요일,경상남도 창원시 진해구 용원동,경상사고,0,0,1,0,차대사람 - 보도통행중,기타,건조,맑음,교차로 - 교차로부근,승용,남,52세,상해없음,보행자,남,34세,경상
2013090900100054,2013년 9월 9일 06시,월요일,경상남도 김해시 진영읍,경상사고,0,0,1,0,차대차 - 추돌 - 진행중,안전운전불이행,건조,맑음,단일로 - 기타,화물,남,54세,상해없음,화물,남,72세,경상
2013090900100075,2013년 9월 9일 07시,월요일,경상남도 사천시 사남면,경상사고,0,0,1,0,차대차 - 기타,안전운전불이행,건조,맑음,교차로 - 교차로안,기타불명,기타불명,기타불명,기타불명,자전거,남,18세,경상
2013090900100076,2013년 9월 9일 07시,월요일,경상남도 거제시 동부면,경상사고,0,0,1,0,차대사람 - 보도통행중,안전운전불이행,건조,맑음,단일로 - 기타,기타불명,기타불명,기타불명,기타불명,보행자,여,16세,경상
2013090900100077,2013년 9월 9일 07시,월요일,경상남도 김해시 풍유동,중상사고,0,1,0,1,차대차 - 측면직각충돌,안전운전불이행,건조,맑음,단일로 - 기타,승용,남,32세,부상신고,승용,남,25세,중상
2013090900100111,2013년 9월 9일 08시,월요일,경상남도 합천군 삼가면,중상사고,0,1,0,0,차대차 - 기타,안전운전불이행,건조,맑음,단일로 - 기타,화물,남,48세,상해없음,농기계,남,48세,중상
2013090900100138,2013년 9월 9일 09시,월요일,경상남도 통영시 도산면,경상사고,0,0,3,0,차대차 - 측면직각충돌,신호위반,건조,맑음,교차로 - 교차로안,화물,남,34세,상해없음,승용,남,42세,경상
2013090900100139,2013년 9월 9일 09시,월요일,경상남도 김해시 동상동,중상사고,0,1,1,0,차대차 - 추돌 - 진행중,안전운전불이행,건조,맑음,단일로 - 기타,승용,남,69세,상해없음,승용,남,45세,경상
2013090900100140,2013년 9월 9일 09시,월요일,경상남도 창녕군 대합면,경상사고,0,0,1,0,차대차 - 측면직각충돌,직진우회전진행방해,건조,맑음,교차로 - 교차로안,화물,남,35세,상해없음,승용,여,40세,경상
2013090900100141,2013년 9월 9일 09시,월요일,경상남도 고성군 회화면,중상사고,0,1,3,0,차대차 - 측면직각충돌,안전거리미확보,건조,맑음,단일로 - 기타,승용,여,51세,상해없음,승용,남,27세,경상
2013090900100142,2013년 9월 9일 09시,월요일,경상남도 창원시 마산회원구 구암동,중상사고,0,1,0,0,차대사람 - 기타,안전운전불이행,건조,맑음,기타 - 기타,화물,남,62세,상해없음,보행자,남,57세,중상
2013090900100173,2013년 9월 9일 10시,월요일,경상남도 창원시 진해구 이동,중상사고,0,1,0,0,차대차 - 기타,안전운전불이행,건조,맑음,단일로 - 기타,원동기,남,57세,중상,승용,여,30세,상해없음
2013090900100174,2013년 9월 9일 10시,월요일,경상남도 창원시 진해구 석동,경상사고,0,0,1,0,차대차 - 기타,안전운전불이행,건조,맑음,기타 - 기타,원동기,남,72세,상해없음,승용,여,33세,상해없음
2013090900100175,2013년 9월 9일 10시,월요일,경상남도 김해시 대성동,중상사고,0,1,1,0,차대차 - 측면직각충돌,직진우회전진행방해,건조,맑음,교차로 - 교차로안,이륜,남,73세,중상,승용,남,36세,상해없음
2013090900100176,2013년 9월 9일 10시,월요일,경상남도 하동군 진교면,경상사고,0,0,2,0,차대차 - 기타,기타,건조,맑음,교차로 - 교차로안,화물,남,61세,상해없음,이륜,남,74세,경상
2013090900100177,2013년 9월 9일 10시,월요일,경상남도 함안군 칠원면,경상사고,0,0,1,0,차대사람 - 횡단중,안전운전불이행,건조,맑음,교차로 - 교차로안,화물,남,39세,상해없음,보행자,여,52세,경상
2013090900100178,2013년 9월 9일 10시,월요일,경상남도 창원시 마산회원구 합성동,경상사고,0,0,1,0,차대차 - 기타,안전운전불이행,건조,맑음,교차로 - 교차로부근,승용,남,46세,상해없음,자전거,남,19세,경상
2013090900100194,2013년 9월 9일 11시,월요일,경상남도 함안군 대산면,경상사고,0,0,1,0,차대차 - 측면직각충돌,안전운전불이행,건조,맑음,교차로 - 교차로안,건설기계,남,60세,상해없음,화물,남,40세,경상
2013090900100217,2013년 9월 9일 12시,월요일,경상남도 창원시 의창구 봉곡동,중상사고,0,1,0,0,차대사람 - 횡단중,안전운전불이행,건조,맑음,단일로 - 기타,승용,여,41세,상해없음,보행자,여,86세,중상
2013090900100249,2013년 9월 9일 13시,월요일,경상남도 통영시 봉평동,중상사고,0,1,0,0,차대차 - 측면직각충돌,안전운전불이행,건조,맑음,단일로 - 기타,화물,남,46세,상해없음,승용,여,38세,중상
2013090900100250,2013년 9월 9일 13시,월요일,경상남도 거제시 고현동,중상사고,0,1,1,0,차대차 - 측면직각충돌,안전운전불이행,건조,맑음,교차로 - 교차로안,승용,여,31세,상해없음,승용,남,55세,경상
2013090900100251,2013년 9월 9일 13시,월요일,경상남도 창원시 의창구 용호동,중상사고,0,1,0,0,차대차 - 측면직각충돌,신호위반,건조,맑음,교차로 - 교차로안,승용,남,55세,상해없음,승용,남,53세,중상
2013090900100275,2013년 9월 9일 14시,월요일,경상남도 함양군 함양읍,부상신고사고,0,0,0,1,차대차 - 측면직각충돌,안전운전불이행,건조,맑음,단일로 - 기타,자전거,여,69세,부상신고,승용,남,52세,상해없음
2013090900100309,2013년 9월 9일 15시,월요일,경상남도 사천시 동금동,중상사고,0,1,0,0,차대차 - 기타,중앙선침범,건조,맑음,교차로 - 교차로부근,승용,기타불명,기타불명,기타불명,이륜,남,34세,중상
2013090900100346,2013년 9월 9일 16시,월요일,경상남도 창원시 진해구 석동,부상신고사고,0,0,0,1,차대사람 - 기타,안전운전불이행,건조,맑음,단일로 - 기타,기타불명,기타불명,기타불명,기타불명,보행자,남,8세,부상신고
2013090900100347,2013년 9월 9일 16시,월요일,경상남도 창원시 마산회원구 양덕동,경상사고,0,0,1,0,차대차 - 측면직각충돌,안전운전불이행,건조,맑음,단일로 - 기타,화물,남,45세,상해없음,승용,여,56세,경상
2013090900100378,2013년 9월 9일 17시,월요일,경상남도 사천시 사천읍,경상사고,0,0,3,0,차대차 - 기타,안전운전불이행,건조,맑음,단일로 - 기타,승합,남,48세,상해없음,승용,남,42세,경상
2013090900100379,2013년 9월 9일 17시,월요일,경상남도 밀양시 내이동,경상사고,0,0,1,0,차대차 - 추돌 - 진행중,안전운전불이행,건조,맑음,단일로 - 기타,승용,남,51세,상해없음,자전거,남,21세,경상
2013090900100380,2013년 9월 9일 17시,월요일,경상남도 하동군 금성면,경상사고,0,0,1,0,차대차 - 측면직각충돌,신호위반,건조,맑음,교차로 - 교차로안,건설기계,남,54세,상해없음,승용,남,38세,경상
2013090900100381,2013년 9월 9일 17시,월요일,경상남도 하동군 횡천면,경상사고,0,0,1,0,차대차 - 기타,안전운전불이행,건조,맑음,교차로 - 교차로안,화물,남,54세,상해없음,자전거,남,74세,경상
2013090900100382,2013년 9월 9일 17시,월요일,경상남도 거제시 사등면,경상사고,0,0,1,0,차대사람 - 기타,안전운전불이행,건조,맑음,단일로 - 기타,승용,남,59세,상해없음,보행자,남,69세,경상
2013090900100413,2013년 9월 9일 18시,월요일,경상남도 밀양시 삼랑진읍,사망사고,1,0,0,0,차량단독 - 도로외이탈 - 추락,안전운전불이행,건조,맑음,단일로 - 기타,농기계,남,55세,사망,,,,
2013090900100414,2013년 9월 9일 18시,월요일,경상남도 창원시 의창구 사림동,경상사고,0,0,1,0,차대차 - 측면직각충돌,교차로운행방법위반,건조,맑음,교차로 - 교차로안,승용,남,56세,상해없음,원동기,남,18세,경상
2013090900100451,2013년 9월 9일 19시,월요일,경상남도 창원시 마산합포구 교원동,중상사고,0,1,0,0,차대사람 - 횡단중,보행자보호의무위반,건조,맑음,교차로 - 교차로부근,승용,여,36세,상해없음,보행자,남,39세,중상
2013090900100452,2013년 9월 9일 19시,월요일,경상남도 통영시 정량동,경상사고,0,0,1,0,차대차 - 측면직각충돌,직진우회전진행방해,건조,맑음,교차로 - 교차로안,승용,여,51세,상해없음,자전거,남,48세,경상
2013090900100453,2013년 9월 9일 19시,월요일,경상남도 양산시 신기동,경상사고,0,0,1,0,차대사람 - 기타,안전운전불이행,건조,맑음,기타 - 기타,승용,남,37세,기타불명,보행자,남,60세,경상
2013090900100479,2013년 9월 9일 20시,월요일,경상남도 통영시 광도면,중상사고,0,1,0,0,차대차 - 추돌 - 진행중,안전운전불이행,건조,맑음,단일로 - 기타,승용,남,45세,상해없음,이륜,남,58세,중상
2013090900100480,2013년 9월 9일 20시,월요일,경상남도 사천시 벌리동,경상사고,0,0,1,0,차대차 - 기타,안전운전불이행,건조,맑음,교차로 - 교차로안,승용,남,21세,상해없음,승용,남,46세,경상
2013090900100481,2013년 9월 9일 20시,월요일,경상남도 사천시 동금동,중상사고,0,2,0,0,차대차 - 측면직각충돌,교차로운행방법위반,건조,맑음,교차로 - 교차로안,승용,남,36세,상해없음,농기계,남,57세,중상
2013090900100516,2013년 9월 9일 21시,월요일,경상남도 창원시 마산합포구 남성동,중상사고,0,1,0,0,차대사람 - 횡단중,안전운전불이행,건조,맑음,교차로 - 교차로안,승용,여,30세,상해없음,보행자,남,61세,중상
2013090900100517,2013년 9월 9일 21시,월요일,경상남도 창원시 진해구 용원동,경상사고,0,0,1,0,차대차 - 기타,안전운전불이행,건조,맑음,교차로 - 교차로안,승용,남,66세,상해없음,자전거,남,38세,경상
2013090900100518,2013년 9월 9일 21시,월요일,경상남도 양산시 남부동,경상사고,0,0,1,0,차대사람 - 기타,안전운전불이행,건조,맑음,단일로 - 기타,승용,여,57세,상해없음,보행자,여,24세,경상
2013090900100519,2013년 9월 9일 21시,월요일,경상남도 창원시 성산구 상남동,경상사고,0,0,1,0,차대사람 - 횡단중,보행자보호의무위반,건조,맑음,교차로 - 교차로부근,승용,남,52세,상해없음,보행자,남,32세,경상
2013090900100553,2013년 9월 9일 22시,월요일,경상남도 진주시 호탄동,중상사고,0,2,0,0,차대차 - 추돌 - 주정차중,안전운전불이행,건조,맑음,교차로 - 교차로부근,승용,여,35세,상해없음,승용,여,44세,중상
2013090900100554,2013년 9월 9일 22시,월요일,경상남도 창원시 마산회원구 양덕동,사망사고,1,0,0,0,차대차 - 기타,안전운전불이행,건조,맑음,단일로 - 기타,승용,남,50세,상해없음,승용,남,34세,상해없음
2013091000100019,2013년 9월 10일 00시,화요일,경상남도 진주시 봉곡동,중상사고,0,5,0,0,차대차 - 측면직각충돌,직진우회전진행방해,건조,맑음,교차로 - 교차로안,화물,남,57세,상해없음,승합,남,48세,중상
2013091000100069,2013년 9월 10일 05시,화요일,경상남도 김해시 장유면,중상사고,0,1,0,0,차대사람 - 기타,안전운전불이행,건조,맑음,단일로 - 기타,승용,여,63세,상해없음,보행자,남,40세,중상
2013091000100083,2013년 9월 10일 06시,화요일,경상남도 창원시 진해구 용원동,중상사고,0,1,0,0,차대차 - 추돌 - 주정차중,안전운전불이행,건조,맑음,교차로 - 교차로안,승용,남,43세,상해없음,승용,남,40세,중상
2013091000100141,2013년 9월 10일 08시,화요일,경상남도 창원시 진해구 태평동,경상사고,0,0,1,0,차량단독 - 주차차량충돌,안전운전불이행,건조,맑음,단일로 - 기타,승용,여,44세,경상,,,,
2013091000100142,2013년 9월 10일 08시,화요일,경상남도 김해시 대동면,중상사고,0,1,0,0,차대사람 - 기타,안전운전불이행,건조,맑음,단일로 - 기타,승용,남,69세,상해없음,보행자,남,66세,중상
2013091000100143,2013년 9월 10일 08시,화요일,경상남도 함양군 안의면,중상사고,0,1,0,0,차대차 - 측면직각충돌,교차로운행방법위반,건조,맑음,교차로 - 교차로안,승용,여,44세,상해없음,이륜,남,68세,중상
2013091000100144,2013년 9월 10일 08시,화요일,경상남도 창원시 성산구 내동,중상사고,0,1,0,0,차대차 - 기타,안전운전불이행,건조,맑음,교차로 - 교차로부근,승용,남,28세,상해없음,자전거,남,47세,중상
2013091000100170,2013년 9월 10일 09시,화요일,경상남도 통영시 명정동,경상사고,0,0,1,0,차량단독 - 전도전복,안전운전불이행,건조,맑음,단일로 - 기타,원동기,남,61세,경상,,,,
2013091000100171,2013년 9월 10일 09시,화요일,경상남도 양산시 물금읍,중상사고,0,1,0,0,차대차 - 기타,안전거리미확보,건조,맑음,교차로 - 교차로안,승용,기타불명,기타불명,기타불명,승용,여,34세,중상
2013091000100172,2013년 9월 10일 09시,화요일,경상남도 창원시 마산회원구 석전동,중상사고,0,1,1,0,차대차 - 추돌 - 주정차중,안전운전불이행,건조,맑음,단일로 - 기타,승용,남,56세,상해없음,승용,남,25세,중상
2013091000100195,2013년 9월 10일 10시,화요일,경상남도 창원시 진해구 경화동,경상사고,0,0,1,0,차대차 - 추돌 - 주정차중,안전운전불이행,건조,맑음,기타 - 기타,화물,남,45세,상해없음,승용,남,59세,경상
2013091000100196,2013년 9월 10일 10시,화요일,경상남도 남해군 서면,경상사고,0,0,1,0,차대사람 - 기타,안전운전불이행,건조,맑음,단일로 - 기타,승용,남,60세,상해없음,보행자,남,85세,경상
2013091000100220,2013년 9월 10일 11시,화요일,경상남도 통영시 산양읍,경상사고,0,0,1,0,차대사람 - 기타,기타,건조,맑음,단일로 - 기타,건설기계,남,44세,상해없음,보행자,여,54세,경상
2013091000100233,2013년 9월 10일 12시,화요일,경상남도 사천시 벌리동,경상사고,0,0,1,0,차대사람 - 기타,안전운전불이행,건조,맑음,단일로 - 기타,승용,여,26세,상해없음,보행자,남,59세,경상
2013091000100258,2013년 9월 10일 13시,화요일,경상남도 거제시 고현동,중상사고,0,1,0,0,차대사람 - 기타,안전운전불이행,건조,맑음,단일로 - 기타,승용,여,52세,상해없음,보행자,여,44세,중상
2013091000100278,2013년 9월 10일 14시,화요일,경상남도 함안군 가야읍,경상사고,0,0,2,0,차대차 - 측면직각충돌,신호위반,건조,맑음,교차로 - 교차로안,화물,남,55세,상해없음,승용,남,34세,경상
2013091000100308,2013년 9월 10일 15시,화요일,경상남도 김해시 생림면,경상사고,0,0,1,0,차대차 - 측면직각충돌,교차로운행방법위반,건조,맑음,교차로 - 교차로안,승합,남,24세,기타불명,특수,남,40세,경상
2013091000100309,2013년 9월 10일 15시,화요일,경상남도 하동군 진교면,사망사고,1,0,0,0,차대차 - 측면직각충돌,중앙선침범,건조,맑음,단일로 - 기타,승용,남,42세,상해없음,농기계,남,63세,사망
2013091000100310,2013년 9월 10일 15시,화요일,경상남도 거제시 수월동,중상사고,0,1,4,0,차대차 - 추돌 - 진행중,안전운전불이행,건조,맑음,교차로 - 교차로안,승용,남,33세,상해없음,승용,남,36세,경상
2013091000100311,2013년 9월 10일 15시,화요일,경상남도 함안군 함안면,중상사고,0,1,0,0,차대차 - 추돌 - 진행중,안전운전불이행,건조,맑음,단일로 - 기타,승용,남,52세,상해없음,이륜,남,80세,중상
2013091000100312,2013년 9월 10일 15시,화요일,경상남도 김해시 한림면,중상사고,0,1,0,0,차대차 - 정면충돌,교차로운행방법위반,건조,맑음,교차로 - 교차로안,건설기계,남,61세,상해없음,화물,남,47세,중상
2013091000100345,2013년 9월 10일 16시,화요일,경상남도 김해시 대동면,경상사고,0,0,1,0,차대차 - 측면직각충돌,교차로운행방법위반,건조,맑음,교차로 - 교차로안,화물,남,58세,상해없음,승용,남,40세,경상
2013091000100380,2013년 9월 10일 17시,화요일,경상남도 창원시 진해구 용원동,경상사고,0,0,4,0,차대사람 - 횡단중,중앙선침범,건조,맑음,교차로 - 교차로부근,승용,여,54세,상해없음,보행자,남,19세,경상
2013091000100381,2013년 9월 10일 17시,화요일,경상남도 통영시 용남면,경상사고,0,0,2,0,차대차 - 추돌 - 진행중,안전운전불이행,건조,맑음,단일로 - 기타,화물,남,67세,상해없음,승용,남,39세,경상
2013091000100382,2013년 9월 10일 17시,화요일,경상남도 통영시 도천동,중상사고,0,1,0,0,차대차 - 측면직각충돌,신호위반,건조,맑음,교차로 - 교차로부근,원동기,남,19세,상해없음,자전거,남,73세,중상
2013091000100426,2013년 9월 10일 18시,화요일,경상남도 창원시 마산합포구 오동동,중상사고,0,1,0,0,차대사람 - 기타,안전운전불이행,건조,맑음,단일로 - 기타,화물,남,49세,상해없음,보행자,여,50세,중상
2013091000100427,2013년 9월 10일 18시,화요일,경상남도 창원시 진해구 여좌동,중상사고,0,1,0,0,차대차 - 측면직각충돌,차로위반,건조,맑음,단일로 - 기타,원동기,남,22세,중상,승용,남,43세,상해없음
2013091000100428,2013년 9월 10일 18시,화요일,경상남도 밀양시 무안면,경상사고,0,0,2,0,차대차 - 기타,기타,건조,맑음,단일로 - 기타,화물,남,57세,상해없음,화물,남,49세,경상