사고번호,사고일시,요일,시군구,사고내용,사망자수,중상자수,경상자수,부상신고자수,사고유형,법규위반,노면상태,기상상태,도로형태,가해운전자 차종,가해운전자 성별,가해운전자 연령,가해운전자 상해정도,피해운전자 차종,피해운전자 성별,피해운전자 연령,피해운전자 상해정도
2013091000100429,2013년 9월 10일 18시,화요일,경상남도 창원시 의창구 도계동,중상사고,0,1,0,0,차대사람 - 기타,안전운전불이행,건조,맑음,단일로 - 횡단보도상,기타불명,기타불명,기타불명,기타불명,보행자,여,14세,중상
2013091000100481,2013년 9월 10일 19시,화요일,경상남도 거제시 옥포동,경상사고,0,0,1,0,차대사람 - 기타,안전운전불이행,건조,맑음,단일로 - 기타,승용,남,23세,상해없음,보행자,여,54세,경상
2013091000100566,2013년 9월 10일 21시,화요일,경상남도 창원시 진해구 여좌동,경상사고,0,0,1,0,차대차 - 추돌 - 주정차중,안전운전불이행,건조,맑음,교차로 - 교차로부근,승용,남,18세,상해없음,승용,남,41세,기타불명
2013091000100567,2013년 9월 10일 21시,화요일,경상남도 통영시 북신동,중상사고,0,1,0,0,차대사람 - 횡단중,보행자보호의무위반,건조,맑음,단일로 - 횡단보도상,승합,남,40세,상해없음,보행자,여,54세,중상
2013091000100568,2013년 9월 10일 21시,화요일,경상남도 김해시 외동,경상사고,0,0,1,0,차대차 - 측면직각충돌,교차로운행방법위반,건조,맑음,교차로 - 교차로안,승용,여,38세,상해없음,이륜,남,18세,경상
2013091000100617,2013년 9월 10일 22시,화요일,경상남도 김해시 어방동,중상사고,0,1,0,0,차대차 - 측면직각충돌,교차로운행방법위반,건조,맑음,교차로 - 교차로부근,승용,남,35세,상해없음,이륜,남,17세,중상
2013091000100618,2013년 9월 10일 22시,화요일,경상남도 거제시 고현동,중상사고,0,1,0,0,차대사람 - 기타,보행자보호의무위반,건조,맑음,교차로 - 교차로안,승용,여,40세,상해없음,보행자,여,16세,중상
2013091100100040,2013년 9월 11일 02시,수요일,경상남도 창원시 마산회원구 합성동,경상사고,0,0,1,0,차대차 - 추돌 - 진행중,안전운전불이행,건조,맑음,단일로 - 기타,승용,남,18세,상해없음,승용,남,50세,경상
2013091100100069,2013년 9월 11일 04시,수요일,경상남도 창원시 진해구 서중동,경상사고,0,0,1,0,차대차 - 기타,안전운전불이행,건조,맑음,단일로 - 기타,건설기계,남,49세,경상,특수,남,42세,상해없음
2013091100100097,2013년 9월 11일 06시,수요일,경상남도 김해시 삼방동,경상사고,0,0,1,0,차대차 - 측면직각충돌,신호위반,건조,맑음,교차로 - 교차로안,화물,남,45세,기타불명,승합,남,54세,경상
2013091100100098,2013년 9월 11일 06시,수요일,경상남도 거제시 고현동,중상사고,0,1,0,0,차대사람 - 기타,안전운전불이행,건조,맑음,기타 - 기타,승합,남,48세,상해없음,보행자,남,16세,중상
2013091100100156,2013년 9월 11일 08시,수요일,경상남도 창원시 마산합포구 해운동,부상신고사고,0,0,0,1,차대차 - 기타,안전거리미확보,건조,맑음,단일로 - 기타,자전거,남,12세,부상신고,승용,여,44세,상해없음
2013091100100157,2013년 9월 11일 08시,수요일,경상남도 창원시 성산구 불모산동,중상사고,0,1,0,0,차대차 - 추돌 - 주정차중,안전운전불이행,기타,맑음,단일로 - 기타,승용,남,40세,상해없음,승용,여,51세,중상
2013091100100158,2013년 9월 11일 08시,수요일,경상남도 창원시 성산구 불모산동,중상사고,0,1,0,0,차대차 - 추돌 - 주정차중,안전운전불이행,기타,맑음,단일로 - 기타,승용,남,43세,상해없음,승용,여,32세,중상
2013091100100187,2013년 9월 11일 09시,수요일,경상남도 양산시 물금읍,중상사고,0,2,0,0,차대차 - 기타,직진우회전진행방해,건조,맑음,교차로 - 교차로안,화물,남,34세,중상,화물,남,58세,중상
2013091100100216,2013년 9월 11일 10시,수요일,경상남도 진주시 주약동,중상사고,0,1,0,0,차대사람 - 횡단중,보행자보호의무위반,건조,맑음,단일로 - 횡단보도상,승용,여,47세,상해없음,보행자,남,49세,중상
2013091100100217,2013년 9월 11일 10시,수요일,경상남도 창원시 성산구 대방동,경상사고,0,0,1,0,차대차 - 기타,안전거리미확보,기타,맑음,단일로 - 기타,승용,남,42세,상해없음,승용,여,55세,경상
2013091100100243,2013년 9월 11일 11시,수요일,경상남도 진주시 상대동,중상사고,0,1,0,0,차대사람 - 횡단중,안전운전불이행,건조,맑음,교차로 - 교차로부근,승합,남,39세,상해없음,보행자,남,59세,중상
2013091100100264,2013년 9월 11일 12시,수요일,경상남도 거창군 가북면,중상사고,0,1,0,0,차대차 - 측면직각충돌,안전운전불이행,습기,비,기타 - 기타,화물,남,60세,상해없음,화물,남,32세,중상
2013091100100265,2013년 9월 11일 12시,수요일,경상남도 양산시 하북면,중상사고,0,2,0,0,차대차 - 기타,안전운전불이행,건조,맑음,단일로 - 기타,승용,남,54세,상해없음,승용,남,42세,상해없음
2013091100100287,2013년 9월 11일 13시,수요일,경상남도 창원시 마산합포구 중성동,경상사고,0,0,1,0,차대차 - 추돌 - 진행중,안전거리미확보,건조,흐림,단일로 - 기타,승용,남,55세,상해없음,승용,여,43세,경상
2013091100100288,2013년 9월 11일 13시,수요일,경상남도 진주시 대안동,중상사고,0,1,0,0,차대사람 - 길가장자리구역통행중,안전운전불이행,건조,맑음,단일로 - 기타,승용,여,32세,상해없음,보행자,여,63세,중상
2013091100100289,2013년 9월 11일 13시,수요일,경상남도 양산시 북부동,중상사고,0,1,0,0,차대차 - 기타,직진우회전진행방해,건조,맑음,교차로 - 교차로안,승용,여,43세,상해없음,원동기,남,50세,상해없음
2013091100100312,2013년 9월 11일 14시,수요일,경상남도 창원시 진해구 풍호동,경상사고,0,0,1,0,차대차 - 측면직각충돌,교차로운행방법위반,건조,맑음,교차로 - 교차로안,승용,여,35세,상해없음,승합,남,64세,경상
2013091100100313,2013년 9월 11일 14시,수요일,경상남도 창원시 진해구 석동,경상사고,0,0,2,0,차대차 - 추돌 - 진행중,안전거리미확보,건조,맑음,단일로 - 기타,승용,여,55세,상해없음,승용,남,64세,경상
2013091100100314,2013년 9월 11일 14시,수요일,경상남도 통영시 정량동,중상사고,0,1,0,0,차대차 - 측면직각충돌,안전운전불이행,건조,맑음,단일로 - 기타,승용,남,20세,상해없음,자전거,남,66세,중상
2013091100100315,2013년 9월 11일 14시,수요일,경상남도 함안군 법수면,경상사고,0,0,1,0,차대사람 - 기타,안전운전불이행,건조,맑음,단일로 - 기타,승용,남,72세,상해없음,보행자,남,55세,경상
2013091100100316,2013년 9월 11일 14시,수요일,경상남도 창원시 성산구 대방동,부상신고사고,0,0,0,1,차대차 - 기타,신호위반,기타,맑음,교차로 - 교차로안,승용,여,29세,상해없음,승용,여,40세,부상신고
2013091100100338,2013년 9월 11일 15시,수요일,경상남도 통영시 서호동,경상사고,0,0,1,0,차대차 - 측면직각충돌,직진우회전진행방해,건조,맑음,교차로 - 교차로안,이륜,남,78세,경상,화물,여,56세,상해없음
2013091100100367,2013년 9월 11일 16시,수요일,경상남도 창원시 마산합포구 완월동,경상사고,0,0,1,0,차대사람 - 차도통행중,안전운전불이행,건조,맑음,단일로 - 기타,승용,여,41세,상해없음,보행자,남,13세,경상
2013091100100368,2013년 9월 11일 16시,수요일,경상남도 통영시 무전동,경상사고,0,0,2,0,차대차 - 측면직각충돌,직진우회전진행방해,건조,맑음,교차로 - 교차로안,승용,남,54세,상해없음,승용,여,44세,경상
2013091100100369,2013년 9월 11일 16시,수요일,경상남도 거제시 상동동,중상사고,0,1,0,0,차대사람 - 기타,보행자보호의무위반,건조,맑음,단일로 - 기타,승용,남,53세,상해없음,보행자,남,7세,중상
2013091100100403,2013년 9월 11일 17시,수요일,경상남도 창녕군 남지읍,사망사고,1,0,0,0,차대차 - 정면충돌,중앙선침범,건조,맑음,단일로 - 기타,이륜,남,71세,사망,화물,남,39세,상해없음
2013091100100404,2013년 9월 11일 17시,수요일,경상남도 양산시 유산동,중상사고,0,1,1,0,차대차 - 기타,안전운전불이행,건조,맑음,단일로 - 기타,화물,남,29세,상해없음,승용,남,23세,경상
2013091100100405,2013년 9월 11일 17시,수요일,경상남도 양산시 물금읍,중상사고,0,1,0,0,차대차 - 기타,직진우회전진행방해,건조,맑음,교차로 - 교차로안,승용,남,58세,상해없음,승합,남,48세,상해없음
2013091100100406,2013년 9월 11일 17시,수요일,경상남도 김해시 장유면,중상사고,0,1,0,0,차대차 - 추돌 - 주정차중,교차로운행방법위반,건조,맑음,교차로 - 교차로안,화물,남,50세,상해없음,이륜,남,57세,중상
2013091100100435,2013년 9월 11일 18시,수요일,경상남도 사천시 사천읍,경상사고,0,0,1,0,차대차 - 기타,교차로운행방법위반,건조,맑음,교차로 - 교차로안,자전거,남,14세,경상,승용,남,55세,상해없음
2013091100100436,2013년 9월 11일 18시,수요일,경상남도 양산시 북정동,경상사고,0,0,1,0,차대사람 - 횡단중,안전운전불이행,건조,맑음,교차로 - 교차로안,승용,남,36세,기타불명,보행자,남,10세,경상
2013091100100437,2013년 9월 11일 18시,수요일,경상남도 산청군 금서면,경상사고,0,0,1,0,차대사람 - 횡단중,안전운전불이행,건조,흐림,단일로 - 기타,승용,여,43세,상해없음,보행자,남,52세,경상
2013091100100558,2013년 9월 11일 22시,수요일,경상남도 창원시 진해구 청안동,중상사고,0,1,0,0,차대차 - 측면직각충돌,안전운전불이행,건조,맑음,교차로 - 교차로안,승용,남,40세,상해없음,원동기,남,17세,중상
2013091100100559,2013년 9월 11일 22시,수요일,경상남도 통영시 무전동,경상사고,0,0,2,0,차대차 - 추돌 - 주정차중,안전운전불이행,건조,맑음,교차로 - 교차로부근,승용,남,53세,상해없음,승용,남,53세,경상
2013091100100560,2013년 9월 11일 22시,수요일,경상남도 김해시 어방동,중상사고,0,1,0,0,차대차 - 측면직각충돌,차로위반,건조,맑음,단일로 - 기타,승용,남,53세,상해없음,이륜,남,52세,중상
2013091100100561,2013년 9월 11일 22시,수요일,경상남도 창원시 의창구 중동,경상사고,0,0,1,0,차대차 - 추돌 - 주정차중,안전운전불이행,건조,맑음,교차로 - 교차로안,승용,남,60세,상해없음,승용,남,28세,경상
2013091100100562,2013년 9월 11일 22시,수요일,경상남도 창원시 의창구 봉곡동,중상사고,0,1,0,0,차대차 - 기타,교차로운행방법위반,건조,맑음,교차로 - 교차로안,승용,남,55세,상해없음,자전거,남,33세,중상
2013091200100014,2013년 9월 12일 00시,목요일,경상남도 진주시 신안동,중상사고,0,2,1,0,차대차 - 추돌 - 주정차중,안전운전불이행,건조,맑음,단일로 - 기타,승용,남,36세,상해없음,승용,남,57세,경상
2013091200100015,2013년 9월 12일 00시,목요일,경상남도 하동군 하동읍,경상사고,0,0,2,0,차대차 - 측면직각충돌,기타,건조,맑음,교차로 - 교차로안,승용,남,26세,경상,승용,남,38세,경상
2013091200100016,2013년 9월 12일 00시,목요일,경상남도 창원시 마산회원구 내서읍,경상사고,0,0,2,0,차대차 - 기타,안전운전불이행,건조,맑음,단일로 - 기타,승용,남,28세,상해없음,승용,남,25세,경상
2013091200100043,2013년 9월 12일 03시,목요일,경상남도 김해시 외동,중상사고,0,1,0,0,차대사람 - 횡단중,안전운전불이행,건조,맑음,교차로 - 교차로안,기타불명,기타불명,기타불명,기타불명,보행자,여,72세,중상
2013091200100044,2013년 9월 12일 03시,목요일,경상남도 창원시 마산합포구 산호동,경상사고,0,0,2,0,차대차 - 기타,신호위반,건조,맑음,교차로 - 교차로안,승용,남,61세,상해없음,승용,남,30세,경상
2013091200100063,2013년 9월 12일 05시,목요일,경상남도 양산시 북정동,경상사고,0,0,1,0,차대차 - 기타,중앙선침범,건조,맑음,단일로 - 기타,승용,남,61세,상해없음,승용,남,65세,경상
2013091200100074,2013년 9월 12일 06시,목요일,경상남도 창원시 진해구 석동,중상사고,0,1,0,0,차대차 - 측면직각충돌,교차로운행방법위반,건조,맑음,교차로 - 교차로안,승용,남,42세,상해없음,원동기,남,78세,중상
2013091200100075,2013년 9월 12일 06시,목요일,경상남도 김해시 장유면,중상사고,0,2,2,0,차대차 - 기타,중앙선침범,건조,맑음,단일로 - 기타,승용,남,20세,상해없음,건설기계,남,34세,상해없음
2013091200100116,2013년 9월 12일 08시,목요일,경상남도 양산시 동면,중상사고,0,1,0,0,차대차 - 측면직각충돌,안전운전불이행,습기,흐림,단일로 - 기타,승용,남,44세,상해없음,승용,남,55세,중상
2013091200100133,2013년 9월 12일 08시,목요일,경상남도 진주시 봉곡동,중상사고,0,2,0,0,차대차 - 측면직각충돌,교차로운행방법위반,습기,비,교차로 - 교차로안,승용,남,40세,상해없음,승용,여,53세,중상
2013091200100134,2013년 9월 12일 08시,목요일,경상남도 사천시 용강동,중상사고,0,1,0,0,차대차 - 기타,교차로운행방법위반,건조,맑음,교차로 - 교차로부근,승용,남,44세,상해없음,자전거,남,10세,중상
2013091200100135,2013년 9월 12일 08시,목요일,경상남도 사천시 사남면,경상사고,0,0,2,0,차대차 - 추돌 - 주정차중,안전운전불이행,건조,맑음,교차로 - 교차로부근,승용,남,63세,상해없음,화물,남,51세,경상
2013091200100136,2013년 9월 12일 08시,목요일,경상남도 거제시 고현동,중상사고,0,1,0,0,차대차 - 측면직각충돌,안전운전불이행,건조,맑음,단일로 - 교량,화물,남,41세,기타불명,이륜,남,40세,중상
2013091200100163,2013년 9월 12일 09시,목요일,경상남도 창원시 성산구 중앙동,중상사고,0,1,0,0,차대차 - 측면직각충돌,신호위반,건조,맑음,교차로 - 교차로안,승용,남,59세,상해없음,승합,여,46세,중상
2013091200100194,2013년 9월 12일 10시,목요일,경상남도 창원시 마산회원구 합성동,중상사고,0,1,0,0,차대사람 - 길가장자리구역통행중,안전운전불이행,건조,맑음,단일로 - 기타,승용,남,18세,상해없음,보행자,남,64세,중상
2013091200100217,2013년 9월 12일 11시,목요일,경상남도 남해군 남해읍,중상사고,0,6,2,0,차대차 - 기타,중앙선침범,건조,맑음,기타 - 기타,승용,남,75세,경상,승용,남,38세,중상
2013091200100218,2013년 9월 12일 11시,목요일,경상남도 김해시 강동,중상사고,0,1,0,0,차대차 - 측면직각충돌,직진우회전진행방해,건조,맑음,교차로 - 교차로안,승용,남,52세,상해없음,화물,남,54세,중상
2013091200100242,2013년 9월 12일 12시,목요일,경상남도 산청군 신안면,중상사고,0,1,0,0,차대차 - 측면직각충돌,안전운전불이행,습기,흐림,교차로 - 교차로부근,승용,남,39세,상해없음,원동기,남,63세,중상
2013091200100262,2013년 9월 12일 13시,목요일,경상남도 창원시 진해구 충무동,부상신고사고,0,0,0,1,차대차 - 기타,안전운전불이행,건조,맑음,교차로 - 교차로안,기타불명,기타불명,기타불명,기타불명,원동기,남,38세,부상신고
2013091200100263,2013년 9월 12일 13시,목요일,경상남도 창원시 성산구 내동,경상사고,0,0,1,0,차대차 - 추돌 - 주정차중,안전운전불이행,건조,맑음,교차로 - 교차로부근,승합,여,35세,상해없음,승용,여,31세,경상
2013091200100281,2013년 9월 12일 14시,목요일,경상남도 진주시 중안동,중상사고,0,1,0,0,차대사람 - 기타,신호위반,건조,맑음,단일로 - 횡단보도상,이륜,남,41세,상해없음,보행자,여,26세,중상
2013091200100282,2013년 9월 12일 14시,목요일,경상남도 합천군 합천읍,중상사고,0,1,0,0,차대차 - 측면직각충돌,중앙선침범,건조,맑음,교차로 - 교차로부근,승용,여,45세,상해없음,승용,여,41세,중상
2013091200100343,2013년 9월 12일 16시,목요일,경상남도 창원시 진해구 이동,경상사고,0,0,1,0,차대차 - 추돌 - 주정차중,안전운전불이행,건조,맑음,교차로 - 교차로부근,건설기계,남,52세,상해없음,승용,여,56세,경상
2013091200100376,2013년 9월 12일 17시,목요일,경상남도 창원시 마산합포구 해운동,경상사고,0,0,1,0,차대사람 - 보도통행중,안전운전불이행,건조,맑음,단일로 - 기타,승용,남,38세,상해없음,보행자,남,19세,경상
2013091200100410,2013년 9월 12일 18시,목요일,경상남도 창원시 진해구 용원동,경상사고,0,0,4,0,차대차 - 측면직각충돌,교차로운행방법위반,건조,맑음,교차로 - 교차로안,승용,남,56세,상해없음,승합,남,38세,경상
2013091200100461,2013년 9월 12일 19시,목요일,경상남도 진주시 금곡면,경상사고,0,0,1,0,차대사람 - 길가장자리구역통행중,안전운전불이행,건조,맑음,교차로 - 교차로부근,화물,남,52세,상해없음,보행자,여,12세,경상
2013091200100462,2013년 9월 12일 19시,목요일,경상남도 통영시 북신동,경상사고,0,0,1,0,차대차 - 측면직각충돌,안전운전불이행,건조,맑음,단일로 - 기타,이륜,남,58세,경상,승용,여,28세,상해없음
2013091200100463,2013년 9월 12일 19시,목요일,경상남도 사천시 사남면,경상사고,0,0,2,0,차대차 - 측면직각충돌,교차로운행방법위반,건조,흐림,교차로 - 교차로안,승용,여,42세,상해없음,원동기,남,27세,경상
2013091200100464,2013년 9월 12일 19시,목요일,경상남도 양산시 평산동,중상사고,0,1,0,0,차대차 - 기타,신호위반,건조,맑음,교차로 - 교차로안,승용,여,29세,기타불명,승용,남,53세,중상
2013091200100465,2013년 9월 12일 19시,목요일,경상남도 창원시 마산합포구 산호동,경상사고,0,0,1,0,차대차 - 추돌 - 진행중,안전운전불이행,건조,맑음,단일로 - 기타,화물,남,57세,상해없음,이륜,남,55세,경상
2013091200100565,2013년 9월 12일 22시,목요일,경상남도 창원시 마산합포구 동성동,중상사고,0,2,2,0,차대차 - 측면직각충돌,안전운전불이행,건조,맑음,교차로 - 교차로안,승용,남,46세,상해없음,승용,여,58세,중상
2013091200100566,2013년 9월 12일 22시,목요일,경상남도 창원시 진해구 청안동,중상사고,0,2,0,0,차대차 - 추돌 - 주정차중,안전운전불이행,건조,맑음,교차로 - 교차로부근,승용,남,30세,상해없음,승용,남,37세,중상
2013091200100567,2013년 9월 12일 22시,목요일,경상남도 창원시 진해구 석동,중상사고,0,1,0,0,차대차 - 측면직각충돌,안전운전불이행,건조,맑음,교차로 - 교차로부근,원동기,남,72세,중상,승합,여,39세,상해없음
2013091200100568,2013년 9월 12일 22시,목요일,경상남도 함양군 함양읍,경상사고,0,0,1,0,차대차 - 측면직각충돌,안전운전불이행,건조,맑음,단일로 - 기타,자전거,남,10세,경상,승용,남,51세,상해없음
2013091200100569,2013년 9월 12일 22시,목요일,경상남도 거제시 연초면,중상사고,0,1,0,0,차대차 - 기타,안전운전불이행,건조,맑음,교차로 - 교차로안,승용,여,26세,상해없음,이륜,남,32세,중상
2013091200100570,2013년 9월 12일 22시,목요일,경상남도 거제시 아주동,중상사고,0,1,0,0,차대차 - 기타,안전운전불이행,건조,맑음,기타 - 기타,승용,남,42세,상해없음,승용,여,42세,중상
2013091200100571,2013년 9월 12일 22시,목요일,경상남도 남해군 남해읍,경상사고,0,0,1,0,차대사람 - 횡단중,안전운전불이행,건조,맑음,단일로 - 횡단보도부근,승용,남,22세,상해없음,보행자,남,21세,경상
2013091300100022,2013년 9월 13일 00시,금요일,경상남도 진주시 하대동,경상사고,0,0,1,0,차대차 - 기타,신호위반,건조,맑음,교차로 - 교차로안,승용,남,52세,상해없음,이륜,남,46세,경상
2013091300100064,2013년 9월 13일 02시,금요일,경상남도 김해시 장유면,중상사고,0,2,0,0,차대차 - 추돌 - 진행중,안전운전불이행,건조,맑음,단일로 - 기타,승용,남,40세,상해없음,승용,남,43세,중상
2013091300100092,2013년 9월 13일 04시,금요일,경상남도 진주시 상대동,경상사고,0,0,1,0,차대차 - 측면직각충돌,신호위반,건조,맑음,교차로 - 교차로안,승용,남,31세,상해없음,화물,남,48세,경상
2013091300100093,2013년 9월 13일 04시,금요일,경상남도 창원시 성산구 외동,중상사고,0,1,0,0,차대차 - 측면직각충돌,안전운전불이행,건조,맑음,단일로 - 기타,승용,남,52세,상해없음,승용,여,56세,중상
2013091300100111,2013년 9월 13일 06시,금요일,경상남도 김해시 장유면,중상사고,0,1,0,0,차대차 - 추돌 - 진행중,안전운전불이행,건조,맑음,교차로 - 교차로부근,승용,남,38세,상해없음,자전거,남,67세,중상
2013091300100132,2013년 9월 13일 07시,금요일,경상남도 거제시 아주동,중상사고,0,1,0,0,차대차 - 추돌 - 진행중,교차로운행방법위반,건조,맑음,교차로 - 교차로안,승용,여,33세,상해없음,승용,여,52세,중상
2013091300100157,2013년 9월 13일 08시,금요일,경상남도 진주시 지수면,경상사고,0,0,1,0,차대차 - 기타,중앙선침범,건조,맑음,단일로 - 기타,승용,여,31세,경상,승용,남,38세,상해없음
2013091300100158,2013년 9월 13일 08시,금요일,경상남도 사천시 사천읍,경상사고,0,0,2,0,차대차 - 추돌 - 주정차중,안전운전불이행,건조,맑음,단일로 - 기타,승용,남,45세,상해없음,승용,여,52세,경상
2013091300100159,2013년 9월 13일 08시,금요일,경상남도 하동군 적량면,중상사고,0,1,0,0,차대차 - 측면직각충돌,안전운전불이행,건조,맑음,단일로 - 기타,승용,여,40세,상해없음,이륜,남,31세,중상
2013091300100160,2013년 9월 13일 08시,금요일,경상남도 창원시 마산회원구 양덕동,중상사고,0,1,0,0,차대차 - 측면직각충돌,안전운전불이행,건조,맑음,단일로 - 기타,건설기계,남,34세,상해없음,승용,여,30세,중상
2013091300100191,2013년 9월 13일 09시,금요일,경상남도 사천시 송포동,경상사고,0,0,1,0,차대차 - 측면직각충돌,신호위반,건조,맑음,교차로 - 교차로안,화물,남,30세,상해없음,승용,남,40세,경상
2013091300100192,2013년 9월 13일 09시,금요일,경상남도 합천군 합천읍,중상사고,0,1,0,0,차대사람 - 기타,안전운전불이행,건조,맑음,단일로 - 기타,화물,남,69세,상해없음,보행자,남,69세,중상
2013091300100193,2013년 9월 13일 09시,금요일,경상남도 창원시 마산회원구 석전동,중상사고,0,1,0,0,차대사람 - 기타,안전운전불이행,건조,맑음,교차로 - 교차로안,화물,남,51세,상해없음,보행자,여,54세,중상
2013091300100217,2013년 9월 13일 10시,금요일,경상남도 창원시 진해구 경화동,중상사고,0,1,0,0,차대차 - 측면직각충돌,안전운전불이행,건조,맑음,교차로 - 교차로안,승용,여,35세,상해없음,자전거,여,57세,중상
2013091300100218,2013년 9월 13일 10시,금요일,경상남도 창원시 마산회원구 봉암동,경상사고,0,0,2,0,차대차 - 측면직각충돌,신호위반,건조,맑음,교차로 - 교차로안,화물,남,40세,상해없음,승용,남,54세,경상
2013091300100248,2013년 9월 13일 11시,금요일,경상남도 창원시 진해구 용원동,중상사고,0,1,0,0,차대차 - 측면직각충돌,직진우회전진행방해,건조,맑음,교차로 - 교차로안,화물,남,34세,상해없음,원동기,남,60세,중상
2013091300100249,2013년 9월 13일 11시,금요일,경상남도 거창군 거창읍,중상사고,0,1,0,0,차대사람 - 길가장자리구역통행중,기타,건조,맑음,단일로 - 기타,승합,남,46세,상해없음,보행자,여,80세,중상
2013091300100250,2013년 9월 13일 11시,금요일,경상남도 산청군 생초면,경상사고,0,0,1,0,차대차 - 측면직각충돌,중앙선침범,건조,맑음,교차로 - 교차로부근,농기계,남,73세,경상,화물,남,59세,상해없음
2013091300100285,2013년 9월 13일 12시,금요일,경상남도 창원시 마산합포구 자산동,중상사고,0,1,0,0,차대사람 - 길가장자리구역통행중,안전운전불이행,건조,맑음,단일로 - 기타,승용,여,60세,기타불명,보행자,여,76세,중상
2013091300100286,2013년 9월 13일 12시,금요일,경상남도 양산시 중부동,부상신고사고,0,0,0,1,차대사람 - 기타,기타,건조,맑음,기타 - 기타,승용,남,60세,상해없음,보행자,여,45세,부상신고
2013091300100315,2013년 9월 13일 13시,금요일,경상남도 양산시 상북면,경상사고,0,0,3,1,차대차 - 측면직각충돌,교차로운행방법위반,건조,맑음,교차로 - 교차로부근,승용,남,61세,경상,승용,여,61세,부상신고
2013091300100316,2013년 9월 13일 13시,금요일,경상남도 김해시 장유면,중상사고,0,1,0,0,차대차 - 기타,교차로운행방법위반,건조,맑음,교차로 - 교차로안,승용,여,24세,상해없음,이륜,남,22세,중상
2013091300100348,2013년 9월 13일 14시,금요일,경상남도 김해시 어방동,중상사고,0,1,0,0,차대차 - 측면직각충돌,신호위반,건조,맑음,교차로 - 교차로안,원동기,남,75세,중상,화물,남,51세,상해없음
2013091300100349,2013년 9월 13일 14시,금요일,경상남도 창원시 의창구 팔용동,경상사고,0,0,1,0,차대차 - 추돌 - 진행중,안전운전불이행,건조,맑음,단일로 - 기타,승용,남,56세,상해없음,승용,남,42세,경상
2013091300100376,2013년 9월 13일 15시,금요일,경상남도 창원시 진해구 자은동,경상사고,0,0,1,0,차대사람 - 차도통행중,안전운전불이행,건조,맑음,교차로 - 교차로부근,승용,남,30세,상해없음,보행자,남,13세,경상
2013091300100377,2013년 9월 13일 15시,금요일,경상남도 김해시 외동,경상사고,0,0,1,0,차대사람 - 기타,보행자보호의무위반,건조,맑음,교차로 - 교차로안,승합,남,55세,상해없음,보행자,남,10세,경상
2013091300100378,2013년 9월 13일 15시,금요일,경상남도 합천군 초계면,경상사고,0,0,1,0,차대차 - 측면직각충돌,중앙선침범,건조,맑음,단일로 - 기타,승용,남,52세,경상,승용,남,26세,상해없음
2013091300100379,2013년 9월 13일 15시,금요일,경상남도 창녕군 영산면,중상사고,0,1,0,0,차량단독 - 기타,안전운전불이행,건조,맑음,기타 - 기타,승용,남,66세,중상,,,,
2013091300100409,2013년 9월 13일 16시,금요일,경상남도 양산시 물금읍,경상사고,0,0,2,0,차대차 - 추돌 - 진행중,안전운전불이행,건조,맑음,단일로 - 기타,화물,남,52세,상해없음,승용,남,44세,경상
2013091300100454,2013년 9월 13일 17시,금요일,경상남도 창원시 마산합포구 오동동,중상사고,0,1,0,0,차대사람 - 기타,안전운전불이행,건조,맑음,교차로 - 교차로안,승용,남,47세,상해없음,보행자,여,56세,중상
2013091300100455,2013년 9월 13일 17시,금요일,경상남도 창원시 마산합포구 월포동,중상사고,0,1,0,0,차대사람 - 기타,안전운전불이행,건조,맑음,단일로 - 기타,승합,남,33세,상해없음,보행자,여,51세,중상
2013091300100456,2013년 9월 13일 17시,금요일,경상남도 통영시 무전동,중상사고,0,1,0,0,차대차 - 측면직각충돌,신호위반,건조,맑음,교차로 - 교차로안,승합,남,55세,상해없음,승용,여,33세,중상
2013091300100457,2013년 9월 13일 17시,금요일,경상남도 양산시 평산동,중상사고,0,1,0,0,차대사람 - 횡단중,기타,건조,맑음,기타 - 기타,승용,여,38세,상해없음,보행자,남,7세,중상
2013091300100458,2013년 9월 13일 17시,금요일,경상남도 양산시 중부동,부상신고사고,0,0,0,1,차대차 - 측면직각충돌,안전운전불이행,건조,맑음,단일로 - 기타,기타불명,기타불명,기타불명,기타불명,자전거,남,15세,부상신고
2013091300100459,2013년 9월 13일 17시,금요일,경상남도 창원시 마산회원구 합성동,중상사고,0,1,0,0,차대사람 - 횡단중,안전운전불이행,건조,맑음,교차로 - 교차로부근,승용,여,32세,상해없음,보행자,남,11세,중상
2013091300100488,2013년 9월 13일 18시,금요일,경상남도 양산시 명동,중상사고,0,1,0,0,차대사람 - 기타,안전운전불이행,건조,맑음,기타 - 기타,승용,남,78세,상해없음,보행자,여,76세,중상
2013091300100489,2013년 9월 13일 18시,금요일,경상남도 거제시 상동동,중상사고,0,1,1,0,차대차 - 정면충돌,중앙선침범,건조,맑음,단일로 - 기타,승용,여,48세,상해없음,화물,남,44세,중상
2013091300100490,2013년 9월 13일 18시,금요일,경상남도 거제시 고현동,부상신고사고,0,0,0,1,차대차 - 측면직각충돌,안전운전불이행,건조,맑음,단일로 - 기타,기타불명,기타불명,기타불명,기타불명,이륜,남,25세,부상신고
2013091300100491,2013년 9월 13일 18시,금요일,경상남도 창원시 마산회원구 합성동,경상사고,0,0,1,0,차대차 - 기타,안전운전불이행,건조,맑음,단일로 - 기타,승용,남,22세,상해없음,자전거,여,44세,경상
2013091300100544,2013년 9월 13일 19시,금요일,경상남도 통영시 정량동,경상사고,0,0,1,0,차대사람 - 횡단중,보행자보호의무위반,건조,맑음,단일로 - 횡단보도상,승용,여,45세,상해없음,보행자,여,65세,경상