사고번호,사고일시,요일,시군구,사고내용,사망자수,중상자수,경상자수,부상신고자수,사고유형,법규위반,노면상태,기상상태,도로형태,가해운전자 차종,가해운전자 성별,가해운전자 연령,가해운전자 상해정도,피해운전자 차종,피해운전자 성별,피해운전자 연령,피해운전자 상해정도
2013091300100545,2013년 9월 13일 19시,금요일,경상남도 거제시 상동동,경상사고,0,0,1,0,차대차 - 측면직각충돌,안전운전불이행,건조,맑음,교차로 - 교차로안,승용,남,35세,상해없음,승용,남,65세,경상
2013091300100546,2013년 9월 13일 19시,금요일,경상남도 창원시 성산구 상남동,중상사고,0,1,0,0,차대사람 - 보도통행중,신호위반,건조,맑음,단일로 - 횡단보도상,원동기,남,45세,상해없음,보행자,여,49세,중상
2013091300100547,2013년 9월 13일 19시,금요일,경상남도 김해시 장유면,경상사고,0,0,1,0,차대차 - 추돌 - 진행중,안전운전불이행,건조,맑음,단일로 - 기타,승용,남,47세,상해없음,승용,남,42세,상해없음
2013091300100582,2013년 9월 13일 20시,금요일,경상남도 창원시 마산합포구 신포동2가,경상사고,0,0,1,0,차량단독 - 기타,안전운전불이행,건조,맑음,단일로 - 기타,승용,남,56세,상해없음,,,,
2013091300100583,2013년 9월 13일 20시,금요일,경상남도 창원시 마산합포구 동성동,중상사고,0,1,0,0,차대차 - 기타,안전운전불이행,건조,맑음,단일로 - 기타,승용,남,43세,상해없음,이륜,남,49세,중상
2013091300100584,2013년 9월 13일 20시,금요일,경상남도 진주시 이현동,부상신고사고,0,0,0,1,차대사람 - 기타,안전운전불이행,건조,맑음,단일로 - 기타,기타불명,기타불명,기타불명,기타불명,보행자,남,18세,부상신고
2013091300100585,2013년 9월 13일 20시,금요일,경상남도 거제시 고현동,경상사고,0,0,1,0,차대차 - 측면직각충돌,신호위반,건조,맑음,교차로 - 교차로안,승용,남,58세,상해없음,이륜,남,19세,경상
2013091300100586,2013년 9월 13일 20시,금요일,경상남도 거제시 고현동,경상사고,0,0,1,0,차대차 - 측면직각충돌,중앙선침범,건조,맑음,단일로 - 기타,승용,남,40세,상해없음,이륜,남,38세,경상
2013091300100587,2013년 9월 13일 20시,금요일,경상남도 창원시 마산회원구 양덕동,경상사고,0,0,2,0,차대차 - 측면직각충돌,안전운전불이행,건조,맑음,단일로 - 기타,화물,남,27세,상해없음,승용,남,61세,상해없음
2013091300100588,2013년 9월 13일 20시,금요일,경상남도 김해시 장유면,중상사고,0,1,0,0,차대차 - 기타,신호위반,건조,맑음,교차로 - 교차로안,승용,여,43세,상해없음,승용,여,52세,중상
2013091300100629,2013년 9월 13일 21시,금요일,경상남도 사천시 향촌동,중상사고,0,1,0,0,차대사람 - 기타,안전운전불이행,건조,맑음,단일로 - 기타,승용,남,31세,상해없음,보행자,남,58세,중상
2013091300100630,2013년 9월 13일 21시,금요일,경상남도 김해시 지내동,경상사고,0,0,1,0,차대사람 - 기타,안전운전불이행,건조,맑음,교차로 - 교차로부근,승용,남,38세,상해없음,보행자,여,12세,경상
2013091300100631,2013년 9월 13일 21시,금요일,경상남도 김해시 생림면,경상사고,0,0,1,0,차대차 - 기타,교차로운행방법위반,건조,맑음,교차로 - 교차로부근,승용,남,26세,상해없음,승용,남,44세,경상
2013091300100668,2013년 9월 13일 22시,금요일,경상남도 사천시 죽림동,중상사고,0,2,0,0,차대차 - 측면직각충돌,기타,건조,맑음,교차로 - 교차로안,승용,여,47세,중상,승용,여,44세,중상
2013091300100699,2013년 9월 13일 23시,금요일,경상남도 진주시 신안동,중상사고,0,1,1,0,차대차 - 기타,안전운전불이행,건조,맑음,교차로 - 교차로부근,승용,남,40세,상해없음,승용,남,25세,경상
2013091400100026,2013년 9월 14일 00시,토요일,경상남도 창원시 성산구 상남동,경상사고,0,0,1,0,차대사람 - 차도통행중,중앙선침범,건조,맑음,단일로 - 기타,승용,남,28세,상해없음,보행자,남,31세,경상
2013091400100027,2013년 9월 14일 00시,토요일,경상남도 창원시 마산회원구 합성동,중상사고,0,2,0,0,차대사람 - 횡단중,안전운전불이행,건조,맑음,교차로 - 교차로부근,승용,남,64세,상해없음,보행자,남,33세,중상
2013091400100028,2013년 9월 14일 00시,토요일,경상남도 창원시 의창구 명서동,경상사고,0,0,1,0,차대차 - 기타,안전운전불이행,건조,맑음,교차로 - 교차로안,승용,남,59세,상해없음,승용,남,48세,경상
2013091400100136,2013년 9월 14일 05시,토요일,경상남도 창원시 마산회원구 합성동,경상사고,0,0,1,0,차대사람 - 횡단중,보행자보호의무위반,건조,맑음,교차로 - 교차로부근,승용,남,55세,상해없음,보행자,남,70세,경상
2013091400100153,2013년 9월 14일 06시,토요일,경상남도 김해시 어방동,중상사고,0,2,0,0,차대차 - 측면직각충돌,신호위반,건조,맑음,교차로 - 교차로안,승용,남,26세,상해없음,승용,남,51세,중상
2013091400100154,2013년 9월 14일 06시,토요일,경상남도 거창군 거창읍,중상사고,0,1,0,1,차대차 - 측면직각충돌,신호위반,습기,비,교차로 - 교차로안,승용,여,64세,부상신고,승용,남,35세,중상
2013091400100164,2013년 9월 14일 07시,토요일,경상남도 양산시 용당동,경상사고,0,0,1,0,차대차 - 측면직각충돌,중앙선침범,건조,맑음,기타 - 기타,승합,남,54세,상해없음,승용,남,52세,경상
2013091400100165,2013년 9월 14일 07시,토요일,경상남도 양산시 산막동,중상사고,0,1,0,0,차대차 - 측면직각충돌,교차로운행방법위반,건조,맑음,교차로 - 교차로안,승용,여,49세,상해없음,원동기,남,78세,중상
2013091400100185,2013년 9월 14일 08시,토요일,경상남도 김해시 어방동,경상사고,0,0,1,0,차대차 - 기타,차로위반,건조,맑음,단일로 - 기타,원동기,남,23세,경상,승용,남,47세,상해없음
2013091400100186,2013년 9월 14일 08시,토요일,경상남도 함안군 가야읍,경상사고,0,0,1,1,차대차 - 측면직각충돌,신호위반,건조,맑음,교차로 - 교차로안,화물,남,59세,경상,건설기계,남,46세,부상신고
2013091400100216,2013년 9월 14일 09시,토요일,경상남도 사천시 서동,중상사고,0,1,0,0,차대사람 - 기타,안전운전불이행,습기,비,단일로 - 기타,화물,남,71세,상해없음,보행자,남,58세,중상
2013091400100240,2013년 9월 14일 10시,토요일,경상남도 김해시 삼정동,중상사고,0,1,0,0,차대차 - 측면직각충돌,직진우회전진행방해,건조,맑음,교차로 - 교차로안,이륜,남,67세,중상,승용,남,56세,상해없음
2013091400100268,2013년 9월 14일 11시,토요일,경상남도 의령군 정곡면,부상신고사고,0,0,0,1,차대차 - 측면직각충돌,교차로운행방법위반,습기,비,교차로 - 교차로안,이륜,남,71세,부상신고,화물,남,49세,상해없음
2013091400100289,2013년 9월 14일 12시,토요일,경상남도 창원시 진해구 여좌동,중상사고,0,1,0,0,차대사람 - 횡단중,신호위반,습기,맑음,단일로 - 횡단보도상,승용,남,65세,상해없음,보행자,여,69세,중상
2013091400100290,2013년 9월 14일 12시,토요일,경상남도 남해군 삼동면,경상사고,0,0,1,0,차대차 - 추돌 - 진행중,안전운전불이행,건조,맑음,교차로 - 교차로부근,승용,남,35세,상해없음,승합,남,66세,경상
2013091400100291,2013년 9월 14일 12시,토요일,경상남도 함안군 대산면,사망사고,1,0,0,0,차대사람 - 기타,안전운전불이행,건조,맑음,단일로 - 기타,이륜,남,79세,사망,보행자,남,68세,상해없음
2013091400100292,2013년 9월 14일 12시,토요일,경상남도 김해시 전하동,경상사고,0,0,1,0,차대사람 - 보도통행중,안전운전불이행,습기,비,교차로 - 교차로부근,승용,남,56세,상해없음,보행자,여,8세,경상
2013091400100330,2013년 9월 14일 13시,토요일,경상남도 거창군 거창읍,중상사고,0,2,1,2,차대차 - 측면직각충돌,신호위반,건조,맑음,교차로 - 교차로안,승합,남,48세,상해없음,화물,남,70세,중상
2013091400100331,2013년 9월 14일 13시,토요일,경상남도 창원시 마산회원구 양덕동,경상사고,0,0,1,0,차대차 - 추돌 - 진행중,안전운전불이행,건조,맑음,교차로 - 교차로부근,승용,남,29세,상해없음,승용,남,72세,경상
2013091400100418,2013년 9월 14일 15시,토요일,경상남도 통영시 무전동,중상사고,0,1,2,0,차대차 - 측면직각충돌,교차로운행방법위반,건조,맑음,교차로 - 교차로안,승용,남,22세,상해없음,승용,남,24세,경상
2013091400100419,2013년 9월 14일 15시,토요일,경상남도 남해군 고현면,부상신고사고,0,0,0,1,차량단독 - 기타,안전운전불이행,습기,흐림,기타 - 기타,원동기,남,42세,부상신고,,,,
2013091400100420,2013년 9월 14일 15시,토요일,경상남도 창원시 마산회원구 양덕동,중상사고,0,1,0,0,차대차 - 측면직각충돌,안전운전불이행,건조,맑음,교차로 - 교차로안,이륜,남,81세,중상,승용,여,58세,상해없음
2013091400100421,2013년 9월 14일 15시,토요일,경상남도 김해시 진영읍,중상사고,0,2,0,0,차대사람 - 기타,안전운전불이행,건조,맑음,단일로 - 기타,화물,남,55세,상해없음,보행자,여,82세,중상
2013091400100450,2013년 9월 14일 16시,토요일,경상남도 진주시 장대동,경상사고,0,0,1,0,차대사람 - 횡단중,신호위반,건조,맑음,교차로 - 교차로안,화물,남,43세,상해없음,보행자,여,12세,경상
2013091400100492,2013년 9월 14일 17시,토요일,경상남도 통영시 용남면,경상사고,0,0,1,0,차대사람 - 횡단중,안전운전불이행,건조,맑음,단일로 - 기타,승합,남,48세,상해없음,보행자,남,4세,경상
2013091400100493,2013년 9월 14일 17시,토요일,경상남도 창원시 의창구 동읍,중상사고,0,1,1,0,차대차 - 추돌 - 진행중,안전거리미확보,건조,맑음,교차로 - 교차로안,승용,남,34세,상해없음,승용,남,37세,경상
2013091400100526,2013년 9월 14일 18시,토요일,경상남도 진주시 상대동,중상사고,0,1,0,0,차대차 - 기타,안전운전불이행,습기,비,단일로 - 기타,승용,여,49세,상해없음,이륜,남,18세,중상
2013091400100527,2013년 9월 14일 18시,토요일,경상남도 밀양시 상남면,경상사고,0,0,2,0,차대차 - 측면직각충돌,안전운전불이행,건조,맑음,단일로 - 기타,건설기계,남,32세,상해없음,승용,남,50세,경상
2013091400100528,2013년 9월 14일 18시,토요일,경상남도 김해시 삼정동,경상사고,0,0,1,0,차대차 - 추돌 - 진행중,안전거리미확보,건조,흐림,단일로 - 기타,자전거,남,52세,경상,승용,남,64세,상해없음
2013091400100569,2013년 9월 14일 19시,토요일,경상남도 거창군 거창읍,경상사고,0,0,2,0,차대차 - 측면직각충돌,안전운전불이행,건조,맑음,기타 - 기타,승용,여,51세,상해없음,승용,여,36세,경상
2013091400100570,2013년 9월 14일 19시,토요일,경상남도 거제시 고현동,경상사고,0,0,1,0,차대차 - 기타,신호위반,건조,맑음,교차로 - 교차로안,승용,남,22세,상해없음,승용,여,53세,경상
2013091400100571,2013년 9월 14일 19시,토요일,경상남도 거제시 옥포동,중상사고,0,1,0,0,차대차 - 기타,안전거리미확보,건조,맑음,교차로 - 교차로부근,승용,여,47세,상해없음,승용,여,25세,중상
2013091400100572,2013년 9월 14일 19시,토요일,경상남도 김해시 진영읍,사망사고,1,0,0,0,차대사람 - 횡단중,안전운전불이행,건조,맑음,교차로 - 교차로부근,승용,남,38세,상해없음,보행자,남,41세,사망
2013091400100605,2013년 9월 14일 20시,토요일,경상남도 김해시 한림면,경상사고,0,0,1,0,차대사람 - 기타,안전운전불이행,건조,맑음,단일로 - 기타,승용,남,32세,상해없음,보행자,남,46세,경상
2013091400100639,2013년 9월 14일 21시,토요일,경상남도 창녕군 창녕읍,중상사고,0,1,0,0,차대사람 - 기타,안전운전불이행,건조,맑음,단일로 - 기타,승용,남,34세,상해없음,보행자,남,31세,중상
2013091400100667,2013년 9월 14일 22시,토요일,경상남도 김해시 내동,경상사고,0,0,1,0,차대사람 - 기타,안전운전불이행,건조,맑음,단일로 - 기타,승용,남,51세,상해없음,보행자,남,6세,경상
2013091400100668,2013년 9월 14일 22시,토요일,경상남도 김해시 부원동,중상사고,0,1,0,0,차대차 - 측면직각충돌,직진우회전진행방해,건조,맑음,교차로 - 교차로안,승용,남,45세,상해없음,자전거,남,34세,중상
2013091400100669,2013년 9월 14일 22시,토요일,경상남도 거창군 거창읍,중상사고,0,1,0,1,차대차 - 측면직각충돌,안전운전불이행,건조,맑음,교차로 - 교차로안,승용,남,50세,상해없음,원동기,남,69세,부상신고
2013091400100670,2013년 9월 14일 22시,토요일,경상남도 거제시 옥포동,경상사고,0,0,1,0,차대차 - 기타,안전운전불이행,건조,맑음,단일로 - 기타,승용,남,20세,상해없음,승용,여,31세,경상
2013091400100671,2013년 9월 14일 22시,토요일,경상남도 김해시 장유면,경상사고,0,0,1,0,차대차 - 기타,신호위반,건조,맑음,교차로 - 교차로안,승용,남,54세,상해없음,승용,남,42세,경상
2013091400100701,2013년 9월 14일 23시,토요일,경상남도 진주시 하대동,경상사고,0,0,1,0,차대차 - 측면직각충돌,안전거리미확보,건조,맑음,교차로 - 교차로안,승용,남,49세,경상,승용,남,23세,상해없음
2013091400100702,2013년 9월 14일 23시,토요일,경상남도 창원시 의창구 용호동,중상사고,0,1,1,0,차대차 - 기타,안전운전불이행,건조,맑음,교차로 - 교차로부근,승용,남,33세,상해없음,승용,여,45세,중상
2013091500100014,2013년 9월 15일 00시,일요일,경상남도 거제시 고현동,사망사고,1,0,0,0,차대차 - 측면직각충돌,안전운전불이행,건조,맑음,교차로 - 교차로부근,승용,남,37세,상해없음,이륜,남,54세,사망
2013091500100083,2013년 9월 15일 05시,일요일,경상남도 진주시 문산읍,경상사고,0,0,1,0,차량단독 - 공작물충돌,안전운전불이행,건조,맑음,단일로 - 기타,승용,남,32세,경상,,,,
2013091500100084,2013년 9월 15일 05시,일요일,경상남도 합천군 삼가면,중상사고,0,1,0,0,차대차 - 정면충돌,중앙선침범,건조,맑음,단일로 - 기타,승용,남,73세,상해없음,승용,남,30세,중상
2013091500100116,2013년 9월 15일 07시,일요일,경상남도 양산시 물금읍,중상사고,0,1,0,0,차대차 - 측면직각충돌,직진우회전진행방해,건조,맑음,교차로 - 교차로안,승용,남,65세,상해없음,승용,남,35세,중상
2013091500100133,2013년 9월 15일 08시,일요일,경상남도 양산시 평산동,경상사고,0,0,1,0,차대차 - 측면직각충돌,직진우회전진행방해,건조,맑음,교차로 - 교차로안,승용,남,74세,상해없음,승합,남,52세,상해없음
2013091500100134,2013년 9월 15일 08시,일요일,경상남도 거제시 옥포동,중상사고,0,2,0,0,차대차 - 기타,중앙선침범,건조,맑음,단일로 - 기타,승용,남,30세,상해없음,승용,남,55세,중상
2013091500100171,2013년 9월 15일 10시,일요일,경상남도 진주시 내동면,중상사고,0,1,0,0,차대차 - 측면직각충돌,신호위반,건조,맑음,교차로 - 교차로안,이륜,남,72세,중상,승용,남,62세,상해없음
2013091500100172,2013년 9월 15일 10시,일요일,경상남도 창원시 성산구 상남동,중상사고,0,1,0,0,차대사람 - 횡단중,안전운전불이행,건조,맑음,단일로 - 횡단보도부근,승용,남,40세,상해없음,보행자,여,42세,중상
2013091500100173,2013년 9월 15일 10시,일요일,경상남도 김해시 진영읍,중상사고,0,1,0,0,차대차 - 측면직각충돌,교차로운행방법위반,건조,맑음,교차로 - 교차로안,이륜,남,73세,중상,승용,남,63세,상해없음
2013091500100191,2013년 9월 15일 11시,일요일,경상남도 창원시 의창구 도계동,중상사고,0,1,1,0,차대차 - 추돌 - 주정차중,안전운전불이행,건조,맑음,교차로 - 교차로부근,승용,여,55세,상해없음,승용,남,63세,중상
2013091500100214,2013년 9월 15일 12시,일요일,경상남도 창원시 진해구 풍호동,경상사고,0,0,1,0,차대차 - 측면직각충돌,교차로운행방법위반,건조,맑음,교차로 - 교차로안,승용,여,65세,기타불명,이륜,남,25세,경상
2013091500100215,2013년 9월 15일 12시,일요일,경상남도 창원시 성산구 상남동,중상사고,0,1,0,0,차대사람 - 기타,안전운전불이행,건조,맑음,단일로 - 기타,승합,남,46세,상해없음,보행자,여,59세,중상
2013091500100244,2013년 9월 15일 13시,일요일,경상남도 창원시 마산합포구 월영동,부상신고사고,0,0,0,1,차량단독 - 기타,안전운전불이행,건조,맑음,단일로 - 기타,승용,여,23세,상해없음,,,,
2013091500100245,2013년 9월 15일 13시,일요일,경상남도 사천시 벌리동,중상사고,0,1,1,7,차대차 - 측면직각충돌,안전운전불이행,건조,맑음,교차로 - 교차로안,승용,남,29세,상해없음,승용,남,38세,부상신고
2013091500100246,2013년 9월 15일 13시,일요일,경상남도 김해시 내동,경상사고,0,0,1,0,차대차 - 기타,안전거리미확보,건조,맑음,교차로 - 교차로부근,승용,남,42세,상해없음,이륜,남,27세,경상
2013091500100247,2013년 9월 15일 13시,일요일,경상남도 양산시 삼호동,경상사고,0,0,1,0,차대차 - 측면직각충돌,기타,건조,맑음,교차로 - 교차로안,원동기,남,35세,경상,승용,남,45세,상해없음
2013091500100271,2013년 9월 15일 14시,일요일,경상남도 김해시 구산동,경상사고,0,0,3,0,차대차 - 정면충돌,신호위반,건조,맑음,교차로 - 교차로부근,이륜,남,73세,상해없음,승용,남,33세,경상
2013091500100272,2013년 9월 15일 14시,일요일,경상남도 거창군 가조면,부상신고사고,0,0,0,1,차대차 - 측면직각충돌,교차로운행방법위반,건조,맑음,교차로 - 교차로안,원동기,여,83세,부상신고,화물,남,64세,상해없음
2013091500100313,2013년 9월 15일 15시,일요일,경상남도 창원시 진해구 여좌동,경상사고,0,0,1,0,차대차 - 측면직각충돌,교차로운행방법위반,건조,맑음,교차로 - 교차로안,승용,여,24세,상해없음,이륜,남,71세,경상
2013091500100334,2013년 9월 15일 16시,일요일,경상남도 김해시 주촌면,중상사고,0,1,2,0,차량단독 - 도로외이탈 - 기타,안전운전불이행,건조,맑음,단일로 - 기타,승용,남,70세,상해없음,,,,
2013091500100352,2013년 9월 15일 16시,일요일,경상남도 함양군 함양읍,경상사고,0,0,1,1,차대차 - 추돌 - 진행중,안전운전불이행,건조,맑음,단일로 - 기타,승용,남,67세,상해없음,승합,여,43세,경상
2013091500100353,2013년 9월 15일 16시,일요일,경상남도 창원시 의창구 용호동,경상사고,0,0,3,0,차대차 - 측면직각충돌,안전운전불이행,건조,맑음,단일로 - 기타,승용,남,29세,상해없음,승용,남,64세,경상
2013091500100388,2013년 9월 15일 17시,일요일,경상남도 양산시 하북면,경상사고,0,0,2,1,차대차 - 추돌 - 진행중,안전운전불이행,건조,맑음,단일로 - 기타,승용,여,69세,부상신고,승용,여,33세,경상
2013091500100459,2013년 9월 15일 19시,일요일,경상남도 진주시 수정동,중상사고,0,1,0,0,차대사람 - 횡단중,중앙선침범,건조,맑음,단일로 - 기타,승용,남,28세,상해없음,보행자,남,66세,중상
2013091500100460,2013년 9월 15일 19시,일요일,경상남도 김해시 외동,경상사고,0,0,1,0,차대차 - 측면직각충돌,안전운전불이행,건조,맑음,교차로 - 교차로안,승용,여,42세,상해없음,자전거,남,57세,경상
2013091500100461,2013년 9월 15일 19시,일요일,경상남도 함양군 안의면,중상사고,0,2,0,0,차대차 - 측면직각충돌,신호위반,건조,맑음,교차로 - 교차로안,승용,여,53세,상해없음,원동기,남,42세,중상
2013091500100462,2013년 9월 15일 19시,일요일,경상남도 창원시 성산구 반지동,중상사고,0,1,2,0,차대차 - 추돌 - 진행중,안전운전불이행,건조,맑음,단일로 - 기타,승용,남,50세,상해없음,승용,남,28세,상해없음
2013091500100489,2013년 9월 15일 20시,일요일,경상남도 진주시 하대동,중상사고,0,1,0,0,차대차 - 정면충돌,중앙선침범,건조,맑음,교차로 - 교차로부근,승용,남,26세,상해없음,이륜,남,33세,중상
2013091500100512,2013년 9월 15일 21시,일요일,경상남도 고성군 고성읍,경상사고,0,0,2,0,차대차 - 측면직각충돌,안전운전불이행,건조,맑음,기타 - 기타,승용,여,41세,상해없음,원동기,여,34세,경상
2013091500100513,2013년 9월 15일 21시,일요일,경상남도 함안군 가야읍,경상사고,0,0,1,0,차대차 - 정면충돌,중앙선침범,건조,맑음,단일로 - 기타,자전거,남,12세,경상,승용,여,25세,상해없음
2013091500100530,2013년 9월 15일 22시,일요일,경상남도 진주시 상대동,경상사고,0,0,1,0,차대차 - 측면직각충돌,교차로운행방법위반,건조,맑음,교차로 - 교차로안,승용,여,41세,상해없음,승용,여,31세,경상
2013091500100531,2013년 9월 15일 22시,일요일,경상남도 거제시 수월동,경상사고,0,0,1,0,차대차 - 추돌 - 진행중,안전운전불이행,건조,맑음,교차로 - 교차로안,승용,남,52세,상해없음,승용,남,57세,상해없음
2013091500100532,2013년 9월 15일 22시,일요일,경상남도 창원시 마산회원구 석전동,중상사고,0,1,1,0,차대차 - 추돌 - 주정차중,안전운전불이행,건조,맑음,단일로 - 기타,승용,남,57세,상해없음,승용,여,34세,경상
2013091500100533,2013년 9월 15일 22시,일요일,경상남도 창원시 마산회원구 합성동,경상사고,0,0,1,0,차대차 - 추돌 - 주정차중,안전운전불이행,건조,맑음,단일로 - 기타,승용,남,59세,상해없음,승용,남,39세,경상
2013091500100553,2013년 9월 15일 23시,일요일,경상남도 진주시 상대동,중상사고,0,1,0,0,차대차 - 정면충돌,중앙선침범,건조,맑음,단일로 - 기타,원동기,여,33세,중상,승용,남,63세,상해없음
2013091500100554,2013년 9월 15일 23시,일요일,경상남도 김해시 어방동,경상사고,0,0,1,0,차대차 - 측면직각충돌,안전운전불이행,건조,맑음,단일로 - 기타,이륜,남,52세,상해없음,자전거,여,44세,경상
2013091500100555,2013년 9월 15일 23시,일요일,경상남도 양산시 명동,중상사고,0,1,0,0,차대차 - 측면직각충돌,직진우회전진행방해,건조,맑음,교차로 - 교차로안,승용,남,65세,상해없음,승용,남,39세,상해없음
2013091500100556,2013년 9월 15일 23시,일요일,경상남도 창원시 의창구 명서동,경상사고,0,0,4,0,차대차 - 추돌 - 주정차중,안전운전불이행,건조,맑음,단일로 - 기타,화물,남,32세,상해없음,승합,남,45세,경상
2013091600100010,2013년 9월 16일 00시,월요일,경상남도 창원시 성산구 반지동,경상사고,0,0,2,0,차대차 - 측면직각충돌,신호위반,건조,맑음,교차로 - 교차로안,승용,여,64세,상해없음,승용,남,53세,경상
2013091600100023,2013년 9월 16일 01시,월요일,경상남도 창원시 마산회원구 석전동,경상사고,0,0,1,0,차량단독 - 기타,안전운전불이행,건조,맑음,단일로 - 기타,승용,남,59세,상해없음,,,,
2013091600100046,2013년 9월 16일 04시,월요일,경상남도 창원시 마산합포구 신포동2가,중상사고,0,1,0,0,차량단독 - 기타,안전운전불이행,건조,맑음,교차로 - 교차로부근,원동기,남,29세,중상,,,,
2013091600100076,2013년 9월 16일 06시,월요일,경상남도 양산시 남부동,중상사고,0,1,0,0,차대사람 - 횡단중,안전운전불이행,건조,맑음,단일로 - 기타,승용,남,41세,상해없음,보행자,여,74세,중상
2013091600100110,2013년 9월 16일 07시,월요일,경상남도 밀양시 초동면,중상사고,0,1,0,0,차대사람 - 기타,안전운전불이행,건조,맑음,교차로 - 교차로부근,화물,남,59세,상해없음,보행자,여,70세,중상
2013091600100111,2013년 9월 16일 07시,월요일,경상남도 창녕군 영산면,경상사고,0,0,1,0,차대차 - 기타,교차로운행방법위반,건조,맑음,교차로 - 교차로안,승용,남,20세,상해없음,승용,남,23세,경상
2013091600100112,2013년 9월 16일 07시,월요일,경상남도 의령군 지정면,중상사고,0,1,0,0,차대차 - 기타,중앙선침범,건조,맑음,단일로 - 기타,자전거,남,55세,중상,화물,남,34세,상해없음
2013091600100162,2013년 9월 16일 08시,월요일,경상남도 진주시 상대동,중상사고,0,1,0,0,차대차 - 측면직각충돌,직진우회전진행방해,건조,맑음,교차로 - 교차로안,화물,남,46세,상해없음,승용,여,55세,중상
2013091600100163,2013년 9월 16일 08시,월요일,경상남도 진주시 수정동,중상사고,0,1,0,0,차대차 - 측면직각충돌,직진우회전진행방해,건조,맑음,교차로 - 교차로안,화물,남,61세,상해없음,자전거,남,54세,중상
2013091600100164,2013년 9월 16일 08시,월요일,경상남도 김해시 삼계동,중상사고,0,2,2,0,차대차 - 추돌 - 진행중,안전거리미확보,건조,맑음,교차로 - 교차로부근,승용,남,35세,상해없음,승용,여,26세,중상
2013091600100165,2013년 9월 16일 08시,월요일,경상남도 양산시 북정동,중상사고,0,2,0,1,차대차 - 측면직각충돌,직진우회전진행방해,건조,맑음,교차로 - 교차로안,화물,남,66세,부상신고,승용,여,42세,중상
2013091600100198,2013년 9월 16일 09시,월요일,경상남도 진주시 상대동,중상사고,0,1,0,0,차대사람 - 횡단중,보행자보호의무위반,건조,맑음,교차로 - 교차로안,승용,여,35세,상해없음,보행자,여,79세,중상
2013091600100199,2013년 9월 16일 09시,월요일,경상남도 창원시 진해구 덕산동,중상사고,0,1,0,0,차대차 - 기타,안전운전불이행,건조,맑음,교차로 - 교차로안,승용,여,65세,상해없음,자전거,남,64세,중상
2013091600100200,2013년 9월 16일 09시,월요일,경상남도 고성군 회화면,경상사고,0,0,1,0,차대차 - 측면직각충돌,중앙선침범,건조,맑음,단일로 - 기타,화물,남,31세,상해없음,원동기,남,71세,경상
2013091600100201,2013년 9월 16일 09시,월요일,경상남도 하동군 하동읍,중상사고,0,1,0,0,차대차 - 추돌 - 진행중,안전운전불이행,건조,맑음,단일로 - 기타,승용,여,37세,상해없음,이륜,여,42세,중상
2013091600100202,2013년 9월 16일 09시,월요일,경상남도 산청군 신안면,중상사고,0,1,1,0,차대차 - 측면직각충돌,교차로운행방법위반,건조,맑음,교차로 - 교차로안,승용,여,54세,상해없음,승용,남,47세,중상
2013091600100246,2013년 9월 16일 10시,월요일,경상남도 진주시 평거동,경상사고,0,0,1,0,차대사람 - 보도통행중,기타,건조,맑음,단일로 - 기타,승용,여,43세,상해없음,보행자,여,34세,경상
2013091600100247,2013년 9월 16일 10시,월요일,경상남도 거창군 거창읍,중상사고,0,1,0,0,차대사람 - 횡단중,안전운전불이행,건조,맑음,교차로 - 교차로부근,승합,남,71세,상해없음,보행자,남,80세,중상
2013091600100284,2013년 9월 16일 11시,월요일,경상남도 거제시 장승포동,중상사고,0,1,0,0,차대사람 - 기타,안전운전불이행,건조,맑음,단일로 - 기타,승용,여,48세,상해없음,보행자,여,54세,중상
2013091600100285,2013년 9월 16일 11시,월요일,경상남도 거제시 장평동,경상사고,0,0,1,0,차대차 - 추돌 - 진행중,안전운전불이행,건조,맑음,단일로 - 기타,화물,남,43세,상해없음,승용,남,58세,경상
2013091600100312,2013년 9월 16일 12시,월요일,경상남도 밀양시 내이동,중상사고,0,1,0,0,차대차 - 측면직각충돌,교차로운행방법위반,건조,맑음,교차로 - 교차로안,화물,남,35세,상해없음,이륜,남,83세,중상
2013091600100347,2013년 9월 16일 13시,월요일,경상남도 밀양시 삼문동,중상사고,0,1,0,0,차대차 - 측면직각충돌,교차로운행방법위반,건조,맑음,교차로 - 교차로안,화물,남,42세,상해없음,자전거,남,81세,중상
2013091600100348,2013년 9월 16일 13시,월요일,경상남도 창녕군 영산면,중상사고,0,1,0,0,차대차 - 기타,교차로운행방법위반,건조,맑음,교차로 - 교차로안,승용,여,33세,상해없음,원동기,남,83세,중상
2013091600100349,2013년 9월 16일 13시,월요일,경상남도 거제시 고현동,중상사고,0,1,0,0,차대차 - 추돌 - 진행중,교차로운행방법위반,건조,맑음,교차로 - 교차로안,승용,여,40세,상해없음,원동기,여,53세,중상
2013091600100350,2013년 9월 16일 13시,월요일,경상남도 창원시 성산구 중앙동,경상사고,0,0,2,0,차대차 - 추돌 - 진행중,안전운전불이행,건조,맑음,교차로 - 교차로안,승용,여,23세,상해없음,승용,남,70세,경상
2013091600100351,2013년 9월 16일 13시,월요일,경상남도 창원시 성산구 대방동,중상사고,0,1,0,0,차대차 - 측면직각충돌,직진우회전진행방해,건조,맑음,교차로 - 교차로안,승용,여,31세,상해없음,승용,여,52세,중상