사고번호,사고일시,요일,시군구,사고내용,사망자수,중상자수,경상자수,부상신고자수,사고유형,법규위반,노면상태,기상상태,도로형태,가해운전자 차종,가해운전자 성별,가해운전자 연령,가해운전자 상해정도,피해운전자 차종,피해운전자 성별,피해운전자 연령,피해운전자 상해정도
2013091600100384,2013년 9월 16일 14시,월요일,경상남도 창원시 진해구 여좌동,경상사고,0,0,1,0,차대차 - 기타,안전운전불이행,건조,맑음,단일로 - 기타,승용,남,59세,상해없음,자전거,여,53세,경상
2013091600100385,2013년 9월 16일 14시,월요일,경상남도 거창군 거창읍,중상사고,0,1,0,0,차대차 - 측면직각충돌,교차로운행방법위반,건조,맑음,교차로 - 교차로안,승용,남,72세,상해없음,원동기,남,57세,중상
2013091600100427,2013년 9월 16일 15시,월요일,경상남도 거제시 옥포동,경상사고,0,0,1,0,차대사람 - 기타,신호위반,건조,맑음,교차로 - 교차로부근,승용,여,29세,상해없음,보행자,남,11세,경상
2013091600100428,2013년 9월 16일 15시,월요일,경상남도 함안군 가야읍,경상사고,0,0,1,0,차대차 - 기타,중앙선침범,건조,맑음,단일로 - 기타,자전거,남,61세,경상,화물,남,53세,상해없음
2013091600100429,2013년 9월 16일 15시,월요일,경상남도 창원시 마산회원구 합성동,중상사고,0,1,0,0,차대사람 - 횡단중,보행자보호의무위반,건조,맑음,단일로 - 횡단보도상,승합,남,50세,상해없음,보행자,남,79세,중상
2013091600100465,2013년 9월 16일 16시,월요일,경상남도 창원시 진해구 이동,중상사고,0,1,0,0,차대차 - 측면직각충돌,안전운전불이행,건조,맑음,교차로 - 교차로안,승용,여,51세,중상,화물,남,44세,상해없음
2013091600100507,2013년 9월 16일 17시,월요일,경상남도 밀양시 가곡동,경상사고,0,0,1,0,차대차 - 추돌 - 주정차중,안전운전불이행,건조,맑음,교차로 - 교차로부근,승용,여,64세,상해없음,승용,남,43세,경상
2013091600100508,2013년 9월 16일 17시,월요일,경상남도 김해시 대동면,중상사고,0,1,0,0,차대차 - 측면직각충돌,차로위반,건조,맑음,단일로 - 기타,특수,남,57세,상해없음,승용,남,30세,중상
2013091600100555,2013년 9월 16일 18시,월요일,경상남도 양산시 물금읍,중상사고,0,1,0,0,차대차 - 기타,안전운전불이행,건조,맑음,기타 - 기타,승용,남,43세,기타불명,승용,남,56세,중상
2013091600100556,2013년 9월 16일 18시,월요일,경상남도 거제시 사등면,중상사고,0,1,2,0,차대차 - 기타,안전운전불이행,건조,맑음,단일로 - 기타,화물,남,28세,상해없음,승용,남,40세,중상
2013091600100610,2013년 9월 16일 19시,월요일,경상남도 김해시 진영읍,경상사고,0,0,1,0,차대차 - 추돌 - 주정차중,안전운전불이행,건조,맑음,교차로 - 교차로부근,화물,남,50세,상해없음,승용,기타불명,기타불명,기타불명
2013091600100655,2013년 9월 16일 20시,월요일,경상남도 창원시 마산합포구 오동동,경상사고,0,0,1,0,차대차 - 추돌 - 진행중,안전운전불이행,건조,맑음,단일로 - 기타,승용,남,63세,상해없음,화물,남,56세,상해없음
2013091600100683,2013년 9월 16일 21시,월요일,경상남도 거제시 고현동,경상사고,0,0,1,0,차대차 - 추돌 - 진행중,안전운전불이행,건조,맑음,교차로 - 교차로안,승용,남,41세,상해없음,승용,여,29세,경상
2013091700100088,2013년 9월 17일 06시,화요일,경상남도 창원시 진해구 청안동,중상사고,0,1,0,0,차대차 - 기타,안전운전불이행,건조,맑음,교차로 - 교차로부근,승용,남,42세,상해없음,승용,여,35세,중상
2013091700100089,2013년 9월 17일 06시,화요일,경상남도 사천시 벌리동,경상사고,0,0,1,0,차대차 - 추돌 - 주정차중,안전거리미확보,건조,맑음,단일로 - 횡단보도부근,화물,남,68세,상해없음,승용,여,49세,경상
2013091700100090,2013년 9월 17일 06시,화요일,경상남도 창원시 성산구 중앙동,중상사고,0,1,0,0,차대차 - 측면직각충돌,신호위반,건조,맑음,단일로 - 횡단보도상,승용,남,59세,상해없음,자전거,남,34세,중상
2013091700100110,2013년 9월 17일 07시,화요일,경상남도 김해시 주촌면,경상사고,0,0,1,0,차대차 - 추돌 - 진행중,안전거리미확보,건조,맑음,단일로 - 기타,승용,남,30세,상해없음,승용,남,33세,경상
2013091700100149,2013년 9월 17일 08시,화요일,경상남도 창원시 진해구 경화동,중상사고,0,1,1,0,차대차 - 기타,안전운전불이행,건조,맑음,단일로 - 기타,승용,남,50세,상해없음,승용,여,26세,중상
2013091700100150,2013년 9월 17일 08시,화요일,경상남도 사천시 곤명면,중상사고,0,2,0,0,차대차 - 측면직각충돌,교차로운행방법위반,건조,맑음,교차로 - 교차로안,승용,남,37세,상해없음,원동기,남,79세,중상
2013091700100151,2013년 9월 17일 08시,화요일,경상남도 김해시 동상동,경상사고,0,0,1,0,차대차 - 측면직각충돌,신호위반,건조,맑음,단일로 - 기타,승용,여,30세,상해없음,승용,여,39세,경상
2013091700100152,2013년 9월 17일 08시,화요일,경상남도 양산시 중부동,경상사고,0,0,1,0,차대차 - 기타,안전운전불이행,건조,맑음,단일로 - 기타,승용,남,51세,상해없음,자전거,남,69세,경상
2013091700100153,2013년 9월 17일 08시,화요일,경상남도 양산시 상북면,중상사고,0,1,0,0,차대차 - 측면직각충돌,직진우회전진행방해,건조,맑음,교차로 - 교차로안,승용,여,47세,상해없음,승용,여,54세,중상
2013091700100154,2013년 9월 17일 08시,화요일,경상남도 양산시 동면,경상사고,0,0,1,2,차대차 - 기타,안전운전불이행,건조,맑음,교차로 - 교차로안,화물,남,45세,기타불명,승용,남,69세,부상신고
2013091700100155,2013년 9월 17일 08시,화요일,경상남도 의령군 의령읍,중상사고,0,1,0,0,차대차 - 추돌 - 주정차중,안전운전불이행,건조,맑음,교차로 - 교차로부근,승용,여,26세,상해없음,승용,여,42세,중상
2013091700100220,2013년 9월 17일 10시,화요일,경상남도 통영시 미수동,중상사고,0,1,0,0,차대사람 - 기타,신호위반,건조,맑음,교차로 - 교차로부근,승용,남,50세,상해없음,보행자,여,64세,중상
2013091700100221,2013년 9월 17일 10시,화요일,경상남도 밀양시 상남면,경상사고,0,0,1,0,차대차 - 기타,안전운전불이행,건조,맑음,단일로 - 기타,화물,남,65세,상해없음,화물,남,53세,경상
2013091700100222,2013년 9월 17일 10시,화요일,경상남도 김해시 외동,중상사고,0,1,0,0,차대사람 - 횡단중,안전운전불이행,건조,맑음,단일로 - 기타,승합,여,32세,상해없음,보행자,여,21세,중상
2013091700100223,2013년 9월 17일 10시,화요일,경상남도 양산시 어곡동,중상사고,0,1,0,1,차대차 - 측면직각충돌,안전운전불이행,건조,맑음,기타 - 기타,승용,남,39세,상해없음,화물,여,54세,중상
2013091700100260,2013년 9월 17일 11시,화요일,경상남도 김해시 동상동,중상사고,0,1,0,0,차대사람 - 기타,안전운전불이행,건조,맑음,단일로 - 기타,승용,여,41세,상해없음,보행자,남,34세,중상
2013091700100261,2013년 9월 17일 11시,화요일,경상남도 거제시 고현동,경상사고,0,0,1,0,차대사람 - 기타,안전운전불이행,건조,맑음,단일로 - 기타,이륜,남,28세,상해없음,보행자,여,38세,경상
2013091700100288,2013년 9월 17일 12시,화요일,경상남도 창원시 의창구 북면,경상사고,0,0,2,0,차대차 - 기타,중앙선침범,건조,맑음,단일로 - 기타,승용,여,48세,상해없음,승용,여,49세,경상
2013091700100315,2013년 9월 17일 13시,화요일,경상남도 창원시 마산합포구 장군동3가,경상사고,0,0,1,0,차대차 - 추돌 - 주정차중,안전운전불이행,건조,맑음,교차로 - 교차로안,승용,여,53세,상해없음,승용,여,66세,기타불명
2013091700100316,2013년 9월 17일 13시,화요일,경상남도 함양군 함양읍,경상사고,0,0,1,0,차대차 - 측면직각충돌,안전운전불이행,건조,맑음,단일로 - 기타,원동기,남,86세,경상,승합,남,46세,상해없음
2013091700100317,2013년 9월 17일 13시,화요일,경상남도 고성군 회화면,경상사고,0,0,1,0,차대사람 - 차도통행중,안전운전불이행,건조,맑음,단일로 - 기타,승용,여,25세,상해없음,보행자,여,76세,경상
2013091700100363,2013년 9월 17일 14시,화요일,경상남도 진주시 강남동,중상사고,0,1,0,0,차대사람 - 기타,안전운전불이행,건조,맑음,단일로 - 기타,승용,남,27세,상해없음,보행자,남,25세,중상
2013091700100404,2013년 9월 17일 15시,화요일,경상남도 거제시 아주동,중상사고,0,1,0,0,차대차 - 기타,안전운전불이행,건조,맑음,교차로 - 교차로안,승용,남,35세,상해없음,승용,남,33세,중상
2013091700100405,2013년 9월 17일 15시,화요일,경상남도 김해시 진영읍,경상사고,0,0,1,0,차량단독 - 기타,안전운전불이행,건조,맑음,교차로 - 교차로부근,자전거,남,48세,경상,,,,
2013091700100453,2013년 9월 17일 16시,화요일,경상남도 창원시 마산합포구 신포동1가,경상사고,0,0,3,0,차대차 - 측면직각충돌,안전운전불이행,건조,맑음,교차로 - 교차로안,승용,여,39세,상해없음,승용,여,57세,경상
2013091700100454,2013년 9월 17일 16시,화요일,경상남도 통영시 용남면,경상사고,0,0,3,0,차대차 - 추돌 - 진행중,안전거리미확보,건조,맑음,단일로 - 기타,승용,여,22세,상해없음,승용,여,44세,경상
2013091700100455,2013년 9월 17일 16시,화요일,경상남도 거창군 거창읍,경상사고,0,0,1,1,차대차 - 측면직각충돌,교차로운행방법위반,건조,맑음,교차로 - 교차로안,승용,여,52세,부상신고,승용,여,30세,경상
2013091700100456,2013년 9월 17일 16시,화요일,경상남도 함안군 칠원면,경상사고,0,0,7,0,차대차 - 추돌 - 진행중,안전거리미확보,건조,맑음,단일로 - 터널,승합,남,50세,상해없음,승합,남,53세,경상
2013091700100511,2013년 9월 17일 17시,화요일,경상남도 통영시 광도면,중상사고,0,1,0,0,차대차 - 측면직각충돌,안전운전불이행,건조,맑음,단일로 - 기타,화물,남,23세,중상,승합,남,62세,상해없음
2013091700100512,2013년 9월 17일 17시,화요일,경상남도 김해시 대동면,중상사고,0,1,0,0,차대차 - 측면직각충돌,중앙선침범,건조,맑음,단일로 - 기타,자전거,여,66세,중상,승용,남,45세,상해없음
2013091700100554,2013년 9월 17일 18시,화요일,경상남도 창원시 진해구 경화동,중상사고,0,2,0,0,차대차 - 기타,안전운전불이행,건조,맑음,교차로 - 교차로부근,승용,남,47세,기타불명,승용,남,33세,중상
2013091700100555,2013년 9월 17일 18시,화요일,경상남도 사천시 축동면,경상사고,0,0,2,0,차대차 - 측면직각충돌,신호위반,건조,맑음,교차로 - 교차로안,승합,남,62세,상해없음,승용,남,32세,경상
2013091700100556,2013년 9월 17일 18시,화요일,경상남도 거제시 연초면,부상신고사고,0,0,0,1,차대차 - 추돌 - 진행중,안전운전불이행,건조,맑음,단일로 - 기타,승용,남,53세,상해없음,이륜,남,29세,부상신고
2013091700100611,2013년 9월 17일 19시,화요일,경상남도 창원시 마산합포구 장군동3가,경상사고,0,0,1,0,차대차 - 추돌 - 주정차중,안전운전불이행,건조,맑음,교차로 - 교차로부근,승용,여,56세,상해없음,원동기,남,38세,경상
2013091700100612,2013년 9월 17일 19시,화요일,경상남도 진주시 명석면,중상사고,0,1,6,0,차대차 - 기타,안전운전불이행,건조,맑음,단일로 - 기타,승합,남,48세,상해없음,승용,남,51세,중상
2013091700100613,2013년 9월 17일 19시,화요일,경상남도 진주시 명석면,중상사고,0,2,1,0,차대차 - 기타,안전거리미확보,건조,맑음,단일로 - 기타,승합,남,57세,상해없음,승용,남,24세,경상
2013091700100614,2013년 9월 17일 19시,화요일,경상남도 김해시 지내동,중상사고,0,3,1,0,차대차 - 추돌 - 주정차중,안전운전불이행,건조,맑음,단일로 - 기타,승용,남,42세,상해없음,승용,남,57세,중상
2013091700100615,2013년 9월 17일 19시,화요일,경상남도 거창군 거창읍,경상사고,0,0,1,0,차대차 - 측면직각충돌,안전운전불이행,건조,맑음,교차로 - 교차로안,승용,남,32세,상해없음,자전거,남,16세,경상
2013091700100616,2013년 9월 17일 19시,화요일,경상남도 함양군 함양읍,중상사고,0,1,0,0,차대차 - 추돌 - 진행중,안전운전불이행,건조,맑음,교차로 - 교차로부근,승용,남,64세,상해없음,승용,남,75세,중상
2013091700100663,2013년 9월 17일 20시,화요일,경상남도 사천시 축동면,중상사고,0,1,0,0,차대차 - 기타,중앙선침범,건조,맑음,단일로 - 기타,승용,남,25세,상해없음,이륜,남,72세,중상
2013091700100664,2013년 9월 17일 20시,화요일,경상남도 함양군 안의면,사망사고,1,0,0,0,차대사람 - 횡단중,안전운전불이행,건조,맑음,교차로 - 교차로안,화물,여,44세,상해없음,보행자,여,75세,사망
2013091700100665,2013년 9월 17일 20시,화요일,경상남도 거제시 아주동,경상사고,0,0,1,0,차대차 - 추돌 - 진행중,안전운전불이행,건조,맑음,단일로 - 기타,승용,남,50세,상해없음,승용,남,34세,경상
2013091700100695,2013년 9월 17일 21시,화요일,경상남도 창원시 진해구 석동,경상사고,0,0,3,0,차대차 - 추돌 - 진행중,안전운전불이행,건조,맑음,교차로 - 교차로안,승용,남,49세,상해없음,승용,남,46세,경상
2013091700100696,2013년 9월 17일 21시,화요일,경상남도 밀양시 상남면,경상사고,0,0,2,0,차대차 - 기타,안전운전불이행,건조,맑음,교차로 - 교차로안,승용,여,39세,상해없음,승용,남,49세,경상
2013091700100697,2013년 9월 17일 21시,화요일,경상남도 김해시 삼정동,경상사고,0,0,1,0,차량단독 - 기타,기타,건조,맑음,단일로 - 기타,승용,남,49세,상해없음,,,,
2013091700100698,2013년 9월 17일 21시,화요일,경상남도 거제시 연초면,경상사고,0,0,2,0,차대차 - 추돌 - 진행중,안전운전불이행,건조,맑음,단일로 - 기타,원동기,기타불명,기타불명,기타불명,승용,남,41세,경상
2013091700100728,2013년 9월 17일 22시,화요일,경상남도 통영시 용남면,경상사고,0,0,1,0,차대차 - 측면직각충돌,안전운전불이행,건조,맑음,교차로 - 교차로부근,승용,남,53세,상해없음,자전거,여,33세,경상
2013091700100729,2013년 9월 17일 22시,화요일,경상남도 거창군 거창읍,경상사고,0,0,1,0,차대차 - 측면직각충돌,교차로운행방법위반,건조,맑음,교차로 - 교차로안,화물,남,55세,경상,승용,남,43세,상해없음
2013091700100730,2013년 9월 17일 22시,화요일,경상남도 김해시 장유면,경상사고,0,0,1,0,차대차 - 기타,교차로운행방법위반,건조,맑음,교차로 - 교차로안,승용,남,29세,상해없음,이륜,남,20세,경상
2013091800100059,2013년 9월 18일 02시,수요일,경상남도 김해시 내동,경상사고,0,0,1,0,차대사람 - 횡단중,안전운전불이행,건조,맑음,단일로 - 기타,승용,여,46세,상해없음,보행자,남,22세,경상
2013091800100073,2013년 9월 18일 03시,수요일,경상남도 창원시 마산회원구 합성동,중상사고,0,1,0,0,차대차 - 측면직각충돌,안전운전불이행,기타,기타,교차로 - 교차로안,승용,남,46세,상해없음,승용,남,54세,상해없음
2013091800100074,2013년 9월 18일 03시,수요일,경상남도 김해시 장유면,경상사고,0,0,1,0,차대차 - 추돌 - 진행중,안전운전불이행,건조,맑음,단일로 - 기타,승용,남,34세,상해없음,승용,여,61세,경상
2013091800100092,2013년 9월 18일 04시,수요일,경상남도 김해시 서상동,중상사고,0,2,0,0,차량단독 - 공작물충돌,안전운전불이행,건조,맑음,단일로 - 기타,원동기,남,16세,중상,,,,
2013091800100103,2013년 9월 18일 05시,수요일,경상남도 창원시 마산합포구 진동면,경상사고,0,0,1,0,차대차 - 측면직각충돌,교차로운행방법위반,건조,맑음,교차로 - 교차로안,승용,남,44세,상해없음,원동기,남,55세,경상
2013091800100104,2013년 9월 18일 05시,수요일,경상남도 창원시 마산회원구 석전동,중상사고,0,1,0,0,차대차 - 측면직각충돌,안전운전불이행,기타,기타,교차로 - 교차로안,이륜,남,74세,중상,승용,남,47세,상해없음
2013091800100110,2013년 9월 18일 06시,수요일,경상남도 김해시 주촌면,경상사고,0,0,1,0,차대차 - 측면직각충돌,안전운전불이행,건조,맑음,단일로 - 기타,승용,남,52세,상해없음,승용,남,50세,경상
2013091800100129,2013년 9월 18일 07시,수요일,경상남도 진주시 주약동,중상사고,0,4,0,0,차량단독 - 전도전복,안전운전불이행,건조,맑음,단일로 - 기타,승용,남,23세,중상,,,,
2013091800100147,2013년 9월 18일 08시,수요일,경상남도 김해시 진영읍,중상사고,0,1,0,0,차대차 - 기타,신호위반,건조,맑음,교차로 - 교차로부근,승합,여,40세,상해없음,화물,남,48세,중상
2013091800100171,2013년 9월 18일 09시,수요일,경상남도 사천시 향촌동,경상사고,0,0,1,0,차대차 - 기타,안전운전불이행,건조,맑음,단일로 - 기타,승용,남,52세,상해없음,승용,남,66세,경상
2013091800100194,2013년 9월 18일 10시,수요일,경상남도 밀양시 내이동,부상신고사고,0,0,0,2,차대차 - 추돌 - 주정차중,안전운전불이행,건조,맑음,교차로 - 교차로부근,화물,남,61세,상해없음,승용,여,55세,상해없음
2013091800100195,2013년 9월 18일 10시,수요일,경상남도 밀양시 삼랑진읍,부상신고사고,0,0,0,3,차대차 - 추돌 - 주정차중,안전거리미확보,건조,맑음,단일로 - 기타,승용,남,64세,상해없음,승용,남,66세,부상신고
2013091800100196,2013년 9월 18일 10시,수요일,경상남도 창원시 마산회원구 석전동,중상사고,0,1,2,0,차대차 - 정면충돌,신호위반,건조,맑음,교차로 - 교차로부근,승용,남,55세,상해없음,승용,남,63세,중상
2013091800100231,2013년 9월 18일 11시,수요일,경상남도 통영시 도천동,경상사고,0,0,2,0,차대차 - 정면충돌,중앙선침범,건조,맑음,단일로 - 기타,이륜,남,22세,경상,승용,남,40세,경상
2013091800100232,2013년 9월 18일 11시,수요일,경상남도 창원시 의창구 사림동,경상사고,0,0,1,0,차대차 - 기타,신호위반,건조,맑음,교차로 - 교차로안,승용,남,58세,상해없음,승용,남,35세,상해없음
2013091800100259,2013년 9월 18일 12시,수요일,경상남도 김해시 명법동,경상사고,0,0,3,0,차대차 - 추돌 - 진행중,안전거리미확보,건조,맑음,교차로 - 교차로부근,승용,남,48세,상해없음,승용,남,51세,상해없음
2013091800100312,2013년 9월 18일 14시,수요일,경상남도 진주시 진성면,중상사고,0,1,0,0,차대차 - 측면직각충돌,교차로운행방법위반,건조,맑음,교차로 - 교차로안,원동기,남,77세,중상,승용,남,23세,상해없음
2013091800100313,2013년 9월 18일 14시,수요일,경상남도 밀양시 산외면,경상사고,0,0,2,0,차대차 - 측면직각충돌,신호위반,건조,맑음,교차로 - 교차로안,승용,남,35세,상해없음,승용,남,48세,경상
2013091800100314,2013년 9월 18일 14시,수요일,경상남도 창원시 마산회원구 내서읍,중상사고,0,1,0,0,차대차 - 정면충돌,중앙선침범,건조,맑음,단일로 - 기타,승용,남,53세,상해없음,승용,남,33세,중상
2013091800100315,2013년 9월 18일 14시,수요일,경상남도 김해시 한림면,부상신고사고,0,0,0,1,차대차 - 측면직각충돌,직진우회전진행방해,건조,맑음,교차로 - 교차로안,승용,남,32세,상해없음,승용,남,30세,부상신고
2013091800100365,2013년 9월 18일 16시,수요일,경상남도 밀양시 내이동,부상신고사고,0,0,0,3,차대차 - 추돌 - 주정차중,안전거리미확보,건조,맑음,단일로 - 기타,승용,남,24세,상해없음,승용,여,39세,부상신고
2013091800100390,2013년 9월 18일 17시,수요일,경상남도 사천시 선구동,경상사고,0,0,1,0,차대사람 - 기타,기타,건조,맑음,단일로 - 기타,승용,남,32세,상해없음,보행자,남,74세,경상
2013091800100437,2013년 9월 18일 19시,수요일,경상남도 통영시 산양읍,경상사고,0,0,1,0,차량단독 - 공작물충돌,안전운전불이행,건조,맑음,단일로 - 기타,이륜,남,40세,경상,,,,
2013091800100461,2013년 9월 18일 20시,수요일,경상남도 창원시 마산합포구 서성동,중상사고,0,3,1,1,차대차 - 측면직각충돌,신호위반,건조,맑음,교차로 - 교차로안,승용,남,28세,부상신고,승용,여,45세,중상
2013091800100462,2013년 9월 18일 20시,수요일,경상남도 진주시 평거동,경상사고,0,0,1,0,차대차 - 측면직각충돌,안전거리미확보,건조,맑음,단일로 - 기타,승용,남,55세,상해없음,원동기,남,18세,경상
2013091800100479,2013년 9월 18일 21시,수요일,경상남도 통영시 중앙동,중상사고,0,1,0,0,차대사람 - 횡단중,안전운전불이행,건조,맑음,단일로 - 기타,승합,남,49세,상해없음,보행자,남,49세,중상
2013091800100495,2013년 9월 18일 22시,수요일,경상남도 창원시 마산회원구 석전동,중상사고,0,1,0,0,차대사람 - 길가장자리구역통행중,안전운전불이행,건조,맑음,단일로 - 기타,승합,남,43세,상해없음,보행자,남,23세,중상
2013091900100037,2013년 9월 19일 03시,목요일,경상남도 거창군 거창읍,경상사고,0,0,1,0,차대차 - 측면직각충돌,안전운전불이행,건조,맑음,단일로 - 기타,승용,남,39세,상해없음,승용,남,28세,경상
2013091900100043,2013년 9월 19일 05시,목요일,경상남도 창원시 마산합포구 서성동,경상사고,0,0,1,1,차대차 - 기타,신호위반,건조,맑음,교차로 - 교차로안,승용,남,68세,부상신고,승용,남,63세,경상
2013091900100044,2013년 9월 19일 05시,목요일,경상남도 함안군 칠원면,중상사고,0,2,8,0,차대차 - 추돌 - 진행중,안전거리미확보,건조,맑음,단일로 - 기타,승용,남,57세,경상,승용,남,53세,경상
2013091900100067,2013년 9월 19일 08시,목요일,경상남도 통영시 서호동,중상사고,0,1,0,0,차대차 - 측면직각충돌,안전운전불이행,건조,맑음,교차로 - 교차로안,승용,남,39세,상해없음,자전거,남,59세,중상
2013091900100068,2013년 9월 19일 08시,목요일,경상남도 양산시 물금읍,경상사고,0,0,1,0,차대차 - 기타,안전운전불이행,건조,맑음,교차로 - 교차로부근,승용,남,55세,상해없음,원동기,남,79세,경상
2013091900100109,2013년 9월 19일 11시,목요일,경상남도 김해시 동상동,중상사고,0,1,0,0,차대차 - 추돌 - 주정차중,안전운전불이행,건조,맑음,단일로 - 기타,승용,남,59세,상해없음,승용,남,53세,중상
2013091900100110,2013년 9월 19일 11시,목요일,경상남도 합천군 적중면,중상사고,0,1,0,0,차대사람 - 길가장자리구역통행중,안전운전불이행,건조,맑음,단일로 - 기타,승용,남,45세,상해없음,보행자,여,9세,중상
2013091900100140,2013년 9월 19일 12시,목요일,경상남도 사천시 실안동,중상사고,0,1,0,0,차대사람 - 차도통행중,안전운전불이행,건조,맑음,단일로 - 기타,승용,남,48세,상해없음,보행자,남,9세,중상
2013091900100141,2013년 9월 19일 12시,목요일,경상남도 밀양시 부북면,중상사고,0,1,1,0,차대차 - 측면직각충돌,신호위반,건조,맑음,교차로 - 교차로안,승용,남,49세,상해없음,승용,남,52세,상해없음
2013091900100142,2013년 9월 19일 12시,목요일,경상남도 창녕군 고암면,경상사고,0,0,1,0,차대사람 - 기타,안전운전불이행,건조,맑음,교차로 - 교차로안,승용,남,68세,상해없음,보행자,남,5세,경상
2013091900100143,2013년 9월 19일 12시,목요일,경상남도 의령군 대의면,중상사고,0,1,7,0,차대차 - 기타,중앙선침범,건조,맑음,단일로 - 기타,승용,남,72세,경상,승용,남,45세,상해없음
2013091900100173,2013년 9월 19일 13시,목요일,경상남도 함양군 함양읍,경상사고,0,0,1,0,차대차 - 측면직각충돌,안전운전불이행,건조,맑음,단일로 - 기타,승용,남,48세,상해없음,화물,남,44세,상해없음
2013091900100174,2013년 9월 19일 13시,목요일,경상남도 고성군 영오면,경상사고,0,0,3,0,차대차 - 측면직각충돌,직진우회전진행방해,건조,맑음,교차로 - 교차로안,승용,남,30세,상해없음,승용,남,32세,상해없음
2013091900100203,2013년 9월 19일 14시,목요일,경상남도 창원시 마산합포구 우산동,경상사고,0,0,3,0,차대차 - 추돌 - 주정차중,안전거리미확보,건조,맑음,단일로 - 교량,승용,남,33세,상해없음,승용,남,29세,상해없음
2013091900100204,2013년 9월 19일 14시,목요일,경상남도 창녕군 대지면,경상사고,0,0,1,0,차량단독 - 공작물충돌,안전운전불이행,건조,맑음,단일로 - 기타,승용,여,56세,상해없음,,,,
2013091900100205,2013년 9월 19일 14시,목요일,경상남도 창녕군 부곡면,중상사고,0,1,0,0,차대차 - 추돌 - 진행중,안전운전불이행,건조,맑음,단일로 - 기타,승용,남,26세,상해없음,승용,여,54세,중상
2013091900100206,2013년 9월 19일 14시,목요일,경상남도 양산시 물금읍,경상사고,0,0,1,1,차대차 - 기타,직진우회전진행방해,건조,맑음,교차로 - 교차로안,승용,남,58세,상해없음,승용,남,25세,부상신고
2013091900100235,2013년 9월 19일 15시,목요일,경상남도 합천군 봉산면,중상사고,0,1,0,0,차대사람 - 기타,안전운전불이행,건조,맑음,단일로 - 기타,승용,남,63세,상해없음,보행자,여,79세,중상
2013091900100289,2013년 9월 19일 17시,목요일,경상남도 김해시 삼정동,중상사고,0,1,0,0,차대사람 - 기타,안전운전불이행,건조,맑음,교차로 - 교차로안,승용,남,32세,상해없음,보행자,여,44세,중상
2013091900100290,2013년 9월 19일 17시,목요일,경상남도 산청군 금서면,중상사고,0,1,3,0,차대차 - 측면직각충돌,교차로운행방법위반,건조,맑음,교차로 - 교차로안,승용,남,22세,상해없음,승합,남,49세,상해없음
2013091900100291,2013년 9월 19일 17시,목요일,경상남도 김해시 한림면,중상사고,0,1,0,0,차량단독 - 전도전복,안전운전불이행,건조,맑음,단일로 - 기타,승용,남,51세,상해없음,,,,
2013091900100311,2013년 9월 19일 18시,목요일,경상남도 거제시 사등면,중상사고,0,2,0,0,차대차 - 기타,중앙선침범,건조,맑음,단일로 - 기타,승용,남,22세,상해없음,화물,남,67세,중상
2013091900100312,2013년 9월 19일 18시,목요일,경상남도 의령군 칠곡면,경상사고,0,0,1,0,차대차 - 기타,중앙선침범,건조,맑음,단일로 - 기타,농기계,남,79세,경상,승용,남,55세,상해없음
2013091900100330,2013년 9월 19일 19시,목요일,경상남도 창원시 진해구 덕산동,경상사고,0,0,1,0,차대차 - 측면직각충돌,안전운전불이행,건조,맑음,교차로 - 교차로안,승용,남,41세,상해없음,자전거,남,59세,경상
2013091900100331,2013년 9월 19일 19시,목요일,경상남도 남해군 창선면,경상사고,0,0,1,0,차대차 - 측면직각충돌,안전거리미확보,건조,맑음,단일로 - 기타,승용,여,52세,상해없음,승용,여,44세,상해없음
2013091900100361,2013년 9월 19일 20시,목요일,경상남도 창원시 마산합포구 서성동,경상사고,0,0,1,0,차대차 - 추돌 - 주정차중,안전운전불이행,건조,맑음,교차로 - 교차로부근,승용,남,64세,상해없음,승용,남,46세,경상
2013091900100362,2013년 9월 19일 20시,목요일,경상남도 사천시 벌리동,중상사고,0,1,0,4,차대차 - 측면직각충돌,안전운전불이행,건조,맑음,교차로 - 교차로안,승용,남,30세,상해없음,승용,여,40세,중상
2013091900100386,2013년 9월 19일 21시,목요일,경상남도 사천시 벌리동,경상사고,0,0,2,0,차대사람 - 횡단중,안전운전불이행,건조,맑음,단일로 - 기타,승용,여,21세,상해없음,보행자,여,38세,경상
2013091900100387,2013년 9월 19일 21시,목요일,경상남도 양산시 중부동,경상사고,0,0,3,0,차대차 - 기타,직진우회전진행방해,건조,맑음,교차로 - 교차로안,승용,남,29세,상해없음,승용,남,28세,상해없음
2013091900100388,2013년 9월 19일 21시,목요일,경상남도 양산시 하북면,경상사고,0,0,1,0,차량단독 - 공작물충돌,안전운전불이행,건조,맑음,단일로 - 기타,승용,남,61세,상해없음,,,,
2013092000100014,2013년 9월 20일 00시,금요일,경상남도 남해군 고현면,경상사고,0,0,1,0,차대차 - 추돌 - 주정차중,안전운전불이행,건조,맑음,단일로 - 기타,승용,남,44세,상해없음,승용,남,48세,경상
2013092000100032,2013년 9월 20일 02시,금요일,경상남도 창원시 마산합포구 산호동,경상사고,0,0,2,1,차대차 - 기타,신호위반,건조,맑음,교차로 - 교차로안,승용,남,21세,상해없음,승용,남,60세,부상신고
2013092000100076,2013년 9월 20일 07시,금요일,경상남도 사천시 동동,경상사고,0,0,1,0,차대사람 - 길가장자리구역통행중,안전운전불이행,건조,맑음,단일로 - 기타,승용,남,58세,기타불명,보행자,여,70세,경상