사고번호,사고일시,요일,시군구,사고내용,사망자수,중상자수,경상자수,부상신고자수,사고유형,법규위반,노면상태,기상상태,도로형태,가해운전자 차종,가해운전자 성별,가해운전자 연령,가해운전자 상해정도,피해운전자 차종,피해운전자 성별,피해운전자 연령,피해운전자 상해정도
2013092400100151,2013년 9월 24일 09시,화요일,경상남도 양산시 동면,중상사고,0,1,0,0,차대차 - 기타,안전운전불이행,건조,맑음,단일로 - 기타,승용,여,58세,상해없음,승용,여,32세,중상
2013092400100152,2013년 9월 24일 09시,화요일,경상남도 거제시 고현동,경상사고,0,0,1,0,차대사람 - 기타,교차로운행방법위반,건조,맑음,교차로 - 교차로안,승용,여,29세,상해없음,보행자,여,37세,경상
2013092400100153,2013년 9월 24일 09시,화요일,경상남도 창원시 성산구 불모산동,중상사고,0,1,1,0,차대차 - 추돌 - 진행중,안전거리미확보,건조,맑음,단일로 - 터널,승용,여,42세,중상,화물,남,54세,상해없음
2013092400100154,2013년 9월 24일 09시,화요일,경상남도 창원시 의창구 중동,중상사고,0,1,0,0,차대사람 - 길가장자리구역통행중,안전운전불이행,건조,맑음,기타 - 기타,화물,남,47세,상해없음,보행자,여,69세,중상
2013092400100186,2013년 9월 24일 10시,화요일,경상남도 통영시 서호동,중상사고,0,1,2,0,차대차 - 기타,신호위반,건조,맑음,교차로 - 교차로안,화물,남,63세,상해없음,승합,남,53세,상해없음
2013092400100215,2013년 9월 24일 11시,화요일,경상남도 함양군 안의면,경상사고,0,0,1,0,차대차 - 측면직각충돌,교차로운행방법위반,건조,맑음,교차로 - 교차로안,화물,남,57세,상해없음,화물,남,22세,경상
2013092400100216,2013년 9월 24일 11시,화요일,경상남도 거제시 사등면,중상사고,0,1,0,0,차대차 - 추돌 - 진행중,안전운전불이행,건조,맑음,단일로 - 기타,특수,남,40세,상해없음,화물,남,45세,중상
2013092400100217,2013년 9월 24일 11시,화요일,경상남도 창원시 의창구 봉곡동,중상사고,0,1,0,0,차대차 - 추돌 - 주정차중,안전거리미확보,건조,맑음,단일로 - 기타,승용,남,66세,상해없음,승용,남,46세,중상
2013092400100239,2013년 9월 24일 12시,화요일,경상남도 창원시 마산합포구 상남동,중상사고,0,1,0,0,차대차 - 측면직각충돌,신호위반,건조,맑음,교차로 - 교차로안,승용,남,58세,상해없음,원동기,남,69세,중상
2013092400100260,2013년 9월 24일 13시,화요일,경상남도 창원시 의창구 도계동,경상사고,0,0,1,0,차대차 - 기타,안전운전불이행,건조,맑음,교차로 - 교차로부근,기타불명,기타불명,기타불명,기타불명,자전거,여,68세,경상
2013092400100328,2013년 9월 24일 16시,화요일,경상남도 김해시 삼방동,사망사고,1,0,0,0,차대사람 - 기타,안전운전불이행,건조,맑음,단일로 - 기타,승용,여,54세,상해없음,보행자,남,70세,사망
2013092400100329,2013년 9월 24일 16시,화요일,경상남도 산청군 단성면,경상사고,0,0,1,0,차대차 - 추돌 - 진행중,안전운전불이행,건조,맑음,단일로 - 기타,승용,남,43세,상해없음,원동기,남,60세,경상
2013092400100330,2013년 9월 24일 16시,화요일,경상남도 함안군 칠북면,중상사고,0,2,0,0,차대차 - 기타,직진우회전진행방해,건조,맑음,교차로 - 교차로안,승용,남,68세,기타불명,승용,여,43세,중상
2013092400100331,2013년 9월 24일 16시,화요일,경상남도 김해시 진례면,경상사고,0,0,1,0,차대차 - 정면충돌,기타,건조,맑음,교차로 - 교차로안,이륜,남,58세,경상,승용,남,43세,상해없음
2013092400100362,2013년 9월 24일 17시,화요일,경상남도 창원시 마산합포구 교방동,경상사고,0,0,2,0,차대차 - 측면직각충돌,신호위반,건조,맑음,교차로 - 교차로안,승용,남,43세,상해없음,승용,여,32세,상해없음
2013092400100392,2013년 9월 24일 18시,화요일,경상남도 창녕군 성산면,중상사고,0,1,0,0,차대차 - 기타,안전거리미확보,건조,맑음,단일로 - 기타,화물,남,48세,상해없음,특수,남,53세,중상
2013092400100393,2013년 9월 24일 18시,화요일,경상남도 양산시 물금읍,경상사고,0,0,2,0,차대차 - 측면직각충돌,교차로운행방법위반,건조,맑음,교차로 - 교차로안,승합,남,57세,상해없음,승용,남,47세,경상
2013092400100434,2013년 9월 24일 19시,화요일,경상남도 창원시 마산합포구 교방동,경상사고,0,0,1,0,차대차 - 측면직각충돌,신호위반,건조,맑음,교차로 - 교차로안,승용,남,57세,상해없음,이륜,남,43세,경상
2013092400100435,2013년 9월 24일 19시,화요일,경상남도 통영시 항남동,경상사고,0,0,1,0,차대차 - 측면직각충돌,안전거리미확보,건조,맑음,단일로 - 기타,승용,여,55세,상해없음,승용,남,37세,상해없음
2013092400100436,2013년 9월 24일 19시,화요일,경상남도 창녕군 유어면,부상신고사고,0,0,0,1,차대차 - 기타,안전운전불이행,건조,맑음,단일로 - 기타,승용,남,64세,부상신고,농기계,남,27세,상해없음
2013092400100463,2013년 9월 24일 20시,화요일,경상남도 양산시 동면,중상사고,0,1,0,0,차대사람 - 횡단중,안전운전불이행,건조,맑음,교차로 - 교차로안,승용,남,33세,기타불명,보행자,남,13세,중상
2013092400100464,2013년 9월 24일 20시,화요일,경상남도 창원시 마산회원구 석전동,경상사고,0,0,3,0,차대차 - 추돌 - 진행중,안전운전불이행,건조,맑음,단일로 - 기타,승용,남,60세,상해없음,화물,남,47세,경상
2013092400100490,2013년 9월 24일 21시,화요일,경상남도 김해시 내동,중상사고,0,2,0,0,차대차 - 측면직각충돌,신호위반,건조,흐림,교차로 - 교차로안,승합,남,55세,상해없음,승용,남,44세,중상
2013092400100544,2013년 9월 24일 23시,화요일,경상남도 창원시 마산합포구 산호동,중상사고,0,1,0,1,차대사람 - 횡단중,안전운전불이행,건조,맑음,단일로 - 기타,승용,남,30세,상해없음,보행자,남,56세,중상
2013092500100013,2013년 9월 25일 00시,수요일,경상남도 진주시 평거동,경상사고,0,0,2,0,차대차 - 추돌 - 진행중,안전운전불이행,건조,맑음,교차로 - 교차로부근,화물,남,34세,상해없음,승용,남,28세,경상
2013092500100014,2013년 9월 25일 00시,수요일,경상남도 거제시 상동동,중상사고,0,1,0,2,차대차 - 추돌 - 진행중,안전운전불이행,건조,맑음,단일로 - 기타,승용,남,29세,상해없음,승용,남,63세,중상
2013092500100027,2013년 9월 25일 01시,수요일,경상남도 창원시 마산합포구 산호동,경상사고,0,0,1,0,차대차 - 추돌 - 진행중,안전운전불이행,건조,맑음,교차로 - 교차로안,승용,남,54세,상해없음,승용,남,59세,상해없음
2013092500100048,2013년 9월 25일 03시,수요일,경상남도 창원시 성산구 중앙동,중상사고,0,1,0,0,차대차 - 측면직각충돌,신호위반,건조,맑음,교차로 - 교차로안,승용,남,60세,상해없음,이륜,남,22세,중상
2013092500100061,2013년 9월 25일 05시,수요일,경상남도 양산시 하북면,중상사고,0,2,0,0,차대차 - 추돌 - 진행중,안전운전불이행,건조,맑음,단일로 - 기타,승용,여,34세,중상,승용,여,37세,상해없음
2013092500100065,2013년 9월 25일 05시,수요일,경상남도 진주시 계동,경상사고,0,0,1,0,차대사람 - 횡단중,안전운전불이행,건조,맑음,단일로 - 횡단보도상,승용,남,64세,상해없음,보행자,여,81세,경상
2013092500100066,2013년 9월 25일 05시,수요일,경상남도 창원시 의창구 봉곡동,경상사고,0,0,1,0,차대차 - 기타,교차로운행방법위반,건조,맑음,교차로 - 교차로안,화물,남,59세,상해없음,자전거,남,62세,경상
2013092500100077,2013년 9월 25일 06시,수요일,경상남도 창녕군 남지읍,중상사고,0,1,0,0,차대사람 - 기타,안전운전불이행,건조,맑음,단일로 - 기타,승용,여,52세,상해없음,보행자,남,68세,중상
2013092500100097,2013년 9월 25일 07시,수요일,경상남도 김해시 외동,경상사고,0,0,1,0,차대차 - 측면직각충돌,신호위반,건조,맑음,단일로 - 횡단보도상,기타불명,기타불명,기타불명,기타불명,자전거,남,16세,경상
2013092500100134,2013년 9월 25일 08시,수요일,경상남도 창원시 마산합포구 자산동,경상사고,0,0,2,0,차대차 - 추돌 - 주정차중,안전운전불이행,건조,맑음,단일로 - 기타,승용,남,51세,경상,승용,여,48세,경상
2013092500100135,2013년 9월 25일 08시,수요일,경상남도 진주시 칠암동,중상사고,0,1,0,0,차대사람 - 기타,안전운전불이행,건조,맑음,교차로 - 교차로안,승용,여,37세,상해없음,보행자,여,73세,중상
2013092500100136,2013년 9월 25일 08시,수요일,경상남도 밀양시 무안면,경상사고,0,0,1,0,차대차 - 추돌 - 주정차중,안전운전불이행,건조,흐림,교차로 - 교차로부근,화물,남,37세,상해없음,승용,남,32세,경상
2013092500100137,2013년 9월 25일 08시,수요일,경상남도 거창군 거창읍,중상사고,0,1,0,0,차대차 - 추돌 - 진행중,안전운전불이행,건조,맑음,단일로 - 기타,화물,남,52세,상해없음,승용,여,55세,중상
2013092500100138,2013년 9월 25일 08시,수요일,경상남도 창원시 성산구 사파동,경상사고,0,0,1,0,차대차 - 기타,안전운전불이행,건조,맑음,교차로 - 교차로안,승용,남,56세,상해없음,승용,남,37세,경상
2013092500100170,2013년 9월 25일 09시,수요일,경상남도 김해시 외동,경상사고,0,0,1,0,차대차 - 측면직각충돌,안전운전불이행,건조,맑음,기타 - 기타,승용,남,45세,상해없음,자전거,여,38세,경상
2013092500100171,2013년 9월 25일 09시,수요일,경상남도 김해시 대동면,중상사고,0,2,0,0,차대차 - 정면충돌,중앙선침범,습기,비,단일로 - 기타,화물,남,28세,상해없음,화물,남,53세,중상
2013092500100199,2013년 9월 25일 10시,수요일,경상남도 창원시 마산합포구 월영동,경상사고,0,0,3,0,차대차 - 정면충돌,중앙선침범,습기,비,교차로 - 교차로부근,화물,남,53세,상해없음,승용,남,78세,상해없음
2013092500100200,2013년 9월 25일 10시,수요일,경상남도 김해시 구산동,중상사고,0,1,0,0,차대차 - 측면직각충돌,신호위반,습기,흐림,교차로 - 교차로안,승용,남,69세,상해없음,승용,여,43세,중상
2013092500100201,2013년 9월 25일 10시,수요일,경상남도 고성군 고성읍,경상사고,0,0,2,0,차대차 - 추돌 - 주정차중,안전운전불이행,건조,흐림,단일로 - 기타,승용,여,43세,상해없음,승용,남,30세,경상
2013092500100202,2013년 9월 25일 10시,수요일,경상남도 창원시 성산구 성주동,경상사고,0,0,1,0,차대차 - 추돌 - 진행중,안전운전불이행,습기,비,단일로 - 기타,승용,남,61세,상해없음,승합,남,49세,경상
2013092500100225,2013년 9월 25일 11시,수요일,경상남도 김해시 삼방동,경상사고,0,0,1,0,차대차 - 정면충돌,중앙선침범,습기,비,단일로 - 기타,승용,남,32세,상해없음,승용,남,53세,경상
2013092500100249,2013년 9월 25일 12시,수요일,경상남도 창원시 마산합포구 중앙동1가,경상사고,0,0,1,0,차대차 - 측면직각충돌,안전운전불이행,건조,맑음,교차로 - 교차로안,승용,남,55세,상해없음,승용,남,52세,상해없음
2013092500100250,2013년 9월 25일 12시,수요일,경상남도 통영시 광도면,중상사고,0,1,0,0,차대사람 - 횡단중,신호위반,건조,맑음,단일로 - 횡단보도상,승용,남,54세,상해없음,보행자,여,56세,중상
2013092500100251,2013년 9월 25일 12시,수요일,경상남도 창녕군 창녕읍,중상사고,0,2,1,0,차대차 - 기타,안전운전불이행,건조,맑음,단일로 - 기타,승용,남,75세,경상,승용,남,39세,중상
2013092500100252,2013년 9월 25일 12시,수요일,경상남도 함양군 함양읍,경상사고,0,0,2,0,차대차 - 측면직각충돌,신호위반,건조,맑음,교차로 - 교차로안,승용,남,37세,상해없음,이륜,남,81세,경상
2013092500100253,2013년 9월 25일 12시,수요일,경상남도 남해군 남면,중상사고,0,1,0,0,차대사람 - 횡단중,안전운전불이행,건조,맑음,단일로 - 기타,화물,남,70세,상해없음,보행자,남,73세,중상
2013092500100254,2013년 9월 25일 12시,수요일,경상남도 창원시 성산구 대방동,경상사고,0,0,1,0,차대차 - 기타,신호위반,습기,흐림,교차로 - 교차로부근,승용,남,55세,상해없음,원동기,남,47세,경상
2013092500100281,2013년 9월 25일 13시,수요일,경상남도 창원시 진해구 용원동,경상사고,0,0,2,0,차대차 - 기타,신호위반,건조,맑음,교차로 - 교차로안,화물,남,45세,상해없음,화물,남,45세,경상
2013092500100282,2013년 9월 25일 13시,수요일,경상남도 함양군 함양읍,경상사고,0,0,1,0,차대사람 - 횡단중,교차로운행방법위반,건조,맑음,교차로 - 교차로안,승용,여,43세,상해없음,보행자,남,52세,경상
2013092500100283,2013년 9월 25일 13시,수요일,경상남도 양산시 동면,부상신고사고,0,0,0,1,차량단독 - 기타,안전운전불이행,건조,맑음,단일로 - 기타,이륜,남,30세,부상신고,,,,
2013092500100284,2013년 9월 25일 13시,수요일,경상남도 양산시 삼호동,중상사고,0,1,1,0,차대차 - 측면직각충돌,신호위반,건조,맑음,교차로 - 교차로안,승용,여,47세,상해없음,화물,남,44세,경상
2013092500100285,2013년 9월 25일 13시,수요일,경상남도 함안군 칠서면,경상사고,0,0,2,0,차대차 - 기타,직진우회전진행방해,건조,맑음,교차로 - 교차로안,승용,여,34세,경상,승용,여,27세,경상
2013092500100338,2013년 9월 25일 15시,수요일,경상남도 진주시 상대동,경상사고,0,0,1,0,차대사람 - 기타,안전운전불이행,건조,맑음,교차로 - 교차로안,승용,여,56세,상해없음,보행자,여,7세,경상
2013092500100339,2013년 9월 25일 15시,수요일,경상남도 창원시 의창구 대산면,경상사고,0,0,1,0,차대차 - 추돌 - 진행중,안전운전불이행,건조,맑음,단일로 - 기타,화물,남,45세,상해없음,원동기,남,71세,경상
2013092500100376,2013년 9월 25일 16시,수요일,경상남도 진주시 상평동,중상사고,0,1,0,0,차대차 - 측면직각충돌,신호위반,건조,맑음,교차로 - 교차로안,자전거,남,74세,중상,승용,여,27세,상해없음
2013092500100377,2013년 9월 25일 16시,수요일,경상남도 김해시 어방동,경상사고,0,0,1,0,차대차 - 측면직각충돌,신호위반,건조,맑음,교차로 - 교차로안,승용,여,35세,상해없음,승용,남,44세,경상
2013092500100417,2013년 9월 25일 17시,수요일,경상남도 진주시 칠암동,중상사고,0,1,0,0,차대차 - 측면직각충돌,중앙선침범,건조,맑음,단일로 - 기타,승용,남,23세,상해없음,이륜,남,26세,중상
2013092500100418,2013년 9월 25일 17시,수요일,경상남도 창원시 마산회원구 합성동,중상사고,0,1,0,0,차대사람 - 기타,안전운전불이행,건조,맑음,단일로 - 기타,승합,여,34세,상해없음,보행자,남,11세,중상
2013092500100419,2013년 9월 25일 17시,수요일,경상남도 김해시 진례면,중상사고,0,1,0,0,차대사람 - 기타,안전운전불이행,건조,맑음,단일로 - 기타,승용,남,48세,상해없음,보행자,여,80세,중상
2013092500100453,2013년 9월 25일 18시,수요일,경상남도 진주시 하대동,중상사고,0,2,0,0,차대차 - 추돌 - 진행중,안전거리미확보,건조,맑음,단일로 - 기타,승용,남,51세,상해없음,승용,여,49세,중상
2013092500100454,2013년 9월 25일 18시,수요일,경상남도 김해시 외동,중상사고,0,1,0,0,차대차 - 측면직각충돌,차로위반,건조,맑음,단일로 - 기타,승용,여,30세,상해없음,이륜,남,62세,중상
2013092500100455,2013년 9월 25일 18시,수요일,경상남도 거제시 수월동,경상사고,0,0,1,0,차대차 - 기타,안전운전불이행,건조,맑음,단일로 - 기타,화물,남,37세,상해없음,승합,남,43세,상해없음
2013092500100456,2013년 9월 25일 18시,수요일,경상남도 김해시 화목동,중상사고,0,1,0,0,차대차 - 추돌 - 진행중,안전운전불이행,건조,맑음,단일로 - 기타,승용,남,64세,상해없음,자전거,남,25세,중상
2013092500100457,2013년 9월 25일 18시,수요일,경상남도 김해시 주촌면,경상사고,0,0,1,0,차대차 - 추돌 - 주정차중,교차로운행방법위반,건조,맑음,교차로 - 교차로안,승용,남,51세,상해없음,승용,여,29세,경상
2013092500100503,2013년 9월 25일 19시,수요일,경상남도 남해군 서면,중상사고,0,1,0,0,차대차 - 기타,기타,건조,맑음,단일로 - 기타,원동기,남,57세,중상,승용,남,59세,상해없음
2013092500100570,2013년 9월 25일 21시,수요일,경상남도 진주시 가좌동,중상사고,0,1,0,0,차대사람 - 횡단중,안전운전불이행,건조,맑음,단일로 - 기타,승용,여,49세,상해없음,보행자,남,18세,중상
2013092500100571,2013년 9월 25일 21시,수요일,경상남도 창원시 진해구 경화동,경상사고,0,0,1,0,차대차 - 기타,안전운전불이행,건조,맑음,단일로 - 기타,승용,남,48세,기타불명,승용,남,27세,경상
2013092500100599,2013년 9월 25일 22시,수요일,경상남도 함안군 법수면,사망사고,1,0,0,0,차대차 - 기타,안전운전불이행,건조,맑음,단일로 - 기타,승용,남,45세,상해없음,자전거,남,59세,사망
2013092500100600,2013년 9월 25일 22시,수요일,경상남도 창원시 의창구 용호동,경상사고,0,0,1,0,차대사람 - 기타,안전운전불이행,건조,맑음,단일로 - 기타,승용,남,53세,상해없음,보행자,여,21세,경상
2013092600100017,2013년 9월 26일 00시,목요일,경상남도 남해군 고현면,중상사고,0,1,0,0,차량단독 - 공작물충돌,안전운전불이행,건조,맑음,단일로 - 기타,화물,남,38세,중상,,,,
2013092600100051,2013년 9월 26일 03시,목요일,경상남도 양산시 동면,경상사고,0,0,1,0,차대차 - 측면직각충돌,신호위반,건조,맑음,교차로 - 교차로안,승용,남,31세,상해없음,승용,남,39세,경상
2013092600100088,2013년 9월 26일 06시,목요일,경상남도 양산시 물금읍,경상사고,0,0,1,0,차대차 - 측면직각충돌,직진우회전진행방해,건조,맑음,교차로 - 교차로안,승용,남,37세,상해없음,원동기,남,42세,경상
2013092600100089,2013년 9월 26일 06시,목요일,경상남도 거제시 연초면,중상사고,0,1,0,0,차대차 - 기타,안전운전불이행,건조,맑음,단일로 - 기타,승용,남,51세,상해없음,승용,남,32세,중상
2013092600100116,2013년 9월 26일 07시,목요일,경상남도 진주시 금산면,중상사고,0,1,0,0,차대사람 - 횡단중,안전운전불이행,건조,맑음,교차로 - 교차로안,승용,여,55세,상해없음,보행자,여,64세,중상
2013092600100117,2013년 9월 26일 07시,목요일,경상남도 거제시 고현동,중상사고,0,2,0,0,차대차 - 기타,교차로운행방법위반,건조,맑음,교차로 - 교차로부근,승용,남,35세,상해없음,원동기,남,29세,중상
2013092600100118,2013년 9월 26일 07시,목요일,경상남도 산청군 단성면,경상사고,0,0,1,0,차대차 - 추돌 - 주정차중,안전운전불이행,건조,맑음,단일로 - 기타,화물,남,48세,경상,농기계,남,76세,기타불명
2013092600100159,2013년 9월 26일 08시,목요일,경상남도 밀양시 초동면,중상사고,0,1,0,0,차대차 - 추돌 - 진행중,안전운전불이행,건조,맑음,단일로 - 기타,승용,남,67세,상해없음,자전거,남,76세,중상
2013092600100160,2013년 9월 26일 08시,목요일,경상남도 함양군 함양읍,중상사고,0,2,0,0,차대사람 - 보도통행중,안전운전불이행,건조,맑음,교차로 - 교차로안,화물,남,37세,상해없음,보행자,남,83세,중상
2013092600100161,2013년 9월 26일 08시,목요일,경상남도 김해시 진례면,경상사고,0,0,1,0,차대차 - 측면직각충돌,교차로운행방법위반,건조,맑음,교차로 - 교차로안,승합,남,46세,상해없음,승용,여,41세,경상
2013092600100190,2013년 9월 26일 09시,목요일,경상남도 창원시 마산합포구 오동동,경상사고,0,0,1,0,차량단독 - 기타,안전운전불이행,건조,맑음,단일로 - 기타,승용,남,58세,상해없음,,,,
2013092600100191,2013년 9월 26일 09시,목요일,경상남도 양산시 물금읍,경상사고,0,0,1,0,차대차 - 측면직각충돌,중앙선침범,건조,맑음,단일로 - 기타,건설기계,남,53세,상해없음,승용,남,62세,경상
2013092600100224,2013년 9월 26일 10시,목요일,경상남도 합천군 합천읍,중상사고,0,1,0,0,차대사람 - 기타,안전운전불이행,건조,맑음,교차로 - 교차로부근,화물,남,47세,상해없음,보행자,여,82세,중상
2013092600100225,2013년 9월 26일 10시,목요일,경상남도 함안군 칠북면,경상사고,0,0,1,0,차대차 - 측면직각충돌,신호위반,건조,맑음,교차로 - 교차로안,승합,남,69세,상해없음,화물,여,59세,경상
2013092600100249,2013년 9월 26일 11시,목요일,경상남도 창녕군 대합면,중상사고,0,2,4,0,차대차 - 추돌 - 진행중,안전운전불이행,건조,맑음,단일로 - 기타,화물,남,32세,상해없음,화물,남,58세,중상
2013092600100266,2013년 9월 26일 12시,목요일,경상남도 사천시 사남면,중상사고,0,1,0,0,차대차 - 기타,신호위반,건조,맑음,교차로 - 교차로안,승용,남,53세,상해없음,승용,여,63세,중상
2013092600100267,2013년 9월 26일 12시,목요일,경상남도 창원시 의창구 팔용동,중상사고,0,1,0,0,차대차 - 측면직각충돌,안전운전불이행,건조,맑음,단일로 - 기타,승용,여,31세,상해없음,화물,남,46세,상해없음
2013092600100297,2013년 9월 26일 13시,목요일,경상남도 창원시 진해구 송학동,중상사고,0,1,0,0,차대사람 - 기타,기타,건조,맑음,단일로 - 기타,승용,남,23세,상해없음,보행자,여,59세,중상
2013092600100298,2013년 9월 26일 13시,목요일,경상남도 사천시 동금동,경상사고,0,0,2,0,차대차 - 기타,직진우회전진행방해,건조,맑음,교차로 - 교차로안,화물,남,64세,경상,승용,남,65세,경상
2013092600100319,2013년 9월 26일 14시,목요일,경상남도 사천시 봉남동,중상사고,0,1,0,0,차대사람 - 기타,기타,건조,맑음,단일로 - 기타,승용,여,35세,상해없음,보행자,남,8세,중상
2013092600100320,2013년 9월 26일 14시,목요일,경상남도 김해시 어방동,경상사고,0,0,1,0,차대사람 - 길가장자리구역통행중,안전운전불이행,건조,맑음,교차로 - 교차로안,승용,남,52세,상해없음,보행자,여,57세,경상
2013092600100321,2013년 9월 26일 14시,목요일,경상남도 양산시 삼호동,중상사고,0,1,0,0,차대사람 - 기타,중앙선침범,건조,맑음,교차로 - 교차로부근,이륜,남,60세,상해없음,보행자,여,46세,중상
2013092600100322,2013년 9월 26일 14시,목요일,경상남도 고성군 고성읍,중상사고,0,1,0,0,차대차 - 측면직각충돌,안전운전불이행,건조,맑음,단일로 - 횡단보도상,승용,남,64세,상해없음,자전거,남,59세,중상
2013092600100323,2013년 9월 26일 14시,목요일,경상남도 창원시 의창구 팔용동,경상사고,0,0,1,0,차량단독 - 기타,안전운전불이행,건조,맑음,단일로 - 기타,이륜,남,49세,경상,,,,
2013092600100364,2013년 9월 26일 15시,목요일,경상남도 진주시 금산면,부상신고사고,0,0,0,1,차량단독 - 기타,안전운전불이행,건조,맑음,단일로 - 기타,자전거,남,19세,부상신고,,,,
2013092600100365,2013년 9월 26일 15시,목요일,경상남도 창원시 진해구 태백동,중상사고,0,1,0,0,차량단독 - 공작물충돌,기타,건조,맑음,기타 - 기타,화물,남,55세,중상,,,,
2013092600100366,2013년 9월 26일 15시,목요일,경상남도 고성군 개천면,중상사고,0,1,0,0,차대차 - 측면직각충돌,교차로운행방법위반,건조,맑음,교차로 - 교차로안,승용,남,30세,상해없음,승용,남,43세,상해없음
2013092600100367,2013년 9월 26일 15시,목요일,경상남도 함안군 칠서면,사망사고,1,1,1,0,차대차 - 측면직각충돌,신호위반,건조,맑음,교차로 - 교차로안,화물,남,53세,경상,승용,남,54세,중상
2013092600100368,2013년 9월 26일 15시,목요일,경상남도 사천시 곤양면,경상사고,0,0,1,0,차대사람 - 횡단중,안전운전불이행,건조,맑음,기타 - 기타,승용,남,37세,상해없음,보행자,여,56세,경상
2013092600100396,2013년 9월 26일 16시,목요일,경상남도 하동군 화개면,경상사고,0,0,1,0,차대차 - 추돌 - 진행중,안전운전불이행,건조,맑음,단일로 - 기타,승용,여,62세,상해없음,자전거,남,22세,경상
2013092600100397,2013년 9월 26일 16시,목요일,경상남도 김해시 흥동,경상사고,0,0,1,0,차대차 - 기타,안전거리미확보,건조,맑음,단일로 - 기타,기타불명,기타불명,기타불명,기타불명,화물,남,45세,상해없음
2013092600100443,2013년 9월 26일 17시,목요일,경상남도 통영시 무전동,경상사고,0,0,1,0,차대차 - 측면직각충돌,교차로운행방법위반,건조,맑음,교차로 - 교차로안,승용,여,49세,상해없음,승용,남,45세,경상
2013092600100444,2013년 9월 26일 17시,목요일,경상남도 통영시 북신동,경상사고,0,0,1,0,차대차 - 정면충돌,중앙선침범,건조,맑음,단일로 - 기타,원동기,남,49세,경상,승용,남,32세,상해없음
2013092600100445,2013년 9월 26일 17시,목요일,경상남도 창녕군 대합면,중상사고,0,1,0,0,차대사람 - 기타,안전운전불이행,건조,맑음,단일로 - 기타,승용,남,48세,상해없음,보행자,여,38세,중상
2013092600100446,2013년 9월 26일 17시,목요일,경상남도 고성군 고성읍,중상사고,0,1,0,0,차대차 - 추돌 - 주정차중,안전운전불이행,건조,흐림,교차로 - 교차로부근,승용,남,33세,상해없음,승용,여,52세,중상
2013092600100447,2013년 9월 26일 17시,목요일,경상남도 함안군 칠원면,경상사고,0,0,1,0,차대차 - 기타,안전운전불이행,건조,맑음,단일로 - 기타,승합,남,54세,상해없음,승용,남,63세,상해없음
2013092600100489,2013년 9월 26일 18시,목요일,경상남도 창녕군 남지읍,경상사고,0,0,1,0,차대사람 - 기타,안전운전불이행,건조,맑음,단일로 - 기타,승용,여,31세,상해없음,보행자,남,9세,경상
2013092600100490,2013년 9월 26일 18시,목요일,경상남도 남해군 남해읍,중상사고,0,1,1,0,차대사람 - 보도통행중,보행자보호의무위반,건조,기타,단일로 - 횡단보도상,승용,남,66세,상해없음,보행자,여,43세,중상
2013092600100533,2013년 9월 26일 19시,목요일,경상남도 사천시 용현면,경상사고,0,0,1,0,차대차 - 기타,안전운전불이행,건조,맑음,교차로 - 교차로부근,승용,남,64세,경상,승합,남,52세,상해없음
2013092600100534,2013년 9월 26일 19시,목요일,경상남도 창녕군 장마면,중상사고,0,1,0,0,차대사람 - 기타,안전운전불이행,건조,맑음,단일로 - 기타,승용,남,59세,상해없음,보행자,남,80세,중상
2013092600100535,2013년 9월 26일 19시,목요일,경상남도 양산시 남부동,중상사고,0,1,1,0,차대차 - 추돌 - 진행중,안전거리미확보,건조,맑음,미분류 - 미분류,승용,남,38세,중상,승용,남,38세,기타불명
2013092600100570,2013년 9월 26일 20시,목요일,경상남도 통영시 북신동,중상사고,0,2,0,0,차대차 - 측면직각충돌,중앙선침범,건조,맑음,단일로 - 기타,승용,남,69세,상해없음,원동기,남,52세,중상
2013092600100571,2013년 9월 26일 20시,목요일,경상남도 함양군 수동면,중상사고,0,1,0,0,차량단독 - 기타,안전운전불이행,건조,맑음,단일로 - 기타,이륜,남,61세,중상,,,,
2013092600100595,2013년 9월 26일 21시,목요일,경상남도 김해시 봉황동,경상사고,0,0,1,0,차대사람 - 기타,안전운전불이행,건조,맑음,단일로 - 횡단보도상,기타불명,기타불명,기타불명,기타불명,보행자,여,22세,경상
2013092600100596,2013년 9월 26일 21시,목요일,경상남도 거제시 수월동,경상사고,0,0,2,0,차대차 - 기타,안전운전불이행,건조,맑음,단일로 - 기타,승용,남,36세,상해없음,승용,여,39세,경상
2013092600100597,2013년 9월 26일 21시,목요일,경상남도 거제시 아주동,중상사고,0,2,0,0,차대차 - 기타,안전운전불이행,건조,맑음,단일로 - 기타,승용,여,55세,상해없음,승용,남,57세,상해없음
2013092600100598,2013년 9월 26일 21시,목요일,경상남도 김해시 장유면,중상사고,0,1,0,0,차대차 - 측면직각충돌,직진우회전진행방해,건조,맑음,교차로 - 교차로안,승용,여,24세,상해없음,이륜,남,52세,중상
2013092600100626,2013년 9월 26일 22시,목요일,경상남도 창원시 성산구 남양동,경상사고,0,0,1,0,차대차 - 기타,안전운전불이행,건조,맑음,단일로 - 기타,승용,남,47세,상해없음,승용,남,29세,상해없음
2013092700100009,2013년 9월 27일 00시,금요일,경상남도 거제시 옥포동,경상사고,0,0,1,0,차대차 - 기타,안전운전불이행,건조,맑음,교차로 - 교차로부근,승용,남,20세,상해없음,승용,남,37세,경상