사고번호,사고일시,요일,시군구,사고내용,사망자수,중상자수,경상자수,부상신고자수,사고유형,법규위반,노면상태,기상상태,도로형태,가해운전자 차종,가해운전자 성별,가해운전자 연령,가해운전자 상해정도,피해운전자 차종,피해운전자 성별,피해운전자 연령,피해운전자 상해정도
2013092700100032,2013년 9월 27일 01시,금요일,경상남도 진주시 내동면,경상사고,0,0,5,0,차대차 - 측면직각충돌,직진우회전진행방해,건조,맑음,교차로 - 교차로안,승용,남,59세,상해없음,승용,남,48세,경상
2013092700100078,2013년 9월 27일 06시,금요일,경상남도 창녕군 대합면,중상사고,0,1,0,0,차대차 - 기타,안전운전불이행,건조,맑음,단일로 - 기타,이륜,여,63세,중상,승합,여,45세,상해없음
2013092700100079,2013년 9월 27일 06시,금요일,경상남도 산청군 단성면,경상사고,0,0,1,0,차대차 - 측면직각충돌,교차로운행방법위반,건조,맑음,교차로 - 교차로안,승합,남,74세,상해없음,승용,여,48세,경상
2013092700100111,2013년 9월 27일 07시,금요일,경상남도 창녕군 남지읍,중상사고,0,1,0,0,차대차 - 기타,중앙선침범,건조,맑음,단일로 - 기타,화물,남,64세,상해없음,승용,남,55세,중상
2013092700100112,2013년 9월 27일 07시,금요일,경상남도 함양군 병곡면,중상사고,0,1,0,0,차대차 - 정면충돌,중앙선침범,건조,맑음,단일로 - 기타,승용,남,74세,상해없음,승용,여,66세,중상
2013092700100113,2013년 9월 27일 07시,금요일,경상남도 산청군 신안면,부상신고사고,0,0,0,1,차대사람 - 횡단중,보행자보호의무위반,건조,맑음,교차로 - 교차로부근,화물,남,30세,상해없음,보행자,여,16세,부상신고
2013092700100114,2013년 9월 27일 07시,금요일,경상남도 창원시 성산구 성산동,중상사고,0,1,0,0,차대차 - 측면직각충돌,중앙선침범,건조,맑음,교차로 - 교차로부근,원동기,남,30세,상해없음,이륜,남,35세,중상
2013092700100115,2013년 9월 27일 07시,금요일,경상남도 창원시 마산회원구 양덕동,중상사고,0,1,0,0,차대차 - 기타,신호위반,건조,맑음,교차로 - 교차로안,승용,남,69세,상해없음,승용,남,40세,중상
2013092700100156,2013년 9월 27일 08시,금요일,경상남도 김해시 부원동,중상사고,0,1,0,0,차대사람 - 길가장자리구역통행중,안전운전불이행,건조,맑음,교차로 - 교차로안,승용,남,52세,상해없음,보행자,남,73세,중상
2013092700100191,2013년 9월 27일 09시,금요일,경상남도 함안군 칠원면,경상사고,0,0,1,0,차대차 - 추돌 - 주정차중,안전운전불이행,건조,맑음,단일로 - 기타,승용,남,43세,상해없음,화물,남,60세,경상
2013092700100192,2013년 9월 27일 09시,금요일,경상남도 창원시 마산회원구 양덕동,중상사고,0,1,0,0,차대차 - 기타,안전운전불이행,건조,맑음,단일로 - 기타,승용,여,44세,상해없음,자전거,남,71세,중상
2013092700100193,2013년 9월 27일 09시,금요일,경상남도 김해시 한림면,중상사고,0,1,1,0,차대차 - 추돌 - 주정차중,안전운전불이행,건조,맑음,단일로 - 기타,화물,남,52세,상해없음,화물,남,59세,경상
2013092700100217,2013년 9월 27일 10시,금요일,경상남도 합천군 삼가면,중상사고,0,1,0,0,차대사람 - 길가장자리구역통행중,중앙선침범,건조,맑음,단일로 - 기타,이륜,남,75세,상해없음,보행자,여,52세,중상
2013092700100271,2013년 9월 27일 12시,금요일,경상남도 사천시 향촌동,경상사고,0,0,3,0,차대사람 - 기타,중앙선침범,습기,맑음,단일로 - 기타,승용,여,56세,상해없음,보행자,여,72세,경상
2013092700100272,2013년 9월 27일 12시,금요일,경상남도 함양군 백전면,중상사고,0,1,0,0,차대차 - 정면충돌,중앙선침범,건조,맑음,단일로 - 기타,승용,남,57세,상해없음,원동기,남,38세,중상
2013092700100304,2013년 9월 27일 13시,금요일,경상남도 창원시 진해구 성내동,경상사고,0,0,2,0,차대차 - 측면직각충돌,안전운전불이행,건조,맑음,단일로 - 기타,특수,남,36세,경상,특수,남,52세,경상
2013092700100305,2013년 9월 27일 13시,금요일,경상남도 사천시 동금동,경상사고,0,0,1,0,차대차 - 측면직각충돌,신호위반,건조,맑음,교차로 - 교차로안,승용,여,51세,기타불명,승용,여,47세,경상
2013092700100331,2013년 9월 27일 14시,금요일,경상남도 양산시 물금읍,경상사고,0,0,3,0,차대차 - 기타,직진우회전진행방해,건조,맑음,교차로 - 교차로안,화물,남,58세,상해없음,화물,남,75세,경상
2013092700100375,2013년 9월 27일 15시,금요일,경상남도 진주시 장대동,중상사고,0,1,0,0,차대차 - 기타,안전운전불이행,건조,맑음,교차로 - 교차로부근,승용,남,56세,상해없음,자전거,남,84세,중상
2013092700100376,2013년 9월 27일 15시,금요일,경상남도 창원시 진해구 이동,중상사고,0,1,0,0,차대사람 - 횡단중,보행자보호의무위반,건조,맑음,단일로 - 횡단보도상,승용,남,35세,상해없음,보행자,남,8세,중상
2013092700100377,2013년 9월 27일 15시,금요일,경상남도 사천시 축동면,중상사고,0,1,0,0,차대차 - 측면직각충돌,안전운전불이행,건조,맑음,단일로 - 기타,농기계,남,79세,중상,기타불명,기타불명,기타불명,기타불명
2013092700100410,2013년 9월 27일 16시,금요일,경상남도 진주시 봉곡동,중상사고,0,1,0,0,차대사람 - 횡단중,보행자보호의무위반,건조,맑음,단일로 - 기타,승용,남,83세,상해없음,보행자,남,10세,중상
2013092700100447,2013년 9월 27일 17시,금요일,경상남도 진주시 칠암동,중상사고,0,1,0,0,차대사람 - 기타,안전운전불이행,건조,맑음,단일로 - 기타,승합,남,53세,상해없음,보행자,남,89세,중상
2013092700100448,2013년 9월 27일 17시,금요일,경상남도 창원시 진해구 경화동,경상사고,0,0,1,0,차대차 - 추돌 - 주정차중,안전운전불이행,건조,맑음,단일로 - 기타,승용,남,37세,상해없음,승용,여,32세,경상
2013092700100449,2013년 9월 27일 17시,금요일,경상남도 양산시 물금읍,경상사고,0,0,1,0,차대차 - 기타,안전운전불이행,건조,맑음,교차로 - 교차로안,승용,남,31세,상해없음,원동기,남,59세,경상
2013092700100510,2013년 9월 27일 18시,금요일,경상남도 창원시 마산합포구 신포동1가,경상사고,0,0,1,0,차대차 - 기타,안전운전불이행,건조,맑음,교차로 - 교차로안,승용,여,38세,상해없음,이륜,남,23세,경상
2013092700100511,2013년 9월 27일 18시,금요일,경상남도 창원시 진해구 용원동,부상신고사고,0,0,0,1,차대차 - 측면직각충돌,중앙선침범,건조,맑음,단일로 - 기타,원동기,남,16세,부상신고,승용,남,45세,상해없음
2013092700100512,2013년 9월 27일 18시,금요일,경상남도 창원시 진해구 석동,중상사고,0,1,0,0,차대사람 - 횡단중,보행자보호의무위반,건조,맑음,단일로 - 횡단보도상,승용,여,31세,상해없음,보행자,남,7세,중상
2013092700100513,2013년 9월 27일 18시,금요일,경상남도 김해시 어방동,중상사고,0,1,0,0,차대사람 - 횡단중,보행자보호의무위반,건조,맑음,단일로 - 횡단보도상,이륜,남,20세,상해없음,보행자,여,71세,중상
2013092700100514,2013년 9월 27일 18시,금요일,경상남도 거창군 거창읍,경상사고,0,0,1,0,차대차 - 추돌 - 주정차중,안전운전불이행,건조,맑음,단일로 - 기타,승용,남,51세,상해없음,승용,여,40세,경상
2013092700100515,2013년 9월 27일 18시,금요일,경상남도 거제시 고현동,경상사고,0,0,1,0,차대사람 - 기타,안전운전불이행,건조,맑음,교차로 - 교차로안,승용,남,72세,상해없음,보행자,여,3세,경상
2013092700100552,2013년 9월 27일 19시,금요일,경상남도 창원시 마산합포구 완월동,경상사고,0,0,1,0,차대차 - 측면직각충돌,교차로운행방법위반,건조,맑음,교차로 - 교차로안,승용,여,51세,상해없음,승합,남,40세,상해없음
2013092700100553,2013년 9월 27일 19시,금요일,경상남도 창원시 마산합포구 진북면,중상사고,0,1,0,0,차대차 - 추돌 - 진행중,안전운전불이행,건조,맑음,단일로 - 기타,화물,남,34세,상해없음,농기계,남,53세,중상
2013092700100554,2013년 9월 27일 19시,금요일,경상남도 진주시 초전동,중상사고,0,1,0,0,차대차 - 기타,안전거리미확보,건조,맑음,교차로 - 교차로부근,승용,남,48세,상해없음,이륜,남,40세,중상
2013092700100555,2013년 9월 27일 19시,금요일,경상남도 양산시 소주동,경상사고,0,0,2,0,차대차 - 측면직각충돌,직진우회전진행방해,건조,맑음,교차로 - 교차로안,승용,남,28세,상해없음,승용,여,47세,경상
2013092700100556,2013년 9월 27일 19시,금요일,경상남도 창원시 마산회원구 내서읍,중상사고,0,2,0,0,차대차 - 기타,안전운전불이행,건조,맑음,단일로 - 기타,승합,남,53세,상해없음,승용,여,46세,중상
2013092700100557,2013년 9월 27일 19시,금요일,경상남도 김해시 진례면,중상사고,0,1,0,0,차대차 - 측면직각충돌,안전운전불이행,건조,맑음,교차로 - 교차로안,승용,여,53세,상해없음,승용,여,28세,중상
2013092700100600,2013년 9월 27일 20시,금요일,경상남도 진주시 강남동,중상사고,0,1,0,0,차대사람 - 횡단중,안전운전불이행,건조,맑음,단일로 - 기타,승용,남,67세,상해없음,보행자,여,16세,중상
2013092700100601,2013년 9월 27일 20시,금요일,경상남도 창녕군 창녕읍,중상사고,0,2,0,0,차대차 - 추돌 - 진행중,안전운전불이행,건조,맑음,단일로 - 기타,승용,남,32세,중상,화물,남,46세,중상
2013092700100642,2013년 9월 27일 21시,금요일,경상남도 고성군 고성읍,경상사고,0,0,3,0,차대차 - 측면직각충돌,안전운전불이행,건조,맑음,단일로 - 기타,승용,남,29세,상해없음,원동기,남,16세,경상
2013092700100643,2013년 9월 27일 21시,금요일,경상남도 창원시 성산구 성주동,중상사고,0,1,0,0,차대사람 - 기타,안전운전불이행,기타,맑음,단일로 - 기타,승합,남,47세,상해없음,보행자,남,67세,중상
2013092700100679,2013년 9월 27일 22시,금요일,경상남도 함안군 가야읍,경상사고,0,0,2,0,차대차 - 측면직각충돌,안전운전불이행,건조,맑음,교차로 - 교차로안,화물,남,47세,상해없음,승용,남,31세,경상
2013092700100680,2013년 9월 27일 22시,금요일,경상남도 창원시 마산회원구 합성동,중상사고,0,1,5,0,차대차 - 기타,안전운전불이행,건조,맑음,단일로 - 기타,승용,남,48세,상해없음,승용,여,49세,경상
2013092700100681,2013년 9월 27일 22시,금요일,경상남도 창원시 의창구 동정동,부상신고사고,0,0,0,1,차대사람 - 기타,안전운전불이행,건조,맑음,단일로 - 기타,원동기,남,34세,상해없음,보행자,남,64세,부상신고
2013092700100682,2013년 9월 27일 22시,금요일,경상남도 김해시 흥동,중상사고,0,1,0,0,차대차 - 추돌 - 주정차중,중앙선침범,건조,맑음,교차로 - 교차로부근,승용,남,47세,상해없음,승용,여,26세,중상
2013092800100018,2013년 9월 28일 00시,토요일,경상남도 창원시 마산합포구 신포동2가,경상사고,0,0,2,0,차대차 - 기타,신호위반,건조,맑음,교차로 - 교차로안,승용,남,58세,상해없음,승용,남,28세,경상
2013092800100019,2013년 9월 28일 00시,토요일,경상남도 진주시 가좌동,부상신고사고,0,0,0,1,차량단독 - 기타,기타,건조,맑음,단일로 - 기타,이륜,남,16세,부상신고,,,,
2013092800100036,2013년 9월 28일 01시,토요일,경상남도 창원시 진해구 풍호동,경상사고,0,0,1,0,차대사람 - 기타,안전운전불이행,건조,맑음,교차로 - 교차로부근,승용,남,66세,상해없음,보행자,남,45세,경상
2013092800100037,2013년 9월 28일 01시,토요일,경상남도 사천시 벌리동,경상사고,0,0,1,0,차대사람 - 기타,안전운전불이행,건조,맑음,교차로 - 교차로부근,승용,남,58세,상해없음,보행자,남,28세,경상
2013092800100038,2013년 9월 28일 01시,토요일,경상남도 거제시 아주동,중상사고,0,2,0,0,차대차 - 기타,신호위반,건조,맑음,교차로 - 교차로안,승용,남,27세,상해없음,승용,남,64세,중상
2013092800100062,2013년 9월 28일 02시,토요일,경상남도 창원시 의창구 신월동,중상사고,0,1,0,0,차대차 - 기타,교차로운행방법위반,기타,맑음,교차로 - 교차로안,승용,남,26세,상해없음,승용,여,41세,중상
2013092800100113,2013년 9월 28일 05시,토요일,경상남도 김해시 삼정동,중상사고,0,1,0,0,차대차 - 측면직각충돌,안전운전불이행,건조,흐림,단일로 - 기타,원동기,남,17세,중상,승합,남,53세,기타불명
2013092800100114,2013년 9월 28일 05시,토요일,경상남도 김해시 동상동,중상사고,0,1,1,3,차대차 - 측면직각충돌,중앙선침범,건조,맑음,단일로 - 기타,승용,기타불명,기타불명,기타불명,승합,여,48세,부상신고
2013092800100115,2013년 9월 28일 05시,토요일,경상남도 거제시 옥포동,경상사고,0,0,1,0,차대차 - 기타,안전운전불이행,건조,맑음,교차로 - 교차로부근,승용,여,33세,상해없음,승용,남,61세,경상
2013092800100116,2013년 9월 28일 05시,토요일,경상남도 창원시 성산구 성주동,경상사고,0,0,1,0,차대차 - 기타,신호위반,기타,맑음,교차로 - 교차로안,승용,남,42세,상해없음,승용,남,49세,경상
2013092800100126,2013년 9월 28일 06시,토요일,경상남도 하동군 북천면,경상사고,0,0,1,0,차대차 - 측면직각충돌,안전운전불이행,건조,맑음,단일로 - 기타,승용,남,65세,상해없음,승용,남,65세,경상
2013092800100127,2013년 9월 28일 06시,토요일,경상남도 거제시 상동동,경상사고,0,0,1,0,차대차 - 기타,안전운전불이행,건조,맑음,단일로 - 기타,승용,여,45세,상해없음,승용,남,51세,상해없음
2013092800100166,2013년 9월 28일 08시,토요일,경상남도 창원시 의창구 팔용동,경상사고,0,0,2,0,차대차 - 추돌 - 진행중,안전거리미확보,건조,맑음,단일로 - 기타,승용,남,71세,경상,승용,남,49세,경상
2013092800100184,2013년 9월 28일 09시,토요일,경상남도 창원시 마산합포구 동성동,경상사고,0,0,1,0,차대사람 - 횡단중,보행자보호의무위반,건조,맑음,교차로 - 교차로안,승용,남,49세,상해없음,보행자,여,48세,경상
2013092800100213,2013년 9월 28일 10시,토요일,경상남도 김해시 외동,경상사고,0,0,1,0,차대차 - 추돌 - 진행중,안전거리미확보,건조,맑음,단일로 - 기타,건설기계,남,45세,상해없음,승용,남,54세,경상
2013092800100245,2013년 9월 28일 11시,토요일,경상남도 창원시 진해구 용원동,경상사고,0,0,2,0,차대차 - 추돌 - 주정차중,안전운전불이행,건조,맑음,교차로 - 교차로부근,승합,남,37세,기타불명,승용,남,30세,경상
2013092800100270,2013년 9월 28일 12시,토요일,경상남도 남해군 남해읍,중상사고,0,1,0,0,차대차 - 측면직각충돌,교차로운행방법위반,건조,맑음,교차로 - 교차로안,화물,남,53세,상해없음,원동기,남,75세,중상
2013092800100288,2013년 9월 28일 13시,토요일,경상남도 김해시 부원동,경상사고,0,0,1,0,차대차 - 추돌 - 주정차중,안전거리미확보,건조,맑음,단일로 - 기타,승용,여,41세,상해없음,승용,남,60세,경상
2013092800100313,2013년 9월 28일 14시,토요일,경상남도 진주시 금산면,경상사고,0,0,1,0,차대차 - 측면직각충돌,교차로운행방법위반,건조,맑음,교차로 - 교차로안,자전거,남,83세,경상,승용,여,38세,상해없음
2013092800100314,2013년 9월 28일 14시,토요일,경상남도 거제시 옥포동,중상사고,0,1,3,0,차대차 - 기타,안전운전불이행,건조,맑음,기타 - 기타,승용,남,42세,상해없음,승용,남,33세,경상
2013092800100342,2013년 9월 28일 15시,토요일,경상남도 거제시 사등면,중상사고,0,2,2,0,차대차 - 추돌 - 진행중,안전운전불이행,건조,맑음,기타 - 기타,승용,여,36세,상해없음,승용,남,38세,중상
2013092800100369,2013년 9월 28일 16시,토요일,경상남도 김해시 안동,경상사고,0,0,1,0,차대차 - 기타,안전운전불이행,건조,맑음,단일로 - 기타,원동기,남,40세,경상,승용,남,34세,상해없음
2013092800100370,2013년 9월 28일 16시,토요일,경상남도 거제시 거제면,경상사고,0,0,1,0,차대차 - 기타,안전운전불이행,건조,맑음,기타 - 기타,화물,남,73세,상해없음,화물,남,67세,경상
2013092800100371,2013년 9월 28일 16시,토요일,경상남도 거제시 옥포동,경상사고,0,0,1,0,차대사람 - 횡단중,안전운전불이행,건조,맑음,단일로 - 기타,승용,남,36세,상해없음,보행자,남,3세,경상
2013092800100372,2013년 9월 28일 16시,토요일,경상남도 합천군 야로면,사망사고,2,4,0,0,차대차 - 정면충돌,중앙선침범,건조,흐림,단일로 - 기타,승용,여,65세,중상,승합,남,70세,사망
2013092800100412,2013년 9월 28일 17시,토요일,경상남도 김해시 부원동,중상사고,0,1,0,0,차대사람 - 횡단중,보행자보호의무위반,건조,흐림,단일로 - 횡단보도상,화물,남,57세,상해없음,보행자,여,22세,중상
2013092800100413,2013년 9월 28일 17시,토요일,경상남도 김해시 삼계동,경상사고,0,0,1,0,차대차 - 기타,안전운전불이행,건조,맑음,교차로 - 교차로부근,승용,남,39세,상해없음,승용,남,52세,경상
2013092800100414,2013년 9월 28일 17시,토요일,경상남도 남해군 삼동면,경상사고,0,0,1,0,차대차 - 측면직각충돌,중앙선침범,습기,흐림,단일로 - 기타,승용,남,54세,상해없음,화물,남,34세,경상
2013092800100466,2013년 9월 28일 18시,토요일,경상남도 진주시 주약동,경상사고,0,0,1,0,차대차 - 추돌 - 주정차중,안전거리미확보,기타,비,교차로 - 교차로부근,승용,남,61세,상해없음,화물,남,40세,경상
2013092800100467,2013년 9월 28일 18시,토요일,경상남도 진주시 동성동,경상사고,0,0,1,0,차대사람 - 기타,기타,건조,맑음,단일로 - 기타,승용,여,51세,상해없음,보행자,여,63세,경상
2013092800100468,2013년 9월 28일 18시,토요일,경상남도 통영시 광도면,경상사고,0,0,3,0,차대차 - 정면충돌,중앙선침범,건조,맑음,단일로 - 기타,승용,남,42세,상해없음,승용,남,45세,경상
2013092800100469,2013년 9월 28일 18시,토요일,경상남도 합천군 삼가면,중상사고,0,2,2,0,차대차 - 기타,차로위반,습기,비,단일로 - 기타,승용,여,27세,경상,승용,남,56세,중상
2013092800100470,2013년 9월 28일 18시,토요일,경상남도 김해시 장유면,중상사고,0,1,0,0,차대차 - 측면직각충돌,교차로운행방법위반,건조,흐림,교차로 - 교차로부근,승합,남,41세,상해없음,이륜,남,60세,중상
2013092800100524,2013년 9월 28일 19시,토요일,경상남도 창원시 진해구 이동,경상사고,0,0,1,0,차대차 - 측면직각충돌,안전운전불이행,건조,맑음,교차로 - 교차로안,승용,남,38세,상해없음,승용,여,29세,경상
2013092800100525,2013년 9월 28일 19시,토요일,경상남도 통영시 광도면,경상사고,0,0,5,0,차대차 - 추돌 - 주정차중,안전운전불이행,건조,맑음,단일로 - 기타,승용,남,56세,상해없음,승용,남,39세,경상
2013092800100526,2013년 9월 28일 19시,토요일,경상남도 김해시 대동면,중상사고,0,2,0,0,차대사람 - 기타,안전운전불이행,건조,맑음,교차로 - 교차로부근,승합,남,53세,중상,보행자,남,72세,중상
2013092800100527,2013년 9월 28일 19시,토요일,경상남도 거제시 상동동,경상사고,0,0,1,0,차대차 - 기타,안전운전불이행,건조,맑음,기타 - 기타,승용,남,26세,상해없음,이륜,남,40세,경상
2013092800100528,2013년 9월 28일 19시,토요일,경상남도 창원시 의창구 중동,중상사고,0,1,0,0,차대차 - 기타,안전운전불이행,건조,맑음,단일로 - 기타,승용,남,36세,중상,승용,남,60세,기타불명
2013092800100529,2013년 9월 28일 19시,토요일,경상남도 함안군 칠원면,중상사고,0,2,0,0,차대차 - 추돌 - 진행중,안전운전불이행,습기,비,단일로 - 기타,승용,남,55세,상해없음,승용,남,58세,중상
2013092800100562,2013년 9월 28일 20시,토요일,경상남도 거제시 수월동,중상사고,0,1,1,0,차대차 - 기타,교차로운행방법위반,건조,맑음,교차로 - 교차로안,승용,남,36세,상해없음,이륜,남,16세,중상
2013092800100563,2013년 9월 28일 20시,토요일,경상남도 창원시 의창구 팔용동,경상사고,0,0,2,0,차대차 - 기타,안전거리미확보,건조,맑음,교차로 - 교차로부근,승용,남,50세,상해없음,승용,남,58세,상해없음
2013092800100622,2013년 9월 28일 21시,토요일,경상남도 진주시 칠암동,경상사고,0,0,1,0,차대차 - 추돌 - 주정차중,안전운전불이행,건조,맑음,단일로 - 기타,승용,남,53세,상해없음,승용,남,34세,경상
2013092800100660,2013년 9월 28일 22시,토요일,경상남도 김해시 한림면,중상사고,0,1,0,0,차대차 - 기타,신호위반,건조,맑음,교차로 - 교차로안,승용,기타불명,기타불명,기타불명,승용,남,33세,중상
2013092800100696,2013년 9월 28일 23시,토요일,경상남도 창원시 마산합포구 오동동,중상사고,0,1,0,1,차대차 - 추돌 - 진행중,안전운전불이행,건조,맑음,단일로 - 기타,승용,남,28세,상해없음,승용,남,66세,상해없음
2013092800100697,2013년 9월 28일 23시,토요일,경상남도 함안군 함안면,경상사고,0,0,1,0,차대차 - 측면직각충돌,신호위반,건조,맑음,교차로 - 교차로안,승용,여,40세,상해없음,승용,남,27세,상해없음
2013092900100058,2013년 9월 29일 01시,일요일,경상남도 밀양시 삼문동,부상신고사고,0,0,0,1,차량단독 - 공작물충돌,안전운전불이행,건조,맑음,교차로 - 교차로부근,화물,여,46세,상해없음,,,,
2013092900100059,2013년 9월 29일 01시,일요일,경상남도 산청군 신안면,중상사고,0,1,0,0,차대사람 - 길가장자리구역통행중,안전운전불이행,습기,비,단일로 - 기타,승용,남,35세,상해없음,보행자,남,31세,중상
2013092900100092,2013년 9월 29일 02시,일요일,경상남도 창원시 의창구 신월동,경상사고,0,0,1,0,차대차 - 측면직각충돌,교차로운행방법위반,건조,맑음,교차로 - 교차로안,승용,남,49세,상해없음,승용,남,26세,경상
2013092900100130,2013년 9월 29일 04시,일요일,경상남도 창원시 마산합포구 오동동,중상사고,0,1,0,0,차대사람 - 횡단중,안전운전불이행,건조,맑음,교차로 - 교차로부근,승합,여,53세,상해없음,보행자,여,48세,중상
2013092900100131,2013년 9월 29일 04시,일요일,경상남도 통영시 도산면,부상신고사고,0,0,0,1,차량단독 - 공작물충돌,안전운전불이행,건조,맑음,단일로 - 기타,승용,남,40세,부상신고,,,,
2013092900100150,2013년 9월 29일 05시,일요일,경상남도 창원시 마산합포구 창포동2가,경상사고,0,0,2,1,차대차 - 측면직각충돌,안전운전불이행,건조,맑음,교차로 - 교차로안,승용,남,30세,상해없음,승용,남,64세,경상
2013092900100176,2013년 9월 29일 07시,일요일,경상남도 창원시 성산구 성산동,사망사고,1,0,0,0,차대차 - 측면직각충돌,중앙선침범,건조,맑음,교차로 - 교차로부근,원동기,남,21세,사망,승용,남,63세,상해없음
2013092900100227,2013년 9월 29일 10시,일요일,경상남도 합천군 쌍책면,경상사고,0,0,1,0,차량단독 - 공작물충돌,안전운전불이행,습기,비,단일로 - 기타,승용,남,18세,경상,,,,
2013092900100266,2013년 9월 29일 12시,일요일,경상남도 창원시 의창구 명서동,경상사고,0,0,1,0,차대차 - 추돌 - 주정차중,안전운전불이행,건조,맑음,교차로 - 교차로부근,승용,남,63세,상해없음,원동기,남,33세,경상
2013092900100287,2013년 9월 29일 13시,일요일,경상남도 함양군 함양읍,중상사고,0,1,0,0,차대차 - 측면직각충돌,안전운전불이행,습기,비,교차로 - 교차로안,승용,남,58세,상해없음,원동기,남,18세,중상
2013092900100317,2013년 9월 29일 14시,일요일,경상남도 진주시 하대동,경상사고,0,0,2,0,차대차 - 추돌 - 주정차중,안전운전불이행,건조,맑음,교차로 - 교차로부근,승용,남,54세,상해없음,승용,남,30세,경상
2013092900100318,2013년 9월 29일 14시,일요일,경상남도 김해시 안동,중상사고,0,2,0,0,차대차 - 측면직각충돌,신호위반,습기,비,교차로 - 교차로안,화물,여,47세,중상,승용,남,65세,중상
2013092900100319,2013년 9월 29일 14시,일요일,경상남도 양산시 중부동,중상사고,0,1,0,0,차대차 - 추돌 - 진행중,안전운전불이행,습기,비,단일로 - 기타,승용,여,22세,상해없음,이륜,남,48세,중상
2013092900100320,2013년 9월 29일 14시,일요일,경상남도 거제시 장승포동,경상사고,0,0,2,0,차대차 - 정면충돌,중앙선침범,건조,맑음,단일로 - 기타,승용,남,33세,상해없음,승용,남,47세,경상
2013092900100321,2013년 9월 29일 14시,일요일,경상남도 산청군 단성면,중상사고,0,1,0,0,차량단독 - 공작물충돌,안전운전불이행,습기,비,단일로 - 기타,화물,남,57세,중상,,,,
2013092900100350,2013년 9월 29일 15시,일요일,경상남도 진주시 상봉동,부상신고사고,0,0,0,1,차대차 - 기타,안전거리미확보,습기,비,교차로 - 교차로안,이륜,남,39세,부상신고,승용,남,64세,상해없음
2013092900100351,2013년 9월 29일 15시,일요일,경상남도 사천시 송포동,경상사고,0,0,5,0,차대차 - 측면직각충돌,직진우회전진행방해,습기,비,교차로 - 교차로안,승용,남,32세,경상,승용,남,30세,경상
2013092900100372,2013년 9월 29일 16시,일요일,경상남도 양산시 덕계동,중상사고,0,1,0,2,차대차 - 추돌 - 진행중,안전운전불이행,습기,비,기타 - 기타,화물,남,53세,상해없음,승용,남,37세,중상
2013092900100373,2013년 9월 29일 16시,일요일,경상남도 거제시 사등면,중상사고,0,3,7,0,차대차 - 추돌 - 주정차중,안전거리미확보,습기,비,단일로 - 기타,승용,남,61세,중상,승용,여,47세,경상
2013092900100374,2013년 9월 29일 16시,일요일,경상남도 거제시 둔덕면,중상사고,0,1,0,0,차대사람 - 기타,보행자보호의무위반,습기,비,단일로 - 횡단보도상,승용,남,67세,상해없음,보행자,여,69세,중상
2013092900100400,2013년 9월 29일 17시,일요일,경상남도 통영시 미수동,중상사고,0,1,3,0,차대차 - 추돌 - 진행중,안전거리미확보,습기,비,단일로 - 기타,승용,남,30세,상해없음,승용,남,60세,중상
2013092900100414,2013년 9월 29일 18시,일요일,경상남도 김해시 진례면,중상사고,0,1,0,0,차대차 - 측면직각충돌,안전거리미확보,습기,비,단일로 - 기타,승용,기타불명,기타불명,기타불명,승용,여,56세,중상
2013092900100437,2013년 9월 29일 18시,일요일,경상남도 김해시 삼정동,경상사고,0,0,3,0,차대차 - 측면직각충돌,직진우회전진행방해,습기,비,교차로 - 교차로안,승용,여,34세,경상,승용,남,63세,경상
2013092900100438,2013년 9월 29일 18시,일요일,경상남도 거제시 연초면,경상사고,0,0,3,0,차대차 - 측면직각충돌,신호위반,건조,맑음,교차로 - 교차로안,승용,여,55세,상해없음,승용,여,54세,경상
2013092900100439,2013년 9월 29일 18시,일요일,경상남도 창원시 의창구 팔용동,중상사고,0,1,0,0,차대사람 - 기타,안전운전불이행,습기,흐림,교차로 - 교차로부근,승용,남,31세,상해없음,보행자,여,36세,중상
2013092900100481,2013년 9월 29일 19시,일요일,경상남도 사천시 사남면,사망사고,1,0,0,0,차대사람 - 횡단중,안전운전불이행,습기,비,교차로 - 교차로부근,화물,남,45세,상해없음,보행자,남,37세,사망
2013092900100482,2013년 9월 29일 19시,일요일,경상남도 김해시 삼계동,경상사고,0,0,1,0,차대차 - 추돌 - 주정차중,안전운전불이행,습기,비,교차로 - 교차로부근,승용,남,22세,상해없음,승용,남,32세,경상
2013092900100483,2013년 9월 29일 19시,일요일,경상남도 창녕군 부곡면,경상사고,0,0,3,0,차대차 - 측면직각충돌,안전운전불이행,습기,흐림,단일로 - 기타,승용,남,33세,상해없음,승용,여,58세,경상
2013092900100484,2013년 9월 29일 19시,일요일,경상남도 거제시 아주동,경상사고,0,0,4,0,차대차 - 측면직각충돌,차로위반,습기,비,단일로 - 기타,승용,남,58세,상해없음,승용,남,40세,경상
2013092900100485,2013년 9월 29일 19시,일요일,경상남도 창원시 의창구 신월동,중상사고,0,1,0,0,차대차 - 추돌 - 진행중,안전운전불이행,습기,비,교차로 - 교차로부근,승용,남,39세,상해없음,승용,여,42세,중상
2013092900100486,2013년 9월 29일 19시,일요일,경상남도 창원시 의창구 북면,경상사고,0,0,2,0,차대사람 - 기타,안전운전불이행,건조,맑음,교차로 - 교차로부근,승용,남,22세,상해없음,보행자,남,30세,경상
2013092900100519,2013년 9월 29일 20시,일요일,경상남도 진주시 문산읍,경상사고,0,0,2,0,차대차 - 기타,안전운전불이행,건조,맑음,교차로 - 교차로부근,승용,남,50세,상해없음,승용,남,44세,경상