사고번호,사고일시,요일,시군구,사고내용,사망자수,중상자수,경상자수,부상신고자수,사고유형,법규위반,노면상태,기상상태,도로형태,가해운전자 차종,가해운전자 성별,가해운전자 연령,가해운전자 상해정도,피해운전자 차종,피해운전자 성별,피해운전자 연령,피해운전자 상해정도
2013092900100520,2013년 9월 29일 20시,일요일,경상남도 사천시 대방동,중상사고,0,1,1,0,차대차 - 기타,차로위반,건조,맑음,단일로 - 기타,승용,남,66세,상해없음,승용,남,29세,경상
2013092900100521,2013년 9월 29일 20시,일요일,경상남도 양산시 평산동,중상사고,0,1,0,0,차대차 - 측면직각충돌,안전거리미확보,습기,비,기타 - 기타,화물,남,53세,상해없음,승용,남,33세,중상
2013092900100522,2013년 9월 29일 20시,일요일,경상남도 거제시 사등면,중상사고,0,1,0,0,차대차 - 측면직각충돌,안전운전불이행,습기,비,단일로 - 기타,화물,남,55세,상해없음,승용,여,38세,중상
2013092900100543,2013년 9월 29일 21시,일요일,경상남도 양산시 주진동,경상사고,0,0,1,0,차대차 - 추돌 - 주정차중,안전운전불이행,습기,비,교차로 - 교차로부근,승용,남,50세,상해없음,승용,여,42세,경상
2013092900100544,2013년 9월 29일 21시,일요일,경상남도 창원시 마산회원구 합성동,경상사고,0,0,1,0,차대차 - 측면직각충돌,안전운전불이행,건조,흐림,교차로 - 교차로안,승용,남,61세,상해없음,이륜,남,21세,경상
2013092900100575,2013년 9월 29일 22시,일요일,경상남도 합천군 합천읍,중상사고,0,1,0,0,차량단독 - 공작물충돌,안전운전불이행,습기,비,단일로 - 기타,승용,여,38세,중상,,,,
2013092900100594,2013년 9월 29일 23시,일요일,경상남도 고성군 동해면,경상사고,0,0,1,0,차대차 - 기타,안전운전불이행,습기,흐림,단일로 - 기타,승용,남,36세,상해없음,승용,남,39세,상해없음
2013093000100009,2013년 9월 30일 00시,월요일,경상남도 창원시 성산구 사파동,경상사고,0,0,1,0,차대차 - 측면직각충돌,안전운전불이행,습기,비,교차로 - 교차로부근,승용,남,42세,상해없음,승용,남,23세,경상
2013093000100026,2013년 9월 30일 03시,월요일,경상남도 김해시 상동면,중상사고,0,1,1,0,차대차 - 추돌 - 주정차중,안전운전불이행,건조,맑음,단일로 - 기타,승합,남,50세,상해없음,승용,남,56세,경상
2013093000100047,2013년 9월 30일 06시,월요일,경상남도 남해군 남면,사망사고,1,0,0,0,차량단독 - 기타,안전운전불이행,습기,비,기타 - 기타,화물,남,57세,상해없음,,,,
2013093000100048,2013년 9월 30일 06시,월요일,경상남도 창원시 마산회원구 구암동,경상사고,0,0,1,0,차대차 - 정면충돌,중앙선침범,습기,비,교차로 - 교차로부근,승용,여,39세,상해없음,화물,남,39세,경상
2013093000100119,2013년 9월 30일 08시,월요일,경상남도 진주시 하대동,경상사고,0,0,1,0,차대차 - 기타,교차로운행방법위반,건조,맑음,교차로 - 교차로안,승용,남,56세,상해없음,승용,여,42세,경상
2013093000100120,2013년 9월 30일 08시,월요일,경상남도 양산시 평산동,사망사고,1,0,0,0,차대사람 - 기타,안전운전불이행,습기,비,기타 - 기타,화물,남,64세,상해없음,보행자,남,62세,사망
2013093000100151,2013년 9월 30일 09시,월요일,경상남도 창원시 마산합포구 진북면,중상사고,0,1,0,0,차대차 - 측면직각충돌,안전운전불이행,건조,맑음,교차로 - 교차로안,건설기계,남,48세,상해없음,승합,남,56세,중상
2013093000100152,2013년 9월 30일 09시,월요일,경상남도 김해시 외동,경상사고,0,0,2,0,차대차 - 측면직각충돌,신호위반,건조,맑음,교차로 - 교차로안,승합,남,61세,상해없음,승용,여,53세,경상
2013093000100153,2013년 9월 30일 09시,월요일,경상남도 거제시 옥포동,경상사고,0,0,2,0,차대차 - 추돌 - 진행중,안전운전불이행,건조,맑음,교차로 - 교차로안,승용,여,47세,경상,승용,여,34세,경상
2013093000100154,2013년 9월 30일 09시,월요일,경상남도 창원시 마산회원구 회원동,중상사고,0,1,0,0,차대차 - 측면직각충돌,안전운전불이행,건조,맑음,단일로 - 기타,화물,남,41세,상해없음,이륜,남,76세,중상
2013093000100173,2013년 9월 30일 10시,월요일,경상남도 창원시 진해구 태백동,중상사고,0,1,1,0,차대차 - 측면직각충돌,안전운전불이행,건조,맑음,단일로 - 기타,승용,남,72세,경상,승용,남,49세,중상
2013093000100207,2013년 9월 30일 11시,월요일,경상남도 창원시 진해구 여좌동,중상사고,0,1,1,0,차대사람 - 차도통행중,안전운전불이행,건조,기타,단일로 - 기타,승용,남,44세,상해없음,보행자,여,21세,경상
2013093000100230,2013년 9월 30일 12시,월요일,경상남도 진주시 금곡면,중상사고,0,1,0,0,차대차 - 기타,중앙선침범,건조,맑음,단일로 - 기타,이륜,남,84세,중상,화물,남,57세,상해없음
2013093000100252,2013년 9월 30일 13시,월요일,경상남도 사천시 동금동,사망사고,1,0,0,0,차대차 - 기타,직진우회전진행방해,건조,맑음,교차로 - 교차로안,이륜,남,77세,사망,화물,남,45세,상해없음
2013093000100253,2013년 9월 30일 13시,월요일,경상남도 양산시 어곡동,중상사고,0,1,0,0,차대차 - 측면직각충돌,안전운전불이행,결빙,비,단일로 - 기타,화물,기타불명,기타불명,기타불명,농기계,남,60세,중상
2013093000100280,2013년 9월 30일 14시,월요일,경상남도 창원시 마산합포구 월영동,중상사고,0,2,1,0,차량단독 - 기타,안전운전불이행,건조,맑음,단일로 - 기타,승용,여,70세,상해없음,,,,
2013093000100305,2013년 9월 30일 15시,월요일,경상남도 거창군 거창읍,중상사고,0,1,0,0,차대차 - 정면충돌,안전운전불이행,건조,맑음,단일로 - 기타,승용,여,56세,상해없음,이륜,남,77세,중상
2013093000100306,2013년 9월 30일 15시,월요일,경상남도 산청군 신안면,중상사고,0,2,0,0,차대차 - 측면직각충돌,중앙선침범,건조,맑음,단일로 - 기타,승용,여,48세,중상,건설기계,남,56세,중상
2013093000100307,2013년 9월 30일 15시,월요일,경상남도 김해시 진영읍,중상사고,0,1,1,0,차대차 - 추돌 - 진행중,안전거리미확보,건조,맑음,교차로 - 교차로부근,화물,남,67세,상해없음,승용,남,54세,중상
2013093000100377,2013년 9월 30일 17시,월요일,경상남도 창원시 마산회원구 내서읍,경상사고,0,0,1,0,차대차 - 추돌 - 진행중,안전운전불이행,건조,맑음,교차로 - 교차로부근,화물,여,30세,상해없음,화물,남,70세,경상
2013093000100378,2013년 9월 30일 17시,월요일,경상남도 김해시 장유면,경상사고,0,0,2,1,차대차 - 추돌 - 진행중,안전거리미확보,건조,맑음,단일로 - 기타,승용,여,32세,부상신고,승용,남,42세,경상
2013093000100422,2013년 9월 30일 18시,월요일,경상남도 통영시 항남동,경상사고,0,0,1,0,차대사람 - 횡단중,보행자보호의무위반,건조,맑음,교차로 - 교차로부근,승용,남,52세,상해없음,보행자,남,65세,경상
2013093000100464,2013년 9월 30일 19시,월요일,경상남도 사천시 사천읍,중상사고,0,1,0,0,차대차 - 측면직각충돌,교차로운행방법위반,건조,맑음,교차로 - 교차로안,승용,여,38세,상해없음,이륜,남,35세,중상
2013093000100500,2013년 9월 30일 20시,월요일,경상남도 진주시 하대동,중상사고,0,1,1,0,차대차 - 측면직각충돌,직진우회전진행방해,건조,맑음,교차로 - 교차로안,승용,여,37세,상해없음,원동기,남,34세,중상
2013093000100501,2013년 9월 30일 20시,월요일,경상남도 통영시 무전동,경상사고,0,0,1,0,차대차 - 측면직각충돌,안전운전불이행,건조,맑음,교차로 - 교차로안,승용,여,52세,상해없음,자전거,남,56세,경상
2013093000100502,2013년 9월 30일 20시,월요일,경상남도 창원시 의창구 팔용동,경상사고,0,0,2,0,차대차 - 측면직각충돌,신호위반,건조,맑음,교차로 - 교차로안,승용,여,53세,상해없음,승용,남,54세,경상
2013093000100523,2013년 9월 30일 21시,월요일,경상남도 거제시 아주동,경상사고,0,0,1,0,차대차 - 기타,기타,건조,맑음,교차로 - 교차로안,이륜,남,47세,상해없음,승용,여,44세,상해없음
2013093000100524,2013년 9월 30일 21시,월요일,경상남도 창원시 마산회원구 양덕동,경상사고,0,0,1,0,차대차 - 측면직각충돌,안전운전불이행,건조,맑음,교차로 - 교차로부근,승합,남,46세,상해없음,승용,남,37세,경상
2013093000100574,2013년 9월 30일 23시,월요일,경상남도 창원시 진해구 장천동,중상사고,0,2,0,0,차대차 - 기타,안전운전불이행,건조,맑음,교차로 - 교차로부근,승용,남,28세,상해없음,승용,여,47세,중상
2013093000100575,2013년 9월 30일 23시,월요일,경상남도 거제시 장승포동,중상사고,0,1,0,0,차대차 - 기타,안전운전불이행,건조,맑음,단일로 - 기타,승용,남,50세,상해없음,이륜,남,43세,중상
2013100100100016,2013년 10월 1일 00시,화요일,경상남도 의령군 대의면,중상사고,0,3,0,0,차대차 - 추돌 - 진행중,안전운전불이행,건조,맑음,단일로 - 기타,승용,남,54세,상해없음,승용,남,50세,중상
2013100100100050,2013년 10월 1일 04시,화요일,경상남도 통영시 용남면,경상사고,0,0,1,0,차대사람 - 길가장자리구역통행중,안전운전불이행,건조,맑음,단일로 - 기타,기타불명,기타불명,기타불명,기타불명,보행자,여,80세,경상
2013100100100085,2013년 10월 1일 06시,화요일,경상남도 김해시 삼정동,중상사고,0,1,0,0,차대차 - 측면직각충돌,안전운전불이행,건조,맑음,교차로 - 교차로부근,승용,남,42세,상해없음,자전거,남,45세,중상
2013100100100086,2013년 10월 1일 06시,화요일,경상남도 김해시 삼방동,중상사고,0,1,0,0,차대사람 - 기타,안전운전불이행,건조,맑음,단일로 - 기타,승용,여,45세,상해없음,보행자,남,48세,중상
2013100100100114,2013년 10월 1일 07시,화요일,경상남도 밀양시 상남면,경상사고,0,0,1,0,차대차 - 측면직각충돌,교차로운행방법위반,건조,맑음,교차로 - 교차로부근,승용,남,34세,상해없음,화물,남,38세,경상
2013100100100115,2013년 10월 1일 07시,화요일,경상남도 고성군 고성읍,사망사고,1,1,0,0,차량단독 - 공작물충돌,안전운전불이행,건조,맑음,단일로 - 교량,승용,남,69세,상해없음,,,,
2013100100100116,2013년 10월 1일 07시,화요일,경상남도 거제시 능포동,중상사고,0,1,0,0,차대사람 - 기타,안전운전불이행,건조,맑음,단일로 - 기타,화물,남,70세,상해없음,보행자,여,71세,중상
2013100100100176,2013년 10월 1일 09시,화요일,경상남도 진주시 칠암동,경상사고,0,0,1,1,차대차 - 추돌 - 진행중,안전거리미확보,건조,맑음,교차로 - 교차로부근,승용,여,48세,부상신고,화물,남,48세,경상
2013100100100177,2013년 10월 1일 09시,화요일,경상남도 거창군 거창읍,중상사고,0,1,0,0,차대차 - 측면직각충돌,교차로운행방법위반,건조,맑음,교차로 - 교차로안,원동기,남,54세,중상,승용,남,33세,상해없음
2013100100100207,2013년 10월 1일 10시,화요일,경상남도 창원시 마산합포구 창동,중상사고,0,1,0,0,차대사람 - 기타,안전운전불이행,건조,맑음,단일로 - 기타,원동기,남,74세,상해없음,보행자,여,57세,중상
2013100100100208,2013년 10월 1일 10시,화요일,경상남도 함안군 산인면,중상사고,0,1,0,0,차대차 - 추돌 - 진행중,안전운전불이행,건조,맑음,단일로 - 기타,화물,남,41세,상해없음,승용,여,45세,중상
2013100100100230,2013년 10월 1일 11시,화요일,경상남도 진주시 중안동,중상사고,0,1,0,0,차대차 - 추돌 - 진행중,안전거리미확보,건조,맑음,교차로 - 교차로부근,승용,남,31세,상해없음,승용,여,33세,중상
2013100100100231,2013년 10월 1일 11시,화요일,경상남도 창원시 진해구 풍호동,중상사고,0,2,1,0,차대차 - 측면직각충돌,차로위반,건조,맑음,교차로 - 교차로안,승용,남,33세,상해없음,승용,남,38세,중상
2013100100100232,2013년 10월 1일 11시,화요일,경상남도 김해시 구산동,경상사고,0,0,1,0,차대차 - 추돌 - 진행중,안전거리미확보,건조,맑음,교차로 - 교차로안,승용,여,49세,상해없음,승용,여,60세,경상
2013100100100233,2013년 10월 1일 11시,화요일,경상남도 거제시 옥포동,경상사고,0,0,1,0,차대차 - 추돌 - 진행중,안전운전불이행,건조,맑음,교차로 - 교차로안,승용,여,47세,상해없음,이륜,남,41세,경상
2013100100100234,2013년 10월 1일 11시,화요일,경상남도 거제시 고현동,경상사고,0,0,1,0,차대차 - 추돌 - 진행중,안전운전불이행,건조,맑음,단일로 - 기타,승용,남,26세,상해없음,승용,여,46세,기타불명
2013100100100259,2013년 10월 1일 12시,화요일,경상남도 진주시 장대동,사망사고,1,1,0,0,차대차 - 기타,중앙선침범,건조,맑음,교차로 - 교차로부근,승용,남,59세,중상,자전거,남,68세,사망
2013100100100289,2013년 10월 1일 13시,화요일,경상남도 진주시 인사동,중상사고,0,1,0,0,차대사람 - 횡단중,안전운전불이행,건조,맑음,단일로 - 기타,승용,여,36세,상해없음,보행자,남,66세,중상
2013100100100290,2013년 10월 1일 13시,화요일,경상남도 통영시 무전동,경상사고,0,0,1,0,차대차 - 추돌 - 주정차중,안전운전불이행,건조,흐림,단일로 - 기타,승용,남,57세,기타불명,승용,남,42세,경상
2013100100100317,2013년 10월 1일 14시,화요일,경상남도 진주시 상대동,중상사고,0,1,0,0,차대차 - 기타,교차로운행방법위반,건조,맑음,교차로 - 교차로안,화물,남,51세,상해없음,자전거,남,71세,중상
2013100100100353,2013년 10월 1일 15시,화요일,경상남도 창원시 마산합포구 상남동,경상사고,0,0,1,0,차대차 - 측면직각충돌,안전거리미확보,건조,맑음,교차로 - 교차로안,승용,여,51세,경상,화물,남,53세,상해없음
2013100100100354,2013년 10월 1일 15시,화요일,경상남도 창원시 진해구 이동,경상사고,0,0,1,0,차대차 - 측면직각충돌,신호위반,건조,맑음,교차로 - 교차로안,승용,남,58세,상해없음,승용,여,57세,경상
2013100100100355,2013년 10월 1일 15시,화요일,경상남도 창녕군 대합면,중상사고,0,1,1,0,차대차 - 기타,안전운전불이행,건조,맑음,단일로 - 기타,화물,남,31세,상해없음,원동기,남,82세,중상
2013100100100379,2013년 10월 1일 16시,화요일,경상남도 진주시 상대동,중상사고,0,1,0,0,차대차 - 측면직각충돌,안전운전불이행,건조,맑음,교차로 - 교차로부근,승합,남,52세,상해없음,자전거,남,77세,중상
2013100100100380,2013년 10월 1일 16시,화요일,경상남도 창원시 의창구 팔용동,경상사고,0,0,1,0,차대차 - 측면직각충돌,교차로운행방법위반,건조,맑음,교차로 - 교차로안,승합,남,41세,상해없음,화물,남,61세,경상
2013100100100381,2013년 10월 1일 16시,화요일,경상남도 김해시 진영읍,경상사고,0,0,1,0,차대차 - 추돌 - 진행중,안전운전불이행,건조,맑음,단일로 - 기타,화물,남,66세,상해없음,승용,남,54세,상해없음
2013100100100461,2013년 10월 1일 18시,화요일,경상남도 합천군 쌍책면,부상신고사고,0,0,0,1,차량단독 - 도로외이탈 - 추락,안전운전불이행,건조,기타,단일로 - 기타,화물,남,53세,부상신고,,,,
2013100100100462,2013년 10월 1일 18시,화요일,경상남도 양산시 물금읍,경상사고,0,0,1,0,차대차 - 기타,안전운전불이행,건조,맑음,단일로 - 기타,승용,여,41세,상해없음,자전거,남,34세,경상
2013100100100463,2013년 10월 1일 18시,화요일,경상남도 남해군 상주면,경상사고,0,0,3,0,차량단독 - 도로외이탈 - 기타,안전운전불이행,건조,맑음,단일로 - 기타,화물,남,19세,상해없음,,,,
2013100100100464,2013년 10월 1일 18시,화요일,경상남도 함안군 군북면,경상사고,0,0,1,0,차대사람 - 기타,안전운전불이행,건조,맑음,단일로 - 기타,승용,남,53세,상해없음,보행자,남,53세,경상
2013100100100465,2013년 10월 1일 18시,화요일,경상남도 창원시 마산회원구 석전동,중상사고,0,1,0,0,차대사람 - 횡단중,중앙선침범,건조,맑음,단일로 - 기타,승용,남,52세,상해없음,보행자,여,68세,중상
2013100100100505,2013년 10월 1일 19시,화요일,경상남도 고성군 회화면,경상사고,0,0,1,0,차대사람 - 기타,안전운전불이행,건조,맑음,교차로 - 교차로안,승용,여,46세,상해없음,보행자,남,57세,경상
2013100100100544,2013년 10월 1일 20시,화요일,경상남도 창원시 마산합포구 월남동2가,경상사고,0,0,1,0,차대차 - 측면직각충돌,안전거리미확보,건조,맑음,교차로 - 교차로부근,승용,남,54세,상해없음,원동기,남,19세,경상
2013100100100545,2013년 10월 1일 20시,화요일,경상남도 의령군 부림면,중상사고,0,1,0,0,차대차 - 기타,교차로운행방법위반,건조,맑음,교차로 - 교차로안,화물,남,37세,상해없음,원동기,남,42세,중상
2013100100100603,2013년 10월 1일 22시,화요일,경상남도 거제시 장승포동,중상사고,0,1,0,0,차대차 - 기타,안전운전불이행,건조,맑음,단일로 - 기타,승용,남,40세,상해없음,원동기,남,59세,중상
2013100200100027,2013년 10월 2일 01시,수요일,경상남도 김해시 어방동,사망사고,1,0,0,0,차대차 - 측면직각충돌,과속,건조,흐림,교차로 - 교차로안,승용,남,30세,상해없음,이륜,남,36세,사망
2013100200100036,2013년 10월 2일 02시,수요일,경상남도 양산시 명동,사망사고,1,0,0,0,차량단독 - 전도전복,안전운전불이행,건조,맑음,교차로 - 교차로부근,이륜,남,18세,사망,,,,
2013100200100039,2013년 10월 2일 03시,수요일,경상남도 사천시 좌룡동,사망사고,1,0,0,0,차대사람 - 기타,안전운전불이행,습기,흐림,단일로 - 기타,승용,남,31세,상해없음,보행자,남,69세,사망
2013100200100051,2013년 10월 2일 05시,수요일,경상남도 밀양시 내이동,중상사고,0,1,0,0,차대사람 - 차도통행중,안전운전불이행,건조,흐림,교차로 - 교차로부근,화물,남,56세,상해없음,보행자,남,53세,중상
2013100200100052,2013년 10월 2일 05시,수요일,경상남도 창원시 의창구 소답동,중상사고,0,1,0,0,차대차 - 정면충돌,중앙선침범,습기,비,교차로 - 교차로부근,승용,남,50세,상해없음,승용,남,55세,중상
2013100200100063,2013년 10월 2일 06시,수요일,경상남도 김해시 대동면,사망사고,1,0,0,0,차대차 - 기타,안전운전불이행,습기,흐림,단일로 - 기타,승용,남,59세,사망,농기계,남,55세,기타불명
2013100200100088,2013년 10월 2일 07시,수요일,경상남도 거창군 마리면,경상사고,0,0,1,0,차대차 - 측면직각충돌,교차로운행방법위반,습기,비,교차로 - 교차로안,화물,남,45세,상해없음,승용,남,35세,경상
2013100200100089,2013년 10월 2일 07시,수요일,경상남도 거제시 장평동,사망사고,1,0,1,0,차대차 - 기타,안전운전불이행,습기,비,단일로 - 기타,화물,남,64세,사망,화물,남,44세,경상
2013100200100108,2013년 10월 2일 08시,수요일,경상남도 거제시 아주동,경상사고,0,0,1,0,차대사람 - 횡단중,안전운전불이행,건조,맑음,단일로 - 기타,승용,남,28세,기타불명,보행자,남,10세,경상
2013100200100189,2013년 10월 2일 11시,수요일,경상남도 창원시 진해구 석동,경상사고,0,0,4,0,차대차 - 추돌 - 주정차중,안전거리미확보,습기,비,단일로 - 기타,화물,남,54세,상해없음,승용,남,33세,경상
2013100200100247,2013년 10월 2일 13시,수요일,경상남도 창원시 진해구 장천동,중상사고,0,1,1,0,차량단독 - 전도전복,안전운전불이행,건조,맑음,교차로 - 교차로부근,승용,여,73세,상해없음,,,,
2013100200100248,2013년 10월 2일 13시,수요일,경상남도 김해시 외동,중상사고,0,1,0,0,차대사람 - 기타,안전운전불이행,건조,흐림,단일로 - 기타,승용,여,41세,상해없음,보행자,여,41세,중상
2013100200100249,2013년 10월 2일 13시,수요일,경상남도 창원시 의창구 북면,경상사고,0,0,1,0,차대차 - 추돌 - 주정차중,안전운전불이행,건조,맑음,단일로 - 기타,화물,남,25세,상해없음,특수,남,61세,경상
2013100200100276,2013년 10월 2일 14시,수요일,경상남도 합천군 초계면,중상사고,0,1,1,0,차대차 - 정면충돌,안전운전불이행,건조,맑음,교차로 - 교차로안,화물,남,56세,경상,승용,남,34세,중상
2013100200100277,2013년 10월 2일 14시,수요일,경상남도 산청군 신안면,사망사고,1,0,0,0,차대차 - 추돌 - 진행중,안전운전불이행,건조,맑음,단일로 - 기타,승용,남,49세,상해없음,농기계,남,75세,사망
2013100200100278,2013년 10월 2일 14시,수요일,경상남도 창원시 마산회원구 내서읍,중상사고,0,1,0,0,차대사람 - 차도통행중,안전운전불이행,건조,맑음,단일로 - 기타,승용,남,41세,상해없음,보행자,여,64세,중상
2013100200100344,2013년 10월 2일 16시,수요일,경상남도 창원시 의창구 봉곡동,경상사고,0,0,1,0,차대사람 - 횡단중,안전운전불이행,건조,맑음,교차로 - 교차로안,승용,남,44세,상해없음,보행자,여,68세,경상
2013100200100345,2013년 10월 2일 16시,수요일,경상남도 김해시 한림면,경상사고,0,0,1,0,차대차 - 정면충돌,중앙선침범,건조,맑음,단일로 - 기타,승용,남,52세,상해없음,화물,남,40세,경상
2013100200100391,2013년 10월 2일 17시,수요일,경상남도 창원시 마산회원구 양덕동,경상사고,0,0,1,0,차량단독 - 공작물충돌,기타,건조,맑음,교차로 - 교차로안,이륜,남,69세,경상,,,,
2013100200100437,2013년 10월 2일 18시,수요일,경상남도 창원시 진해구 이동,경상사고,0,0,1,0,차대차 - 추돌 - 주정차중,안전운전불이행,건조,맑음,단일로 - 기타,승용,여,52세,상해없음,승용,남,50세,경상
2013100200100438,2013년 10월 2일 18시,수요일,경상남도 사천시 동림동,중상사고,0,1,0,0,차대차 - 측면직각충돌,안전운전불이행,건조,맑음,교차로 - 교차로안,승용,여,54세,상해없음,화물,여,52세,중상
2013100200100439,2013년 10월 2일 18시,수요일,경상남도 사천시 동금동,중상사고,0,1,0,0,차대차 - 기타,안전운전불이행,건조,맑음,단일로 - 기타,승용,남,56세,상해없음,승용,여,40세,중상
2013100200100440,2013년 10월 2일 18시,수요일,경상남도 창원시 성산구 귀산동,중상사고,0,1,0,0,차대차 - 측면직각충돌,안전운전불이행,건조,맑음,단일로 - 기타,화물,남,54세,상해없음,승용,남,52세,중상
2013100200100490,2013년 10월 2일 19시,수요일,경상남도 진주시 신안동,경상사고,0,0,1,0,차대차 - 기타,신호위반,건조,맑음,단일로 - 횡단보도상,자전거,남,57세,경상,승용,남,34세,상해없음
2013100200100491,2013년 10월 2일 19시,수요일,경상남도 거창군 거창읍,부상신고사고,0,0,0,1,차대사람 - 보도통행중,안전운전불이행,건조,맑음,교차로 - 교차로부근,승용,남,53세,상해없음,보행자,남,54세,부상신고
2013100200100492,2013년 10월 2일 19시,수요일,경상남도 거제시 둔덕면,사망사고,1,0,0,0,차대차 - 기타,중앙선침범,건조,맑음,단일로 - 기타,원동기,남,60세,사망,승용,여,42세,상해없음
2013100200100493,2013년 10월 2일 19시,수요일,경상남도 창원시 성산구 외동,경상사고,0,0,1,0,차대차 - 측면직각충돌,안전운전불이행,건조,맑음,교차로 - 교차로안,화물,남,67세,상해없음,승용,남,49세,경상
2013100200100494,2013년 10월 2일 19시,수요일,경상남도 창원시 성산구 상남동,중상사고,0,1,0,0,차대사람 - 기타,안전운전불이행,건조,맑음,단일로 - 기타,자전거,남,14세,상해없음,보행자,여,64세,중상
2013100200100495,2013년 10월 2일 19시,수요일,경상남도 창원시 의창구 명서동,중상사고,0,1,0,0,차대차 - 추돌 - 진행중,안전거리미확보,건조,맑음,단일로 - 기타,승용,남,50세,상해없음,자전거,남,37세,중상
2013100200100496,2013년 10월 2일 19시,수요일,경상남도 창원시 의창구 도계동,경상사고,0,0,1,0,차대사람 - 횡단중,교차로운행방법위반,건조,맑음,교차로 - 교차로안,승용,여,37세,상해없음,보행자,남,63세,경상
2013100200100533,2013년 10월 2일 20시,수요일,경상남도 창원시 성산구 신촌동,중상사고,0,1,1,0,차대차 - 측면직각충돌,신호위반,건조,맑음,교차로 - 교차로안,승용,남,31세,상해없음,승용,남,58세,중상
2013100200100534,2013년 10월 2일 20시,수요일,경상남도 창원시 마산회원구 내서읍,경상사고,0,0,1,0,차대차 - 정면충돌,중앙선침범,건조,맑음,단일로 - 기타,자전거,남,10세,경상,이륜,남,51세,상해없음
2013100200100562,2013년 10월 2일 21시,수요일,경상남도 김해시 생림면,중상사고,0,1,0,0,차대차 - 정면충돌,중앙선침범,건조,맑음,단일로 - 기타,승합,남,55세,중상,화물,남,64세,상해없음
2013100200100563,2013년 10월 2일 21시,수요일,경상남도 거제시 옥포동,경상사고,0,0,1,0,차대사람 - 기타,신호위반,건조,맑음,단일로 - 기타,승용,남,36세,상해없음,보행자,남,25세,경상
2013100200100594,2013년 10월 2일 22시,수요일,경상남도 창원시 진해구 이동,중상사고,0,1,0,0,차대사람 - 횡단중,보행자보호의무위반,건조,맑음,단일로 - 횡단보도상,승용,남,33세,상해없음,보행자,여,25세,중상
2013100200100595,2013년 10월 2일 22시,수요일,경상남도 거제시 옥포동,중상사고,0,1,0,0,차대사람 - 차도통행중,안전운전불이행,건조,맑음,단일로 - 기타,승용,남,30세,기타불명,보행자,여,41세,중상
2013100200100596,2013년 10월 2일 22시,수요일,경상남도 창원시 성산구 상남동,중상사고,0,1,1,0,차대차 - 측면직각충돌,신호위반,건조,맑음,교차로 - 교차로안,승용,남,25세,상해없음,승용,여,43세,중상
2013100200100625,2013년 10월 2일 23시,수요일,경상남도 창원시 마산합포구 월영동,중상사고,0,1,0,0,차대사람 - 횡단중,신호위반,건조,맑음,단일로 - 횡단보도상,승용,남,41세,상해없음,보행자,남,52세,중상
2013100300100020,2013년 10월 3일 00시,목요일,경상남도 남해군 남해읍,사망사고,1,0,0,0,차량단독 - 기타,안전운전불이행,건조,기타,기타 - 기타,화물,남,38세,사망,,,,
2013100300100046,2013년 10월 3일 01시,목요일,경상남도 거제시 고현동,중상사고,0,1,0,0,차대차 - 기타,중앙선침범,건조,맑음,교차로 - 교차로안,승용,남,30세,상해없음,승용,남,28세,상해없음
2013100300100066,2013년 10월 3일 02시,목요일,경상남도 창원시 의창구 용호동,중상사고,0,1,0,0,차대차 - 추돌 - 주정차중,안전운전불이행,건조,맑음,교차로 - 교차로부근,승용,남,47세,상해없음,승용,남,56세,중상
2013100300100095,2013년 10월 3일 04시,목요일,경상남도 진주시 가좌동,경상사고,0,0,1,0,차대차 - 기타,안전운전불이행,건조,맑음,단일로 - 기타,승용,남,27세,경상,화물,남,59세,상해없음
2013100300100117,2013년 10월 3일 05시,목요일,경상남도 창원시 마산회원구 봉암동,중상사고,0,5,1,0,차대차 - 정면충돌,신호위반,건조,맑음,교차로 - 교차로안,승합,남,67세,상해없음,승용,남,54세,경상
2013100300100132,2013년 10월 3일 06시,목요일,경상남도 창원시 마산회원구 석전동,경상사고,0,0,1,0,차대차 - 측면직각충돌,안전운전불이행,건조,맑음,교차로 - 교차로부근,승용,남,36세,상해없음,승용,남,53세,경상
2013100300100145,2013년 10월 3일 07시,목요일,경상남도 밀양시 단장면,중상사고,0,1,0,0,차량단독 - 도로외이탈 - 추락,안전운전불이행,건조,맑음,단일로 - 기타,농기계,남,63세,상해없음,,,,
2013100300100190,2013년 10월 3일 09시,목요일,경상남도 거창군 가조면,중상사고,0,2,1,0,차대차 - 측면직각충돌,안전운전불이행,건조,맑음,단일로 - 기타,원동기,남,64세,중상,화물,남,72세,상해없음
2013100300100239,2013년 10월 3일 11시,목요일,경상남도 밀양시 내이동,부상신고사고,0,0,0,1,차대차 - 측면직각충돌,신호위반,건조,맑음,교차로 - 교차로안,승용,여,57세,상해없음,승용,여,37세,부상신고
2013100300100240,2013년 10월 3일 11시,목요일,경상남도 창원시 의창구 동읍,경상사고,0,0,2,0,차대차 - 추돌 - 진행중,안전거리미확보,건조,맑음,단일로 - 기타,승용,남,37세,상해없음,승용,여,47세,경상
2013100300100263,2013년 10월 3일 12시,목요일,경상남도 거제시 아주동,중상사고,0,1,0,0,차대차 - 추돌 - 주정차중,안전운전불이행,건조,맑음,단일로 - 기타,화물,남,56세,상해없음,승용,남,33세,중상
2013100300100312,2013년 10월 3일 14시,목요일,경상남도 거제시 고현동,중상사고,0,1,0,0,차대차 - 측면직각충돌,안전운전불이행,건조,맑음,단일로 - 기타,승용,남,59세,상해없음,원동기,남,33세,중상