사고번호,사고일시,요일,시군구,사고내용,사망자수,중상자수,경상자수,부상신고자수,사고유형,법규위반,노면상태,기상상태,도로형태,가해운전자 차종,가해운전자 성별,가해운전자 연령,가해운전자 상해정도,피해운전자 차종,피해운전자 성별,피해운전자 연령,피해운전자 상해정도
2013100600100291,2013년 10월 6일 16시,일요일,경상남도 통영시 북신동,중상사고,0,1,0,0,차대사람 - 횡단중,보행자보호의무위반,건조,맑음,단일로 - 횡단보도상,승용,여,42세,상해없음,보행자,남,5세,중상
2013100600100292,2013년 10월 6일 16시,일요일,경상남도 사천시 사남면,경상사고,0,0,1,0,차대차 - 측면직각충돌,안전운전불이행,건조,흐림,단일로 - 기타,이륜,남,45세,경상,승용,남,57세,상해없음
2013100600100293,2013년 10월 6일 16시,일요일,경상남도 함양군 함양읍,경상사고,0,0,2,0,차대차 - 측면직각충돌,교차로운행방법위반,습기,비,교차로 - 교차로안,승용,남,52세,상해없음,승용,여,36세,경상
2013100600100361,2013년 10월 6일 18시,일요일,경상남도 창원시 마산합포구 상남동,중상사고,0,1,0,0,차대차 - 추돌 - 진행중,안전운전불이행,건조,맑음,단일로 - 기타,승용,기타불명,기타불명,기타불명,자전거,남,49세,중상
2013100600100362,2013년 10월 6일 18시,일요일,경상남도 김해시 진영읍,중상사고,0,1,1,0,차대차 - 추돌 - 주정차중,안전운전불이행,건조,맑음,단일로 - 기타,승용,남,37세,상해없음,승용,남,31세,경상
2013100600100405,2013년 10월 6일 19시,일요일,경상남도 김해시 진례면,경상사고,0,0,1,0,차대차 - 기타,교차로운행방법위반,건조,맑음,교차로 - 교차로부근,승용,남,52세,상해없음,자전거,남,33세,경상
2013100600100431,2013년 10월 6일 20시,일요일,경상남도 양산시 북부동,중상사고,0,1,0,0,차대사람 - 횡단중,안전운전불이행,건조,맑음,단일로 - 횡단보도부근,승용,남,45세,상해없음,보행자,남,60세,중상
2013100600100460,2013년 10월 6일 21시,일요일,경상남도 김해시 외동,경상사고,0,0,1,0,차대차 - 기타,안전운전불이행,습기,흐림,교차로 - 교차로안,승용,남,51세,상해없음,원동기,남,16세,경상
2013100600100461,2013년 10월 6일 21시,일요일,경상남도 양산시 남부동,경상사고,0,0,2,0,차대차 - 기타,안전운전불이행,건조,맑음,교차로 - 교차로부근,승용,여,31세,상해없음,승용,남,31세,경상
2013100600100462,2013년 10월 6일 21시,일요일,경상남도 양산시 평산동,경상사고,0,0,1,0,차대차 - 기타,안전운전불이행,습기,비,교차로 - 교차로부근,화물,남,51세,상해없음,승용,여,26세,경상
2013100600100488,2013년 10월 6일 22시,일요일,경상남도 사천시 사천읍,경상사고,0,0,3,0,차대차 - 측면직각충돌,안전운전불이행,건조,맑음,교차로 - 교차로부근,승용,여,37세,상해없음,승합,남,64세,경상
2013100600100489,2013년 10월 6일 22시,일요일,경상남도 하동군 악양면,경상사고,0,0,4,0,차대차 - 측면직각충돌,중앙선침범,건조,맑음,단일로 - 기타,승용,남,42세,상해없음,승용,여,43세,경상
2013100700100010,2013년 10월 7일 00시,월요일,경상남도 양산시 삼호동,경상사고,0,0,2,0,차대차 - 기타,직진우회전진행방해,습기,비,교차로 - 교차로안,승용,남,44세,기타불명,승용,남,23세,경상
2013100700100027,2013년 10월 7일 02시,월요일,경상남도 사천시 용현면,경상사고,0,0,2,0,차대차 - 측면직각충돌,신호위반,건조,맑음,교차로 - 교차로안,화물,남,71세,상해없음,승용,남,31세,경상
2013100700100049,2013년 10월 7일 05시,월요일,경상남도 창원시 의창구 도계동,경상사고,0,0,1,0,차대차 - 측면직각충돌,안전운전불이행,건조,맑음,교차로 - 교차로부근,승용,남,31세,상해없음,승용,남,51세,경상
2013100700100139,2013년 10월 7일 09시,월요일,경상남도 창녕군 고암면,중상사고,0,1,0,0,차대차 - 측면직각충돌,직진우회전진행방해,건조,맑음,교차로 - 교차로안,승용,남,55세,중상,화물,남,49세,상해없음
2013100700100140,2013년 10월 7일 09시,월요일,경상남도 창원시 의창구 동읍,경상사고,0,0,1,0,차대차 - 측면직각충돌,안전운전불이행,건조,맑음,단일로 - 기타,화물,남,31세,상해없음,승용,여,53세,경상
2013100700100175,2013년 10월 7일 10시,월요일,경상남도 김해시 외동,중상사고,0,1,2,0,차대차 - 측면직각충돌,신호위반,건조,맑음,교차로 - 교차로안,화물,여,69세,경상,승용,여,37세,경상
2013100700100176,2013년 10월 7일 10시,월요일,경상남도 거제시 고현동,중상사고,0,1,0,0,차대사람 - 기타,보행자보호의무위반,건조,맑음,단일로 - 횡단보도상,화물,남,40세,상해없음,보행자,남,52세,중상
2013100700100203,2013년 10월 7일 11시,월요일,경상남도 창원시 진해구 이동,경상사고,0,0,1,0,차대차 - 측면직각충돌,안전거리미확보,건조,맑음,교차로 - 교차로부근,원동기,남,73세,경상,승용,여,55세,상해없음
2013100700100290,2013년 10월 7일 14시,월요일,경상남도 사천시 동림동,경상사고,0,0,2,0,차대차 - 측면직각충돌,교차로운행방법위반,건조,맑음,교차로 - 교차로부근,승용,여,71세,경상,승용,여,38세,경상
2013100700100318,2013년 10월 7일 15시,월요일,경상남도 창원시 진해구 현동,중상사고,0,1,1,0,차대차 - 추돌 - 주정차중,안전거리미확보,건조,맑음,단일로 - 터널,원동기,여,69세,중상,승용,여,35세,경상
2013100700100341,2013년 10월 7일 16시,월요일,경상남도 합천군 적중면,경상사고,0,0,1,0,차대차 - 정면충돌,교차로운행방법위반,건조,맑음,교차로 - 교차로안,승용,남,35세,상해없음,이륜,남,77세,경상
2013100700100342,2013년 10월 7일 16시,월요일,경상남도 거제시 장승포동,경상사고,0,0,1,0,차대차 - 측면직각충돌,신호위반,습기,비,교차로 - 교차로안,승용,여,46세,상해없음,승합,남,43세,상해없음
2013100700100374,2013년 10월 7일 17시,월요일,경상남도 거창군 거창읍,경상사고,0,0,1,0,차대사람 - 기타,안전운전불이행,건조,맑음,교차로 - 교차로부근,승용,여,35세,상해없음,보행자,여,16세,경상
2013100700100375,2013년 10월 7일 17시,월요일,경상남도 산청군 산청읍,중상사고,0,1,0,0,차대사람 - 횡단중,안전운전불이행,건조,맑음,교차로 - 교차로안,화물,남,56세,상해없음,보행자,남,9세,중상
2013100700100376,2013년 10월 7일 17시,월요일,경상남도 창원시 마산회원구 양덕동,경상사고,0,0,1,0,차량단독 - 기타,안전운전불이행,건조,맑음,단일로 - 기타,승합,남,50세,상해없음,,,,
2013100700100377,2013년 10월 7일 17시,월요일,경상남도 창원시 의창구 팔용동,경상사고,0,0,1,0,차대차 - 측면직각충돌,교차로운행방법위반,건조,흐림,교차로 - 교차로안,승용,남,40세,상해없음,승용,여,28세,경상
2013100700100427,2013년 10월 7일 18시,월요일,경상남도 창원시 마산합포구 창포동2가,경상사고,0,0,1,0,차대사람 - 횡단중,중앙선침범,습기,흐림,단일로 - 기타,이륜,기타불명,기타불명,기타불명,보행자,남,8세,경상
2013100700100428,2013년 10월 7일 18시,월요일,경상남도 창원시 진해구 경화동,경상사고,0,0,2,0,차대차 - 추돌 - 주정차중,안전운전불이행,건조,맑음,교차로 - 교차로부근,승용,남,70세,상해없음,승용,남,28세,경상
2013100700100429,2013년 10월 7일 18시,월요일,경상남도 창원시 의창구 용호동,중상사고,0,1,3,0,차대차 - 기타,교차로운행방법위반,기타,맑음,교차로 - 교차로안,승용,남,61세,상해없음,승용,남,23세,중상
2013100700100462,2013년 10월 7일 19시,월요일,경상남도 거제시 고현동,중상사고,0,1,0,0,차대차 - 측면직각충돌,신호위반,건조,맑음,교차로 - 교차로안,승용,남,25세,상해없음,이륜,남,20세,중상
2013100700100463,2013년 10월 7일 19시,월요일,경상남도 창원시 의창구 대원동,경상사고,0,0,2,0,차대차 - 추돌 - 진행중,안전운전불이행,습기,비,단일로 - 기타,기타불명,기타불명,기타불명,기타불명,승용,여,54세,경상
2013100700100464,2013년 10월 7일 19시,월요일,경상남도 김해시 장유면,중상사고,0,1,0,0,차대차 - 기타,안전운전불이행,습기,비,단일로 - 기타,승용,남,44세,상해없음,자전거,남,72세,중상
2013100700100501,2013년 10월 7일 20시,월요일,경상남도 창원시 마산합포구 월포동,경상사고,0,0,3,0,차대차 - 기타,안전운전불이행,건조,맑음,단일로 - 기타,승용,남,58세,상해없음,승용,여,56세,경상
2013100700100502,2013년 10월 7일 20시,월요일,경상남도 합천군 율곡면,중상사고,0,1,0,0,차대차 - 측면직각충돌,중앙선침범,건조,기타,단일로 - 기타,화물,남,22세,기타불명,승용,남,57세,중상
2013100700100503,2013년 10월 7일 20시,월요일,경상남도 창원시 마산회원구 내서읍,경상사고,0,0,3,0,차량단독 - 기타,안전운전불이행,건조,맑음,교차로 - 교차로부근,승용,남,51세,상해없음,,,,
2013100700100536,2013년 10월 7일 21시,월요일,경상남도 창원시 진해구 용원동,중상사고,0,1,0,0,차량단독 - 주차차량충돌,안전운전불이행,건조,맑음,단일로 - 기타,승용,여,45세,상해없음,,,,
2013100700100537,2013년 10월 7일 21시,월요일,경상남도 함안군 가야읍,중상사고,0,1,0,0,차대사람 - 길가장자리구역통행중,안전운전불이행,습기,비,단일로 - 기타,승용,남,35세,상해없음,보행자,남,18세,중상
2013100700100538,2013년 10월 7일 21시,월요일,경상남도 창원시 성산구 상남동,중상사고,0,1,0,0,차대차 - 기타,안전거리미확보,습기,흐림,단일로 - 기타,승용,남,52세,상해없음,이륜,남,47세,중상
2013100700100539,2013년 10월 7일 21시,월요일,경상남도 창원시 의창구 명서동,경상사고,0,0,1,0,차대사람 - 기타,안전운전불이행,습기,비,교차로 - 교차로안,승용,여,37세,상해없음,보행자,여,16세,경상
2013100700100540,2013년 10월 7일 21시,월요일,경상남도 창원시 의창구 봉곡동,경상사고,0,0,1,0,차대차 - 추돌 - 진행중,안전운전불이행,습기,비,교차로 - 교차로부근,승용,남,58세,상해없음,승용,여,38세,경상
2013100700100556,2013년 10월 7일 22시,월요일,경상남도 양산시 신기동,경상사고,0,0,2,0,차대차 - 기타,안전운전불이행,건조,맑음,단일로 - 기타,승용,남,31세,상해없음,승용,여,49세,경상
2013100700100578,2013년 10월 7일 22시,월요일,경상남도 김해시 외동,중상사고,0,1,0,0,차대사람 - 기타,안전운전불이행,습기,비,단일로 - 기타,승용,남,43세,상해없음,보행자,남,47세,중상
2013100700100579,2013년 10월 7일 22시,월요일,경상남도 거제시 상동동,경상사고,0,0,1,0,차대차 - 측면직각충돌,안전운전불이행,건조,맑음,교차로 - 교차로안,승용,남,49세,기타불명,승합,남,35세,상해없음
2013100700100580,2013년 10월 7일 22시,월요일,경상남도 거제시 아주동,경상사고,0,0,1,0,차대차 - 측면직각충돌,안전운전불이행,습기,비,단일로 - 기타,화물,남,36세,기타불명,승용,남,26세,경상
2013100700100581,2013년 10월 7일 22시,월요일,경상남도 창원시 성산구 반지동,경상사고,0,0,2,0,차대차 - 추돌 - 주정차중,안전운전불이행,습기,비,단일로 - 기타,승용,남,45세,상해없음,승용,남,27세,경상
2013100700100582,2013년 10월 7일 22시,월요일,경상남도 창원시 마산회원구 구암동,중상사고,0,1,0,0,차대차 - 측면직각충돌,안전운전불이행,습기,비,단일로 - 기타,승용,남,55세,상해없음,승용,남,30세,중상
2013100700100611,2013년 10월 7일 23시,월요일,경상남도 창원시 마산회원구 합성동,중상사고,0,1,0,0,차대차 - 기타,안전운전불이행,습기,흐림,단일로 - 기타,승용,기타불명,기타불명,기타불명,자전거,남,21세,중상
2013100800100013,2013년 10월 8일 00시,화요일,경상남도 사천시 사천읍,경상사고,0,0,1,0,차대차 - 추돌 - 주정차중,안전거리미확보,습기,비,교차로 - 교차로부근,승용,여,51세,상해없음,승용,남,27세,경상
2013100800100014,2013년 10월 8일 00시,화요일,경상남도 양산시 남부동,중상사고,0,1,0,0,차대차 - 추돌 - 주정차중,안전운전불이행,건조,맑음,기타 - 기타,승용,남,39세,상해없음,승용,여,25세,중상
2013100800100015,2013년 10월 8일 00시,화요일,경상남도 창원시 마산회원구 석전동,경상사고,0,0,1,0,차대차 - 측면직각충돌,안전운전불이행,습기,비,교차로 - 교차로부근,승용,여,47세,상해없음,승용,남,61세,경상
2013100800100016,2013년 10월 8일 00시,화요일,경상남도 창원시 의창구 팔용동,경상사고,0,0,3,0,차대차 - 추돌 - 주정차중,안전운전불이행,습기,비,교차로 - 교차로부근,승용,남,50세,상해없음,특수,남,46세,상해없음
2013100800100037,2013년 10월 8일 01시,화요일,경상남도 창원시 의창구 팔용동,중상사고,0,1,1,0,차대차 - 측면직각충돌,안전운전불이행,습기,비,단일로 - 기타,승용,남,26세,기타불명,승용,남,70세,상해없음
2013100800100038,2013년 10월 8일 01시,화요일,경상남도 창원시 의창구 소답동,경상사고,0,0,1,0,차대사람 - 기타,안전운전불이행,습기,비,교차로 - 교차로안,승용,남,61세,상해없음,보행자,여,60세,경상
2013100800100102,2013년 10월 8일 06시,화요일,경상남도 창원시 의창구 중동,경상사고,0,0,2,0,차대차 - 측면직각충돌,신호위반,습기,비,교차로 - 교차로안,승용,여,27세,상해없음,승용,남,57세,경상
2013100800100103,2013년 10월 8일 06시,화요일,경상남도 김해시 흥동,경상사고,0,0,1,0,차대차 - 기타,안전운전불이행,습기,비,교차로 - 교차로안,화물,남,54세,상해없음,화물,남,63세,경상
2013100800100134,2013년 10월 8일 07시,화요일,경상남도 진주시 상대동,경상사고,0,0,3,1,차대차 - 기타,중앙선침범,건조,맑음,교차로 - 교차로안,승용,남,30세,부상신고,승용,남,41세,경상
2013100800100135,2013년 10월 8일 07시,화요일,경상남도 통영시 무전동,중상사고,0,1,2,0,차대차 - 측면직각충돌,직진우회전진행방해,습기,비,교차로 - 교차로안,승용,남,42세,상해없음,승용,여,25세,경상
2013100800100136,2013년 10월 8일 07시,화요일,경상남도 사천시 서동,중상사고,0,1,0,0,차대사람 - 차도통행중,신호위반,건조,맑음,단일로 - 기타,승용,남,51세,상해없음,보행자,여,81세,중상
2013100800100169,2013년 10월 8일 08시,화요일,경상남도 김해시 외동,중상사고,0,1,0,0,차대사람 - 횡단중,보행자보호의무위반,습기,비,단일로 - 횡단보도상,승합,남,50세,상해없음,보행자,여,14세,중상
2013100800100170,2013년 10월 8일 08시,화요일,경상남도 창원시 마산회원구 석전동,경상사고,0,0,1,0,차대사람 - 기타,신호위반,건조,맑음,단일로 - 횡단보도상,승용,남,57세,상해없음,보행자,남,12세,경상
2013100800100171,2013년 10월 8일 08시,화요일,경상남도 김해시 장유면,중상사고,0,1,0,0,차대사람 - 기타,안전운전불이행,습기,비,단일로 - 기타,기타불명,기타불명,기타불명,기타불명,보행자,여,14세,중상
2013100800100196,2013년 10월 8일 09시,화요일,경상남도 통영시 도산면,중상사고,0,1,0,0,차대차 - 측면직각충돌,안전운전불이행,습기,비,교차로 - 교차로안,승용,여,60세,상해없음,화물,남,32세,중상
2013100800100197,2013년 10월 8일 09시,화요일,경상남도 거창군 거창읍,중상사고,0,1,0,0,차대사람 - 보도통행중,보행자보호의무위반,건조,맑음,교차로 - 교차로안,화물,남,51세,상해없음,보행자,여,74세,중상
2013100800100198,2013년 10월 8일 09시,화요일,경상남도 창원시 의창구 팔용동,중상사고,0,2,2,0,차대차 - 측면직각충돌,교차로운행방법위반,습기,비,교차로 - 교차로안,승용,여,56세,상해없음,승합,남,44세,중상
2013100800100226,2013년 10월 8일 10시,화요일,경상남도 창원시 진해구 풍호동,중상사고,0,1,0,0,차대차 - 측면직각충돌,안전운전불이행,습기,비,단일로 - 기타,승용,남,60세,상해없음,승용,여,34세,중상
2013100800100227,2013년 10월 8일 10시,화요일,경상남도 사천시 용강동,중상사고,0,1,0,0,차대차 - 측면직각충돌,교차로운행방법위반,습기,비,교차로 - 교차로안,승용,남,60세,상해없음,화물,남,54세,상해없음
2013100800100228,2013년 10월 8일 10시,화요일,경상남도 창원시 의창구 동읍,중상사고,0,1,0,0,차대차 - 추돌 - 진행중,안전운전불이행,습기,비,단일로 - 기타,승용,남,32세,상해없음,승용,남,44세,중상
2013100800100267,2013년 10월 8일 11시,화요일,경상남도 창원시 마산합포구 진동면,중상사고,0,5,0,0,차대차 - 추돌 - 주정차중,안전운전불이행,습기,비,단일로 - 교량,화물,남,44세,상해없음,화물,남,43세,중상
2013100800100268,2013년 10월 8일 11시,화요일,경상남도 거창군 거창읍,경상사고,0,0,1,0,차대차 - 기타,안전운전불이행,습기,비,교차로 - 교차로안,승용,남,66세,상해없음,원동기,여,61세,경상
2013100800100269,2013년 10월 8일 11시,화요일,경상남도 거제시 고현동,경상사고,0,0,1,0,차대차 - 기타,안전운전불이행,습기,비,교차로 - 교차로안,승용,남,32세,상해없음,승합,남,44세,경상
2013100800100301,2013년 10월 8일 12시,화요일,경상남도 통영시 당동,경상사고,0,0,1,0,차대차 - 추돌 - 주정차중,안전운전불이행,습기,비,단일로 - 기타,승용,남,48세,상해없음,승용,남,40세,상해없음
2013100800100302,2013년 10월 8일 12시,화요일,경상남도 거제시 고현동,중상사고,0,2,0,0,차대차 - 측면직각충돌,신호위반,습기,비,교차로 - 교차로안,승용,여,52세,상해없음,승용,여,65세,중상
2013100800100303,2013년 10월 8일 12시,화요일,경상남도 함안군 법수면,경상사고,0,0,1,0,차대차 - 측면직각충돌,신호위반,습기,비,교차로 - 교차로안,승용,남,64세,상해없음,건설기계,남,30세,상해없음
2013100800100304,2013년 10월 8일 12시,화요일,경상남도 의령군 부림면,중상사고,0,1,0,0,차량단독 - 공작물충돌,안전운전불이행,습기,비,단일로 - 기타,화물,남,73세,상해없음,,,,
2013100800100367,2013년 10월 8일 14시,화요일,경상남도 거제시 옥포동,경상사고,0,0,2,0,차대차 - 기타,안전운전불이행,습기,비,교차로 - 교차로부근,승용,여,27세,상해없음,승용,여,43세,경상
2013100800100396,2013년 10월 8일 15시,화요일,경상남도 창원시 진해구 태평동,중상사고,0,1,0,0,차대차 - 측면직각충돌,안전운전불이행,습기,비,교차로 - 교차로안,승용,남,44세,상해없음,이륜,남,21세,중상
2013100800100397,2013년 10월 8일 15시,화요일,경상남도 밀양시 무안면,경상사고,0,0,3,0,차대차 - 측면직각충돌,안전운전불이행,습기,비,단일로 - 기타,승용,여,50세,상해없음,승용,여,43세,경상
2013100800100398,2013년 10월 8일 15시,화요일,경상남도 밀양시 무안면,경상사고,0,0,2,0,차대차 - 정면충돌,중앙선침범,습기,비,단일로 - 기타,승용,남,63세,상해없음,승용,남,21세,경상
2013100800100399,2013년 10월 8일 15시,화요일,경상남도 김해시 진영읍,경상사고,0,0,3,0,차대차 - 추돌 - 진행중,안전운전불이행,습기,비,교차로 - 교차로부근,특수,남,52세,상해없음,승용,남,49세,경상
2013100800100434,2013년 10월 8일 16시,화요일,경상남도 김해시 생림면,중상사고,0,1,0,0,차량단독 - 공작물충돌,안전운전불이행,습기,맑음,단일로 - 기타,화물,남,50세,중상,,,,
2013100800100435,2013년 10월 8일 16시,화요일,경상남도 창원시 마산회원구 내서읍,중상사고,0,1,0,0,차대차 - 측면직각충돌,신호위반,습기,비,교차로 - 교차로안,승용,남,55세,상해없음,승용,남,61세,중상
2013100800100472,2013년 10월 8일 17시,화요일,경상남도 김해시 상동면,경상사고,0,0,1,0,차대차 - 기타,교차로운행방법위반,건조,맑음,교차로 - 교차로안,승용,남,60세,경상,화물,남,50세,상해없음
2013100800100473,2013년 10월 8일 17시,화요일,경상남도 창원시 마산회원구 석전동,경상사고,0,0,1,0,차대차 - 추돌 - 진행중,안전운전불이행,습기,비,단일로 - 기타,화물,남,68세,상해없음,승용,남,37세,경상
2013100800100538,2013년 10월 8일 18시,화요일,경상남도 진주시 신안동,중상사고,0,1,0,0,차대사람 - 보도통행중,신호위반,습기,비,단일로 - 횡단보도상,승용,남,43세,상해없음,보행자,남,68세,중상
2013100800100539,2013년 10월 8일 18시,화요일,경상남도 밀양시 교동,중상사고,0,1,2,0,차대차 - 추돌 - 진행중,안전운전불이행,습기,비,단일로 - 기타,화물,남,46세,상해없음,승용,남,34세,중상
2013100800100540,2013년 10월 8일 18시,화요일,경상남도 산청군 생초면,중상사고,0,1,0,0,차대차 - 정면충돌,중앙선침범,습기,비,단일로 - 기타,승용,남,52세,상해없음,화물,남,73세,중상
2013100800100541,2013년 10월 8일 18시,화요일,경상남도 창원시 성산구 사파동,중상사고,0,3,0,0,차량단독 - 도로외이탈 - 추락,안전운전불이행,습기,비,단일로 - 기타,승용,남,51세,상해없음,,,,
2013100800100542,2013년 10월 8일 18시,화요일,경상남도 김해시 장유면,중상사고,0,1,1,0,차대차 - 추돌 - 진행중,안전거리미확보,건조,맑음,교차로 - 교차로부근,승용,남,37세,상해없음,승용,여,44세,중상
2013100800100623,2013년 10월 8일 20시,화요일,경상남도 통영시 무전동,경상사고,0,0,1,0,차대차 - 추돌 - 진행중,안전운전불이행,습기,비,단일로 - 기타,승용,여,45세,상해없음,승용,남,59세,경상
2013100800100624,2013년 10월 8일 20시,화요일,경상남도 양산시 북정동,경상사고,0,0,2,0,차대차 - 측면직각충돌,안전운전불이행,습기,비,단일로 - 기타,승용,남,56세,상해없음,승용,남,52세,경상
2013100800100625,2013년 10월 8일 20시,화요일,경상남도 남해군 남해읍,경상사고,0,0,1,0,차대사람 - 횡단중,보행자보호의무위반,습기,비,단일로 - 횡단보도상,승용,남,24세,상해없음,보행자,남,14세,경상
2013100800100668,2013년 10월 8일 21시,화요일,경상남도 김해시 삼계동,중상사고,0,1,0,0,차대차 - 추돌 - 진행중,안전거리미확보,습기,비,교차로 - 교차로부근,화물,남,54세,상해없음,승용,남,33세,중상
2013100800100669,2013년 10월 8일 21시,화요일,경상남도 창원시 마산합포구 산호동,중상사고,0,1,1,0,차대차 - 추돌 - 주정차중,안전운전불이행,습기,비,교차로 - 교차로부근,승용,남,38세,상해없음,승용,남,57세,경상
2013100800100708,2013년 10월 8일 22시,화요일,경상남도 양산시 북부동,중상사고,0,1,0,0,차대사람 - 횡단중,안전운전불이행,습기,비,단일로 - 기타,승용,남,36세,상해없음,보행자,남,37세,중상
2013100900100025,2013년 10월 9일 00시,수요일,경상남도 창원시 의창구 동읍,경상사고,0,0,1,0,차대차 - 정면충돌,중앙선침범,습기,흐림,단일로 - 기타,승용,남,22세,상해없음,승용,남,67세,경상
2013100900100026,2013년 10월 9일 00시,수요일,경상남도 창원시 의창구 팔용동,경상사고,0,0,1,0,차대차 - 측면직각충돌,교차로운행방법위반,습기,흐림,교차로 - 교차로안,승용,남,29세,상해없음,승용,남,25세,경상
2013100900100055,2013년 10월 9일 02시,수요일,경상남도 사천시 정동면,경상사고,0,0,1,0,차대차 - 측면직각충돌,교차로운행방법위반,건조,흐림,교차로 - 교차로안,승용,여,50세,상해없음,승용,여,52세,경상
2013100900100110,2013년 10월 9일 07시,수요일,경상남도 김해시 대동면,경상사고,0,0,1,1,차대차 - 추돌 - 주정차중,안전거리미확보,건조,맑음,단일로 - 기타,승용,남,45세,상해없음,승용,남,45세,부상신고
2013100900100137,2013년 10월 9일 08시,수요일,경상남도 김해시 한림면,경상사고,0,0,3,0,차대차 - 기타,안전거리미확보,건조,맑음,단일로 - 기타,승용,남,54세,경상,승용,남,66세,상해없음
2013100900100160,2013년 10월 9일 09시,수요일,경상남도 양산시 삼호동,경상사고,0,0,2,0,차대차 - 추돌 - 진행중,안전운전불이행,건조,맑음,단일로 - 횡단보도부근,승용,남,52세,상해없음,승용,남,44세,경상
2013100900100183,2013년 10월 9일 10시,수요일,경상남도 김해시 대동면,중상사고,0,1,0,0,차대차 - 추돌 - 진행중,안전운전불이행,건조,흐림,단일로 - 기타,이륜,남,50세,중상,승합,남,73세,상해없음
2013100900100184,2013년 10월 9일 10시,수요일,경상남도 고성군 영오면,중상사고,0,1,0,0,차대차 - 측면직각충돌,교차로운행방법위반,건조,맑음,교차로 - 교차로안,화물,남,62세,기타불명,자전거,여,77세,중상
2013100900100216,2013년 10월 9일 11시,수요일,경상남도 김해시 서상동,경상사고,0,0,1,0,차대사람 - 길가장자리구역통행중,안전운전불이행,건조,맑음,단일로 - 기타,승용,여,44세,상해없음,보행자,남,35세,경상
2013100900100298,2013년 10월 9일 14시,수요일,경상남도 진주시 판문동,중상사고,0,2,0,1,차대차 - 측면직각충돌,안전운전불이행,건조,맑음,교차로 - 교차로안,승용,남,62세,부상신고,화물,남,46세,중상
2013100900100321,2013년 10월 9일 15시,수요일,경상남도 창녕군 계성면,중상사고,0,2,0,0,차대차 - 측면직각충돌,교차로운행방법위반,건조,맑음,교차로 - 교차로안,승용,남,72세,상해없음,화물,남,48세,상해없음
2013100900100343,2013년 10월 9일 16시,수요일,경상남도 김해시 어방동,경상사고,0,0,2,0,차대차 - 추돌 - 주정차중,안전운전불이행,건조,흐림,단일로 - 기타,승용,남,35세,상해없음,승용,여,48세,경상
2013100900100344,2013년 10월 9일 16시,수요일,경상남도 창원시 마산회원구 봉암동,경상사고,0,0,1,0,차대차 - 정면충돌,신호위반,건조,맑음,교차로 - 교차로안,화물,남,35세,상해없음,승용,남,44세,경상
2013100900100373,2013년 10월 9일 17시,수요일,경상남도 거제시 옥포동,경상사고,0,0,1,0,차대차 - 기타,안전운전불이행,건조,맑음,기타 - 기타,승용,남,33세,상해없음,자전거,남,48세,경상
2013100900100374,2013년 10월 9일 17시,수요일,경상남도 창원시 성산구 상남동,경상사고,0,0,1,0,차대사람 - 보도통행중,안전운전불이행,건조,맑음,단일로 - 횡단보도부근,승용,여,31세,상해없음,보행자,여,13세,경상
2013100900100418,2013년 10월 9일 18시,수요일,경상남도 통영시 광도면,경상사고,0,0,2,0,차대차 - 측면직각충돌,안전거리미확보,건조,맑음,교차로 - 교차로안,승용,남,52세,상해없음,승용,남,57세,경상
2013100900100419,2013년 10월 9일 18시,수요일,경상남도 창원시 마산회원구 내서읍,경상사고,0,0,1,0,차대차 - 측면직각충돌,신호위반,건조,맑음,교차로 - 교차로안,승용,여,46세,상해없음,원동기,남,17세,경상
2013100900100420,2013년 10월 9일 18시,수요일,경상남도 김해시 장유면,부상신고사고,0,0,0,1,차대차 - 기타,기타,건조,맑음,단일로 - 기타,자전거,남,13세,부상신고,기타불명,기타불명,기타불명,기타불명
2013100900100447,2013년 10월 9일 19시,수요일,경상남도 진주시 집현면,중상사고,0,2,0,0,차대차 - 정면충돌,중앙선침범,건조,흐림,단일로 - 기타,화물,남,48세,상해없음,승용,여,47세,중상
2013100900100448,2013년 10월 9일 19시,수요일,경상남도 창원시 진해구 석동,경상사고,0,0,1,0,차대차 - 측면직각충돌,안전운전불이행,건조,맑음,단일로 - 기타,승용,여,52세,상해없음,승용,여,39세,경상
2013100900100449,2013년 10월 9일 19시,수요일,경상남도 통영시 도천동,중상사고,0,1,0,0,차대차 - 정면충돌,직진우회전진행방해,건조,맑음,교차로 - 교차로안,승용,남,40세,상해없음,이륜,남,16세,중상
2013100900100482,2013년 10월 9일 20시,수요일,경상남도 김해시 삼정동,중상사고,0,1,0,0,차대차 - 측면직각충돌,신호위반,건조,맑음,교차로 - 교차로안,이륜,남,16세,중상,승용,남,28세,상해없음
2013100900100483,2013년 10월 9일 20시,수요일,경상남도 김해시 외동,중상사고,0,1,0,0,차대차 - 측면직각충돌,중앙선침범,건조,맑음,교차로 - 교차로부근,승용,남,59세,상해없음,승용,여,53세,중상
2013100900100509,2013년 10월 9일 21시,수요일,경상남도 사천시 사천읍,경상사고,0,0,1,0,차대차 - 측면직각충돌,안전운전불이행,건조,맑음,단일로 - 기타,승용,남,26세,상해없음,승용,여,21세,경상
2013100900100531,2013년 10월 9일 22시,수요일,경상남도 진주시 가좌동,경상사고,0,0,2,0,차대차 - 추돌 - 주정차중,안전거리미확보,건조,맑음,교차로 - 교차로부근,승용,남,62세,상해없음,승용,여,37세,경상