사고번호,사고일시,요일,시군구,사고내용,사망자수,중상자수,경상자수,부상신고자수,사고유형,법규위반,노면상태,기상상태,도로형태,가해운전자 차종,가해운전자 성별,가해운전자 연령,가해운전자 상해정도,피해운전자 차종,피해운전자 성별,피해운전자 연령,피해운전자 상해정도
2013100900100532,2013년 10월 9일 22시,수요일,경상남도 양산시 신기동,경상사고,0,0,1,0,차대차 - 기타,교차로운행방법위반,건조,맑음,교차로 - 교차로안,승용,남,31세,상해없음,승용,남,56세,경상
2013100900100553,2013년 10월 9일 23시,수요일,경상남도 진주시 칠암동,중상사고,0,1,0,0,차대차 - 추돌 - 진행중,안전거리미확보,건조,맑음,단일로 - 기타,승용,남,44세,상해없음,이륜,남,17세,중상
2013101000100069,2013년 10월 10일 06시,목요일,경상남도 함양군 수동면,중상사고,0,1,0,0,차대사람 - 길가장자리구역통행중,안전운전불이행,건조,맑음,교차로 - 교차로부근,화물,남,37세,상해없음,보행자,남,74세,중상
2013101000100088,2013년 10월 10일 07시,목요일,경상남도 사천시 사남면,경상사고,0,0,4,0,차대차 - 측면직각충돌,신호위반,건조,흐림,교차로 - 교차로안,승용,남,26세,경상,승용,남,30세,경상
2013101000100089,2013년 10월 10일 07시,목요일,경상남도 양산시 동면,중상사고,0,1,8,16,차대차 - 추돌 - 진행중,차로위반,건조,맑음,미분류 - 미분류,승합,남,59세,부상신고,승합,남,65세,경상
2013101000100125,2013년 10월 10일 08시,목요일,경상남도 진주시 주약동,중상사고,0,1,0,0,차대차 - 측면직각충돌,신호위반,건조,흐림,교차로 - 교차로안,화물,남,68세,상해없음,승용,여,60세,중상
2013101000100126,2013년 10월 10일 08시,목요일,경상남도 진주시 상대동,중상사고,0,1,0,0,차대사람 - 횡단중,안전운전불이행,건조,맑음,단일로 - 횡단보도상,승용,여,33세,상해없음,보행자,여,66세,중상
2013101000100127,2013년 10월 10일 08시,목요일,경상남도 양산시 하북면,중상사고,0,1,0,0,차대차 - 기타,중앙선침범,건조,맑음,단일로 - 기타,승용,남,31세,상해없음,승용,여,48세,중상
2013101000100128,2013년 10월 10일 08시,목요일,경상남도 창원시 의창구 팔용동,경상사고,0,0,1,0,차대차 - 추돌 - 진행중,안전운전불이행,건조,맑음,단일로 - 기타,승합,남,47세,상해없음,승용,여,51세,경상
2013101000100156,2013년 10월 10일 09시,목요일,경상남도 통영시 광도면,중상사고,0,3,1,0,차대차 - 측면직각충돌,교차로운행방법위반,건조,맑음,교차로 - 교차로안,승합,남,70세,상해없음,화물,남,39세,경상
2013101000100157,2013년 10월 10일 09시,목요일,경상남도 거제시 하청면,중상사고,0,1,0,0,차대차 - 추돌 - 진행중,중앙선침범,건조,맑음,단일로 - 기타,화물,남,44세,상해없음,농기계,남,77세,중상
2013101000100158,2013년 10월 10일 09시,목요일,경상남도 함안군 가야읍,경상사고,0,0,1,0,차대차 - 기타,안전운전불이행,건조,맑음,단일로 - 기타,이륜,남,84세,경상,승용,남,66세,상해없음
2013101000100183,2013년 10월 10일 10시,목요일,경상남도 밀양시 상남면,중상사고,0,1,0,0,차대차 - 측면직각충돌,안전운전불이행,건조,맑음,교차로 - 교차로안,화물,남,45세,상해없음,이륜,남,61세,중상
2013101000100184,2013년 10월 10일 10시,목요일,경상남도 거창군 위천면,중상사고,0,1,0,0,차대차 - 측면직각충돌,교차로운행방법위반,건조,맑음,교차로 - 교차로안,화물,남,48세,상해없음,원동기,남,63세,중상
2013101000100212,2013년 10월 10일 11시,목요일,경상남도 창원시 진해구 석동,경상사고,0,0,1,0,차대차 - 기타,교차로운행방법위반,건조,맑음,교차로 - 교차로안,승용,여,57세,상해없음,승용,남,31세,경상
2013101000100213,2013년 10월 10일 11시,목요일,경상남도 김해시 대동면,경상사고,0,0,1,0,차대차 - 측면직각충돌,중앙선침범,건조,맑음,교차로 - 교차로안,화물,남,66세,상해없음,승합,남,46세,경상
2013101000100237,2013년 10월 10일 12시,목요일,경상남도 창원시 마산합포구 우산동,경상사고,0,0,1,0,차대차 - 추돌 - 주정차중,안전운전불이행,건조,흐림,단일로 - 기타,화물,남,47세,상해없음,화물,남,43세,경상
2013101000100238,2013년 10월 10일 12시,목요일,경상남도 창녕군 영산면,경상사고,0,0,1,0,차대차 - 기타,신호위반,건조,맑음,교차로 - 교차로안,승용,여,37세,상해없음,화물,남,46세,상해없음
2013101000100239,2013년 10월 10일 12시,목요일,경상남도 거제시 장평동,경상사고,0,0,4,0,차대차 - 추돌 - 진행중,안전운전불이행,건조,맑음,교차로 - 교차로부근,승용,남,32세,상해없음,승용,남,66세,경상
2013101000100240,2013년 10월 10일 12시,목요일,경상남도 산청군 생초면,경상사고,0,0,3,0,차대차 - 기타,중앙선침범,습기,흐림,단일로 - 기타,건설기계,남,45세,기타불명,승합,남,46세,상해없음
2013101000100271,2013년 10월 10일 13시,목요일,경상남도 통영시 봉평동,경상사고,0,0,1,0,차대차 - 추돌 - 진행중,안전운전불이행,건조,맑음,교차로 - 교차로부근,승용,여,59세,상해없음,승용,남,61세,경상
2013101000100272,2013년 10월 10일 13시,목요일,경상남도 거창군 가조면,경상사고,0,0,1,0,차량단독 - 도로외이탈 - 기타,안전운전불이행,습기,비,단일로 - 기타,승용,남,36세,경상,,,,
2013101000100377,2013년 10월 10일 17시,목요일,경상남도 양산시 물금읍,중상사고,0,1,0,0,차대사람 - 횡단중,보행자보호의무위반,건조,맑음,단일로 - 기타,승용,남,35세,기타불명,보행자,남,59세,중상
2013101000100378,2013년 10월 10일 17시,목요일,경상남도 창원시 의창구 대산면,경상사고,0,0,1,0,차대차 - 기타,안전운전불이행,건조,맑음,단일로 - 기타,승용,여,50세,상해없음,자전거,여,52세,경상
2013101000100432,2013년 10월 10일 18시,목요일,경상남도 진주시 집현면,사망사고,1,0,0,0,차대사람 - 차도통행중,안전운전불이행,습기,비,단일로 - 기타,화물,남,23세,상해없음,보행자,남,66세,사망
2013101000100433,2013년 10월 10일 18시,목요일,경상남도 사천시 송포동,경상사고,0,0,1,0,차대차 - 추돌 - 진행중,안전운전불이행,건조,흐림,단일로 - 기타,승용,여,46세,상해없음,승용,여,45세,경상
2013101000100434,2013년 10월 10일 18시,목요일,경상남도 양산시 북부동,경상사고,0,0,1,0,차대차 - 기타,직진우회전진행방해,습기,비,교차로 - 교차로안,승용,여,65세,상해없음,승용,여,38세,경상
2013101000100435,2013년 10월 10일 18시,목요일,경상남도 창원시 의창구 대산면,중상사고,0,1,1,0,차대차 - 추돌 - 진행중,안전운전불이행,건조,맑음,교차로 - 교차로부근,승용,남,22세,상해없음,승용,남,53세,경상
2013101000100436,2013년 10월 10일 18시,목요일,경상남도 김해시 한림면,경상사고,0,0,2,0,차대차 - 기타,기타,건조,맑음,단일로 - 기타,특수,남,54세,경상,승용,여,27세,경상
2013101000100480,2013년 10월 10일 19시,목요일,경상남도 진주시 상대동,중상사고,0,1,4,0,차대차 - 추돌 - 주정차중,안전운전불이행,건조,맑음,단일로 - 기타,승용,남,69세,중상,승용,남,57세,경상
2013101000100481,2013년 10월 10일 19시,목요일,경상남도 진주시 장대동,중상사고,0,1,0,0,차대사람 - 차도통행중,안전운전불이행,건조,맑음,단일로 - 기타,승용,남,27세,상해없음,보행자,남,57세,중상
2013101000100482,2013년 10월 10일 19시,목요일,경상남도 양산시 평산동,사망사고,1,0,0,0,차대사람 - 횡단중,안전운전불이행,습기,비,단일로 - 기타,승용,남,27세,상해없음,보행자,여,64세,사망
2013101000100483,2013년 10월 10일 19시,목요일,경상남도 양산시 동면,중상사고,0,1,0,0,차대차 - 기타,안전운전불이행,건조,맑음,단일로 - 기타,화물,남,56세,기타불명,승용,여,51세,중상
2013101000100521,2013년 10월 10일 20시,목요일,경상남도 진주시 가좌동,경상사고,0,0,1,0,차대차 - 측면직각충돌,신호위반,건조,맑음,교차로 - 교차로안,승합,남,54세,상해없음,이륜,남,21세,경상
2013101000100522,2013년 10월 10일 20시,목요일,경상남도 김해시 삼계동,중상사고,0,1,0,0,차대차 - 측면직각충돌,안전운전불이행,건조,맑음,단일로 - 기타,화물,남,47세,상해없음,원동기,남,20세,중상
2013101000100523,2013년 10월 10일 20시,목요일,경상남도 창원시 의창구 중동,중상사고,0,1,0,0,차대사람 - 길가장자리구역통행중,안전운전불이행,건조,맑음,교차로 - 교차로부근,승용,남,45세,상해없음,보행자,여,52세,중상
2013101000100561,2013년 10월 10일 21시,목요일,경상남도 합천군 합천읍,중상사고,0,1,0,0,차대사람 - 횡단중,안전운전불이행,습기,흐림,교차로 - 교차로안,승합,남,31세,상해없음,보행자,남,63세,중상
2013101000100562,2013년 10월 10일 21시,목요일,경상남도 양산시 소주동,중상사고,0,1,0,0,차대사람 - 횡단중,안전운전불이행,건조,맑음,교차로 - 교차로부근,승용,남,36세,상해없음,보행자,여,49세,중상
2013101000100563,2013년 10월 10일 21시,목요일,경상남도 산청군 산청읍,중상사고,0,1,0,0,차대사람 - 차도통행중,안전운전불이행,건조,흐림,교차로 - 교차로안,승용,남,46세,상해없음,보행자,남,36세,중상
2013101000100595,2013년 10월 10일 22시,목요일,경상남도 창원시 진해구 장천동,중상사고,0,1,0,0,차대차 - 측면직각충돌,안전운전불이행,건조,맑음,단일로 - 기타,원동기,남,25세,중상,특수,남,52세,상해없음
2013101000100596,2013년 10월 10일 22시,목요일,경상남도 거제시 능포동,중상사고,0,1,1,0,차대차 - 기타,안전운전불이행,건조,맑음,단일로 - 기타,승용,남,45세,상해없음,원동기,남,18세,중상
2013101000100627,2013년 10월 10일 23시,목요일,경상남도 창원시 마산회원구 봉암동,중상사고,0,1,0,0,차대차 - 측면직각충돌,안전운전불이행,건조,맑음,교차로 - 교차로안,승용,여,46세,상해없음,이륜,남,46세,중상
2013101100100019,2013년 10월 11일 00시,금요일,경상남도 창원시 진해구 행암동,경상사고,0,0,3,0,차대사람 - 기타,안전운전불이행,건조,기타,단일로 - 기타,승용,남,50세,상해없음,보행자,남,31세,경상
2013101100100020,2013년 10월 11일 00시,금요일,경상남도 사천시 용현면,경상사고,0,0,1,0,차량단독 - 공작물충돌,안전운전불이행,건조,맑음,단일로 - 기타,승용,남,35세,상해없음,,,,
2013101100100021,2013년 10월 11일 00시,금요일,경상남도 양산시 동면,경상사고,0,0,1,0,차대차 - 기타,직진우회전진행방해,건조,맑음,교차로 - 교차로안,승용,남,33세,상해없음,승용,남,45세,상해없음
2013101100100022,2013년 10월 11일 00시,금요일,경상남도 김해시 진영읍,경상사고,0,0,1,0,차대차 - 추돌 - 주정차중,안전거리미확보,건조,맑음,단일로 - 기타,승용,남,36세,상해없음,승용,남,45세,경상
2013101100100057,2013년 10월 11일 02시,금요일,경상남도 창원시 진해구 경화동,중상사고,0,1,0,0,차량단독 - 공작물충돌,안전운전불이행,건조,맑음,단일로 - 기타,원동기,남,31세,중상,,,,
2013101100100116,2013년 10월 11일 06시,금요일,경상남도 김해시 내동,중상사고,0,1,0,0,차대사람 - 기타,안전운전불이행,건조,맑음,교차로 - 교차로안,승합,남,62세,상해없음,보행자,남,45세,중상
2013101100100138,2013년 10월 11일 07시,금요일,경상남도 함양군 함양읍,경상사고,0,0,1,0,차대차 - 측면직각충돌,교차로운행방법위반,건조,맑음,교차로 - 교차로안,자전거,남,13세,경상,화물,남,59세,상해없음
2013101100100187,2013년 10월 11일 08시,금요일,경상남도 창원시 진해구 마천동,중상사고,0,1,0,0,차대차 - 기타,안전운전불이행,건조,맑음,단일로 - 교량,자전거,남,72세,중상,승합,남,55세,상해없음
2013101100100188,2013년 10월 11일 08시,금요일,경상남도 통영시 미수동,경상사고,0,0,1,0,차대사람 - 횡단중,보행자보호의무위반,건조,맑음,단일로 - 횡단보도상,화물,남,39세,상해없음,보행자,남,8세,경상
2013101100100189,2013년 10월 11일 08시,금요일,경상남도 고성군 고성읍,중상사고,0,4,0,0,차대차 - 정면충돌,중앙선침범,건조,맑음,단일로 - 기타,승용,여,23세,상해없음,승용,남,47세,중상
2013101100100232,2013년 10월 11일 09시,금요일,경상남도 밀양시 하남읍,경상사고,0,0,1,0,차대사람 - 횡단중,안전운전불이행,건조,맑음,단일로 - 기타,승용,남,47세,상해없음,보행자,여,67세,경상
2013101100100278,2013년 10월 11일 11시,금요일,경상남도 창원시 마산합포구 진북면,경상사고,0,0,1,0,차대사람 - 기타,안전운전불이행,건조,맑음,기타 - 기타,승용,남,56세,상해없음,보행자,남,54세,경상
2013101100100279,2013년 10월 11일 11시,금요일,경상남도 김해시 대동면,중상사고,0,3,1,0,차대차 - 추돌 - 진행중,안전운전불이행,건조,맑음,단일로 - 기타,화물,남,66세,경상,승용,남,33세,중상
2013101100100313,2013년 10월 11일 12시,금요일,경상남도 사천시 향촌동,경상사고,0,0,1,0,차대차 - 기타,안전거리미확보,건조,맑음,단일로 - 기타,자전거,여,67세,경상,승합,여,53세,상해없음
2013101100100350,2013년 10월 11일 13시,금요일,경상남도 고성군 마암면,중상사고,0,2,0,0,차대차 - 정면충돌,중앙선침범,건조,맑음,교차로 - 교차로부근,승용,남,48세,상해없음,화물,남,54세,상해없음
2013101100100385,2013년 10월 11일 14시,금요일,경상남도 통영시 미수동,중상사고,0,1,0,0,차대사람 - 횡단중,신호위반,건조,맑음,단일로 - 횡단보도상,화물,남,36세,상해없음,보행자,남,12세,중상
2013101100100414,2013년 10월 11일 15시,금요일,경상남도 사천시 이금동,중상사고,0,1,0,0,차대차 - 기타,중앙선침범,건조,맑음,단일로 - 기타,농기계,남,77세,상해없음,원동기,남,42세,중상
2013101100100415,2013년 10월 11일 15시,금요일,경상남도 밀양시 무안면,중상사고,0,1,0,0,차대차 - 정면충돌,안전운전불이행,건조,맑음,단일로 - 기타,화물,남,47세,상해없음,이륜,남,74세,중상
2013101100100416,2013년 10월 11일 15시,금요일,경상남도 고성군 거류면,경상사고,0,0,1,0,차대차 - 측면직각충돌,중앙선침범,건조,맑음,단일로 - 기타,농기계,남,67세,상해없음,승용,남,44세,경상
2013101100100417,2013년 10월 11일 15시,금요일,경상남도 의령군 의령읍,중상사고,0,1,0,0,차량단독 - 도로외이탈 - 기타,안전운전불이행,건조,맑음,교차로 - 교차로부근,이륜,남,77세,중상,,,,
2013101100100455,2013년 10월 11일 16시,금요일,경상남도 창원시 마산합포구 월영동,경상사고,0,0,1,0,차대사람 - 기타,보행자보호의무위반,건조,맑음,교차로 - 교차로안,화물,남,49세,상해없음,보행자,여,51세,경상
2013101100100456,2013년 10월 11일 16시,금요일,경상남도 진주시 금산면,경상사고,0,0,1,0,차대사람 - 기타,교차로운행방법위반,건조,맑음,교차로 - 교차로안,승용,여,57세,상해없음,보행자,여,79세,경상
2013101100100457,2013년 10월 11일 16시,금요일,경상남도 거제시 장승포동,중상사고,0,1,0,0,차대차 - 측면직각충돌,안전운전불이행,건조,맑음,단일로 - 기타,승용,남,37세,상해없음,승용,남,51세,중상
2013101100100489,2013년 10월 11일 17시,금요일,경상남도 진주시 평거동,중상사고,0,1,0,0,차대차 - 기타,차로위반,건조,맑음,교차로 - 교차로부근,승용,남,51세,상해없음,원동기,남,17세,중상
2013101100100490,2013년 10월 11일 17시,금요일,경상남도 창원시 진해구 태평동,경상사고,0,0,1,0,차대차 - 기타,안전운전불이행,건조,맑음,교차로 - 교차로부근,자전거,남,47세,경상,승용,남,35세,상해없음
2013101100100537,2013년 10월 11일 18시,금요일,경상남도 창원시 마산합포구 신포동1가,경상사고,0,0,1,0,차대차 - 측면직각충돌,안전운전불이행,건조,맑음,단일로 - 기타,승용,여,48세,경상,화물,남,36세,상해없음
2013101100100538,2013년 10월 11일 18시,금요일,경상남도 진주시 사봉면,중상사고,0,1,1,0,차대차 - 기타,안전운전불이행,건조,맑음,단일로 - 기타,승용,남,63세,상해없음,농기계,남,74세,중상
2013101100100539,2013년 10월 11일 18시,금요일,경상남도 거창군 거창읍,중상사고,0,1,0,2,차대차 - 정면충돌,안전운전불이행,건조,맑음,교차로 - 교차로부근,화물,남,50세,상해없음,승용,남,65세,부상신고
2013101100100540,2013년 10월 11일 18시,금요일,경상남도 의령군 의령읍,중상사고,0,1,0,0,차대차 - 정면충돌,중앙선침범,건조,맑음,단일로 - 기타,원동기,남,48세,중상,승용,남,44세,상해없음
2013101100100580,2013년 10월 11일 19시,금요일,경상남도 거제시 고현동,중상사고,0,1,0,0,차대사람 - 기타,안전운전불이행,건조,맑음,단일로 - 기타,승용,남,35세,상해없음,보행자,남,35세,중상
2013101100100581,2013년 10월 11일 19시,금요일,경상남도 거제시 양정동,중상사고,0,1,1,0,차대사람 - 보도통행중,보행자보호의무위반,건조,맑음,단일로 - 기타,승합,남,43세,상해없음,보행자,남,6세,중상
2013101100100582,2013년 10월 11일 19시,금요일,경상남도 의령군 의령읍,중상사고,0,1,0,0,차대사람 - 길가장자리구역통행중,안전운전불이행,건조,흐림,단일로 - 기타,기타불명,기타불명,기타불명,기타불명,보행자,남,80세,중상
2013101100100646,2013년 10월 11일 21시,금요일,경상남도 거창군 거창읍,경상사고,0,0,1,0,차대차 - 측면직각충돌,교차로운행방법위반,건조,맑음,교차로 - 교차로안,승용,남,59세,상해없음,자전거,남,17세,경상
2013101100100708,2013년 10월 11일 23시,금요일,경상남도 진주시 상봉동,중상사고,0,2,0,0,차대차 - 측면직각충돌,교차로운행방법위반,건조,맑음,교차로 - 교차로안,승용,남,27세,상해없음,승용,남,37세,중상
2013101200100015,2013년 10월 12일 00시,토요일,경상남도 창원시 마산회원구 양덕동,중상사고,0,2,2,0,차대차 - 추돌 - 주정차중,안전운전불이행,기타,기타,교차로 - 교차로부근,승용,남,36세,상해없음,승용,남,33세,중상
2013101200100034,2013년 10월 12일 01시,토요일,경상남도 진주시 인사동,중상사고,0,1,4,0,차대차 - 기타,신호위반,건조,맑음,교차로 - 교차로안,승용,남,31세,상해없음,승용,남,56세,경상
2013101200100035,2013년 10월 12일 01시,토요일,경상남도 양산시 삼호동,중상사고,0,1,0,0,차대차 - 측면직각충돌,교차로운행방법위반,건조,맑음,교차로 - 교차로안,승합,여,47세,상해없음,승용,남,26세,상해없음
2013101200100050,2013년 10월 12일 02시,토요일,경상남도 양산시 물금읍,부상신고사고,0,0,0,2,차대차 - 측면직각충돌,교차로운행방법위반,건조,맑음,교차로 - 교차로안,원동기,남,16세,상해없음,승용,남,48세,상해없음
2013101200100066,2013년 10월 12일 03시,토요일,경상남도 통영시 도남동,중상사고,0,1,1,0,차대사람 - 길가장자리구역통행중,중앙선침범,건조,맑음,단일로 - 기타,승용,남,41세,상해없음,보행자,여,57세,경상
2013101200100077,2013년 10월 12일 04시,토요일,경상남도 김해시 내동,중상사고,0,1,0,0,차대차 - 측면직각충돌,신호위반,건조,맑음,교차로 - 교차로안,승용,남,58세,상해없음,기타불명,기타불명,기타불명,기타불명
2013101200100078,2013년 10월 12일 04시,토요일,경상남도 창원시 성산구 상남동,경상사고,0,0,1,0,차대차 - 추돌 - 주정차중,안전운전불이행,건조,맑음,교차로 - 교차로부근,승용,여,30세,상해없음,승용,남,57세,상해없음
2013101200100096,2013년 10월 12일 05시,토요일,경상남도 함안군 칠원면,경상사고,0,0,1,0,차량단독 - 공작물충돌,안전운전불이행,건조,맑음,단일로 - 기타,승용,남,36세,경상,,,,
2013101200100119,2013년 10월 12일 06시,토요일,경상남도 거창군 거창읍,경상사고,0,0,1,0,차대차 - 측면직각충돌,교차로운행방법위반,건조,맑음,교차로 - 교차로안,화물,남,45세,상해없음,화물,남,63세,경상
2013101200100142,2013년 10월 12일 07시,토요일,경상남도 양산시 남부동,경상사고,0,0,1,0,차대사람 - 차도통행중,안전운전불이행,건조,맑음,기타 - 기타,승용,남,49세,상해없음,보행자,남,13세,경상
2013101200100143,2013년 10월 12일 07시,토요일,경상남도 창원시 의창구 북면,경상사고,0,0,1,0,차대사람 - 길가장자리구역통행중,안전운전불이행,건조,맑음,단일로 - 기타,기타불명,기타불명,기타불명,기타불명,보행자,여,75세,경상
2013101200100202,2013년 10월 12일 09시,토요일,경상남도 통영시 서호동,경상사고,0,0,1,0,차대사람 - 기타,보행자보호의무위반,건조,맑음,단일로 - 횡단보도상,기타불명,기타불명,기타불명,기타불명,보행자,남,57세,경상
2013101200100203,2013년 10월 12일 09시,토요일,경상남도 밀양시 삼문동,중상사고,0,1,0,0,차대차 - 기타,안전운전불이행,건조,맑음,단일로 - 기타,승용,여,43세,상해없음,원동기,여,55세,중상
2013101200100204,2013년 10월 12일 09시,토요일,경상남도 밀양시 내이동,경상사고,0,0,3,0,차대차 - 기타,중앙선침범,건조,맑음,단일로 - 기타,화물,남,65세,상해없음,승용,남,27세,경상
2013101200100259,2013년 10월 12일 11시,토요일,경상남도 진주시 하대동,중상사고,0,1,0,0,차대사람 - 횡단중,보행자보호의무위반,건조,맑음,단일로 - 횡단보도상,승용,남,32세,상해없음,보행자,여,7세,중상
2013101200100297,2013년 10월 12일 12시,토요일,경상남도 밀양시 하남읍,중상사고,0,2,0,0,차대차 - 추돌 - 진행중,안전운전불이행,건조,맑음,단일로 - 기타,화물,남,54세,상해없음,승용,남,61세,중상
2013101200100321,2013년 10월 12일 13시,토요일,경상남도 김해시 서상동,경상사고,0,0,3,0,차대차 - 측면직각충돌,안전운전불이행,건조,맑음,단일로 - 기타,화물,남,24세,경상,승용,남,35세,경상
2013101200100322,2013년 10월 12일 13시,토요일,경상남도 창원시 의창구 북면,경상사고,0,0,2,0,차대차 - 측면직각충돌,안전운전불이행,건조,맑음,단일로 - 기타,승용,남,30세,상해없음,승합,남,33세,경상
2013101200100359,2013년 10월 12일 14시,토요일,경상남도 진주시 평거동,경상사고,0,0,1,0,차대차 - 기타,안전운전불이행,건조,맑음,교차로 - 교차로부근,승용,남,48세,상해없음,승용,여,46세,경상
2013101200100360,2013년 10월 12일 14시,토요일,경상남도 창원시 진해구 용원동,중상사고,0,2,0,0,차대차 - 측면직각충돌,안전운전불이행,건조,맑음,단일로 - 기타,승용,남,41세,상해없음,원동기,남,14세,중상
2013101200100361,2013년 10월 12일 14시,토요일,경상남도 밀양시 산외면,중상사고,0,2,2,0,차대차 - 측면직각충돌,중앙선침범,건조,맑음,교차로 - 교차로안,승용,남,79세,상해없음,승용,남,50세,경상
2013101200100362,2013년 10월 12일 14시,토요일,경상남도 창녕군 남지읍,중상사고,0,1,0,0,차대차 - 측면직각충돌,직진우회전진행방해,건조,맑음,교차로 - 교차로안,화물,남,65세,상해없음,이륜,남,71세,중상
2013101200100363,2013년 10월 12일 14시,토요일,경상남도 양산시 중부동,중상사고,0,1,2,0,차대차 - 측면직각충돌,안전운전불이행,건조,맑음,교차로 - 교차로안,승용,남,50세,상해없음,승용,여,35세,중상
2013101200100364,2013년 10월 12일 14시,토요일,경상남도 거제시 장평동,경상사고,0,0,1,0,차대차 - 기타,안전운전불이행,건조,맑음,단일로 - 기타,승용,여,28세,상해없음,승용,남,37세,경상
2013101200100365,2013년 10월 12일 14시,토요일,경상남도 창원시 의창구 동읍,중상사고,0,1,4,0,차대차 - 추돌 - 진행중,안전거리미확보,건조,맑음,단일로 - 기타,화물,남,51세,경상,화물,여,48세,상해없음
2013101200100449,2013년 10월 12일 16시,토요일,경상남도 창원시 마산합포구 완월동,중상사고,0,1,0,0,차대사람 - 기타,안전운전불이행,건조,맑음,단일로 - 기타,승용,남,56세,상해없음,보행자,여,87세,중상
2013101200100450,2013년 10월 12일 16시,토요일,경상남도 진주시 강남동,중상사고,0,1,0,0,차대사람 - 횡단중,보행자보호의무위반,건조,맑음,단일로 - 기타,화물,남,47세,상해없음,보행자,여,63세,중상
2013101200100451,2013년 10월 12일 16시,토요일,경상남도 진주시 칠암동,중상사고,0,1,0,0,차대사람 - 횡단중,신호위반,건조,맑음,단일로 - 기타,이륜,남,67세,상해없음,보행자,남,5세,중상
2013101200100452,2013년 10월 12일 16시,토요일,경상남도 사천시 향촌동,사망사고,1,0,1,0,차대차 - 측면직각충돌,교차로운행방법위반,건조,맑음,교차로 - 교차로안,원동기,남,65세,경상,승용,남,46세,상해없음
2013101200100453,2013년 10월 12일 16시,토요일,경상남도 김해시 장유면,사망사고,1,0,0,0,차대사람 - 기타,보행자보호의무위반,건조,맑음,교차로 - 교차로안,승용,남,48세,상해없음,보행자,여,3세,사망
2013101200100483,2013년 10월 12일 17시,토요일,경상남도 창원시 마산합포구 신포동2가,중상사고,0,1,1,0,차대차 - 기타,교차로운행방법위반,건조,맑음,교차로 - 교차로안,원동기,남,53세,경상,승용,남,51세,중상
2013101200100484,2013년 10월 12일 17시,토요일,경상남도 사천시 곤명면,부상신고사고,0,0,0,1,차대사람 - 기타,안전운전불이행,건조,맑음,단일로 - 기타,화물,남,41세,상해없음,보행자,남,56세,부상신고
2013101200100485,2013년 10월 12일 17시,토요일,경상남도 김해시 내동,중상사고,0,1,0,0,차대사람 - 길가장자리구역통행중,안전운전불이행,건조,맑음,단일로 - 기타,승용,남,54세,상해없음,보행자,여,21세,중상
2013101200100486,2013년 10월 12일 17시,토요일,경상남도 김해시 한림면,중상사고,0,1,0,0,차대차 - 기타,안전거리미확보,건조,맑음,단일로 - 기타,화물,남,40세,상해없음,승용,남,47세,중상
2013101200100518,2013년 10월 12일 18시,토요일,경상남도 통영시 서호동,사망사고,1,0,0,0,차대사람 - 횡단중,안전운전불이행,건조,맑음,교차로 - 교차로안,승합,남,64세,상해없음,보행자,여,61세,사망
2013101200100519,2013년 10월 12일 18시,토요일,경상남도 밀양시 초동면,경상사고,0,0,1,0,차대차 - 기타,안전운전불이행,건조,맑음,단일로 - 기타,승용,남,70세,상해없음,화물,남,60세,경상
2013101200100520,2013년 10월 12일 18시,토요일,경상남도 김해시 상동면,경상사고,0,0,1,0,차량단독 - 도로외이탈 - 기타,안전운전불이행,건조,맑음,단일로 - 기타,승용,남,38세,경상,,,,
2013101200100521,2013년 10월 12일 18시,토요일,경상남도 양산시 하북면,경상사고,0,0,1,2,차대차 - 측면직각충돌,안전운전불이행,건조,맑음,단일로 - 기타,승합,남,74세,상해없음,농기계,남,72세,기타불명
2013101200100522,2013년 10월 12일 18시,토요일,경상남도 창원시 마산회원구 합성동,경상사고,0,0,1,0,차대차 - 추돌 - 주정차중,안전운전불이행,건조,맑음,단일로 - 기타,승용,남,16세,상해없음,승용,남,46세,상해없음
2013101200100523,2013년 10월 12일 18시,토요일,경상남도 김해시 화목동,중상사고,0,1,0,0,차대차 - 기타,직진우회전진행방해,건조,맑음,교차로 - 교차로안,화물,남,51세,상해없음,자전거,남,80세,중상
2013101200100576,2013년 10월 12일 19시,토요일,경상남도 창원시 진해구 충무동,경상사고,0,0,2,0,차대차 - 측면직각충돌,안전운전불이행,건조,맑음,교차로 - 교차로안,승합,남,54세,상해없음,승용,여,35세,경상
2013101200100577,2013년 10월 12일 19시,토요일,경상남도 양산시 중부동,부상신고사고,0,0,0,1,차대사람 - 기타,안전운전불이행,건조,맑음,단일로 - 기타,승용,남,50세,상해없음,보행자,남,18세,부상신고
2013101200100578,2013년 10월 12일 19시,토요일,경상남도 김해시 진영읍,중상사고,0,1,0,0,차대사람 - 보도통행중,보행자보호의무위반,건조,맑음,교차로 - 교차로부근,승용,남,40세,상해없음,보행자,남,7세,중상
2013101200100613,2013년 10월 12일 20시,토요일,경상남도 거창군 거창읍,경상사고,0,0,1,0,차대사람 - 횡단중,안전운전불이행,습기,맑음,단일로 - 기타,승용,여,32세,상해없음,보행자,여,67세,경상
2013101200100614,2013년 10월 12일 20시,토요일,경상남도 양산시 동면,경상사고,0,0,1,0,차대차 - 기타,중앙선침범,건조,맑음,단일로 - 기타,승용,남,22세,상해없음,원동기,남,21세,경상