사고번호,사고일시,요일,시군구,사고내용,사망자수,중상자수,경상자수,부상신고자수,사고유형,법규위반,노면상태,기상상태,도로형태,가해운전자 차종,가해운전자 성별,가해운전자 연령,가해운전자 상해정도,피해운전자 차종,피해운전자 성별,피해운전자 연령,피해운전자 상해정도
2013101200100650,2013년 10월 12일 21시,토요일,경상남도 진주시 대곡면,중상사고,0,1,0,0,차대사람 - 횡단중,안전운전불이행,건조,맑음,단일로 - 기타,승용,남,57세,상해없음,보행자,남,59세,중상
2013101200100651,2013년 10월 12일 21시,토요일,경상남도 의령군 의령읍,중상사고,0,1,0,0,차량단독 - 전도전복,안전운전불이행,건조,맑음,단일로 - 기타,승용,남,49세,중상,,,,
2013101200100704,2013년 10월 12일 23시,토요일,경상남도 진주시 상대동,중상사고,0,1,1,0,차대차 - 기타,중앙선침범,건조,맑음,단일로 - 기타,승용,남,33세,상해없음,승용,남,27세,중상
2013101200100705,2013년 10월 12일 23시,토요일,경상남도 김해시 부원동,경상사고,0,0,1,0,차대차 - 추돌 - 주정차중,안전운전불이행,건조,맑음,단일로 - 기타,승용,남,44세,상해없음,승용,남,33세,경상
2013101200100706,2013년 10월 12일 23시,토요일,경상남도 고성군 동해면,중상사고,0,1,0,0,차대차 - 정면충돌,중앙선침범,건조,맑음,단일로 - 기타,승용,남,40세,상해없음,승용,여,54세,중상
2013101200100707,2013년 10월 12일 23시,토요일,경상남도 거제시 아주동,중상사고,0,2,0,0,차대차 - 기타,안전운전불이행,건조,맑음,단일로 - 기타,승용,남,53세,상해없음,승용,남,61세,중상
2013101300100023,2013년 10월 13일 00시,일요일,경상남도 창원시 진해구 용원동,경상사고,0,0,1,1,차대차 - 측면직각충돌,교차로운행방법위반,건조,맑음,교차로 - 교차로안,승용,여,38세,경상,승용,남,49세,부상신고
2013101300100042,2013년 10월 13일 01시,일요일,경상남도 양산시 물금읍,사망사고,1,1,0,0,차대차 - 기타,안전운전불이행,건조,맑음,단일로 - 기타,승용,남,20세,사망,화물,남,42세,상해없음
2013101300100043,2013년 10월 13일 01시,일요일,경상남도 의령군 부림면,중상사고,0,2,0,0,차량단독 - 전도전복,안전운전불이행,건조,맑음,단일로 - 기타,승용,남,47세,중상,,,,
2013101300100059,2013년 10월 13일 02시,일요일,경상남도 창원시 의창구 봉곡동,경상사고,0,0,1,0,차대사람 - 길가장자리구역통행중,안전운전불이행,건조,맑음,단일로 - 기타,승용,남,43세,상해없음,보행자,남,30세,경상
2013101300100060,2013년 10월 13일 02시,일요일,경상남도 창원시 의창구 봉곡동,부상신고사고,0,0,0,1,차대사람 - 기타,안전운전불이행,건조,맑음,단일로 - 기타,화물,남,29세,상해없음,보행자,남,33세,부상신고
2013101300100096,2013년 10월 13일 05시,일요일,경상남도 의령군 의령읍,중상사고,0,1,0,0,차대사람 - 길가장자리구역통행중,안전운전불이행,건조,맑음,단일로 - 기타,화물,남,65세,상해없음,보행자,여,65세,중상
2013101300100124,2013년 10월 13일 07시,일요일,경상남도 거제시 고현동,경상사고,0,0,1,0,차대사람 - 기타,안전운전불이행,건조,맑음,교차로 - 교차로안,승용,남,30세,상해없음,보행자,여,22세,경상
2013101300100141,2013년 10월 13일 08시,일요일,경상남도 김해시 부원동,경상사고,0,0,2,0,차대차 - 추돌 - 진행중,기타,건조,맑음,단일로 - 기타,승용,남,61세,상해없음,이륜,남,32세,경상
2013101300100180,2013년 10월 13일 10시,일요일,경상남도 함안군 군북면,경상사고,0,0,2,0,차대차 - 추돌 - 주정차중,안전운전불이행,건조,맑음,단일로 - 기타,승용,남,65세,상해없음,화물,남,71세,경상
2013101300100181,2013년 10월 13일 10시,일요일,경상남도 창원시 마산회원구 봉암동,중상사고,0,1,0,0,차대차 - 기타,중앙선침범,건조,맑음,단일로 - 기타,승용,남,58세,상해없음,이륜,남,35세,중상
2013101300100201,2013년 10월 13일 11시,일요일,경상남도 합천군 합천읍,중상사고,0,1,0,0,차대사람 - 횡단중,안전운전불이행,건조,맑음,단일로 - 기타,승용,여,52세,상해없음,보행자,여,82세,중상
2013101300100202,2013년 10월 13일 11시,일요일,경상남도 함안군 가야읍,중상사고,0,1,0,0,차대사람 - 횡단중,안전운전불이행,건조,맑음,단일로 - 기타,화물,남,73세,상해없음,보행자,여,80세,중상
2013101300100221,2013년 10월 13일 12시,일요일,경상남도 창원시 마산합포구 구산면,경상사고,0,0,1,0,차대차 - 추돌 - 진행중,안전거리미확보,건조,맑음,단일로 - 기타,승용,여,50세,상해없음,승용,여,54세,경상
2013101300100247,2013년 10월 13일 13시,일요일,경상남도 거제시 장평동,중상사고,0,1,0,0,차대사람 - 기타,안전운전불이행,건조,맑음,교차로 - 교차로안,승용,남,48세,상해없음,보행자,남,12세,중상
2013101300100272,2013년 10월 13일 14시,일요일,경상남도 통영시 항남동,경상사고,0,0,1,0,차대사람 - 기타,안전운전불이행,건조,맑음,단일로 - 기타,이륜,남,48세,상해없음,보행자,여,5세,경상
2013101300100273,2013년 10월 13일 14시,일요일,경상남도 거제시 옥포동,경상사고,0,0,1,0,차대사람 - 기타,안전운전불이행,건조,맑음,단일로 - 기타,승용,여,40세,상해없음,보행자,남,6세,경상
2013101300100274,2013년 10월 13일 14시,일요일,경상남도 함안군 가야읍,경상사고,0,0,1,0,차대차 - 기타,교차로운행방법위반,건조,맑음,교차로 - 교차로안,승용,남,36세,상해없음,자전거,남,54세,경상
2013101300100304,2013년 10월 13일 15시,일요일,경상남도 양산시 덕계동,중상사고,0,1,0,0,차대사람 - 횡단중,안전운전불이행,건조,맑음,교차로 - 교차로안,화물,남,72세,상해없음,보행자,남,84세,중상
2013101300100305,2013년 10월 13일 15시,일요일,경상남도 창원시 의창구 소답동,경상사고,0,0,1,0,차대차 - 측면직각충돌,안전운전불이행,건조,맑음,교차로 - 교차로안,승용,남,39세,상해없음,승용,남,58세,경상
2013101300100323,2013년 10월 13일 16시,일요일,경상남도 사천시 곤양면,경상사고,0,0,4,0,차대차 - 측면직각충돌,안전운전불이행,건조,맑음,교차로 - 교차로안,승용,남,56세,상해없음,승용,남,57세,경상
2013101300100324,2013년 10월 13일 16시,일요일,경상남도 함안군 칠원면,중상사고,0,1,1,0,차대차 - 추돌 - 진행중,안전운전불이행,건조,맑음,단일로 - 기타,승용,기타불명,기타불명,기타불명,승용,여,48세,중상
2013101300100350,2013년 10월 13일 17시,일요일,경상남도 창원시 마산합포구 예곡동,경상사고,0,0,1,0,차량단독 - 전도전복,안전운전불이행,건조,맑음,단일로 - 기타,이륜,남,49세,경상,,,,
2013101300100351,2013년 10월 13일 17시,일요일,경상남도 창원시 성산구 천선동,중상사고,0,1,0,0,차대차 - 기타,신호위반,기타,맑음,교차로 - 교차로안,승용,남,45세,상해없음,승용,남,46세,중상
2013101300100363,2013년 10월 13일 18시,일요일,경상남도 김해시 주촌면,경상사고,0,0,2,0,차대차 - 추돌 - 진행중,안전거리미확보,건조,맑음,단일로 - 기타,승용,남,62세,상해없음,승용,남,26세,경상
2013101300100388,2013년 10월 13일 18시,일요일,경상남도 진주시 하대동,중상사고,0,1,2,0,차대차 - 추돌 - 주정차중,안전운전불이행,건조,맑음,교차로 - 교차로부근,승용,남,45세,상해없음,승용,여,33세,중상
2013101300100389,2013년 10월 13일 18시,일요일,경상남도 사천시 정동면,사망사고,1,0,0,0,차대사람 - 횡단중,보행자보호의무위반,건조,맑음,단일로 - 횡단보도상,승용,남,70세,상해없음,보행자,남,78세,사망
2013101300100419,2013년 10월 13일 19시,일요일,경상남도 창원시 성산구 성주동,중상사고,0,1,2,0,차대차 - 추돌 - 주정차중,안전운전불이행,기타,맑음,단일로 - 기타,승용,여,57세,상해없음,승용,남,50세,경상
2013101300100462,2013년 10월 13일 21시,일요일,경상남도 양산시 상북면,중상사고,0,1,0,0,차대차 - 추돌 - 주정차중,안전운전불이행,건조,맑음,기타 - 기타,승용,남,56세,상해없음,승용,여,46세,중상
2013101300100483,2013년 10월 13일 22시,일요일,경상남도 진주시 신안동,중상사고,0,1,0,0,차대차 - 정면충돌,중앙선침범,건조,맑음,교차로 - 교차로부근,승용,남,36세,상해없음,승용,여,41세,중상
2013101300100484,2013년 10월 13일 22시,일요일,경상남도 밀양시 단장면,경상사고,0,0,1,0,차대사람 - 길가장자리구역통행중,안전운전불이행,건조,맑음,단일로 - 기타,기타불명,기타불명,기타불명,기타불명,보행자,여,53세,경상
2013101300100485,2013년 10월 13일 22시,일요일,경상남도 김해시 어방동,중상사고,0,1,0,0,차대차 - 기타,중앙선침범,건조,맑음,교차로 - 교차로부근,승용,남,63세,상해없음,승용,남,46세,중상
2013101400100008,2013년 10월 14일 00시,월요일,경상남도 거창군 거창읍,중상사고,0,1,2,0,차대차 - 측면직각충돌,안전운전불이행,건조,맑음,교차로 - 교차로안,승용,남,18세,상해없음,승용,남,21세,경상
2013101400100024,2013년 10월 14일 02시,월요일,경상남도 창원시 진해구 충무동,중상사고,0,1,0,0,차대사람 - 기타,안전운전불이행,건조,맑음,단일로 - 기타,화물,남,40세,상해없음,보행자,여,57세,중상
2013101400100086,2013년 10월 14일 07시,월요일,경상남도 창원시 진해구 태백동,경상사고,0,0,3,0,차대차 - 추돌 - 진행중,안전거리미확보,건조,맑음,단일로 - 기타,승용,남,47세,상해없음,승용,남,33세,경상
2013101400100087,2013년 10월 14일 07시,월요일,경상남도 밀양시 교동,경상사고,0,0,1,0,차대차 - 추돌 - 진행중,안전운전불이행,습기,안개,단일로 - 기타,화물,남,62세,상해없음,승용,남,56세,상해없음
2013101400100088,2013년 10월 14일 07시,월요일,경상남도 김해시 대동면,중상사고,0,1,0,0,차대차 - 추돌 - 진행중,안전거리미확보,건조,맑음,단일로 - 기타,화물,남,54세,상해없음,승용,남,65세,중상
2013101400100089,2013년 10월 14일 07시,월요일,경상남도 양산시 상북면,중상사고,0,1,0,0,차대차 - 기타,직진우회전진행방해,건조,맑음,교차로 - 교차로안,승용,여,50세,상해없음,승합,남,53세,상해없음
2013101400100134,2013년 10월 14일 08시,월요일,경상남도 창원시 진해구 석동,경상사고,0,0,1,0,차대차 - 측면직각충돌,안전거리미확보,건조,맑음,단일로 - 기타,승용,남,52세,상해없음,승용,여,39세,경상
2013101400100135,2013년 10월 14일 08시,월요일,경상남도 사천시 송포동,중상사고,0,1,0,0,차대사람 - 횡단중,안전운전불이행,건조,맑음,단일로 - 기타,승용,남,61세,상해없음,보행자,여,72세,중상
2013101400100136,2013년 10월 14일 08시,월요일,경상남도 김해시 진례면,중상사고,0,2,0,0,차대차 - 측면직각충돌,신호위반,건조,맑음,교차로 - 교차로안,특수,남,41세,상해없음,승용,남,59세,중상
2013101400100175,2013년 10월 14일 09시,월요일,경상남도 사천시 용현면,중상사고,0,1,0,0,차대사람 - 횡단중,보행자보호의무위반,건조,맑음,단일로 - 기타,승용,여,56세,상해없음,보행자,여,68세,중상
2013101400100176,2013년 10월 14일 09시,월요일,경상남도 김해시 구산동,중상사고,0,1,0,0,차대차 - 측면직각충돌,안전거리미확보,건조,맑음,교차로 - 교차로부근,승용,여,41세,상해없음,승용,남,49세,중상
2013101400100205,2013년 10월 14일 10시,월요일,경상남도 창원시 진해구 제덕동,중상사고,0,1,1,0,차대차 - 기타,안전운전불이행,건조,맑음,단일로 - 기타,승용,여,58세,상해없음,원동기,남,55세,경상
2013101400100206,2013년 10월 14일 10시,월요일,경상남도 함안군 법수면,중상사고,0,1,0,0,차대차 - 기타,기타,건조,맑음,교차로 - 교차로안,특수,남,52세,상해없음,건설기계,남,47세,중상
2013101400100266,2013년 10월 14일 12시,월요일,경상남도 김해시 부원동,경상사고,0,0,1,0,차대차 - 측면직각충돌,직진우회전진행방해,건조,맑음,교차로 - 교차로안,승용,여,42세,상해없음,이륜,남,52세,경상
2013101400100267,2013년 10월 14일 12시,월요일,경상남도 창원시 마산회원구 회원동,경상사고,0,0,1,0,차대사람 - 길가장자리구역통행중,안전운전불이행,건조,맑음,단일로 - 기타,승용,여,36세,상해없음,보행자,여,87세,경상
2013101400100294,2013년 10월 14일 13시,월요일,경상남도 통영시 광도면,중상사고,0,1,1,0,차대차 - 측면직각충돌,신호위반,건조,맑음,교차로 - 교차로안,승용,여,32세,상해없음,화물,남,29세,경상
2013101400100324,2013년 10월 14일 14시,월요일,경상남도 남해군 이동면,중상사고,0,1,0,0,차대차 - 기타,중앙선침범,건조,맑음,기타 - 기타,화물,남,58세,상해없음,원동기,남,68세,중상
2013101400100325,2013년 10월 14일 14시,월요일,경상남도 산청군 금서면,중상사고,0,1,2,0,차량단독 - 공작물충돌,안전운전불이행,건조,맑음,단일로 - 기타,승용,남,67세,경상,,,,
2013101400100346,2013년 10월 14일 15시,월요일,경상남도 김해시 대동면,부상신고사고,0,0,0,2,차대차 - 기타,안전운전불이행,건조,맑음,단일로 - 기타,승용,남,54세,상해없음,화물,남,36세,부상신고
2013101400100375,2013년 10월 14일 15시,월요일,경상남도 양산시 삼호동,중상사고,0,1,0,0,차대사람 - 기타,안전운전불이행,건조,맑음,단일로 - 기타,승용,여,51세,상해없음,보행자,여,59세,중상
2013101400100376,2013년 10월 14일 15시,월요일,경상남도 창원시 성산구 사파동,경상사고,0,0,1,0,차대차 - 측면직각충돌,신호위반,건조,맑음,교차로 - 교차로안,화물,남,58세,상해없음,자전거,남,22세,경상
2013101400100412,2013년 10월 14일 16시,월요일,경상남도 창원시 마산합포구 신포동1가,중상사고,0,1,0,0,차대차 - 측면직각충돌,안전운전불이행,건조,맑음,교차로 - 교차로부근,승용,여,58세,상해없음,이륜,남,28세,중상
2013101400100449,2013년 10월 14일 17시,월요일,경상남도 창원시 진해구 이동,경상사고,0,0,1,0,차대차 - 기타,직진우회전진행방해,건조,맑음,교차로 - 교차로안,승용,남,50세,상해없음,승용,여,54세,경상
2013101400100450,2013년 10월 14일 17시,월요일,경상남도 통영시 무전동,경상사고,0,0,1,0,차대차 - 측면직각충돌,교차로운행방법위반,건조,맑음,교차로 - 교차로안,화물,남,45세,상해없음,승용,남,54세,경상
2013101400100451,2013년 10월 14일 17시,월요일,경상남도 하동군 진교면,중상사고,0,1,1,0,차대사람 - 횡단중,안전운전불이행,건조,맑음,단일로 - 기타,승용,여,40세,상해없음,보행자,남,8세,중상
2013101400100452,2013년 10월 14일 17시,월요일,경상남도 함안군 가야읍,중상사고,0,1,0,0,차대사람 - 횡단중,신호위반,건조,맑음,단일로 - 횡단보도상,화물,남,43세,상해없음,보행자,여,9세,중상
2013101400100508,2013년 10월 14일 18시,월요일,경상남도 진주시 신안동,중상사고,0,1,0,1,차대차 - 기타,중앙선침범,건조,맑음,교차로 - 교차로부근,이륜,여,20세,부상신고,자전거,남,57세,중상
2013101400100509,2013년 10월 14일 18시,월요일,경상남도 창원시 진해구 덕산동,중상사고,0,1,0,0,차대차 - 기타,안전운전불이행,건조,맑음,단일로 - 기타,승용,남,37세,상해없음,원동기,남,76세,중상
2013101400100510,2013년 10월 14일 18시,월요일,경상남도 밀양시 교동,경상사고,0,0,2,0,차대차 - 추돌 - 주정차중,안전운전불이행,건조,맑음,단일로 - 기타,승용,여,33세,경상,승용,남,39세,경상
2013101400100511,2013년 10월 14일 18시,월요일,경상남도 거창군 거창읍,부상신고사고,0,0,0,1,차대차 - 추돌 - 주정차중,안전거리미확보,건조,맑음,기타 - 기타,이륜,남,40세,부상신고,화물,남,43세,상해없음
2013101400100512,2013년 10월 14일 18시,월요일,경상남도 거창군 거창읍,중상사고,0,1,0,2,차대차 - 추돌 - 주정차중,안전거리미확보,건조,맑음,기타 - 기타,승용,남,67세,중상,화물,남,43세,상해없음
2013101400100513,2013년 10월 14일 18시,월요일,경상남도 창녕군 도천면,중상사고,0,1,0,0,차대사람 - 기타,교차로운행방법위반,건조,맑음,교차로 - 교차로안,승합,여,41세,상해없음,보행자,남,47세,중상
2013101400100514,2013년 10월 14일 18시,월요일,경상남도 함안군 가야읍,경상사고,0,0,1,0,차대차 - 측면직각충돌,안전운전불이행,건조,맑음,교차로 - 교차로안,승용,남,48세,상해없음,승용,여,28세,경상
2013101400100515,2013년 10월 14일 18시,월요일,경상남도 의령군 의령읍,중상사고,0,1,0,0,차대차 - 추돌 - 진행중,안전운전불이행,건조,흐림,단일로 - 기타,화물,남,53세,중상,농기계,남,51세,상해없음
2013101400100516,2013년 10월 14일 18시,월요일,경상남도 창원시 성산구 웅남동,경상사고,0,0,1,0,차대차 - 추돌 - 주정차중,안전운전불이행,건조,맑음,단일로 - 기타,이륜,남,63세,상해없음,승용,남,29세,경상
2013101400100564,2013년 10월 14일 19시,월요일,경상남도 통영시 무전동,중상사고,0,1,0,0,차대차 - 측면직각충돌,차로위반,건조,맑음,단일로 - 기타,승용,남,37세,상해없음,승용,여,53세,중상
2013101400100565,2013년 10월 14일 19시,월요일,경상남도 김해시 삼방동,중상사고,0,1,0,0,차대차 - 측면직각충돌,직진우회전진행방해,건조,맑음,교차로 - 교차로안,이륜,남,17세,중상,승합,남,34세,상해없음
2013101400100566,2013년 10월 14일 19시,월요일,경상남도 양산시 동면,경상사고,0,0,2,0,차대차 - 기타,안전운전불이행,건조,맑음,교차로 - 교차로부근,승합,남,37세,상해없음,승용,남,55세,경상
2013101400100602,2013년 10월 14일 20시,월요일,경상남도 창원시 마산합포구 상남동,중상사고,0,1,0,0,차대사람 - 횡단중,안전운전불이행,건조,맑음,교차로 - 교차로안,승용,남,20세,상해없음,보행자,남,68세,중상
2013101400100603,2013년 10월 14일 20시,월요일,경상남도 사천시 사천읍,중상사고,0,1,0,0,차대차 - 측면직각충돌,교차로운행방법위반,건조,맑음,교차로 - 교차로안,승용,여,43세,상해없음,원동기,남,41세,중상
2013101400100626,2013년 10월 14일 21시,월요일,경상남도 사천시 선구동,중상사고,0,1,0,0,차대차 - 기타,교차로운행방법위반,건조,맑음,교차로 - 교차로안,승용,여,45세,상해없음,자전거,남,47세,중상
2013101400100627,2013년 10월 14일 21시,월요일,경상남도 거제시 옥포동,중상사고,0,1,0,0,차대사람 - 횡단중,보행자보호의무위반,건조,맑음,교차로 - 교차로안,승용,여,51세,기타불명,보행자,남,21세,중상
2013101400100628,2013년 10월 14일 21시,월요일,경상남도 창원시 마산회원구 회원동,경상사고,0,0,1,0,차대차 - 추돌 - 진행중,안전운전불이행,건조,맑음,단일로 - 기타,승용,여,48세,상해없음,승용,여,51세,경상
2013101400100629,2013년 10월 14일 21시,월요일,경상남도 창원시 의창구 팔용동,중상사고,0,1,0,0,차대차 - 측면직각충돌,교차로운행방법위반,건조,맑음,교차로 - 교차로부근,이륜,남,23세,상해없음,승용,남,52세,상해없음
2013101400100659,2013년 10월 14일 22시,월요일,경상남도 창원시 마산합포구 남성동,경상사고,0,0,1,0,차대차 - 측면직각충돌,안전운전불이행,건조,맑음,교차로 - 교차로안,승용,남,61세,상해없음,승용,남,51세,상해없음
2013101400100684,2013년 10월 14일 23시,월요일,경상남도 거제시 아주동,경상사고,0,0,1,0,차대차 - 기타,안전운전불이행,건조,맑음,교차로 - 교차로부근,승용,남,28세,상해없음,승용,여,33세,경상
2013101400100685,2013년 10월 14일 23시,월요일,경상남도 김해시 장유면,중상사고,0,2,0,0,차대차 - 측면직각충돌,안전운전불이행,건조,맑음,교차로 - 교차로안,승용,남,66세,상해없음,승용,남,51세,중상
2013101500100027,2013년 10월 15일 01시,화요일,경상남도 양산시 산막동,중상사고,0,1,0,0,차량단독 - 공작물충돌,안전운전불이행,건조,맑음,단일로 - 기타,승용,남,30세,상해없음,,,,
2013101500100065,2013년 10월 15일 06시,화요일,경상남도 통영시 당동,경상사고,0,0,1,0,차대사람 - 횡단중,안전운전불이행,건조,맑음,단일로 - 교량,승용,남,49세,상해없음,보행자,남,47세,경상
2013101500100066,2013년 10월 15일 06시,화요일,경상남도 양산시 명동,중상사고,0,1,1,0,차대차 - 기타,안전운전불이행,건조,맑음,교차로 - 교차로부근,승용,남,19세,기타불명,승용,여,62세,경상
2013101500100084,2013년 10월 15일 07시,화요일,경상남도 거창군 가조면,중상사고,0,1,0,0,차대차 - 측면직각충돌,교차로운행방법위반,습기,안개,교차로 - 교차로안,승용,남,68세,중상,승합,남,67세,상해없음
2013101500100085,2013년 10월 15일 07시,화요일,경상남도 김해시 장유면,중상사고,0,1,0,0,차대차 - 측면직각충돌,교차로운행방법위반,건조,맑음,교차로 - 교차로안,승용,남,70세,상해없음,승합,남,43세,상해없음
2013101500100112,2013년 10월 15일 08시,화요일,경상남도 거제시 상동동,중상사고,0,1,0,0,차대차 - 추돌 - 진행중,교차로운행방법위반,건조,맑음,교차로 - 교차로안,승용,여,36세,상해없음,화물,남,42세,중상
2013101500100113,2013년 10월 15일 08시,화요일,경상남도 남해군 창선면,중상사고,0,1,0,0,차대차 - 측면직각충돌,중앙선침범,건조,맑음,기타 - 기타,농기계,남,76세,중상,승용,남,57세,상해없음
2013101500100134,2013년 10월 15일 09시,화요일,경상남도 거창군 거창읍,중상사고,0,1,1,0,차대차 - 측면직각충돌,교차로운행방법위반,건조,맑음,교차로 - 교차로안,승용,남,49세,상해없음,승용,여,31세,중상
2013101500100161,2013년 10월 15일 10시,화요일,경상남도 창원시 마산합포구 상남동,경상사고,0,0,1,0,차대차 - 기타,안전운전불이행,건조,맑음,교차로 - 교차로안,승용,남,54세,상해없음,자전거,여,65세,경상
2013101500100162,2013년 10월 15일 10시,화요일,경상남도 창원시 진해구 용원동,중상사고,0,1,1,0,차대차 - 측면직각충돌,직진우회전진행방해,건조,맑음,교차로 - 교차로안,화물,남,56세,중상,화물,남,47세,경상
2013101500100163,2013년 10월 15일 10시,화요일,경상남도 양산시 산막동,경상사고,0,0,1,0,차대차 - 측면직각충돌,신호위반,건조,맑음,교차로 - 교차로안,승용,남,31세,상해없음,원동기,남,27세,경상
2013101500100164,2013년 10월 15일 10시,화요일,경상남도 창원시 성산구 대방동,중상사고,0,1,0,0,차대사람 - 보도통행중,신호위반,건조,맑음,교차로 - 교차로안,이륜,남,78세,상해없음,보행자,여,57세,중상
2013101500100185,2013년 10월 15일 11시,화요일,경상남도 진주시 평거동,중상사고,0,1,0,0,차대사람 - 보도통행중,기타,건조,맑음,단일로 - 기타,화물,여,41세,상해없음,보행자,여,71세,중상
2013101500100186,2013년 10월 15일 11시,화요일,경상남도 거제시 옥포동,경상사고,0,0,1,0,차대사람 - 횡단중,안전운전불이행,건조,맑음,단일로 - 기타,기타불명,기타불명,기타불명,기타불명,보행자,여,15세,경상
2013101500100187,2013년 10월 15일 11시,화요일,경상남도 창녕군 대합면,중상사고,0,1,0,0,차대차 - 추돌 - 진행중,안전운전불이행,건조,맑음,단일로 - 기타,화물,남,51세,상해없음,화물,남,49세,중상
2013101500100203,2013년 10월 15일 12시,화요일,경상남도 김해시 대동면,경상사고,0,0,1,0,차대차 - 기타,안전거리미확보,건조,맑음,단일로 - 기타,화물,남,51세,기타불명,화물,남,28세,경상
2013101500100240,2013년 10월 15일 13시,화요일,경상남도 진주시 본성동,중상사고,0,1,0,0,차대사람 - 횡단중,안전운전불이행,건조,맑음,단일로 - 기타,승용,남,46세,상해없음,보행자,여,71세,중상
2013101500100241,2013년 10월 15일 13시,화요일,경상남도 통영시 도산면,사망사고,1,0,0,0,차대차 - 추돌 - 주정차중,안전운전불이행,건조,맑음,단일로 - 기타,이륜,남,76세,사망,화물,남,63세,상해없음
2013101500100242,2013년 10월 15일 13시,화요일,경상남도 거창군 가조면,경상사고,0,0,1,0,차대차 - 추돌 - 진행중,안전운전불이행,건조,맑음,교차로 - 교차로안,승용,남,24세,상해없음,원동기,여,56세,경상
2013101500100243,2013년 10월 15일 13시,화요일,경상남도 의령군 유곡면,경상사고,0,0,1,0,차량단독 - 기타,기타,건조,맑음,단일로 - 교량,화물,남,64세,상해없음,,,,
2013101500100244,2013년 10월 15일 13시,화요일,경상남도 창원시 의창구 봉곡동,부상신고사고,0,0,0,1,차대사람 - 기타,안전운전불이행,건조,맑음,단일로 - 기타,승용,남,31세,상해없음,보행자,여,57세,부상신고
2013101500100274,2013년 10월 15일 14시,화요일,경상남도 창원시 진해구 덕산동,중상사고,0,1,0,0,차대차 - 측면직각충돌,안전운전불이행,건조,맑음,교차로 - 교차로부근,원동기,남,55세,중상,승용,남,36세,상해없음
2013101500100275,2013년 10월 15일 14시,화요일,경상남도 통영시 무전동,부상신고사고,0,0,0,1,차대사람 - 횡단중,보행자보호의무위반,건조,맑음,단일로 - 기타,기타불명,기타불명,기타불명,기타불명,보행자,여,16세,부상신고
2013101500100276,2013년 10월 15일 14시,화요일,경상남도 창원시 의창구 소계동,경상사고,0,0,1,0,차대차 - 기타,교차로운행방법위반,건조,맑음,교차로 - 교차로안,승용,남,61세,상해없음,승용,남,81세,경상
2013101500100301,2013년 10월 15일 15시,화요일,경상남도 창원시 마산합포구 신포동2가,중상사고,0,1,0,0,차대차 - 기타,안전운전불이행,건조,맑음,단일로 - 기타,승합,여,74세,상해없음,승용,여,48세,중상
2013101500100302,2013년 10월 15일 15시,화요일,경상남도 함안군 군북면,경상사고,0,0,1,0,차대차 - 측면직각충돌,중앙선침범,건조,맑음,단일로 - 기타,화물,남,60세,상해없음,화물,남,45세,경상
2013101500100328,2013년 10월 15일 16시,화요일,경상남도 의령군 부림면,사망사고,1,0,0,0,차량단독 - 기타,기타,건조,맑음,단일로 - 기타,농기계,남,79세,상해없음,,,,
2013101500100350,2013년 10월 15일 17시,화요일,경상남도 창원시 마산회원구 구암동,경상사고,0,0,1,0,차대사람 - 횡단중,안전운전불이행,건조,맑음,교차로 - 교차로안,화물,남,63세,상해없음,보행자,여,68세,경상
2013101500100351,2013년 10월 15일 17시,화요일,경상남도 창원시 의창구 소답동,경상사고,0,0,1,0,차대사람 - 기타,안전운전불이행,건조,맑음,단일로 - 기타,기타불명,기타불명,기타불명,기타불명,보행자,남,8세,경상
2013101500100413,2013년 10월 15일 18시,화요일,경상남도 거창군 거창읍,사망사고,1,1,1,0,차대차 - 측면직각충돌,교차로운행방법위반,건조,맑음,교차로 - 교차로안,화물,남,64세,사망,승합,남,51세,경상
2013101500100414,2013년 10월 15일 18시,화요일,경상남도 합천군 가야면,중상사고,0,1,0,0,차대차 - 측면직각충돌,중앙선침범,건조,맑음,단일로 - 기타,화물,남,49세,상해없음,화물,남,53세,중상
2013101500100415,2013년 10월 15일 18시,화요일,경상남도 창녕군 대지면,중상사고,0,1,1,0,차대차 - 추돌 - 진행중,안전운전불이행,건조,흐림,단일로 - 기타,승용,남,75세,상해없음,농기계,남,71세,경상
2013101500100416,2013년 10월 15일 18시,화요일,경상남도 양산시 북정동,중상사고,0,1,0,0,차대차 - 측면직각충돌,교차로운행방법위반,건조,맑음,교차로 - 교차로안,승용,남,51세,상해없음,원동기,남,19세,중상
2013101500100465,2013년 10월 15일 19시,화요일,경상남도 통영시 광도면,경상사고,0,0,1,0,차대차 - 추돌 - 진행중,안전거리미확보,건조,맑음,단일로 - 기타,승용,남,29세,상해없음,승용,남,63세,상해없음
2013101500100466,2013년 10월 15일 19시,화요일,경상남도 창원시 성산구 반림동,경상사고,0,0,1,0,차대차 - 추돌 - 진행중,안전운전불이행,건조,맑음,교차로 - 교차로부근,승용,남,43세,상해없음,승용,남,54세,경상
2013101500100499,2013년 10월 15일 20시,화요일,경상남도 김해시 삼계동,중상사고,0,1,1,0,차대차 - 추돌 - 진행중,안전거리미확보,건조,맑음,교차로 - 교차로안,승용,남,52세,상해없음,승용,남,38세,중상
2013101500100500,2013년 10월 15일 20시,화요일,경상남도 창원시 마산회원구 구암동,중상사고,0,1,0,0,차대차 - 기타,안전운전불이행,건조,맑음,교차로 - 교차로안,승용,남,35세,상해없음,자전거,남,51세,중상