사고번호,사고일시,요일,시군구,사고내용,사망자수,중상자수,경상자수,부상신고자수,사고유형,법규위반,노면상태,기상상태,도로형태,가해운전자 차종,가해운전자 성별,가해운전자 연령,가해운전자 상해정도,피해운전자 차종,피해운전자 성별,피해운전자 연령,피해운전자 상해정도
2013101800100580,2013년 10월 18일 19시,금요일,경상남도 진주시 상평동,중상사고,0,1,0,0,차대차 - 측면직각충돌,안전운전불이행,건조,맑음,단일로 - 기타,승용,남,65세,상해없음,자전거,여,26세,중상
2013101800100581,2013년 10월 18일 19시,금요일,경상남도 창원시 진해구 자은동,경상사고,0,0,1,0,차대차 - 기타,안전거리미확보,건조,맑음,교차로 - 교차로부근,화물,남,46세,상해없음,승용,남,43세,상해없음
2013101800100582,2013년 10월 18일 19시,금요일,경상남도 사천시 송포동,중상사고,0,2,0,0,차대차 - 측면직각충돌,안전운전불이행,건조,맑음,교차로 - 교차로안,승용,남,57세,상해없음,이륜,남,68세,중상
2013101800100669,2013년 10월 18일 21시,금요일,경상남도 진주시 문산읍,경상사고,0,0,1,0,차대차 - 측면직각충돌,안전운전불이행,건조,맑음,단일로 - 기타,화물,남,54세,상해없음,승용,남,30세,상해없음
2013101800100670,2013년 10월 18일 21시,금요일,경상남도 통영시 무전동,경상사고,0,0,1,0,차대사람 - 기타,기타,건조,맑음,단일로 - 기타,승용,여,39세,상해없음,보행자,여,17세,경상
2013101800100671,2013년 10월 18일 21시,금요일,경상남도 창원시 의창구 북면,중상사고,0,2,0,0,차대사람 - 횡단중,안전운전불이행,건조,맑음,단일로 - 기타,승용,남,31세,상해없음,보행자,남,66세,중상
2013101800100699,2013년 10월 18일 22시,금요일,경상남도 거제시 옥포동,중상사고,0,1,0,0,차대사람 - 기타,안전운전불이행,건조,맑음,단일로 - 기타,승용,남,44세,상해없음,보행자,남,36세,중상
2013101800100700,2013년 10월 18일 22시,금요일,경상남도 남해군 남해읍,중상사고,0,1,0,0,차대차 - 기타,안전운전불이행,건조,맑음,기타 - 기타,승용,여,41세,상해없음,승용,여,23세,기타불명
2013101800100724,2013년 10월 18일 23시,금요일,경상남도 창원시 의창구 두대동,중상사고,0,1,0,0,차대차 - 추돌 - 주정차중,안전운전불이행,건조,맑음,교차로 - 교차로부근,승용,남,36세,상해없음,화물,남,34세,중상
2013101900100041,2013년 10월 19일 01시,토요일,경상남도 밀양시 삼문동,중상사고,0,1,0,0,차대차 - 추돌 - 진행중,안전운전불이행,건조,맑음,교차로 - 교차로부근,승용,남,27세,상해없음,승합,남,49세,중상
2013101900100042,2013년 10월 19일 01시,토요일,경상남도 김해시 장유면,중상사고,0,1,0,0,차대사람 - 기타,안전운전불이행,건조,맑음,단일로 - 기타,승용,여,43세,기타불명,보행자,여,38세,중상
2013101900100065,2013년 10월 19일 02시,토요일,경상남도 창원시 의창구 소답동,중상사고,0,1,0,0,차대사람 - 차도통행중,안전운전불이행,건조,맑음,교차로 - 교차로안,승용,남,53세,상해없음,보행자,남,32세,중상
2013101900100091,2013년 10월 19일 04시,토요일,경상남도 창원시 의창구 명서동,중상사고,0,1,1,0,차대사람 - 횡단중,안전운전불이행,건조,맑음,단일로 - 기타,원동기,남,24세,상해없음,보행자,여,46세,중상
2013101900100154,2013년 10월 19일 08시,토요일,경상남도 함양군 유림면,경상사고,0,0,1,0,차대차 - 추돌 - 진행중,안전운전불이행,건조,맑음,단일로 - 기타,건설기계,남,43세,상해없음,원동기,남,72세,경상
2013101900100155,2013년 10월 19일 08시,토요일,경상남도 양산시 상북면,부상신고사고,0,0,0,1,차대차 - 측면직각충돌,신호위반,건조,맑음,교차로 - 교차로안,승용,남,52세,상해없음,승용,남,30세,부상신고
2013101900100156,2013년 10월 19일 08시,토요일,경상남도 거제시 옥포동,중상사고,0,1,0,0,차대차 - 추돌 - 진행중,안전운전불이행,건조,맑음,교차로 - 교차로부근,원동기,남,23세,상해없음,승용,여,53세,중상
2013101900100182,2013년 10월 19일 09시,토요일,경상남도 김해시 구산동,중상사고,0,2,1,0,차대차 - 기타,안전운전불이행,건조,맑음,단일로 - 기타,승용,남,31세,중상,승용,여,31세,상해없음
2013101900100183,2013년 10월 19일 09시,토요일,경상남도 산청군 금서면,중상사고,0,2,2,0,차대차 - 측면직각충돌,신호위반,건조,맑음,교차로 - 교차로안,승용,남,68세,경상,승용,여,54세,경상
2013101900100206,2013년 10월 19일 10시,토요일,경상남도 창원시 진해구 숭인동,경상사고,0,0,1,1,차대차 - 측면직각충돌,안전운전불이행,건조,맑음,교차로 - 교차로안,승용,여,44세,부상신고,승용,여,47세,경상
2013101900100207,2013년 10월 19일 10시,토요일,경상남도 창원시 의창구 동읍,중상사고,0,1,0,0,차대사람 - 기타,안전운전불이행,건조,흐림,교차로 - 교차로안,승용,여,29세,상해없음,보행자,남,79세,중상
2013101900100232,2013년 10월 19일 11시,토요일,경상남도 김해시 삼계동,경상사고,0,0,1,0,차대차 - 측면직각충돌,신호위반,건조,맑음,교차로 - 교차로안,승용,여,36세,상해없음,승용,여,45세,경상
2013101900100233,2013년 10월 19일 11시,토요일,경상남도 김해시 진영읍,경상사고,0,0,1,0,차대차 - 추돌 - 진행중,안전거리미확보,건조,맑음,교차로 - 교차로부근,건설기계,남,47세,상해없음,승용,여,45세,경상
2013101900100294,2013년 10월 19일 13시,토요일,경상남도 거창군 가조면,중상사고,0,2,0,0,차대차 - 측면직각충돌,교차로운행방법위반,건조,맑음,교차로 - 교차로안,화물,남,21세,상해없음,승용,남,65세,중상
2013101900100323,2013년 10월 19일 14시,토요일,경상남도 창녕군 계성면,경상사고,0,0,4,0,차대차 - 측면직각충돌,안전운전불이행,건조,맑음,단일로 - 기타,화물,남,62세,상해없음,승용,남,34세,상해없음
2013101900100324,2013년 10월 19일 14시,토요일,경상남도 고성군 대가면,경상사고,0,0,1,0,차대차 - 측면직각충돌,중앙선침범,건조,흐림,단일로 - 기타,승용,남,30세,상해없음,승합,남,55세,상해없음
2013101900100325,2013년 10월 19일 14시,토요일,경상남도 의령군 의령읍,중상사고,0,1,0,0,차대차 - 측면직각충돌,교차로운행방법위반,건조,맑음,교차로 - 교차로안,화물,남,66세,상해없음,승용,여,45세,중상
2013101900100356,2013년 10월 19일 15시,토요일,경상남도 통영시 도산면,경상사고,0,0,1,0,차대차 - 측면직각충돌,안전운전불이행,습기,비,교차로 - 교차로안,화물,남,63세,상해없음,건설기계,남,50세,경상
2013101900100391,2013년 10월 19일 16시,토요일,경상남도 사천시 사남면,사망사고,1,2,0,0,차대차 - 추돌 - 진행중,차로위반,건조,맑음,단일로 - 기타,화물,남,72세,사망,화물,남,53세,상해없음
2013101900100425,2013년 10월 19일 17시,토요일,경상남도 창원시 마산합포구 진동면,경상사고,0,0,3,0,차대차 - 추돌 - 주정차중,안전운전불이행,건조,맑음,단일로 - 기타,승용,남,37세,상해없음,승용,남,30세,경상
2013101900100426,2013년 10월 19일 17시,토요일,경상남도 창원시 마산합포구 중앙동1가,경상사고,0,0,1,1,차대차 - 정면충돌,중앙선침범,건조,맑음,단일로 - 기타,승용,남,63세,부상신고,승용,여,31세,경상
2013101900100427,2013년 10월 19일 17시,토요일,경상남도 고성군 동해면,중상사고,0,3,1,0,차대차 - 측면직각충돌,중앙선침범,건조,흐림,단일로 - 기타,화물,남,67세,상해없음,승용,남,33세,중상
2013101900100428,2013년 10월 19일 17시,토요일,경상남도 의령군 부림면,경상사고,0,0,1,0,차대차 - 기타,교차로운행방법위반,건조,맑음,교차로 - 교차로안,농기계,남,71세,경상,화물,남,54세,상해없음
2013101900100429,2013년 10월 19일 17시,토요일,경상남도 창원시 의창구 대원동,중상사고,0,1,0,0,차대차 - 측면직각충돌,신호위반,건조,맑음,교차로 - 교차로안,승용,여,30세,상해없음,원동기,남,43세,중상
2013101900100475,2013년 10월 19일 18시,토요일,경상남도 사천시 용강동,부상신고사고,0,0,0,1,차대차 - 측면직각충돌,교차로운행방법위반,건조,맑음,교차로 - 교차로안,승용,남,22세,상해없음,승용,여,51세,부상신고
2013101900100476,2013년 10월 19일 18시,토요일,경상남도 창원시 의창구 소계동,경상사고,0,0,1,0,차대차 - 측면직각충돌,안전운전불이행,건조,맑음,교차로 - 교차로안,승용,남,64세,상해없음,원동기,남,20세,경상
2013101900100515,2013년 10월 19일 19시,토요일,경상남도 창원시 마산합포구 진동면,경상사고,0,0,1,0,차대사람 - 길가장자리구역통행중,안전운전불이행,건조,맑음,단일로 - 기타,승용,남,51세,기타불명,보행자,남,21세,경상
2013101900100554,2013년 10월 19일 20시,토요일,경상남도 창원시 진해구 용원동,경상사고,0,0,1,0,차대차 - 기타,안전운전불이행,건조,맑음,교차로 - 교차로부근,이륜,남,27세,경상,화물,남,41세,기타불명
2013101900100585,2013년 10월 19일 21시,토요일,경상남도 창원시 진해구 이동,중상사고,0,1,1,0,차대차 - 기타,안전운전불이행,건조,맑음,단일로 - 기타,승용,여,21세,상해없음,승용,남,56세,경상
2013101900100586,2013년 10월 19일 21시,토요일,경상남도 양산시 하북면,경상사고,0,0,2,0,차대차 - 측면직각충돌,신호위반,건조,맑음,교차로 - 교차로안,화물,남,55세,상해없음,승용,남,44세,경상
2013101900100587,2013년 10월 19일 21시,토요일,경상남도 창원시 의창구 용호동,경상사고,0,0,1,0,차대사람 - 차도통행중,안전운전불이행,건조,맑음,단일로 - 기타,승용,남,53세,상해없음,보행자,여,21세,경상
2013101900100588,2013년 10월 19일 21시,토요일,경상남도 창원시 마산회원구 내서읍,경상사고,0,0,2,0,차대차 - 추돌 - 진행중,안전운전불이행,건조,기타,교차로 - 교차로부근,승합,남,37세,상해없음,승용,남,38세,경상
2013101900100615,2013년 10월 19일 22시,토요일,경상남도 김해시 부원동,중상사고,0,1,0,0,차대사람 - 보도통행중,기타,건조,흐림,단일로 - 기타,승용,기타불명,30세,기타불명,보행자,여,52세,중상
2013101900100616,2013년 10월 19일 22시,토요일,경상남도 창녕군 유어면,경상사고,0,0,1,0,차대차 - 추돌 - 진행중,안전운전불이행,건조,맑음,단일로 - 기타,승용,남,54세,상해없음,승용,여,26세,경상
2013101900100617,2013년 10월 19일 22시,토요일,경상남도 창원시 의창구 도계동,중상사고,0,1,0,0,차대차 - 기타,안전운전불이행,건조,맑음,교차로 - 교차로안,승용,남,55세,상해없음,자전거,남,70세,중상
2013101900100652,2013년 10월 19일 23시,토요일,경상남도 밀양시 내이동,중상사고,0,1,0,0,차대차 - 측면직각충돌,중앙선침범,건조,맑음,교차로 - 교차로부근,승용,남,34세,상해없음,이륜,남,16세,중상
2013101900100653,2013년 10월 19일 23시,토요일,경상남도 산청군 생초면,부상신고사고,0,0,0,1,차대차 - 측면직각충돌,안전운전불이행,건조,맑음,단일로 - 기타,원동기,남,60세,부상신고,승용,남,56세,기타불명
2013102000100016,2013년 10월 20일 00시,일요일,경상남도 진주시 평거동,경상사고,0,0,1,0,차량단독 - 기타,안전운전불이행,건조,맑음,교차로 - 교차로부근,승용,남,40세,상해없음,,,,
2013102000100017,2013년 10월 20일 00시,일요일,경상남도 통영시 무전동,중상사고,0,1,0,0,차량단독 - 기타,안전운전불이행,건조,맑음,단일로 - 기타,원동기,남,36세,중상,,,,
2013102000100018,2013년 10월 20일 00시,일요일,경상남도 양산시 중부동,중상사고,0,1,2,0,차대차 - 정면충돌,중앙선침범,건조,맑음,교차로 - 교차로부근,승용,남,26세,상해없음,승용,남,55세,경상
2013102000100039,2013년 10월 20일 01시,일요일,경상남도 창원시 마산합포구 남성동,중상사고,0,1,0,0,차대차 - 정면충돌,신호위반,건조,맑음,교차로 - 교차로안,승용,남,19세,상해없음,화물,남,24세,중상
2013102000100040,2013년 10월 20일 01시,일요일,경상남도 거제시 아주동,경상사고,0,0,1,0,차량단독 - 기타,안전운전불이행,건조,맑음,단일로 - 기타,승용,남,58세,상해없음,,,,
2013102000100053,2013년 10월 20일 02시,일요일,경상남도 진주시 주약동,중상사고,0,1,0,0,차대사람 - 횡단중,안전운전불이행,건조,맑음,교차로 - 교차로부근,승용,남,23세,상해없음,보행자,남,31세,중상
2013102000100054,2013년 10월 20일 02시,일요일,경상남도 창원시 진해구 이동,중상사고,0,1,0,0,차대사람 - 기타,신호위반,건조,맑음,교차로 - 교차로부근,승용,남,28세,상해없음,보행자,남,40세,중상
2013102000100071,2013년 10월 20일 03시,일요일,경상남도 밀양시 교동,경상사고,0,0,1,3,차대차 - 추돌 - 주정차중,안전운전불이행,건조,맑음,교차로 - 교차로부근,승용,여,40세,상해없음,승용,남,23세,경상
2013102000100081,2013년 10월 20일 04시,일요일,경상남도 함안군 가야읍,중상사고,0,1,0,0,차대차 - 추돌 - 진행중,안전운전불이행,건조,맑음,단일로 - 기타,승용,남,39세,기타불명,화물,남,52세,중상
2013102000100093,2013년 10월 20일 05시,일요일,경상남도 산청군 신안면,부상신고사고,0,0,0,1,차량단독 - 공작물충돌,안전운전불이행,건조,맑음,단일로 - 기타,승용,남,33세,부상신고,,,,
2013102000100155,2013년 10월 20일 09시,일요일,경상남도 밀양시 청도면,중상사고,0,1,0,0,차대차 - 측면직각충돌,안전운전불이행,건조,맑음,교차로 - 교차로안,화물,남,73세,상해없음,이륜,남,58세,중상
2013102000100179,2013년 10월 20일 10시,일요일,경상남도 밀양시 내이동,경상사고,0,0,1,0,차대사람 - 기타,안전운전불이행,건조,맑음,교차로 - 교차로안,승용,남,43세,상해없음,보행자,남,73세,경상
2013102000100180,2013년 10월 20일 10시,일요일,경상남도 창녕군 남지읍,경상사고,0,0,1,0,차대사람 - 기타,안전운전불이행,건조,맑음,교차로 - 교차로안,승용,남,54세,상해없음,보행자,여,60세,경상
2013102000100201,2013년 10월 20일 11시,일요일,경상남도 사천시 곤명면,부상신고사고,0,0,0,1,차대차 - 기타,안전운전불이행,건조,맑음,단일로 - 기타,기타불명,기타불명,기타불명,기타불명,원동기,남,24세,부상신고
2013102000100202,2013년 10월 20일 11시,일요일,경상남도 사천시 축동면,경상사고,0,0,1,0,차대차 - 측면직각충돌,신호위반,건조,맑음,교차로 - 교차로안,승용,여,52세,상해없음,화물,남,49세,경상
2013102000100203,2013년 10월 20일 11시,일요일,경상남도 창원시 의창구 팔용동,경상사고,0,0,1,0,차대차 - 추돌 - 진행중,안전운전불이행,건조,맑음,교차로 - 교차로부근,승용,남,34세,상해없음,승용,남,36세,경상
2013102000100226,2013년 10월 20일 12시,일요일,경상남도 사천시 서포면,부상신고사고,0,0,0,1,차량단독 - 도로외이탈 - 기타,안전운전불이행,건조,맑음,단일로 - 기타,원동기,남,75세,부상신고,,,,
2013102000100227,2013년 10월 20일 12시,일요일,경상남도 김해시 진영읍,경상사고,0,0,1,0,차대차 - 측면직각충돌,교차로운행방법위반,건조,맑음,교차로 - 교차로안,승용,남,55세,상해없음,승용,여,43세,경상
2013102000100259,2013년 10월 20일 13시,일요일,경상남도 남해군 설천면,경상사고,0,0,1,0,차대차 - 기타,안전운전불이행,건조,맑음,기타 - 기타,화물,남,45세,상해없음,화물,남,57세,경상
2013102000100282,2013년 10월 20일 14시,일요일,경상남도 진주시 가좌동,경상사고,0,0,1,0,차대사람 - 횡단중,보행자보호의무위반,건조,맑음,단일로 - 기타,원동기,남,52세,상해없음,보행자,여,60세,경상
2013102000100283,2013년 10월 20일 14시,일요일,경상남도 사천시 대방동,중상사고,0,1,1,1,차대차 - 측면직각충돌,신호위반,건조,맑음,교차로 - 교차로안,화물,남,26세,상해없음,승용,남,52세,부상신고
2013102000100311,2013년 10월 20일 15시,일요일,경상남도 진주시 집현면,중상사고,0,2,0,0,차대차 - 측면직각충돌,중앙선침범,건조,맑음,단일로 - 기타,승용,여,54세,상해없음,승용,남,55세,중상
2013102000100312,2013년 10월 20일 15시,일요일,경상남도 사천시 축동면,경상사고,0,0,1,0,차대차 - 추돌 - 주정차중,안전운전불이행,건조,맑음,단일로 - 기타,화물,남,37세,상해없음,승합,남,43세,경상
2013102000100313,2013년 10월 20일 15시,일요일,경상남도 김해시 대동면,경상사고,0,0,2,0,차대차 - 측면직각충돌,안전운전불이행,건조,맑음,단일로 - 기타,화물,남,56세,상해없음,승용,남,27세,경상
2013102000100314,2013년 10월 20일 15시,일요일,경상남도 김해시 장유면,경상사고,0,0,1,0,차대차 - 측면직각충돌,직진우회전진행방해,건조,맑음,교차로 - 교차로안,승용,남,59세,상해없음,승용,여,37세,경상
2013102000100358,2013년 10월 20일 16시,일요일,경상남도 진주시 상평동,경상사고,0,0,2,0,차대차 - 추돌 - 주정차중,안전운전불이행,건조,맑음,단일로 - 기타,승용,남,32세,상해없음,승용,남,50세,경상
2013102000100359,2013년 10월 20일 16시,일요일,경상남도 통영시 봉평동,중상사고,0,1,0,0,차대차 - 측면직각충돌,신호위반,건조,맑음,교차로 - 교차로안,이륜,남,65세,중상,승용,남,54세,상해없음
2013102000100361,2013년 10월 20일 16시,일요일,경상남도 양산시 덕계동,중상사고,0,1,0,0,차대사람 - 기타,안전운전불이행,건조,맑음,단일로 - 기타,승용,여,70세,상해없음,보행자,남,58세,중상
2013102000100394,2013년 10월 20일 17시,일요일,경상남도 창원시 마산합포구 진동면,사망사고,2,0,0,0,차량단독 - 전도전복,안전운전불이행,건조,맑음,단일로 - 기타,화물,남,60세,사망,,,,
2013102000100395,2013년 10월 20일 17시,일요일,경상남도 창원시 마산합포구 상남동,중상사고,0,2,0,0,차대차 - 기타,차로위반,건조,맑음,교차로 - 교차로부근,승용,남,38세,상해없음,원동기,남,24세,중상
2013102000100396,2013년 10월 20일 17시,일요일,경상남도 김해시 진례면,중상사고,0,1,0,0,차대차 - 측면직각충돌,신호위반,건조,맑음,교차로 - 교차로안,화물,남,61세,상해없음,승용,남,39세,중상
2013102000100446,2013년 10월 20일 18시,일요일,경상남도 통영시 항남동,경상사고,0,0,1,0,차대차 - 기타,교차로운행방법위반,건조,맑음,교차로 - 교차로안,승용,기타불명,기타불명,기타불명,승용,남,53세,상해없음
2013102000100447,2013년 10월 20일 18시,일요일,경상남도 사천시 사천읍,경상사고,0,0,1,0,차대사람 - 횡단중,안전운전불이행,건조,맑음,교차로 - 교차로안,화물,남,61세,상해없음,보행자,남,37세,경상
2013102000100448,2013년 10월 20일 18시,일요일,경상남도 사천시 벌리동,경상사고,0,0,1,0,차대차 - 측면직각충돌,교차로운행방법위반,건조,맑음,교차로 - 교차로안,승용,남,64세,상해없음,화물,남,34세,경상
2013102000100449,2013년 10월 20일 18시,일요일,경상남도 김해시 부원동,중상사고,0,1,1,0,차대차 - 추돌 - 진행중,차로위반,건조,맑음,단일로 - 기타,승용,남,32세,상해없음,승용,남,44세,중상
2013102000100451,2013년 10월 20일 18시,일요일,경상남도 양산시 중부동,중상사고,0,2,0,0,차대사람 - 기타,보행자보호의무위반,건조,맑음,단일로 - 횡단보도상,승용,남,43세,상해없음,보행자,여,17세,중상
2013102000100452,2013년 10월 20일 18시,일요일,경상남도 거제시 상동동,중상사고,0,1,1,0,차대사람 - 기타,신호위반,건조,맑음,단일로 - 횡단보도상,승용,남,55세,상해없음,보행자,여,27세,중상
2013102000100453,2013년 10월 20일 18시,일요일,경상남도 창원시 마산회원구 내서읍,경상사고,0,0,1,0,차대차 - 추돌 - 진행중,안전운전불이행,건조,맑음,교차로 - 교차로부근,승용,남,52세,상해없음,승용,여,52세,경상
2013102000100481,2013년 10월 20일 19시,일요일,경상남도 진주시 금산면,경상사고,0,0,2,0,차대차 - 측면직각충돌,직진우회전진행방해,건조,맑음,교차로 - 교차로안,승용,남,51세,상해없음,원동기,남,18세,경상
2013102000100482,2013년 10월 20일 19시,일요일,경상남도 창원시 진해구 경화동,경상사고,0,0,1,0,차대차 - 측면직각충돌,신호위반,건조,맑음,교차로 - 교차로안,원동기,남,42세,경상,승용,남,60세,상해없음
2013102000100483,2013년 10월 20일 19시,일요일,경상남도 창원시 마산회원구 합성동,중상사고,0,1,0,0,차대사람 - 보도통행중,안전운전불이행,건조,맑음,단일로 - 기타,승용,남,63세,상해없음,보행자,남,43세,중상
2013102000100484,2013년 10월 20일 19시,일요일,경상남도 김해시 장유면,경상사고,0,0,1,1,차대차 - 측면직각충돌,안전거리미확보,건조,맑음,단일로 - 기타,승용,남,30세,상해없음,승용,여,64세,경상
2013102000100516,2013년 10월 20일 20시,일요일,경상남도 창원시 진해구 덕산동,중상사고,0,1,0,0,차대차 - 정면충돌,안전운전불이행,건조,맑음,단일로 - 기타,승용,남,43세,상해없음,원동기,남,68세,중상
2013102000100535,2013년 10월 20일 21시,일요일,경상남도 진주시 상대동,중상사고,0,1,0,0,차대사람 - 횡단중,보행자보호의무위반,건조,맑음,단일로 - 기타,이륜,남,22세,상해없음,보행자,남,65세,중상
2013102000100536,2013년 10월 20일 21시,일요일,경상남도 창원시 마산회원구 회원동,중상사고,0,1,0,0,차대차 - 추돌 - 진행중,안전운전불이행,건조,맑음,단일로 - 기타,승용,남,27세,상해없음,승용,남,35세,중상
2013102000100554,2013년 10월 20일 22시,일요일,경상남도 진주시 상평동,중상사고,0,1,1,0,차대차 - 측면직각충돌,직진우회전진행방해,건조,맑음,교차로 - 교차로안,승용,여,41세,상해없음,승용,여,50세,중상
2013102100100013,2013년 10월 21일 00시,월요일,경상남도 창원시 의창구 팔용동,경상사고,0,0,1,0,차대차 - 측면직각충돌,안전운전불이행,건조,맑음,단일로 - 기타,기타불명,기타불명,기타불명,기타불명,화물,남,46세,경상
2013102100100039,2013년 10월 21일 03시,월요일,경상남도 진주시 상대동,중상사고,0,1,1,0,차량단독 - 기타,안전운전불이행,건조,맑음,단일로 - 기타,이륜,남,17세,중상,,,,
2013102100100051,2013년 10월 21일 05시,월요일,경상남도 창원시 마산합포구 완월동,경상사고,0,0,1,0,차대차 - 기타,안전운전불이행,건조,맑음,교차로 - 교차로부근,승용,남,68세,상해없음,원동기,남,36세,경상
2013102100100128,2013년 10월 21일 08시,월요일,경상남도 진주시 평거동,경상사고,0,0,1,0,차대차 - 추돌 - 진행중,안전거리미확보,건조,맑음,단일로 - 기타,승용,남,50세,상해없음,승용,여,57세,경상
2013102100100129,2013년 10월 21일 08시,월요일,경상남도 양산시 동면,경상사고,0,0,1,0,차대사람 - 기타,안전운전불이행,건조,맑음,교차로 - 교차로안,승용,남,43세,상해없음,보행자,여,15세,경상
2013102100100130,2013년 10월 21일 08시,월요일,경상남도 거제시 상동동,경상사고,0,0,1,0,차대차 - 추돌 - 진행중,신호위반,건조,맑음,교차로 - 교차로안,승용,남,68세,상해없음,승용,남,33세,경상
2013102100100164,2013년 10월 21일 09시,월요일,경상남도 거제시 고현동,중상사고,0,2,0,0,차대차 - 추돌 - 진행중,신호위반,건조,맑음,교차로 - 교차로안,승용,남,31세,상해없음,승용,남,51세,중상
2013102100100165,2013년 10월 21일 09시,월요일,경상남도 창원시 성산구 상남동,경상사고,0,0,1,0,차대사람 - 차도통행중,안전운전불이행,건조,맑음,교차로 - 교차로부근,승용,남,42세,상해없음,보행자,여,31세,경상
2013102100100166,2013년 10월 21일 09시,월요일,경상남도 창원시 의창구 사림동,경상사고,0,0,1,0,차대차 - 측면직각충돌,안전운전불이행,건조,맑음,교차로 - 교차로안,승용,여,50세,상해없음,이륜,남,29세,경상
2013102100100195,2013년 10월 21일 10시,월요일,경상남도 창원시 마산합포구 상남동,중상사고,0,1,0,0,차대사람 - 기타,안전운전불이행,건조,맑음,교차로 - 교차로부근,승용,남,34세,상해없음,보행자,여,85세,중상
2013102100100196,2013년 10월 21일 10시,월요일,경상남도 거창군 거창읍,중상사고,0,1,0,0,차대차 - 측면직각충돌,안전운전불이행,건조,맑음,단일로 - 기타,화물,남,58세,상해없음,원동기,남,74세,중상
2013102100100197,2013년 10월 21일 10시,월요일,경상남도 거창군 거창읍,사망사고,1,0,0,0,차대차 - 측면직각충돌,안전운전불이행,건조,맑음,단일로 - 기타,화물,남,26세,상해없음,원동기,남,68세,사망
2013102100100198,2013년 10월 21일 10시,월요일,경상남도 거창군 남상면,부상신고사고,0,0,0,1,차대차 - 측면직각충돌,안전운전불이행,건조,맑음,단일로 - 기타,농기계,남,80세,부상신고,건설기계,남,59세,상해없음
2013102100100199,2013년 10월 21일 10시,월요일,경상남도 창원시 마산회원구 석전동,중상사고,0,1,2,0,차대차 - 기타,신호위반,건조,맑음,교차로 - 교차로안,승용,남,72세,상해없음,화물,남,40세,중상
2013102100100222,2013년 10월 21일 11시,월요일,경상남도 합천군 초계면,경상사고,0,0,1,0,차대사람 - 길가장자리구역통행중,안전운전불이행,건조,맑음,단일로 - 기타,화물,남,66세,상해없음,보행자,여,77세,경상
2013102100100259,2013년 10월 21일 12시,월요일,경상남도 창원시 의창구 대산면,사망사고,1,0,0,0,차대사람 - 기타,안전운전불이행,건조,맑음,교차로 - 교차로안,승용,남,21세,상해없음,보행자,여,78세,사망
2013102100100321,2013년 10월 21일 14시,월요일,경상남도 밀양시 내이동,부상신고사고,0,0,0,3,차대차 - 추돌 - 진행중,안전거리미확보,건조,맑음,단일로 - 기타,승용,남,49세,상해없음,승용,남,31세,상해없음
2013102100100322,2013년 10월 21일 14시,월요일,경상남도 창원시 성산구 신촌동,사망사고,1,0,0,0,차대차 - 측면직각충돌,안전거리미확보,건조,맑음,단일로 - 기타,이륜,남,78세,사망,승용,남,69세,상해없음
2013102100100323,2013년 10월 21일 14시,월요일,경상남도 김해시 주촌면,중상사고,0,1,0,0,차대차 - 기타,안전운전불이행,건조,맑음,단일로 - 기타,화물,남,59세,상해없음,화물,남,61세,중상
2013102100100356,2013년 10월 21일 15시,월요일,경상남도 통영시 정량동,경상사고,0,0,1,0,차대차 - 추돌 - 주정차중,안전운전불이행,건조,맑음,교차로 - 교차로부근,승용,남,50세,기타불명,화물,남,26세,경상
2013102100100397,2013년 10월 21일 16시,월요일,경상남도 통영시 광도면,경상사고,0,0,1,0,차대차 - 추돌 - 주정차중,안전운전불이행,건조,맑음,단일로 - 기타,승용,여,41세,상해없음,승용,여,46세,경상
2013102100100398,2013년 10월 21일 16시,월요일,경상남도 양산시 동면,중상사고,0,2,1,1,차대차 - 추돌 - 주정차중,안전운전불이행,건조,맑음,교차로 - 교차로부근,화물,남,39세,기타불명,승용,남,80세,상해없음
2013102100100399,2013년 10월 21일 16시,월요일,경상남도 양산시 중부동,경상사고,0,0,1,0,차대사람 - 횡단중,신호위반,건조,맑음,교차로 - 교차로부근,기타불명,기타불명,기타불명,기타불명,보행자,여,14세,경상
2013102100100400,2013년 10월 21일 16시,월요일,경상남도 산청군 신안면,경상사고,0,0,1,0,차량단독 - 기타,안전운전불이행,건조,맑음,단일로 - 기타,화물,남,60세,상해없음,,,,
2013102100100430,2013년 10월 21일 17시,월요일,경상남도 창원시 진해구 석동,경상사고,0,0,2,0,차대차 - 측면직각충돌,중앙선침범,건조,맑음,단일로 - 기타,승용,남,29세,상해없음,승용,남,38세,경상
2013102100100431,2013년 10월 21일 17시,월요일,경상남도 통영시 도남동,중상사고,0,1,0,0,차대사람 - 횡단중,보행자보호의무위반,건조,맑음,교차로 - 교차로부근,승용,여,31세,상해없음,보행자,남,8세,중상
2013102100100432,2013년 10월 21일 17시,월요일,경상남도 김해시 한림면,사망사고,1,0,0,0,차대차 - 기타,안전운전불이행,건조,맑음,단일로 - 기타,원동기,남,69세,상해없음,농기계,남,45세,상해없음
2013102100100495,2013년 10월 21일 18시,월요일,경상남도 사천시 선구동,경상사고,0,0,1,0,차대차 - 측면직각충돌,교차로운행방법위반,건조,맑음,교차로 - 교차로안,화물,남,55세,상해없음,승용,여,62세,상해없음