사고번호,사고일시,요일,시군구,사고내용,사망자수,중상자수,경상자수,부상신고자수,사고유형,법규위반,노면상태,기상상태,도로형태,가해운전자 차종,가해운전자 성별,가해운전자 연령,가해운전자 상해정도,피해운전자 차종,피해운전자 성별,피해운전자 연령,피해운전자 상해정도
2013102100100496,2013년 10월 21일 18시,월요일,경상남도 양산시 중부동,중상사고,0,1,0,0,차대차 - 정면충돌,안전운전불이행,건조,맑음,기타 - 기타,이륜,남,23세,상해없음,이륜,여,53세,중상
2013102100100497,2013년 10월 21일 18시,월요일,경상남도 김해시 주촌면,중상사고,0,1,0,0,차대차 - 기타,안전운전불이행,건조,맑음,단일로 - 기타,승용,남,62세,상해없음,자전거,남,58세,중상
2013102100100545,2013년 10월 21일 19시,월요일,경상남도 밀양시 삼문동,중상사고,0,1,0,0,차대차 - 측면직각충돌,직진우회전진행방해,건조,맑음,교차로 - 교차로안,승용,남,35세,상해없음,원동기,남,51세,중상
2013102100100546,2013년 10월 21일 19시,월요일,경상남도 창녕군 창녕읍,경상사고,0,0,1,0,차대차 - 추돌 - 진행중,안전운전불이행,건조,맑음,교차로 - 교차로부근,화물,남,59세,상해없음,승용,여,33세,경상
2013102100100547,2013년 10월 21일 19시,월요일,경상남도 창원시 마산회원구 석전동,경상사고,0,0,1,0,차대차 - 기타,안전운전불이행,건조,맑음,단일로 - 기타,승용,남,65세,상해없음,원동기,남,25세,경상
2013102100100582,2013년 10월 21일 20시,월요일,경상남도 창녕군 남지읍,경상사고,0,0,1,0,차대차 - 기타,안전운전불이행,건조,맑음,단일로 - 기타,화물,남,47세,상해없음,농기계,남,40세,경상
2013102100100614,2013년 10월 21일 21시,월요일,경상남도 김해시 외동,경상사고,0,0,1,0,차대차 - 기타,안전운전불이행,건조,맑음,교차로 - 교차로부근,승용,남,23세,상해없음,승용,남,28세,기타불명
2013102100100615,2013년 10월 21일 21시,월요일,경상남도 양산시 교동,경상사고,0,0,1,0,차대차 - 측면직각충돌,신호위반,건조,맑음,교차로 - 교차로안,승용,남,38세,상해없음,승용,남,38세,경상
2013102100100616,2013년 10월 21일 21시,월요일,경상남도 함안군 가야읍,중상사고,0,1,0,0,차대차 - 측면직각충돌,안전운전불이행,건조,맑음,교차로 - 교차로안,승용,여,47세,상해없음,자전거,남,60세,중상
2013102100100617,2013년 10월 21일 21시,월요일,경상남도 창원시 의창구 사림동,경상사고,0,0,1,0,차대차 - 추돌 - 주정차중,안전운전불이행,건조,맑음,교차로 - 교차로안,승용,남,49세,상해없음,승용,여,58세,경상
2013102100100618,2013년 10월 21일 21시,월요일,경상남도 김해시 장유면,경상사고,0,0,1,0,차대사람 - 길가장자리구역통행중,안전운전불이행,건조,맑음,단일로 - 기타,승용,남,35세,상해없음,보행자,남,27세,경상
2013102100100636,2013년 10월 21일 22시,월요일,경상남도 창녕군 창녕읍,경상사고,0,0,3,0,차대차 - 측면직각충돌,안전운전불이행,건조,맑음,단일로 - 기타,승용,남,35세,상해없음,승용,여,22세,경상
2013102100100662,2013년 10월 21일 23시,월요일,경상남도 김해시 내동,중상사고,0,1,0,0,차대사람 - 길가장자리구역통행중,안전운전불이행,건조,맑음,단일로 - 기타,승용,남,42세,상해없음,보행자,남,53세,중상
2013102200100011,2013년 10월 22일 00시,화요일,경상남도 양산시 교동,경상사고,0,0,1,0,차대사람 - 횡단중,안전운전불이행,건조,맑음,단일로 - 기타,승용,남,58세,상해없음,보행자,여,16세,경상
2013102200100012,2013년 10월 22일 00시,화요일,경상남도 양산시 남부동,중상사고,0,1,2,1,차대차 - 측면직각충돌,직진우회전진행방해,건조,맑음,교차로 - 교차로안,승용,남,48세,부상신고,승용,남,52세,경상
2013102200100013,2013년 10월 22일 00시,화요일,경상남도 함안군 산인면,중상사고,0,1,1,0,차대차 - 추돌 - 진행중,안전운전불이행,건조,맑음,단일로 - 기타,화물,남,27세,중상,화물,남,44세,경상
2013102200100036,2013년 10월 22일 02시,화요일,경상남도 진주시 평거동,경상사고,0,0,1,0,차대차 - 추돌 - 주정차중,안전운전불이행,건조,맑음,교차로 - 교차로부근,자전거,남,17세,경상,승용,기타불명,기타불명,기타불명
2013102200100047,2013년 10월 22일 04시,화요일,경상남도 창원시 진해구 용원동,경상사고,0,0,1,0,차대차 - 측면직각충돌,안전운전불이행,건조,맑음,단일로 - 기타,승용,남,44세,상해없음,승용,남,47세,상해없음
2013102200100055,2013년 10월 22일 05시,화요일,경상남도 김해시 지내동,경상사고,0,0,1,0,차대차 - 추돌 - 진행중,안전운전불이행,건조,맑음,교차로 - 교차로안,원동기,남,66세,경상,승용,여,51세,상해없음
2013102200100056,2013년 10월 22일 05시,화요일,경상남도 김해시 봉황동,중상사고,0,1,0,0,차대차 - 측면직각충돌,신호위반,건조,맑음,교차로 - 교차로안,기타불명,기타불명,기타불명,기타불명,자전거,남,72세,중상
2013102200100072,2013년 10월 22일 06시,화요일,경상남도 거제시 고현동,경상사고,0,0,2,0,차대차 - 추돌 - 진행중,교차로운행방법위반,건조,맑음,교차로 - 교차로안,이륜,남,39세,경상,승용,남,52세,경상
2013102200100091,2013년 10월 22일 07시,화요일,경상남도 창원시 마산합포구 진전면,중상사고,0,2,0,0,차대차 - 측면직각충돌,신호위반,건조,맑음,교차로 - 교차로안,승용,남,59세,상해없음,이륜,남,53세,중상
2013102200100092,2013년 10월 22일 07시,화요일,경상남도 남해군 남면,중상사고,0,2,0,0,차대차 - 기타,교차로운행방법위반,건조,맑음,교차로 - 교차로안,승합,남,48세,상해없음,승용,남,36세,중상
2013102200100201,2013년 10월 22일 10시,화요일,경상남도 합천군 묘산면,경상사고,0,0,3,0,차대차 - 정면충돌,중앙선침범,건조,맑음,단일로 - 기타,화물,남,51세,상해없음,화물,남,38세,경상
2013102200100202,2013년 10월 22일 10시,화요일,경상남도 함안군 칠원면,경상사고,0,0,1,0,차대차 - 측면직각충돌,안전거리미확보,건조,맑음,단일로 - 기타,화물,남,41세,상해없음,승합,남,55세,상해없음
2013102200100233,2013년 10월 22일 11시,화요일,경상남도 창원시 마산회원구 합성동,경상사고,0,0,1,0,차대차 - 측면직각충돌,안전운전불이행,건조,맑음,교차로 - 교차로안,화물,남,72세,상해없음,이륜,남,42세,경상
2013102200100256,2013년 10월 22일 12시,화요일,경상남도 통영시 정량동,중상사고,0,1,0,0,차대차 - 정면충돌,직진우회전진행방해,건조,맑음,교차로 - 교차로안,승용,남,57세,상해없음,이륜,남,63세,중상
2013102200100257,2013년 10월 22일 12시,화요일,경상남도 사천시 곤명면,경상사고,0,0,2,0,차대차 - 추돌 - 주정차중,안전운전불이행,건조,맑음,단일로 - 기타,승용,여,44세,상해없음,승용,남,39세,경상
2013102200100258,2013년 10월 22일 12시,화요일,경상남도 하동군 북천면,중상사고,0,1,0,0,차대사람 - 기타,안전운전불이행,건조,맑음,단일로 - 기타,승용,남,45세,상해없음,보행자,여,86세,중상
2013102200100259,2013년 10월 22일 12시,화요일,경상남도 창원시 마산회원구 합성동,부상신고사고,0,0,0,1,차대차 - 측면직각충돌,중앙선침범,건조,맑음,단일로 - 기타,자전거,남,29세,부상신고,승용,남,33세,상해없음
2013102200100301,2013년 10월 22일 13시,화요일,경상남도 창원시 성산구 남양동,중상사고,0,2,0,0,차대차 - 추돌 - 주정차중,안전운전불이행,기타,맑음,단일로 - 기타,승용,여,39세,상해없음,승용,여,50세,중상
2013102200100349,2013년 10월 22일 15시,화요일,경상남도 진주시 금산면,중상사고,0,1,0,0,차대차 - 기타,차로위반,건조,맑음,단일로 - 기타,이륜,남,77세,중상,승합,여,41세,상해없음
2013102200100350,2013년 10월 22일 15시,화요일,경상남도 통영시 미수동,경상사고,0,0,1,0,차대차 - 추돌 - 주정차중,안전운전불이행,건조,맑음,단일로 - 기타,이륜,남,53세,경상,화물,남,74세,기타불명
2013102200100351,2013년 10월 22일 15시,화요일,경상남도 창녕군 대합면,사망사고,1,0,0,0,차대사람 - 기타,안전운전불이행,건조,맑음,단일로 - 기타,화물,남,48세,상해없음,보행자,여,79세,사망
2013102200100412,2013년 10월 22일 17시,화요일,경상남도 통영시 무전동,경상사고,0,0,1,0,차대사람 - 길가장자리구역통행중,안전운전불이행,건조,맑음,교차로 - 교차로안,승용,남,34세,상해없음,보행자,여,14세,경상
2013102200100413,2013년 10월 22일 17시,화요일,경상남도 창녕군 대지면,부상신고사고,0,0,0,1,차대차 - 기타,신호위반,건조,맑음,교차로 - 교차로안,화물,기타불명,기타불명,기타불명,승합,남,67세,부상신고
2013102200100461,2013년 10월 22일 18시,화요일,경상남도 하동군 금남면,부상신고사고,0,0,0,1,차대차 - 측면직각충돌,안전운전불이행,건조,맑음,교차로 - 교차로안,승용,여,36세,상해없음,원동기,남,19세,부상신고
2013102200100513,2013년 10월 22일 19시,화요일,경상남도 김해시 대성동,경상사고,0,0,2,0,차대차 - 측면직각충돌,교차로운행방법위반,건조,맑음,교차로 - 교차로안,승용,남,26세,상해없음,승용,남,47세,상해없음
2013102200100514,2013년 10월 22일 19시,화요일,경상남도 남해군 창선면,경상사고,0,0,1,0,차대차 - 기타,안전운전불이행,건조,맑음,단일로 - 기타,승용,남,67세,상해없음,승용,남,29세,상해없음
2013102200100541,2013년 10월 22일 20시,화요일,경상남도 창원시 진해구 이동,경상사고,0,0,1,0,차대차 - 측면직각충돌,직진우회전진행방해,건조,맑음,교차로 - 교차로안,승용,여,46세,상해없음,원동기,남,30세,경상
2013102200100542,2013년 10월 22일 20시,화요일,경상남도 의령군 의령읍,경상사고,0,0,1,0,차량단독 - 공작물충돌,안전운전불이행,건조,맑음,단일로 - 기타,승용,남,41세,경상,,,,
2013102200100543,2013년 10월 22일 20시,화요일,경상남도 창원시 성산구 대방동,경상사고,0,0,1,0,차대차 - 추돌 - 진행중,안전운전불이행,건조,맑음,단일로 - 기타,승용,남,43세,상해없음,승용,남,62세,기타불명
2013102200100598,2013년 10월 22일 22시,화요일,경상남도 통영시 동호동,중상사고,0,1,0,0,차대차 - 측면직각충돌,안전운전불이행,건조,맑음,교차로 - 교차로안,승용,남,43세,상해없음,승용,여,44세,중상
2013102200100599,2013년 10월 22일 22시,화요일,경상남도 양산시 삼호동,경상사고,0,0,3,0,차대차 - 기타,안전운전불이행,건조,맑음,교차로 - 교차로부근,승용,남,32세,상해없음,승용,남,54세,경상
2013102200100600,2013년 10월 22일 22시,화요일,경상남도 거제시 아주동,경상사고,0,0,1,0,차대차 - 기타,교차로운행방법위반,건조,맑음,교차로 - 교차로부근,승용,여,39세,상해없음,원동기,남,29세,경상
2013102300100047,2013년 10월 23일 02시,수요일,경상남도 거제시 아주동,경상사고,0,0,1,0,차대사람 - 기타,안전운전불이행,건조,맑음,기타 - 기타,승용,남,40세,상해없음,보행자,남,40세,경상
2013102300100059,2013년 10월 23일 03시,수요일,경상남도 김해시 진례면,경상사고,0,0,1,0,차대차 - 추돌 - 주정차중,안전운전불이행,건조,맑음,단일로 - 기타,승용,남,54세,상해없음,화물,남,44세,경상
2013102300100092,2013년 10월 23일 06시,수요일,경상남도 거제시 일운면,중상사고,0,1,0,0,차대차 - 기타,안전거리미확보,건조,맑음,기타 - 기타,이륜,남,48세,상해없음,승용,남,41세,상해없음
2013102300100127,2013년 10월 23일 07시,수요일,경상남도 창원시 마산합포구 완월동,경상사고,0,0,1,0,차대차 - 추돌 - 진행중,안전거리미확보,건조,맑음,교차로 - 교차로부근,건설기계,남,46세,상해없음,승용,여,28세,경상
2013102300100128,2013년 10월 23일 07시,수요일,경상남도 거제시 사등면,경상사고,0,0,1,0,차대차 - 기타,안전운전불이행,건조,맑음,기타 - 기타,승용,남,50세,상해없음,원동기,남,32세,경상
2013102300100129,2013년 10월 23일 07시,수요일,경상남도 의령군 의령읍,중상사고,0,2,0,0,차대차 - 기타,안전운전불이행,건조,맑음,단일로 - 기타,화물,남,66세,상해없음,이륜,남,76세,중상
2013102300100172,2013년 10월 23일 08시,수요일,경상남도 밀양시 내이동,중상사고,0,1,0,0,차대차 - 측면직각충돌,교차로운행방법위반,건조,맑음,교차로 - 교차로안,승용,남,47세,상해없음,이륜,남,44세,중상
2013102300100209,2013년 10월 23일 09시,수요일,경상남도 창원시 진해구 충무동,경상사고,0,0,1,0,차대차 - 측면직각충돌,직진우회전진행방해,건조,맑음,교차로 - 교차로안,승용,남,40세,상해없음,승용,여,39세,경상
2013102300100210,2013년 10월 23일 09시,수요일,경상남도 창녕군 영산면,중상사고,0,1,0,0,차대차 - 측면직각충돌,안전운전불이행,건조,맑음,교차로 - 교차로안,원동기,남,90세 이상,중상,승용,남,90세 이상,상해없음
2013102300100211,2013년 10월 23일 09시,수요일,경상남도 하동군 금성면,경상사고,0,0,2,0,차대차 - 측면직각충돌,안전운전불이행,건조,맑음,교차로 - 교차로안,승용,남,39세,상해없음,승용,여,33세,경상
2013102300100318,2013년 10월 23일 13시,수요일,경상남도 진주시 주약동,중상사고,0,1,0,0,차대차 - 추돌 - 진행중,안전거리미확보,건조,맑음,단일로 - 기타,승용,여,33세,상해없음,원동기,남,26세,중상
2013102300100346,2013년 10월 23일 14시,수요일,경상남도 거제시 연초면,경상사고,0,0,1,0,차대차 - 기타,차로위반,건조,맑음,단일로 - 기타,승용,남,27세,상해없음,승용,남,33세,경상
2013102300100347,2013년 10월 23일 14시,수요일,경상남도 남해군 남해읍,중상사고,0,1,0,0,차대차 - 측면직각충돌,중앙선침범,건조,맑음,기타 - 기타,화물,남,63세,상해없음,승용,여,44세,중상
2013102300100380,2013년 10월 23일 15시,수요일,경상남도 하동군 화개면,중상사고,0,1,0,0,차대사람 - 기타,안전운전불이행,건조,맑음,단일로 - 기타,화물,남,47세,상해없음,보행자,여,80세,중상
2013102300100415,2013년 10월 23일 16시,수요일,경상남도 창원시 마산회원구 내서읍,중상사고,0,1,0,0,차대차 - 측면직각충돌,안전운전불이행,건조,맑음,단일로 - 기타,건설기계,남,37세,상해없음,승용,여,55세,중상
2013102300100456,2013년 10월 23일 17시,수요일,경상남도 진주시 칠암동,중상사고,0,1,0,0,차대사람 - 횡단중,안전운전불이행,건조,맑음,단일로 - 기타,승용,남,76세,상해없음,보행자,남,4세,중상
2013102300100457,2013년 10월 23일 17시,수요일,경상남도 창원시 진해구 이동,경상사고,0,0,1,0,차대사람 - 차도통행중,안전운전불이행,건조,맑음,교차로 - 교차로부근,승합,남,61세,상해없음,보행자,여,13세,경상
2013102300100458,2013년 10월 23일 17시,수요일,경상남도 양산시 중부동,경상사고,0,0,1,0,차대차 - 기타,교차로운행방법위반,건조,맑음,교차로 - 교차로안,승용,남,58세,상해없음,이륜,남,51세,경상
2013102300100459,2013년 10월 23일 17시,수요일,경상남도 거제시 옥포동,중상사고,0,2,0,0,차대차 - 추돌 - 진행중,안전운전불이행,건조,맑음,교차로 - 교차로부근,승합,여,51세,상해없음,승용,남,52세,중상
2013102300100505,2013년 10월 23일 18시,수요일,경상남도 거창군 거창읍,경상사고,0,0,1,0,차대사람 - 횡단중,안전운전불이행,건조,맑음,교차로 - 교차로안,이륜,기타불명,기타불명,기타불명,보행자,여,10세,경상
2013102300100506,2013년 10월 23일 18시,수요일,경상남도 창원시 성산구 가음정동,경상사고,0,0,1,0,차대차 - 기타,안전운전불이행,건조,맑음,단일로 - 기타,기타불명,기타불명,기타불명,기타불명,원동기,여,49세,경상
2013102300100507,2013년 10월 23일 18시,수요일,경상남도 김해시 진영읍,중상사고,0,1,0,0,차대사람 - 기타,안전운전불이행,건조,맑음,단일로 - 기타,승합,남,53세,상해없음,보행자,여,45세,중상
2013102300100550,2013년 10월 23일 19시,수요일,경상남도 통영시 용남면,경상사고,0,0,1,0,차대사람 - 기타,안전운전불이행,건조,맑음,단일로 - 기타,화물,남,61세,상해없음,보행자,여,52세,경상
2013102300100590,2013년 10월 23일 20시,수요일,경상남도 창원시 마산회원구 내서읍,중상사고,0,1,0,0,차대차 - 기타,안전운전불이행,건조,맑음,단일로 - 기타,승용,남,53세,상해없음,이륜,남,18세,중상
2013102300100645,2013년 10월 23일 22시,수요일,경상남도 거제시 상동동,경상사고,0,0,1,0,차대차 - 측면직각충돌,안전운전불이행,건조,맑음,교차로 - 교차로안,승용,남,29세,상해없음,승용,남,58세,경상
2013102300100646,2013년 10월 23일 22시,수요일,경상남도 거제시 아주동,중상사고,0,4,0,0,차대차 - 추돌 - 진행중,안전운전불이행,건조,맑음,단일로 - 기타,승용,남,29세,상해없음,승용,남,46세,중상
2013102400100013,2013년 10월 24일 00시,목요일,경상남도 창원시 진해구 남양동,중상사고,0,2,0,0,차량단독 - 공작물충돌,안전운전불이행,건조,맑음,단일로 - 기타,승용,남,34세,중상,,,,
2013102400100064,2013년 10월 24일 05시,목요일,경상남도 창원시 성산구 불모산동,사망사고,1,1,0,0,차대차 - 정면충돌,중앙선침범,건조,맑음,단일로 - 기타,승용,남,42세,사망,화물,남,41세,중상
2013102400100081,2013년 10월 24일 06시,목요일,경상남도 거제시 아주동,경상사고,0,0,2,0,차대차 - 측면직각충돌,안전운전불이행,건조,맑음,단일로 - 기타,승합,남,55세,상해없음,승용,여,28세,경상
2013102400100115,2013년 10월 24일 07시,목요일,경상남도 양산시 중부동,중상사고,0,1,0,0,차대차 - 기타,신호위반,건조,맑음,교차로 - 교차로안,승용,여,41세,상해없음,자전거,남,76세,중상
2013102400100158,2013년 10월 24일 08시,목요일,경상남도 진주시 정촌면,중상사고,0,1,0,0,차대사람 - 횡단중,안전운전불이행,건조,맑음,단일로 - 기타,승용,여,39세,상해없음,보행자,남,58세,중상
2013102400100159,2013년 10월 24일 08시,목요일,경상남도 창녕군 남지읍,중상사고,0,1,0,0,차대차 - 기타,안전운전불이행,건조,맑음,단일로 - 기타,화물,남,46세,상해없음,자전거,남,51세,중상
2013102400100160,2013년 10월 24일 08시,목요일,경상남도 함양군 안의면,중상사고,0,1,0,0,차대차 - 측면직각충돌,교차로운행방법위반,건조,맑음,교차로 - 교차로안,승용,남,60세,상해없음,자전거,여,14세,중상
2013102400100161,2013년 10월 24일 08시,목요일,경상남도 거제시 연초면,경상사고,0,0,1,0,차대차 - 측면직각충돌,신호위반,건조,흐림,교차로 - 교차로안,승용,여,24세,상해없음,화물,남,39세,경상
2013102400100162,2013년 10월 24일 08시,목요일,경상남도 의령군 부림면,사망사고,1,0,0,0,차대차 - 측면직각충돌,교차로운행방법위반,건조,맑음,교차로 - 교차로안,원동기,남,78세,사망,화물,남,47세,상해없음
2013102400100222,2013년 10월 24일 10시,목요일,경상남도 밀양시 내이동,중상사고,0,1,2,0,차대차 - 추돌 - 진행중,안전운전불이행,건조,맑음,교차로 - 교차로부근,승용,남,61세,상해없음,승용,여,41세,경상
2013102400100224,2013년 10월 24일 10시,목요일,경상남도 김해시 한림면,경상사고,0,0,2,0,차대차 - 측면직각충돌,차로위반,건조,맑음,단일로 - 기타,화물,남,54세,상해없음,승용,여,49세,경상
2013102400100257,2013년 10월 24일 11시,목요일,경상남도 거제시 연초면,중상사고,0,2,0,0,차대차 - 추돌 - 진행중,안전운전불이행,건조,맑음,교차로 - 교차로부근,승합,남,31세,중상,승용,여,31세,중상
2013102400100288,2013년 10월 24일 12시,목요일,경상남도 진주시 상대동,중상사고,0,1,0,0,차대사람 - 차도통행중,안전운전불이행,건조,맑음,단일로 - 기타,승용,여,29세,상해없음,보행자,남,41세,중상
2013102400100289,2013년 10월 24일 12시,목요일,경상남도 사천시 벌리동,중상사고,0,1,0,0,차대차 - 측면직각충돌,안전운전불이행,건조,맑음,교차로 - 교차로안,승용,남,73세,상해없음,이륜,남,38세,중상
2013102400100290,2013년 10월 24일 12시,목요일,경상남도 거제시 장승포동,중상사고,0,1,1,0,차대차 - 추돌 - 진행중,신호위반,건조,맑음,단일로 - 기타,승용,남,38세,상해없음,승합,남,51세,상해없음
2013102400100316,2013년 10월 24일 13시,목요일,경상남도 사천시 사천읍,경상사고,0,0,1,0,차대차 - 측면직각충돌,중앙선침범,건조,맑음,교차로 - 교차로부근,승용,남,27세,상해없음,자전거,남,18세,경상
2013102400100353,2013년 10월 24일 14시,목요일,경상남도 진주시 평거동,중상사고,0,1,0,0,차대사람 - 횡단중,중앙선침범,건조,맑음,단일로 - 기타,승용,남,46세,상해없음,보행자,남,32세,중상
2013102400100434,2013년 10월 24일 17시,목요일,경상남도 함양군 함양읍,중상사고,0,1,0,0,차대사람 - 기타,안전운전불이행,건조,맑음,단일로 - 기타,승합,남,56세,기타불명,보행자,여,58세,중상
2013102400100441,2013년 10월 24일 17시,목요일,경상남도 창원시 마산합포구 우산동,경상사고,0,0,4,0,차대차 - 추돌 - 진행중,안전운전불이행,건조,맑음,단일로 - 기타,승용,남,40세,상해없음,승용,남,53세,상해없음
2013102400100442,2013년 10월 24일 17시,목요일,경상남도 밀양시 내이동,경상사고,0,0,1,0,차대차 - 기타,중앙선침범,건조,맑음,단일로 - 기타,화물,남,44세,상해없음,이륜,남,53세,경상
2013102400100506,2013년 10월 24일 18시,목요일,경상남도 진주시 평거동,중상사고,0,1,0,0,차대사람 - 길가장자리구역통행중,안전운전불이행,건조,맑음,단일로 - 기타,승용,여,44세,상해없음,보행자,여,44세,중상
2013102400100507,2013년 10월 24일 18시,목요일,경상남도 통영시 용남면,사망사고,1,0,0,0,차대사람 - 길가장자리구역통행중,안전운전불이행,건조,맑음,단일로 - 기타,승용,남,52세,상해없음,보행자,남,41세,사망
2013102400100508,2013년 10월 24일 18시,목요일,경상남도 김해시 내동,중상사고,0,1,0,0,차대차 - 측면직각충돌,안전거리미확보,건조,맑음,단일로 - 기타,승용,여,45세,상해없음,이륜,남,73세,중상
2013102400100509,2013년 10월 24일 18시,목요일,경상남도 김해시 불암동,경상사고,0,0,2,0,차대차 - 추돌 - 진행중,안전운전불이행,건조,맑음,단일로 - 기타,승용,남,48세,상해없음,승용,남,54세,경상
2013102400100510,2013년 10월 24일 18시,목요일,경상남도 김해시 삼계동,중상사고,0,1,0,0,차대사람 - 횡단중,보행자보호의무위반,건조,맑음,단일로 - 기타,승용,남,47세,상해없음,보행자,여,24세,중상
2013102400100511,2013년 10월 24일 18시,목요일,경상남도 창녕군 남지읍,중상사고,0,1,0,0,차량단독 - 전도전복,안전운전불이행,건조,맑음,단일로 - 기타,이륜,남,51세,중상,,,,
2013102400100512,2013년 10월 24일 18시,목요일,경상남도 창녕군 대합면,경상사고,0,0,1,0,차대차 - 추돌 - 주정차중,안전운전불이행,건조,맑음,교차로 - 교차로부근,승용,남,63세,상해없음,승용,여,39세,경상
2013102400100513,2013년 10월 24일 18시,목요일,경상남도 함양군 함양읍,중상사고,0,1,0,0,차대사람 - 차도통행중,안전운전불이행,건조,맑음,단일로 - 기타,승용,여,63세,상해없음,보행자,여,53세,중상
2013102400100514,2013년 10월 24일 18시,목요일,경상남도 창원시 마산회원구 봉암동,중상사고,0,1,0,0,차대사람 - 기타,기타,건조,맑음,단일로 - 기타,승용,남,20세,상해없음,보행자,남,39세,중상
2013102400100559,2013년 10월 24일 19시,목요일,경상남도 양산시 상북면,중상사고,0,1,0,0,차대차 - 측면직각충돌,직진우회전진행방해,건조,맑음,교차로 - 교차로안,승용,여,60세,상해없음,원동기,남,36세,중상
2013102400100560,2013년 10월 24일 19시,목요일,경상남도 김해시 진영읍,중상사고,0,1,0,0,차대사람 - 횡단중,교차로운행방법위반,건조,맑음,교차로 - 교차로안,승합,남,40세,상해없음,보행자,남,73세,중상
2013102400100592,2013년 10월 24일 20시,목요일,경상남도 창원시 마산합포구 월포동,중상사고,0,1,2,0,차대차 - 추돌 - 진행중,안전거리미확보,건조,맑음,단일로 - 기타,승용,남,27세,상해없음,승용,남,52세,중상
2013102400100593,2013년 10월 24일 20시,목요일,경상남도 김해시 장유면,경상사고,0,0,1,0,차대차 - 측면직각충돌,직진우회전진행방해,건조,맑음,교차로 - 교차로안,승용,남,34세,상해없음,이륜,남,50세,경상
2013102400100620,2013년 10월 24일 21시,목요일,경상남도 창원시 의창구 봉곡동,경상사고,0,0,2,0,차대차 - 측면직각충돌,안전운전불이행,건조,맑음,교차로 - 교차로안,원동기,남,17세,상해없음,화물,남,40세,상해없음
2013102400100621,2013년 10월 24일 21시,목요일,경상남도 창원시 의창구 도계동,중상사고,0,1,0,0,차대사람 - 횡단중,안전운전불이행,건조,맑음,단일로 - 기타,원동기,남,19세,상해없음,보행자,남,77세,중상
2013102400100622,2013년 10월 24일 21시,목요일,경상남도 김해시 진영읍,중상사고,0,1,0,0,차대사람 - 길가장자리구역통행중,안전운전불이행,건조,맑음,단일로 - 기타,승용,남,19세,상해없음,보행자,남,47세,중상
2013102400100650,2013년 10월 24일 22시,목요일,경상남도 김해시 외동,중상사고,0,1,0,0,차대차 - 측면직각충돌,신호위반,건조,맑음,교차로 - 교차로안,특수,남,33세,상해없음,승용,남,53세,중상
2013102400100651,2013년 10월 24일 22시,목요일,경상남도 거제시 장승포동,중상사고,0,1,0,0,차대사람 - 기타,안전운전불이행,건조,맑음,단일로 - 기타,원동기,여,23세,상해없음,보행자,남,22세,중상
2013102400100683,2013년 10월 24일 23시,목요일,경상남도 김해시 장유면,경상사고,0,0,1,0,차량단독 - 공작물충돌,안전운전불이행,건조,맑음,단일로 - 기타,승용,남,28세,상해없음,,,,
2013102500100010,2013년 10월 25일 00시,금요일,경상남도 창원시 마산합포구 완월동,중상사고,0,1,0,0,차대사람 - 기타,안전운전불이행,건조,맑음,단일로 - 기타,승용,남,20세,상해없음,보행자,여,64세,중상
2013102500100047,2013년 10월 25일 02시,금요일,경상남도 창원시 성산구 중앙동,사망사고,2,0,0,0,차대차 - 측면직각충돌,신호위반,건조,맑음,교차로 - 교차로안,승용,남,29세,사망,승용,남,59세,사망
2013102500100054,2013년 10월 25일 03시,금요일,경상남도 창원시 마산회원구 합성동,중상사고,0,1,0,0,차대사람 - 기타,안전운전불이행,건조,맑음,교차로 - 교차로부근,승용,남,63세,상해없음,보행자,여,67세,중상
2013102500100100,2013년 10월 25일 06시,금요일,경상남도 창원시 마산합포구 오동동,중상사고,0,1,0,1,차대차 - 측면직각충돌,안전운전불이행,건조,맑음,교차로 - 교차로부근,이륜,남,27세,부상신고,승용,남,49세,상해없음
2013102500100122,2013년 10월 25일 07시,금요일,경상남도 김해시 진례면,경상사고,0,0,1,0,차대차 - 측면직각충돌,중앙선침범,건조,맑음,단일로 - 기타,승합,남,22세,경상,화물,남,62세,상해없음
2013102500100190,2013년 10월 25일 09시,금요일,경상남도 창원시 진해구 석동,경상사고,0,0,1,1,차대차 - 측면직각충돌,안전운전불이행,건조,맑음,교차로 - 교차로안,화물,남,66세,부상신고,승용,여,35세,경상
2013102500100224,2013년 10월 25일 10시,금요일,경상남도 김해시 주촌면,중상사고,0,1,0,0,차대차 - 기타,안전운전불이행,건조,맑음,단일로 - 기타,화물,남,57세,상해없음,원동기,남,84세,중상
2013102500100225,2013년 10월 25일 10시,금요일,경상남도 진주시 정촌면,중상사고,0,1,0,0,차대차 - 기타,안전운전불이행,건조,맑음,단일로 - 기타,승합,남,69세,상해없음,특수,남,40세,중상
2013102500100252,2013년 10월 25일 11시,금요일,경상남도 사천시 사천읍,중상사고,0,1,0,1,차대차 - 측면직각충돌,교차로운행방법위반,건조,맑음,교차로 - 교차로안,원동기,남,41세,중상,승용,남,41세,부상신고
2013102500100253,2013년 10월 25일 11시,금요일,경상남도 사천시 용현면,경상사고,0,0,1,0,차대사람 - 기타,안전운전불이행,건조,맑음,교차로 - 교차로안,승용,여,57세,상해없음,보행자,여,60세,경상
2013102500100254,2013년 10월 25일 11시,금요일,경상남도 김해시 내동,중상사고,0,2,0,0,차대차 - 측면직각충돌,교차로운행방법위반,건조,맑음,교차로 - 교차로안,승용,남,83세,상해없음,승용,남,31세,상해없음