사고번호,사고일시,요일,시군구,사고내용,사망자수,중상자수,경상자수,부상신고자수,사고유형,법규위반,노면상태,기상상태,도로형태,가해운전자 차종,가해운전자 성별,가해운전자 연령,가해운전자 상해정도,피해운전자 차종,피해운전자 성별,피해운전자 연령,피해운전자 상해정도
2013102500100255,2013년 10월 25일 11시,금요일,경상남도 산청군 신안면,중상사고,0,1,0,0,차대사람 - 길가장자리구역통행중,안전운전불이행,건조,맑음,단일로 - 기타,화물,남,34세,상해없음,보행자,남,75세,중상
2013102500100256,2013년 10월 25일 11시,금요일,경상남도 김해시 진영읍,경상사고,0,0,1,0,차대차 - 측면직각충돌,교차로운행방법위반,건조,맑음,교차로 - 교차로안,승용,남,65세,상해없음,자전거,남,69세,경상
2013102500100283,2013년 10월 25일 12시,금요일,경상남도 창원시 진해구 장천동,경상사고,0,0,1,0,차대차 - 측면직각충돌,안전운전불이행,건조,맑음,교차로 - 교차로안,건설기계,남,43세,상해없음,승용,남,59세,상해없음
2013102500100284,2013년 10월 25일 12시,금요일,경상남도 사천시 사천읍,중상사고,0,1,0,0,차대차 - 기타,안전운전불이행,건조,맑음,단일로 - 기타,승용,남,24세,상해없음,자전거,여,60세,중상
2013102500100285,2013년 10월 25일 12시,금요일,경상남도 사천시 향촌동,경상사고,0,0,1,0,차대차 - 기타,중앙선침범,건조,맑음,단일로 - 기타,원동기,남,38세,경상,승합,남,61세,상해없음
2013102500100286,2013년 10월 25일 12시,금요일,경상남도 거창군 거창읍,부상신고사고,0,0,0,1,차대사람 - 기타,안전운전불이행,건조,맑음,단일로 - 기타,승용,남,50세,상해없음,보행자,남,12세,부상신고
2013102500100287,2013년 10월 25일 12시,금요일,경상남도 창원시 성산구 사파동,중상사고,0,2,0,0,차대차 - 정면충돌,안전운전불이행,건조,맑음,교차로 - 교차로부근,승용,남,43세,상해없음,승용,남,47세,중상
2013102500100357,2013년 10월 25일 14시,금요일,경상남도 거제시 둔덕면,경상사고,0,0,1,0,차대차 - 기타,중앙선침범,건조,맑음,단일로 - 기타,농기계,남,47세,상해없음,화물,남,65세,경상
2013102500100439,2013년 10월 25일 16시,금요일,경상남도 통영시 중앙동,중상사고,0,1,0,0,차대사람 - 횡단중,안전운전불이행,건조,맑음,단일로 - 기타,승용,남,36세,상해없음,보행자,여,61세,중상
2013102500100440,2013년 10월 25일 16시,금요일,경상남도 사천시 동금동,경상사고,0,0,1,0,차대사람 - 기타,안전운전불이행,건조,맑음,단일로 - 기타,승용,남,31세,상해없음,보행자,여,77세,경상
2013102500100441,2013년 10월 25일 16시,금요일,경상남도 고성군 영오면,중상사고,0,1,0,0,차대차 - 정면충돌,교차로운행방법위반,건조,맑음,교차로 - 교차로부근,화물,여,58세,상해없음,원동기,여,73세,중상
2013102500100475,2013년 10월 25일 17시,금요일,경상남도 진주시 상대동,중상사고,0,1,0,0,차대차 - 측면직각충돌,기타,건조,맑음,단일로 - 기타,승합,남,55세,상해없음,자전거,여,48세,중상
2013102500100476,2013년 10월 25일 17시,금요일,경상남도 함양군 안의면,중상사고,0,1,0,0,차대차 - 정면충돌,중앙선침범,건조,맑음,단일로 - 기타,화물,남,58세,상해없음,승용,여,48세,중상
2013102500100543,2013년 10월 25일 18시,금요일,경상남도 양산시 북정동,경상사고,0,0,2,0,차대차 - 추돌 - 주정차중,안전운전불이행,건조,맑음,단일로 - 기타,승용,남,46세,기타불명,승용,여,43세,경상
2013102500100544,2013년 10월 25일 18시,금요일,경상남도 고성군 구만면,중상사고,0,1,0,0,차대차 - 추돌 - 진행중,안전운전불이행,건조,맑음,단일로 - 기타,승용,남,30세,상해없음,농기계,남,39세,중상
2013102500100545,2013년 10월 25일 18시,금요일,경상남도 거제시 능포동,중상사고,0,1,0,0,차대사람 - 횡단중,안전운전불이행,건조,맑음,단일로 - 기타,승합,남,55세,상해없음,보행자,남,72세,중상
2013102500100546,2013년 10월 25일 18시,금요일,경상남도 김해시 장유면,부상신고사고,0,0,0,1,차대차 - 측면직각충돌,안전운전불이행,건조,맑음,교차로 - 교차로부근,자전거,남,9세,부상신고,승용,여,36세,상해없음
2013102500100547,2013년 10월 25일 18시,금요일,경상남도 김해시 장유면,중상사고,0,1,0,0,차대차 - 측면직각충돌,차로위반,건조,맑음,단일로 - 기타,승용,남,62세,상해없음,승용,남,58세,중상
2013102500100594,2013년 10월 25일 19시,금요일,경상남도 통영시 무전동,경상사고,0,0,1,0,차대차 - 측면직각충돌,직진우회전진행방해,건조,맑음,교차로 - 교차로안,승용,남,41세,상해없음,이륜,남,28세,경상
2013102500100595,2013년 10월 25일 19시,금요일,경상남도 함안군 대산면,중상사고,0,1,0,0,차대사람 - 기타,안전운전불이행,건조,맑음,단일로 - 기타,승용,여,39세,상해없음,보행자,남,52세,중상
2013102500100626,2013년 10월 25일 20시,금요일,경상남도 진주시 평거동,경상사고,0,0,1,0,차대차 - 측면직각충돌,신호위반,건조,맑음,교차로 - 교차로안,이륜,남,23세,경상,승용,남,41세,상해없음
2013102500100629,2013년 10월 25일 20시,금요일,경상남도 김해시 진례면,경상사고,0,0,2,0,차대사람 - 기타,안전운전불이행,건조,맑음,단일로 - 기타,승용,여,40세,상해없음,보행자,남,32세,경상
2013102500100666,2013년 10월 25일 21시,금요일,경상남도 창원시 마산합포구 월영동,경상사고,0,0,1,0,차대사람 - 기타,안전운전불이행,건조,맑음,단일로 - 횡단보도부근,승용,남,43세,상해없음,보행자,여,11세,경상
2013102500100667,2013년 10월 25일 21시,금요일,경상남도 거제시 장목면,사망사고,1,0,0,0,차량단독 - 기타,안전운전불이행,건조,맑음,단일로 - 기타,승용,여,48세,사망,,,,
2013102500100668,2013년 10월 25일 21시,금요일,경상남도 거제시 장평동,경상사고,0,0,4,0,차대차 - 측면직각충돌,신호위반,건조,맑음,교차로 - 교차로안,승용,여,28세,상해없음,승용,남,51세,경상
2013102500100708,2013년 10월 25일 22시,금요일,경상남도 진주시 명석면,중상사고,0,2,0,0,차대차 - 추돌 - 진행중,안전거리미확보,건조,맑음,단일로 - 기타,승용,남,48세,상해없음,승용,여,45세,중상
2013102500100709,2013년 10월 25일 22시,금요일,경상남도 창원시 의창구 두대동,중상사고,0,1,0,0,차대차 - 측면직각충돌,안전운전불이행,건조,맑음,교차로 - 교차로부근,승용,남,27세,상해없음,자전거,남,17세,중상
2013102500100739,2013년 10월 25일 23시,금요일,경상남도 양산시 하북면,경상사고,0,0,1,0,차대차 - 추돌 - 진행중,안전운전불이행,건조,맑음,단일로 - 기타,화물,남,37세,상해없음,농기계,남,42세,경상
2013102500100740,2013년 10월 25일 23시,금요일,경상남도 거제시 장평동,경상사고,0,0,1,0,차대차 - 기타,안전운전불이행,건조,맑음,교차로 - 교차로안,승용,남,21세,상해없음,승용,여,57세,경상
2013102500100741,2013년 10월 25일 23시,금요일,경상남도 김해시 진영읍,경상사고,0,0,2,0,차대차 - 추돌 - 진행중,안전거리미확보,건조,맑음,단일로 - 기타,승용,남,50세,상해없음,승용,여,41세,경상
2013102600100016,2013년 10월 26일 00시,토요일,경상남도 창원시 마산회원구 합성동,경상사고,0,0,1,0,차대사람 - 횡단중,안전운전불이행,건조,맑음,단일로 - 기타,승용,남,40세,상해없음,보행자,남,21세,경상
2013102600100061,2013년 10월 26일 02시,토요일,경상남도 거창군 거창읍,경상사고,0,0,1,0,차대차 - 기타,중앙선침범,건조,맑음,단일로 - 기타,승용,기타불명,기타불명,기타불명,화물,남,44세,경상
2013102600100098,2013년 10월 26일 05시,토요일,경상남도 창원시 마산회원구 양덕동,경상사고,0,0,1,0,차대차 - 추돌 - 주정차중,안전운전불이행,건조,맑음,교차로 - 교차로부근,기타불명,기타불명,기타불명,기타불명,승용,남,49세,경상
2013102600100113,2013년 10월 26일 06시,토요일,경상남도 거제시 아주동,중상사고,0,2,0,0,차대차 - 측면직각충돌,직진우회전진행방해,건조,맑음,교차로 - 교차로부근,승용,남,27세,상해없음,승용,남,64세,중상
2013102600100133,2013년 10월 26일 07시,토요일,경상남도 통영시 광도면,경상사고,0,0,3,0,차대차 - 측면직각충돌,안전운전불이행,건조,맑음,단일로 - 기타,화물,남,58세,상해없음,승용,남,32세,경상
2013102600100134,2013년 10월 26일 07시,토요일,경상남도 창원시 마산회원구 석전동,중상사고,0,1,1,0,차대차 - 추돌 - 주정차중,안전운전불이행,건조,맑음,단일로 - 기타,화물,남,58세,중상,승용,남,64세,경상
2013102600100161,2013년 10월 26일 08시,토요일,경상남도 창원시 의창구 동읍,중상사고,0,1,2,0,차대차 - 추돌 - 진행중,안전운전불이행,건조,맑음,단일로 - 터널,승용,남,23세,상해없음,승용,남,38세,상해없음
2013102600100204,2013년 10월 26일 09시,토요일,경상남도 창원시 의창구 소답동,중상사고,0,1,0,0,차대사람 - 횡단중,안전운전불이행,건조,맑음,단일로 - 기타,승합,남,52세,상해없음,보행자,여,52세,중상
2013102600100233,2013년 10월 26일 10시,토요일,경상남도 밀양시 산내면,중상사고,0,1,0,0,차대사람 - 길가장자리구역통행중,안전운전불이행,건조,맑음,단일로 - 기타,승용,남,56세,상해없음,보행자,여,52세,중상
2013102600100268,2013년 10월 26일 11시,토요일,경상남도 창원시 마산합포구 우산동,사망사고,1,0,0,0,차대사람 - 횡단중,안전운전불이행,건조,맑음,단일로 - 기타,승용,여,54세,상해없음,보행자,여,76세,사망
2013102600100269,2013년 10월 26일 11시,토요일,경상남도 사천시 벌리동,중상사고,0,1,0,0,차대차 - 측면직각충돌,직진우회전진행방해,건조,맑음,교차로 - 교차로안,승용,남,67세,상해없음,이륜,남,21세,중상
2013102600100270,2013년 10월 26일 11시,토요일,경상남도 거창군 거창읍,중상사고,0,1,1,0,차대차 - 측면직각충돌,교차로운행방법위반,건조,맑음,교차로 - 교차로안,화물,남,55세,상해없음,승용,여,53세,중상
2013102600100271,2013년 10월 26일 11시,토요일,경상남도 함안군 가야읍,경상사고,0,0,1,0,차대차 - 측면직각충돌,중앙선침범,건조,맑음,단일로 - 기타,승용,남,51세,상해없음,승용,남,27세,경상
2013102600100272,2013년 10월 26일 11시,토요일,경상남도 창원시 의창구 봉곡동,경상사고,0,0,3,0,차대차 - 추돌 - 진행중,안전거리미확보,건조,맑음,단일로 - 기타,승용,남,59세,상해없음,승용,남,37세,경상
2013102600100273,2013년 10월 26일 11시,토요일,경상남도 김해시 장유면,중상사고,0,1,0,0,차대차 - 추돌 - 진행중,안전거리미확보,건조,맑음,단일로 - 기타,승용,남,40세,상해없음,승용,여,33세,중상
2013102600100311,2013년 10월 26일 12시,토요일,경상남도 함안군 군북면,중상사고,0,1,0,0,차대차 - 측면직각충돌,안전운전불이행,건조,맑음,교차로 - 교차로안,승용,남,46세,상해없음,승용,남,53세,중상
2013102600100312,2013년 10월 26일 12시,토요일,경상남도 김해시 진영읍,경상사고,0,0,1,0,차대차 - 기타,안전거리미확보,건조,맑음,단일로 - 기타,승용,남,77세,상해없음,원동기,남,31세,경상
2013102600100313,2013년 10월 26일 12시,토요일,경상남도 창녕군 대지면,경상사고,0,0,2,0,차대차 - 추돌 - 진행중,안전운전불이행,건조,맑음,단일로 - 기타,승용,여,30세,경상,승용,남,56세,경상
2013102600100314,2013년 10월 26일 12시,토요일,경상남도 창녕군 대지면,중상사고,0,1,1,0,차대차 - 추돌 - 진행중,안전운전불이행,건조,맑음,단일로 - 기타,화물,남,31세,경상,승용,남,41세,상해없음
2013102600100357,2013년 10월 26일 13시,토요일,경상남도 창원시 진해구 여좌동,경상사고,0,0,3,0,차대차 - 측면직각충돌,안전운전불이행,건조,맑음,교차로 - 교차로안,승용,여,47세,경상,승용,여,26세,경상
2013102600100358,2013년 10월 26일 13시,토요일,경상남도 창녕군 이방면,중상사고,0,2,1,0,차대차 - 기타,안전운전불이행,건조,맑음,단일로 - 기타,승합,남,47세,상해없음,화물,남,63세,상해없음
2013102600100359,2013년 10월 26일 13시,토요일,경상남도 김해시 장유면,중상사고,0,2,0,0,차대차 - 측면직각충돌,안전운전불이행,건조,맑음,교차로 - 교차로안,승용,남,50세,상해없음,원동기,남,22세,중상
2013102600100392,2013년 10월 26일 14시,토요일,경상남도 김해시 장유면,중상사고,0,1,0,0,차대차 - 기타,중앙선침범,건조,맑음,단일로 - 기타,승용,남,61세,상해없음,승용,남,64세,중상
2013102600100393,2013년 10월 26일 14시,토요일,경상남도 함안군 칠북면,중상사고,0,1,0,0,차대차 - 측면직각충돌,신호위반,건조,맑음,교차로 - 교차로안,승용,남,67세,상해없음,승용,여,37세,중상
2013102600100427,2013년 10월 26일 15시,토요일,경상남도 남해군 삼동면,중상사고,0,1,0,0,차대사람 - 기타,안전운전불이행,건조,맑음,기타 - 기타,승용,남,32세,상해없음,보행자,남,45세,중상
2013102600100467,2013년 10월 26일 16시,토요일,경상남도 김해시 동상동,중상사고,0,1,0,0,차대사람 - 횡단중,보행자보호의무위반,건조,맑음,단일로 - 횡단보도상,승용,남,30세,상해없음,보행자,남,7세,중상
2013102600100468,2013년 10월 26일 16시,토요일,경상남도 창원시 마산회원구 석전동,중상사고,0,1,0,0,차대차 - 추돌 - 진행중,안전운전불이행,건조,맑음,교차로 - 교차로부근,승용,남,31세,상해없음,승용,여,50세,상해없음
2013102600100598,2013년 10월 26일 19시,토요일,경상남도 창원시 마산합포구 상남동,경상사고,0,0,1,0,차대차 - 기타,안전운전불이행,건조,맑음,단일로 - 기타,화물,남,60세,상해없음,승용,남,50세,상해없음
2013102600100599,2013년 10월 26일 19시,토요일,경상남도 밀양시 무안면,경상사고,0,0,1,0,차대차 - 추돌 - 진행중,안전운전불이행,건조,맑음,단일로 - 기타,승용,남,77세,상해없음,농기계,남,70세,경상
2013102600100600,2013년 10월 26일 19시,토요일,경상남도 양산시 중부동,경상사고,0,0,1,0,차대차 - 기타,안전운전불이행,건조,맑음,단일로 - 기타,승용,여,60세,상해없음,승용,남,29세,상해없음
2013102600100601,2013년 10월 26일 19시,토요일,경상남도 김해시 진영읍,경상사고,0,0,1,0,차대차 - 측면직각충돌,안전거리미확보,건조,맑음,단일로 - 기타,승용,남,52세,상해없음,승용,남,21세,경상
2013102600100641,2013년 10월 26일 20시,토요일,경상남도 통영시 도산면,중상사고,0,1,1,0,차대차 - 측면직각충돌,안전거리미확보,건조,맑음,단일로 - 기타,화물,남,59세,상해없음,승용,남,53세,상해없음
2013102600100710,2013년 10월 26일 22시,토요일,경상남도 김해시 어방동,중상사고,0,1,0,0,차대차 - 추돌 - 주정차중,안전운전불이행,건조,맑음,단일로 - 기타,화물,남,41세,상해없음,승용,남,50세,중상
2013102600100711,2013년 10월 26일 22시,토요일,경상남도 김해시 주촌면,경상사고,0,0,2,0,차대차 - 추돌 - 주정차중,안전운전불이행,건조,맑음,교차로 - 교차로부근,승용,기타불명,기타불명,기타불명,승용,남,26세,경상
2013102600100737,2013년 10월 26일 23시,토요일,경상남도 창원시 마산합포구 해운동,경상사고,0,0,1,0,차대사람 - 횡단중,안전운전불이행,건조,맑음,단일로 - 기타,승용,남,26세,상해없음,보행자,여,39세,경상
2013102600100738,2013년 10월 26일 23시,토요일,경상남도 진주시 진성면,중상사고,0,1,2,0,차대차 - 추돌 - 진행중,안전운전불이행,건조,맑음,단일로 - 기타,화물,남,55세,기타불명,승용,남,53세,중상
2013102600100739,2013년 10월 26일 23시,토요일,경상남도 진주시 강남동,중상사고,0,2,0,0,차대차 - 측면직각충돌,직진우회전진행방해,건조,맑음,교차로 - 교차로안,승용,남,41세,상해없음,승용,여,21세,중상
2013102600100740,2013년 10월 26일 23시,토요일,경상남도 창원시 진해구 안골동,경상사고,0,0,1,0,차대차 - 기타,교차로운행방법위반,건조,기타,교차로 - 교차로안,승용,남,35세,상해없음,승용,남,35세,경상
2013102600100741,2013년 10월 26일 23시,토요일,경상남도 창원시 진해구 서중동,경상사고,0,0,7,0,차대차 - 기타,차로위반,건조,맑음,단일로 - 기타,승용,남,34세,상해없음,승용,남,43세,경상
2013102700100048,2013년 10월 27일 02시,일요일,경상남도 양산시 원동면,중상사고,0,2,0,0,차량단독 - 공작물충돌,안전운전불이행,건조,맑음,단일로 - 기타,승용,남,22세,상해없음,,,,
2013102700100075,2013년 10월 27일 04시,일요일,경상남도 통영시 무전동,경상사고,0,0,1,0,차대차 - 측면직각충돌,직진우회전진행방해,건조,맑음,교차로 - 교차로안,승용,남,53세,상해없음,승용,남,52세,상해없음
2013102700100090,2013년 10월 27일 05시,일요일,경상남도 거제시 연초면,중상사고,0,1,2,0,차대차 - 기타,중앙선침범,건조,맑음,단일로 - 기타,승용,남,50세,상해없음,승용,남,22세,중상
2013102700100091,2013년 10월 27일 05시,일요일,경상남도 창원시 마산회원구 회원동,사망사고,1,0,0,0,차대사람 - 기타,안전운전불이행,건조,맑음,단일로 - 기타,승용,남,55세,상해없음,보행자,남,25세,사망
2013102700100101,2013년 10월 27일 06시,일요일,경상남도 창원시 의창구 동읍,경상사고,0,0,2,0,차대차 - 추돌 - 진행중,안전운전불이행,건조,맑음,단일로 - 기타,승용,남,32세,상해없음,승합,남,56세,상해없음
2013102700100102,2013년 10월 27일 06시,일요일,경상남도 창원시 의창구 팔용동,중상사고,0,1,0,0,차대차 - 측면직각충돌,안전운전불이행,건조,맑음,단일로 - 기타,승합,남,56세,상해없음,이륜,남,34세,중상
2013102700100114,2013년 10월 27일 07시,일요일,경상남도 김해시 대동면,중상사고,0,1,0,0,차대차 - 측면직각충돌,안전거리미확보,건조,맑음,단일로 - 기타,승용,남,24세,상해없음,승합,남,52세,중상
2013102700100125,2013년 10월 27일 07시,일요일,경상남도 창녕군 이방면,중상사고,0,1,0,0,차대사람 - 기타,안전운전불이행,습기,안개,단일로 - 기타,화물,남,64세,상해없음,보행자,남,80세,중상
2013102700100149,2013년 10월 27일 08시,일요일,경상남도 창원시 마산합포구 오동동,경상사고,0,0,1,0,차대차 - 기타,안전운전불이행,건조,맑음,단일로 - 기타,승용,남,21세,상해없음,자전거,남,76세,경상
2013102700100150,2013년 10월 27일 08시,일요일,경상남도 창녕군 영산면,중상사고,0,1,0,0,차대차 - 추돌 - 주정차중,안전운전불이행,습기,안개,교차로 - 교차로부근,이륜,남,57세,중상,승용,남,48세,상해없음
2013102700100164,2013년 10월 27일 09시,일요일,경상남도 함양군 서하면,경상사고,0,0,4,0,차대차 - 추돌 - 진행중,안전거리미확보,건조,맑음,단일로 - 기타,화물,남,56세,상해없음,승용,남,38세,경상
2013102700100165,2013년 10월 27일 09시,일요일,경상남도 함안군 칠북면,중상사고,0,1,0,0,차대차 - 기타,교차로운행방법위반,건조,맑음,교차로 - 교차로안,승용,남,52세,상해없음,승용,남,58세,상해없음
2013102700100166,2013년 10월 27일 09시,일요일,경상남도 창원시 의창구 북면,경상사고,0,0,1,0,차대차 - 기타,안전운전불이행,건조,맑음,단일로 - 기타,화물,남,69세,상해없음,승용,여,46세,경상
2013102700100200,2013년 10월 27일 11시,일요일,경상남도 김해시 구산동,중상사고,0,1,1,0,차대차 - 측면직각충돌,교차로운행방법위반,건조,맑음,교차로 - 교차로안,승용,남,54세,중상,승용,남,31세,경상
2013102700100220,2013년 10월 27일 12시,일요일,경상남도 진주시 장대동,중상사고,0,1,0,0,차대차 - 기타,중앙선침범,건조,맑음,단일로 - 기타,화물,남,56세,상해없음,원동기,남,32세,중상
2013102700100221,2013년 10월 27일 12시,일요일,경상남도 고성군 상리면,중상사고,0,34,4,0,차량단독 - 전도전복,안전운전불이행,건조,맑음,단일로 - 기타,승합,남,57세,상해없음,,,,
2013102700100253,2013년 10월 27일 13시,일요일,경상남도 사천시 사남면,경상사고,0,0,1,0,차대차 - 측면직각충돌,안전운전불이행,건조,맑음,단일로 - 기타,승용,여,40세,상해없음,자전거,남,17세,경상
2013102700100254,2013년 10월 27일 13시,일요일,경상남도 거창군 거창읍,중상사고,0,2,0,0,차대차 - 측면직각충돌,교차로운행방법위반,건조,맑음,교차로 - 교차로안,승용,남,55세,상해없음,원동기,남,67세,중상
2013102700100255,2013년 10월 27일 13시,일요일,경상남도 거창군 거창읍,중상사고,0,3,0,0,차대차 - 측면직각충돌,교차로운행방법위반,건조,맑음,교차로 - 교차로안,승용,남,33세,중상,승용,여,47세,중상
2013102700100286,2013년 10월 27일 14시,일요일,경상남도 김해시 어방동,중상사고,0,1,0,0,차대차 - 기타,신호위반,건조,맑음,교차로 - 교차로안,화물,남,48세,상해없음,원동기,남,31세,중상
2013102700100287,2013년 10월 27일 14시,일요일,경상남도 김해시 진영읍,중상사고,0,2,0,0,차대차 - 정면충돌,안전운전불이행,건조,맑음,단일로 - 기타,승용,남,44세,상해없음,이륜,남,40세,중상
2013102700100322,2013년 10월 27일 15시,일요일,경상남도 양산시 하북면,중상사고,0,1,0,0,차대사람 - 기타,안전운전불이행,건조,맑음,기타 - 기타,승용,남,43세,상해없음,보행자,여,51세,중상
2013102700100359,2013년 10월 27일 16시,일요일,경상남도 진주시 사봉면,중상사고,0,1,0,0,차량단독 - 전도전복,안전운전불이행,건조,맑음,단일로 - 기타,승용,여,42세,중상,,,,
2013102700100360,2013년 10월 27일 16시,일요일,경상남도 양산시 동면,중상사고,0,1,2,0,차대차 - 측면직각충돌,신호위반,건조,맑음,교차로 - 교차로안,승합,남,63세,기타불명,승용,남,60세,중상
2013102700100361,2013년 10월 27일 16시,일요일,경상남도 하동군 옥종면,중상사고,0,3,1,0,차대차 - 측면직각충돌,기타,건조,맑음,단일로 - 기타,이륜,남,69세,중상,승용,남,31세,중상
2013102700100395,2013년 10월 27일 17시,일요일,경상남도 통영시 광도면,경상사고,0,0,1,0,차대차 - 추돌 - 주정차중,안전거리미확보,건조,맑음,단일로 - 기타,이륜,남,29세,상해없음,승용,남,57세,경상
2013102700100447,2013년 10월 27일 18시,일요일,경상남도 창원시 마산합포구 현동,경상사고,0,0,2,0,차대차 - 추돌 - 진행중,안전거리미확보,건조,맑음,단일로 - 기타,승용,남,29세,상해없음,화물,남,56세,경상
2013102700100448,2013년 10월 27일 18시,일요일,경상남도 창원시 마산합포구 진동면,중상사고,0,1,0,0,차량단독 - 공작물충돌,안전운전불이행,건조,맑음,기타 - 기타,승용,여,49세,상해없음,,,,
2013102700100449,2013년 10월 27일 18시,일요일,경상남도 창녕군 창녕읍,중상사고,0,2,0,0,차대차 - 측면직각충돌,신호위반,건조,맑음,교차로 - 교차로안,이륜,남,50세,중상,화물,남,53세,상해없음
2013102700100450,2013년 10월 27일 18시,일요일,경상남도 함양군 함양읍,중상사고,0,1,0,0,차대차 - 측면직각충돌,중앙선침범,건조,맑음,단일로 - 기타,이륜,여,71세,중상,승용,남,53세,상해없음
2013102700100451,2013년 10월 27일 18시,일요일,경상남도 양산시 동면,중상사고,0,1,0,0,차대차 - 추돌 - 진행중,안전거리미확보,건조,맑음,기타 - 기타,승용,남,72세,기타불명,승용,남,52세,중상
2013102700100485,2013년 10월 27일 19시,일요일,경상남도 창원시 마산합포구 동성동,부상신고사고,0,0,0,1,차대사람 - 길가장자리구역통행중,안전운전불이행,건조,맑음,단일로 - 기타,승용,기타불명,기타불명,기타불명,보행자,남,61세,부상신고
2013102700100502,2013년 10월 27일 20시,일요일,경상남도 김해시 전하동,중상사고,0,1,0,0,차대차 - 기타,안전운전불이행,건조,맑음,단일로 - 기타,승용,남,31세,상해없음,승용,남,45세,중상
2013102700100509,2013년 10월 27일 20시,일요일,경상남도 사천시 선구동,경상사고,0,0,1,0,차대차 - 측면직각충돌,교차로운행방법위반,건조,맑음,교차로 - 교차로안,승용,남,41세,상해없음,화물,남,60세,상해없음
2013102700100510,2013년 10월 27일 20시,일요일,경상남도 거제시 장평동,중상사고,0,1,0,0,차대차 - 정면충돌,중앙선침범,건조,맑음,기타 - 기타,이륜,남,32세,상해없음,이륜,남,49세,중상
2013102700100558,2013년 10월 27일 22시,일요일,경상남도 진주시 상대동,중상사고,0,1,0,0,차대사람 - 횡단중,안전운전불이행,건조,맑음,교차로 - 교차로안,화물,남,63세,상해없음,보행자,여,58세,중상
2013102800100009,2013년 10월 28일 00시,월요일,경상남도 창원시 성산구 남양동,중상사고,0,1,0,0,차대사람 - 보도통행중,보행자보호의무위반,건조,맑음,교차로 - 교차로안,승용,남,31세,상해없음,보행자,여,51세,중상
2013102800100010,2013년 10월 28일 00시,월요일,경상남도 창원시 마산회원구 구암동,중상사고,0,1,1,0,차대차 - 기타,안전운전불이행,건조,기타,교차로 - 교차로안,승용,남,55세,상해없음,승용,남,68세,경상
2013102800100025,2013년 10월 28일 02시,월요일,경상남도 거제시 아주동,중상사고,0,1,0,0,차량단독 - 공작물충돌,안전운전불이행,건조,맑음,교차로 - 교차로부근,승용,남,19세,상해없음,,,,
2013102800100032,2013년 10월 28일 03시,월요일,경상남도 김해시 장유면,사망사고,2,0,0,0,차량단독 - 기타,안전운전불이행,건조,맑음,단일로 - 기타,승용,남,58세,사망,,,,
2013102800100081,2013년 10월 28일 07시,월요일,경상남도 창원시 진해구 용원동,경상사고,0,0,1,0,차대차 - 측면직각충돌,안전운전불이행,건조,맑음,교차로 - 교차로안,승용,남,32세,기타불명,화물,남,55세,경상
2013102800100082,2013년 10월 28일 07시,월요일,경상남도 통영시 인평동,중상사고,0,1,0,0,차대사람 - 기타,안전운전불이행,건조,맑음,교차로 - 교차로안,승용,남,51세,상해없음,보행자,여,22세,중상
2013102800100083,2013년 10월 28일 07시,월요일,경상남도 진주시 문산읍,경상사고,0,0,2,0,차대차 - 추돌 - 진행중,안전운전불이행,건조,맑음,단일로 - 기타,화물,남,53세,상해없음,승용,남,73세,경상
2013102800100115,2013년 10월 28일 08시,월요일,경상남도 통영시 도천동,중상사고,0,1,0,0,차대차 - 측면직각충돌,직진우회전진행방해,건조,맑음,교차로 - 교차로안,승용,남,51세,상해없음,원동기,남,64세,중상
2013102800100116,2013년 10월 28일 08시,월요일,경상남도 거제시 연초면,경상사고,0,0,1,0,차대차 - 추돌 - 진행중,안전운전불이행,건조,맑음,단일로 - 기타,화물,남,36세,상해없음,승용,남,55세,경상
2013102800100147,2013년 10월 28일 09시,월요일,경상남도 고성군 마암면,중상사고,0,4,0,0,차량단독 - 공작물충돌,안전운전불이행,건조,맑음,단일로 - 기타,화물,남,40세,상해없음,,,,
2013102800100148,2013년 10월 28일 09시,월요일,경상남도 하동군 고전면,경상사고,0,0,1,0,차대차 - 기타,안전운전불이행,건조,맑음,교차로 - 교차로안,화물,남,62세,상해없음,승용,여,51세,경상
2013102800100178,2013년 10월 28일 10시,월요일,경상남도 창원시 진해구 청안동,경상사고,0,0,1,0,차대차 - 추돌 - 진행중,안전거리미확보,건조,맑음,단일로 - 기타,화물,남,62세,상해없음,승용,여,39세,경상
2013102800100179,2013년 10월 28일 10시,월요일,경상남도 합천군 합천읍,중상사고,0,1,0,0,차대사람 - 차도통행중,안전운전불이행,건조,맑음,교차로 - 교차로부근,승용,남,31세,상해없음,보행자,여,69세,중상
2013102800100180,2013년 10월 28일 10시,월요일,경상남도 창원시 의창구 용호동,중상사고,0,1,0,0,차대차 - 기타,교차로운행방법위반,기타,맑음,교차로 - 교차로안,승용,남,36세,상해없음,이륜,남,51세,중상
2013102800100222,2013년 10월 28일 12시,월요일,경상남도 김해시 대동면,경상사고,0,0,1,0,차대차 - 추돌 - 주정차중,안전거리미확보,건조,맑음,단일로 - 기타,화물,남,58세,상해없음,화물,남,35세,경상
2013102800100231,2013년 10월 28일 12시,월요일,경상남도 김해시 외동,경상사고,0,0,1,0,차대차 - 추돌 - 주정차중,안전운전불이행,건조,맑음,단일로 - 기타,승용,여,31세,상해없음,승용,여,56세,상해없음