사고번호,사고일시,요일,시군구,사고내용,사망자수,중상자수,경상자수,부상신고자수,사고유형,법규위반,노면상태,기상상태,도로형태,가해운전자 차종,가해운전자 성별,가해운전자 연령,가해운전자 상해정도,피해운전자 차종,피해운전자 성별,피해운전자 연령,피해운전자 상해정도
2013102800100232,2013년 10월 28일 12시,월요일,경상남도 창원시 마산회원구 양덕동,경상사고,0,0,1,0,차대사람 - 보도통행중,안전운전불이행,건조,맑음,교차로 - 교차로부근,승용,남,26세,상해없음,보행자,여,52세,경상
2013102800100268,2013년 10월 28일 13시,월요일,경상남도 양산시 동면,경상사고,0,0,1,0,차대차 - 기타,직진우회전진행방해,건조,맑음,단일로 - 기타,화물,남,54세,상해없음,승용,남,56세,경상
2013102800100269,2013년 10월 28일 13시,월요일,경상남도 거제시 장승포동,경상사고,0,0,1,0,차대차 - 추돌 - 진행중,중앙선침범,건조,맑음,교차로 - 교차로부근,승용,남,34세,상해없음,승용,남,42세,경상
2013102800100270,2013년 10월 28일 13시,월요일,경상남도 김해시 장유면,경상사고,0,0,1,0,차대차 - 추돌 - 주정차중,안전운전불이행,건조,맑음,교차로 - 교차로부근,화물,남,51세,상해없음,승용,남,25세,경상
2013102800100286,2013년 10월 28일 14시,월요일,경상남도 김해시 장유면,경상사고,0,0,1,1,차대차 - 추돌 - 진행중,안전거리미확보,건조,맑음,단일로 - 기타,화물,남,38세,상해없음,승합,남,54세,상해없음
2013102800100295,2013년 10월 28일 14시,월요일,경상남도 창원시 진해구 용원동,중상사고,0,1,0,0,차대사람 - 횡단중,보행자보호의무위반,건조,맑음,단일로 - 횡단보도상,승용,남,35세,상해없음,보행자,여,33세,중상
2013102800100318,2013년 10월 28일 15시,월요일,경상남도 통영시 무전동,중상사고,0,1,0,0,차대차 - 측면직각충돌,차로위반,건조,맑음,단일로 - 기타,승용,남,71세,상해없음,승합,여,34세,상해없음
2013102800100319,2013년 10월 28일 15시,월요일,경상남도 통영시 미수동,경상사고,0,0,1,0,차대사람 - 횡단중,보행자보호의무위반,건조,맑음,단일로 - 횡단보도상,기타불명,기타불명,기타불명,기타불명,보행자,여,12세,경상
2013102800100320,2013년 10월 28일 15시,월요일,경상남도 김해시 서상동,중상사고,0,1,0,0,차대사람 - 횡단중,안전운전불이행,건조,맑음,교차로 - 교차로안,승용,여,56세,상해없음,보행자,남,52세,중상
2013102800100345,2013년 10월 28일 16시,월요일,경상남도 거제시 거제면,중상사고,0,2,0,0,차대차 - 기타,교차로운행방법위반,건조,맑음,교차로 - 교차로안,화물,남,46세,상해없음,승용,남,64세,중상
2013102800100346,2013년 10월 28일 16시,월요일,경상남도 거제시 장평동,경상사고,0,0,1,0,차대차 - 기타,안전운전불이행,건조,맑음,단일로 - 기타,승용,남,28세,기타불명,승용,남,63세,경상
2013102800100378,2013년 10월 28일 17시,월요일,경상남도 진주시 동성동,경상사고,0,0,1,0,차대차 - 측면직각충돌,안전거리미확보,건조,맑음,단일로 - 기타,원동기,남,68세,경상,승용,여,39세,상해없음
2013102800100379,2013년 10월 28일 17시,월요일,경상남도 합천군 대양면,중상사고,0,1,0,0,차량단독 - 공작물충돌,안전운전불이행,건조,맑음,단일로 - 기타,이륜,남,34세,중상,,,,
2013102800100380,2013년 10월 28일 17시,월요일,경상남도 창원시 성산구 성주동,중상사고,0,1,0,0,차대차 - 기타,교차로운행방법위반,기타,맑음,교차로 - 교차로안,승용,남,52세,상해없음,승용,여,42세,중상
2013102800100447,2013년 10월 28일 18시,월요일,경상남도 창녕군 창녕읍,경상사고,0,0,1,0,차대사람 - 기타,안전운전불이행,건조,맑음,교차로 - 교차로부근,승용,여,57세,상해없음,보행자,여,63세,경상
2013102800100448,2013년 10월 28일 18시,월요일,경상남도 창원시 마산회원구 회성동,경상사고,0,0,1,0,차량단독 - 기타,안전운전불이행,건조,맑음,단일로 - 기타,승합,남,50세,상해없음,,,,
2013102800100483,2013년 10월 28일 19시,월요일,경상남도 진주시 내동면,사망사고,1,0,0,0,차대사람 - 차도통행중,안전운전불이행,건조,맑음,단일로 - 기타,화물,남,64세,상해없음,보행자,남,63세,사망
2013102800100484,2013년 10월 28일 19시,월요일,경상남도 통영시 용남면,중상사고,0,1,0,0,차대사람 - 기타,안전운전불이행,건조,맑음,단일로 - 기타,승용,남,50세,상해없음,보행자,남,13세,중상
2013102800100485,2013년 10월 28일 19시,월요일,경상남도 거제시 상동동,경상사고,0,0,1,0,차대차 - 측면직각충돌,교차로운행방법위반,건조,맑음,교차로 - 교차로안,승용,여,43세,상해없음,화물,남,29세,경상
2013102800100518,2013년 10월 28일 20시,월요일,경상남도 창원시 진해구 여좌동,경상사고,0,0,2,0,차대차 - 측면직각충돌,교차로운행방법위반,건조,맑음,교차로 - 교차로안,승용,남,54세,경상,승용,남,48세,경상
2013102800100519,2013년 10월 28일 20시,월요일,경상남도 밀양시 내이동,경상사고,0,0,1,0,차대차 - 측면직각충돌,신호위반,건조,맑음,단일로 - 횡단보도상,승용,남,64세,상해없음,자전거,여,58세,경상
2013102800100544,2013년 10월 28일 21시,월요일,경상남도 진주시 본성동,경상사고,0,0,1,0,차대차 - 추돌 - 진행중,안전거리미확보,건조,맑음,단일로 - 기타,승용,남,58세,상해없음,승용,남,52세,경상
2013102800100545,2013년 10월 28일 21시,월요일,경상남도 창원시 진해구 두동,중상사고,0,1,0,0,차대차 - 추돌 - 진행중,안전운전불이행,건조,맑음,단일로 - 기타,승용,남,35세,상해없음,승용,남,44세,중상
2013102800100546,2013년 10월 28일 21시,월요일,경상남도 창원시 성산구 상남동,경상사고,0,0,2,0,차대차 - 기타,신호위반,기타,맑음,교차로 - 교차로안,승용,남,34세,상해없음,이륜,남,17세,경상
2013102800100581,2013년 10월 28일 22시,월요일,경상남도 고성군 상리면,중상사고,0,1,1,0,차대차 - 추돌 - 주정차중,안전운전불이행,건조,맑음,교차로 - 교차로부근,승용,남,49세,상해없음,화물,남,61세,중상
2013102800100582,2013년 10월 28일 22시,월요일,경상남도 김해시 한림면,경상사고,0,0,1,0,차대차 - 측면직각충돌,안전운전불이행,건조,맑음,단일로 - 기타,승용,남,37세,상해없음,승용,여,43세,경상
2013102900100022,2013년 10월 29일 00시,화요일,경상남도 창원시 마산합포구 월포동,중상사고,0,1,0,0,차대사람 - 길가장자리구역통행중,안전운전불이행,건조,맑음,단일로 - 기타,기타불명,기타불명,기타불명,기타불명,보행자,남,65세,중상
2013102900100035,2013년 10월 29일 01시,화요일,경상남도 양산시 다방동,경상사고,0,0,1,0,차대차 - 추돌 - 주정차중,안전운전불이행,건조,맑음,단일로 - 기타,승용,기타불명,기타불명,기타불명,화물,남,58세,경상
2013102900100038,2013년 10월 29일 01시,화요일,경상남도 김해시 장유면,중상사고,0,2,0,0,차대차 - 추돌 - 주정차중,안전운전불이행,건조,맑음,단일로 - 기타,승용,남,55세,상해없음,승용,남,46세,중상
2013102900100066,2013년 10월 29일 05시,화요일,경상남도 창원시 성산구 가음정동,사망사고,1,0,0,0,차대차 - 기타,신호위반,기타,맑음,교차로 - 교차로안,이륜,남,22세,사망,승용,남,56세,상해없음
2013102900100077,2013년 10월 29일 06시,화요일,경상남도 밀양시 내이동,중상사고,0,1,0,0,차대차 - 추돌 - 진행중,안전운전불이행,건조,맑음,단일로 - 기타,화물,여,66세,상해없음,자전거,여,22세,중상
2013102900100078,2013년 10월 29일 06시,화요일,경상남도 함안군 칠원면,경상사고,0,0,1,0,차대차 - 측면직각충돌,신호위반,기타,안개,교차로 - 교차로안,승용,남,56세,상해없음,화물,남,58세,경상
2013102900100102,2013년 10월 29일 07시,화요일,경상남도 사천시 선구동,중상사고,0,1,0,0,차대차 - 기타,안전운전불이행,건조,맑음,단일로 - 기타,승용,남,75세,상해없음,원동기,남,64세,중상
2013102900100103,2013년 10월 29일 07시,화요일,경상남도 김해시 봉황동,경상사고,0,0,1,0,차대차 - 추돌 - 진행중,안전거리미확보,건조,맑음,교차로 - 교차로부근,승합,남,65세,상해없음,화물,남,36세,경상
2013102900100143,2013년 10월 29일 08시,화요일,경상남도 밀양시 내이동,중상사고,0,1,3,0,차대차 - 측면직각충돌,안전운전불이행,건조,맑음,교차로 - 교차로안,승용,남,35세,경상,화물,남,41세,경상
2013102900100144,2013년 10월 29일 08시,화요일,경상남도 양산시 북정동,경상사고,0,0,1,0,차대차 - 측면직각충돌,안전운전불이행,건조,맑음,교차로 - 교차로안,화물,남,58세,상해없음,승용,여,39세,경상
2013102900100145,2013년 10월 29일 08시,화요일,경상남도 함안군 군북면,경상사고,0,0,1,0,차대차 - 측면직각충돌,신호위반,습기,안개,교차로 - 교차로안,화물,남,77세,상해없음,승용,여,48세,경상
2013102900100169,2013년 10월 29일 09시,화요일,경상남도 통영시 정량동,경상사고,0,0,2,0,차대차 - 측면직각충돌,안전운전불이행,건조,맑음,교차로 - 교차로안,승용,남,64세,상해없음,승용,남,49세,경상
2013102900100170,2013년 10월 29일 09시,화요일,경상남도 합천군 야로면,경상사고,0,0,1,0,차대사람 - 기타,안전운전불이행,건조,맑음,단일로 - 기타,화물,남,71세,상해없음,보행자,남,80세,경상
2013102900100171,2013년 10월 29일 09시,화요일,경상남도 거제시 상동동,중상사고,0,1,0,0,차대차 - 추돌 - 진행중,안전운전불이행,건조,맑음,단일로 - 기타,원동기,여,30세,상해없음,승용,여,32세,상해없음
2013102900100192,2013년 10월 29일 10시,화요일,경상남도 진주시 칠암동,중상사고,0,1,0,0,차대차 - 정면충돌,안전운전불이행,건조,맑음,교차로 - 교차로부근,화물,남,25세,상해없음,자전거,여,58세,중상
2013102900100194,2013년 10월 29일 10시,화요일,경상남도 남해군 삼동면,사망사고,1,0,0,0,차대사람 - 횡단중,안전운전불이행,건조,맑음,단일로 - 기타,화물,남,59세,상해없음,보행자,여,79세,사망
2013102900100195,2013년 10월 29일 10시,화요일,경상남도 김해시 진영읍,중상사고,0,3,3,0,차대차 - 기타,신호위반,건조,맑음,교차로 - 교차로안,승용,남,45세,상해없음,화물,남,69세,경상
2013102900100220,2013년 10월 29일 11시,화요일,경상남도 합천군 가야면,중상사고,0,1,0,0,차량단독 - 기타,안전운전불이행,건조,맑음,단일로 - 기타,화물,남,54세,상해없음,,,,
2013102900100244,2013년 10월 29일 12시,화요일,경상남도 창원시 진해구 풍호동,경상사고,0,0,2,0,차대사람 - 기타,안전운전불이행,건조,맑음,단일로 - 기타,승용,남,63세,상해없음,보행자,여,38세,경상
2013102900100275,2013년 10월 29일 13시,화요일,경상남도 진주시 인사동,중상사고,0,1,0,0,차대사람 - 차도통행중,안전운전불이행,건조,맑음,단일로 - 기타,승용,남,31세,상해없음,보행자,여,74세,중상
2013102900100302,2013년 10월 29일 14시,화요일,경상남도 진주시 명석면,경상사고,0,0,1,0,차대사람 - 횡단중,기타,건조,맑음,단일로 - 기타,승용,여,64세,상해없음,보행자,남,11세,경상
2013102900100303,2013년 10월 29일 14시,화요일,경상남도 양산시 산막동,중상사고,0,1,0,0,차대사람 - 횡단중,안전운전불이행,건조,맑음,교차로 - 교차로부근,건설기계,남,51세,상해없음,보행자,남,55세,중상
2013102900100360,2013년 10월 29일 16시,화요일,경상남도 하동군 옥종면,경상사고,0,0,1,0,차대차 - 정면충돌,안전운전불이행,건조,맑음,단일로 - 기타,화물,남,26세,상해없음,화물,여,52세,경상
2013102900100361,2013년 10월 29일 16시,화요일,경상남도 김해시 장유면,중상사고,0,1,0,0,차대차 - 정면충돌,안전운전불이행,건조,맑음,교차로 - 교차로안,자전거,남,13세,중상,승용,여,37세,상해없음
2013102900100466,2013년 10월 29일 18시,화요일,경상남도 거창군 거창읍,중상사고,0,1,0,0,차대차 - 측면직각충돌,교차로운행방법위반,건조,맑음,교차로 - 교차로안,승합,남,62세,상해없음,승용,남,50세,중상
2013102900100467,2013년 10월 29일 18시,화요일,경상남도 창원시 의창구 사림동,경상사고,0,0,1,0,차대차 - 측면직각충돌,직진우회전진행방해,건조,맑음,교차로 - 교차로부근,승용,여,22세,경상,승용,여,63세,상해없음
2013102900100468,2013년 10월 29일 18시,화요일,경상남도 김해시 장유면,경상사고,0,0,1,0,차대차 - 측면직각충돌,안전운전불이행,건조,맑음,교차로 - 교차로부근,승용,여,56세,상해없음,승용,남,43세,경상
2013102900100507,2013년 10월 29일 19시,화요일,경상남도 창원시 진해구 용원동,중상사고,0,1,5,0,차대차 - 측면직각충돌,중앙선침범,건조,맑음,단일로 - 기타,승용,남,37세,상해없음,승용,여,24세,중상
2013102900100508,2013년 10월 29일 19시,화요일,경상남도 창원시 진해구 자은동,경상사고,0,0,1,0,차대차 - 측면직각충돌,교차로운행방법위반,건조,맑음,교차로 - 교차로안,승용,남,56세,상해없음,승용,남,34세,경상
2013102900100509,2013년 10월 29일 19시,화요일,경상남도 거제시 고현동,중상사고,0,1,0,0,차대차 - 기타,중앙선침범,건조,맑음,단일로 - 기타,화물,남,61세,상해없음,이륜,남,38세,중상
2013102900100550,2013년 10월 29일 20시,화요일,경상남도 창원시 마산합포구 중앙동2가,중상사고,0,1,0,0,차대사람 - 기타,안전운전불이행,건조,맑음,단일로 - 기타,승용,여,40세,상해없음,보행자,여,76세,중상
2013102900100551,2013년 10월 29일 20시,화요일,경상남도 창원시 마산회원구 내서읍,중상사고,0,2,0,1,차대차 - 측면직각충돌,안전운전불이행,건조,맑음,단일로 - 기타,승용,여,44세,부상신고,승용,남,43세,중상
2013102900100577,2013년 10월 29일 21시,화요일,경상남도 사천시 곤양면,중상사고,0,1,0,1,차대차 - 측면직각충돌,교차로운행방법위반,건조,맑음,교차로 - 교차로안,화물,남,38세,상해없음,승용,여,29세,중상
2013102900100578,2013년 10월 29일 21시,화요일,경상남도 창녕군 영산면,사망사고,1,0,0,0,차대사람 - 기타,안전운전불이행,건조,맑음,단일로 - 기타,승용,여,44세,상해없음,보행자,남,62세,사망
2013102900100579,2013년 10월 29일 21시,화요일,경상남도 남해군 설천면,중상사고,0,2,2,0,차량단독 - 공작물충돌,안전운전불이행,습기,기타,기타 - 기타,승합,여,61세,경상,,,,
2013102900100609,2013년 10월 29일 22시,화요일,경상남도 진주시 신안동,중상사고,0,1,0,0,차대사람 - 횡단중,안전운전불이행,건조,맑음,단일로 - 기타,승용,남,49세,상해없음,보행자,남,40세,중상
2013103000100016,2013년 10월 30일 00시,수요일,경상남도 김해시 어방동,중상사고,0,1,1,0,차대차 - 측면직각충돌,안전운전불이행,건조,맑음,단일로 - 기타,승용,남,46세,상해없음,승용,남,38세,상해없음
2013103000100048,2013년 10월 30일 03시,수요일,경상남도 창원시 진해구 석동,경상사고,0,0,1,0,차량단독 - 공작물충돌,기타,건조,맑음,단일로 - 기타,원동기,여,46세,경상,,,,
2013103000100068,2013년 10월 30일 05시,수요일,경상남도 창원시 마산합포구 남성동,중상사고,0,1,0,0,차대사람 - 기타,안전운전불이행,습기,맑음,단일로 - 기타,화물,여,49세,상해없음,보행자,여,57세,중상
2013103000100147,2013년 10월 30일 08시,수요일,경상남도 김해시 어방동,중상사고,0,1,2,0,차대차 - 추돌 - 진행중,안전거리미확보,건조,맑음,교차로 - 교차로부근,승용,여,50세,기타불명,승용,남,56세,경상
2013103000100148,2013년 10월 30일 08시,수요일,경상남도 양산시 삼호동,부상신고사고,0,0,0,2,차대차 - 기타,직진우회전진행방해,건조,맑음,교차로 - 교차로안,승용,여,37세,기타불명,원동기,남,17세,부상신고
2013103000100149,2013년 10월 30일 08시,수요일,경상남도 거제시 고현동,중상사고,0,1,0,0,차대차 - 추돌 - 진행중,안전운전불이행,건조,맑음,단일로 - 횡단보도상,승용,여,41세,상해없음,자전거,여,46세,중상
2013103000100150,2013년 10월 30일 08시,수요일,경상남도 창원시 의창구 대산면,중상사고,0,1,7,0,차대차 - 측면직각충돌,교차로운행방법위반,습기,안개,교차로 - 교차로안,화물,남,60세,상해없음,승합,여,41세,상해없음
2013103000100218,2013년 10월 30일 10시,수요일,경상남도 사천시 동금동,경상사고,0,0,2,0,차대차 - 추돌 - 주정차중,안전운전불이행,건조,맑음,교차로 - 교차로부근,화물,여,46세,상해없음,특수,남,22세,경상
2013103000100219,2013년 10월 30일 10시,수요일,경상남도 창녕군 유어면,부상신고사고,0,0,0,1,차대차 - 기타,안전운전불이행,건조,맑음,교차로 - 교차로안,농기계,남,73세,부상신고,승용,여,34세,상해없음
2013103000100220,2013년 10월 30일 10시,수요일,경상남도 거제시 고현동,중상사고,0,1,0,0,차대사람 - 기타,안전운전불이행,건조,맑음,교차로 - 교차로안,승용,여,39세,상해없음,보행자,여,75세,중상
2013103000100221,2013년 10월 30일 10시,수요일,경상남도 산청군 생초면,중상사고,0,1,1,0,차대차 - 정면충돌,중앙선침범,건조,맑음,단일로 - 기타,화물,여,50세,중상,화물,남,42세,경상
2013103000100275,2013년 10월 30일 12시,수요일,경상남도 사천시 사천읍,경상사고,0,0,1,0,차대사람 - 기타,안전운전불이행,건조,맑음,단일로 - 기타,승용,남,54세,상해없음,보행자,여,83세,경상
2013103000100276,2013년 10월 30일 12시,수요일,경상남도 밀양시 산내면,부상신고사고,0,0,0,1,차대사람 - 길가장자리구역통행중,안전운전불이행,건조,맑음,단일로 - 기타,승합,남,60세,상해없음,보행자,여,70세,부상신고
2013103000100306,2013년 10월 30일 13시,수요일,경상남도 창원시 진해구 명동,중상사고,0,1,0,0,차대사람 - 기타,안전운전불이행,건조,맑음,기타 - 기타,승용,여,50세,상해없음,보행자,여,50세,중상
2013103000100342,2013년 10월 30일 14시,수요일,경상남도 진주시 상봉동,중상사고,0,1,0,0,차대사람 - 기타,안전운전불이행,건조,맑음,교차로 - 교차로안,화물,여,53세,상해없음,보행자,여,75세,중상
2013103000100343,2013년 10월 30일 14시,수요일,경상남도 통영시 광도면,경상사고,0,0,1,0,차대사람 - 횡단중,안전운전불이행,건조,맑음,단일로 - 기타,승용,남,31세,상해없음,보행자,여,9세,경상
2013103000100371,2013년 10월 30일 15시,수요일,경상남도 창원시 의창구 신월동,경상사고,0,0,1,0,차대차 - 측면직각충돌,교차로운행방법위반,건조,맑음,교차로 - 교차로안,화물,남,45세,상해없음,승용,여,30세,경상
2013103000100372,2013년 10월 30일 15시,수요일,경상남도 창원시 마산회원구 합성동,중상사고,0,1,0,0,차대차 - 측면직각충돌,안전운전불이행,건조,맑음,교차로 - 교차로안,화물,남,36세,상해없음,원동기,여,63세,중상
2013103000100407,2013년 10월 30일 16시,수요일,경상남도 거창군 거창읍,경상사고,0,0,1,0,차대차 - 측면직각충돌,안전운전불이행,건조,맑음,교차로 - 교차로부근,원동기,남,75세,경상,승용,여,51세,상해없음
2013103000100408,2013년 10월 30일 16시,수요일,경상남도 창원시 성산구 가음정동,경상사고,0,0,1,0,차대사람 - 길가장자리구역통행중,안전운전불이행,건조,맑음,단일로 - 기타,승합,여,50세,상해없음,보행자,남,13세,경상
2013103000100431,2013년 10월 30일 17시,수요일,경상남도 통영시 광도면,경상사고,0,0,1,0,차대차 - 추돌 - 진행중,안전거리미확보,건조,맑음,단일로 - 기타,화물,남,56세,상해없음,승용,남,31세,경상
2013103000100432,2013년 10월 30일 17시,수요일,경상남도 사천시 벌리동,경상사고,0,0,1,0,차대사람 - 횡단중,보행자보호의무위반,건조,맑음,교차로 - 교차로부근,승용,여,64세,상해없음,보행자,여,10세,경상
2013103000100433,2013년 10월 30일 17시,수요일,경상남도 밀양시 삼문동,중상사고,0,1,0,0,차대사람 - 횡단중,안전운전불이행,건조,맑음,교차로 - 교차로부근,승용,남,63세,상해없음,보행자,여,75세,중상
2013103000100434,2013년 10월 30일 17시,수요일,경상남도 김해시 부원동,중상사고,0,1,0,0,차대차 - 측면직각충돌,안전운전불이행,건조,맑음,교차로 - 교차로안,승용,남,38세,상해없음,자전거,여,25세,중상
2013103000100435,2013년 10월 30일 17시,수요일,경상남도 창녕군 대지면,중상사고,0,2,0,0,차대차 - 기타,과속,건조,맑음,교차로 - 교차로안,화물,남,63세,중상,승용,남,60세,중상
2013103000100480,2013년 10월 30일 18시,수요일,경상남도 사천시 정동면,경상사고,0,0,2,0,차대차 - 측면직각충돌,교차로운행방법위반,건조,맑음,교차로 - 교차로안,승용,여,45세,경상,승용,남,56세,경상
2013103000100481,2013년 10월 30일 18시,수요일,경상남도 밀양시 내이동,중상사고,0,1,0,0,차대차 - 기타,안전운전불이행,건조,맑음,기타 - 기타,승용,여,63세,상해없음,자전거,여,68세,중상
2013103000100482,2013년 10월 30일 18시,수요일,경상남도 김해시 한림면,중상사고,0,1,0,0,차대차 - 측면직각충돌,중앙선침범,건조,맑음,교차로 - 교차로부근,승용,남,62세,상해없음,화물,남,31세,중상
2013103000100530,2013년 10월 30일 19시,수요일,경상남도 하동군 진교면,중상사고,0,1,1,0,차대차 - 측면직각충돌,중앙선침범,건조,맑음,단일로 - 기타,화물,남,33세,상해없음,승용,여,45세,중상
2013103000100531,2013년 10월 30일 19시,수요일,경상남도 창원시 마산회원구 회성동,사망사고,1,0,0,0,차대사람 - 횡단중,신호위반,건조,맑음,단일로 - 횡단보도상,화물,남,57세,상해없음,보행자,여,48세,사망
2013103000100560,2013년 10월 30일 20시,수요일,경상남도 창원시 마산합포구 오동동,중상사고,0,1,0,0,차대사람 - 기타,안전운전불이행,건조,맑음,단일로 - 기타,화물,남,60세,상해없음,보행자,여,62세,중상
2013103000100561,2013년 10월 30일 20시,수요일,경상남도 사천시 정동면,경상사고,0,0,4,0,차대차 - 측면직각충돌,중앙선침범,건조,맑음,교차로 - 교차로부근,승용,남,32세,상해없음,승용,남,36세,경상
2013103000100562,2013년 10월 30일 20시,수요일,경상남도 거제시 장승포동,경상사고,0,0,1,0,차대차 - 기타,안전운전불이행,건조,맑음,기타 - 기타,승용,남,68세,상해없음,이륜,남,17세,경상
2013103000100563,2013년 10월 30일 20시,수요일,경상남도 창원시 마산합포구 산호동,경상사고,0,0,1,0,차대사람 - 횡단중,안전운전불이행,건조,맑음,단일로 - 기타,승용,남,57세,상해없음,보행자,남,15세,경상
2013103000100564,2013년 10월 30일 20시,수요일,경상남도 창원시 의창구 팔용동,경상사고,0,0,1,0,차대사람 - 횡단중,보행자보호의무위반,건조,맑음,단일로 - 횡단보도상,승용,남,47세,상해없음,보행자,남,43세,경상
2013103000100601,2013년 10월 30일 21시,수요일,경상남도 김해시 삼계동,경상사고,0,0,2,0,차대차 - 측면직각충돌,불법유턴,건조,맑음,단일로 - 기타,승용,여,28세,상해없음,승용,여,48세,경상
2013103000100602,2013년 10월 30일 21시,수요일,경상남도 양산시 산막동,부상신고사고,0,0,0,1,차대사람 - 기타,안전운전불이행,건조,맑음,교차로 - 교차로안,기타불명,기타불명,기타불명,기타불명,보행자,남,54세,부상신고
2013103000100665,2013년 10월 30일 23시,수요일,경상남도 함안군 칠원면,경상사고,0,0,1,0,차대차 - 기타,중앙선침범,건조,맑음,단일로 - 기타,화물,남,56세,상해없음,승용,여,30세,경상
2013103100100016,2013년 10월 31일 00시,목요일,경상남도 함안군 칠서면,경상사고,0,0,1,0,차량단독 - 공작물충돌,안전운전불이행,건조,맑음,단일로 - 기타,승용,남,39세,경상,,,,
2013103100100036,2013년 10월 31일 01시,목요일,경상남도 김해시 진례면,중상사고,0,1,0,0,차량단독 - 공작물충돌,안전운전불이행,건조,맑음,단일로 - 기타,승용,여,21세,상해없음,,,,
2013103100100114,2013년 10월 31일 07시,목요일,경상남도 사천시 사천읍,중상사고,0,1,3,0,차대차 - 정면충돌,중앙선침범,습기,흐림,단일로 - 기타,이륜,남,20세,중상,승용,여,38세,경상
2013103100100175,2013년 10월 31일 09시,목요일,경상남도 창원시 마산합포구 서성동,경상사고,0,0,1,0,차대차 - 측면직각충돌,신호위반,건조,맑음,교차로 - 교차로안,화물,남,68세,상해없음,승합,남,45세,경상
2013103100100176,2013년 10월 31일 09시,목요일,경상남도 합천군 용주면,중상사고,0,1,0,0,차대차 - 기타,안전운전불이행,건조,맑음,단일로 - 기타,화물,남,66세,상해없음,원동기,남,67세,중상
2013103100100211,2013년 10월 31일 10시,목요일,경상남도 창원시 마산합포구 동성동,경상사고,0,0,1,0,차대사람 - 길가장자리구역통행중,안전운전불이행,습기,맑음,교차로 - 교차로부근,화물,남,48세,상해없음,보행자,여,75세,경상
2013103100100212,2013년 10월 31일 10시,목요일,경상남도 사천시 좌룡동,중상사고,0,1,0,0,차대차 - 기타,안전운전불이행,건조,맑음,단일로 - 기타,화물,남,63세,상해없음,원동기,남,66세,중상
2013103100100213,2013년 10월 31일 10시,목요일,경상남도 창원시 성산구 성주동,중상사고,0,3,1,0,차량단독 - 공작물충돌,안전운전불이행,건조,맑음,교차로 - 교차로부근,승용,남,22세,상해없음,,,,
2013103100100240,2013년 10월 31일 11시,목요일,경상남도 함양군 함양읍,중상사고,0,1,0,0,차대사람 - 기타,기타,건조,맑음,단일로 - 기타,승용,남,48세,상해없음,보행자,여,71세,중상
2013103100100241,2013년 10월 31일 11시,목요일,경상남도 창원시 마산합포구 산호동,중상사고,0,1,0,1,차대사람 - 기타,안전운전불이행,건조,맑음,교차로 - 교차로부근,승용,남,57세,상해없음,보행자,여,42세,중상
2013103100100276,2013년 10월 31일 13시,목요일,경상남도 창원시 진해구 충무동,부상신고사고,0,0,0,1,차대차 - 측면직각충돌,중앙선침범,건조,맑음,교차로 - 교차로부근,원동기,남,50세,부상신고,승용,남,65세,상해없음
2013103100100277,2013년 10월 31일 13시,목요일,경상남도 통영시 용남면,경상사고,0,0,1,0,차대차 - 측면직각충돌,기타,건조,맑음,단일로 - 기타,승합,남,46세,상해없음,승용,여,49세,경상
2013103100100278,2013년 10월 31일 13시,목요일,경상남도 창원시 마산회원구 내서읍,경상사고,0,0,1,0,차대사람 - 횡단중,보행자보호의무위반,건조,맑음,교차로 - 교차로부근,화물,여,50세,상해없음,보행자,남,76세,경상
2013103100100344,2013년 10월 31일 15시,목요일,경상남도 창원시 마산합포구 동성동,경상사고,0,0,1,0,차대차 - 측면직각충돌,안전운전불이행,건조,맑음,교차로 - 교차로부근,승용,남,43세,상해없음,승용,남,44세,경상
2013103100100345,2013년 10월 31일 15시,목요일,경상남도 거제시 아주동,경상사고,0,0,2,0,차대차 - 측면직각충돌,신호위반,건조,맑음,교차로 - 교차로안,승용,남,42세,상해없음,승용,남,35세,경상
2013103100100386,2013년 10월 31일 16시,목요일,경상남도 창원시 마산합포구 진동면,경상사고,0,0,1,0,차대차 - 측면직각충돌,안전운전불이행,건조,맑음,교차로 - 교차로부근,승용,여,49세,상해없음,승용,여,64세,경상
2013103100100387,2013년 10월 31일 16시,목요일,경상남도 창원시 마산합포구 진동면,경상사고,0,0,1,0,차대차 - 측면직각충돌,안전운전불이행,건조,맑음,교차로 - 교차로부근,승용,여,49세,상해없음,승용,여,64세,경상
2013103100100388,2013년 10월 31일 16시,목요일,경상남도 진주시 평거동,중상사고,0,1,0,0,차대사람 - 기타,안전운전불이행,건조,맑음,단일로 - 기타,화물,남,43세,상해없음,보행자,남,5세,중상
2013103100100389,2013년 10월 31일 16시,목요일,경상남도 김해시 대성동,중상사고,0,1,0,0,차대사람 - 횡단중,안전운전불이행,건조,맑음,단일로 - 기타,승용,여,35세,상해없음,보행자,남,17세,중상
2013103100100390,2013년 10월 31일 16시,목요일,경상남도 합천군 대병면,부상신고사고,0,0,0,1,차대차 - 추돌 - 진행중,안전운전불이행,건조,맑음,단일로 - 기타,화물,남,44세,부상신고,화물,남,55세,기타불명