사고번호,사고일시,요일,시군구,사고내용,사망자수,중상자수,경상자수,부상신고자수,사고유형,법규위반,노면상태,기상상태,도로형태,가해운전자 차종,가해운전자 성별,가해운전자 연령,가해운전자 상해정도,피해운전자 차종,피해운전자 성별,피해운전자 연령,피해운전자 상해정도
2013103100100434,2013년 10월 31일 17시,목요일,경상남도 통영시 광도면,사망사고,1,0,0,0,차대사람 - 횡단중,신호위반,건조,맑음,교차로 - 교차로부근,승합,남,48세,상해없음,보행자,남,6세,사망
2013103100100435,2013년 10월 31일 17시,목요일,경상남도 양산시 물금읍,경상사고,0,0,1,1,차대사람 - 기타,안전운전불이행,건조,맑음,교차로 - 교차로부근,기타불명,기타불명,기타불명,기타불명,보행자,여,33세,경상
2013103100100436,2013년 10월 31일 17시,목요일,경상남도 거제시 장평동,중상사고,0,1,0,0,차대차 - 측면직각충돌,안전운전불이행,건조,맑음,단일로 - 기타,승용,여,44세,상해없음,이륜,남,23세,중상
2013103100100484,2013년 10월 31일 18시,목요일,경상남도 김해시 주촌면,경상사고,0,0,1,0,차대차 - 측면직각충돌,교차로운행방법위반,건조,맑음,교차로 - 교차로안,승용,남,30세,상해없음,승용,여,43세,경상
2013103100100515,2013년 10월 31일 19시,목요일,경상남도 창원시 마산합포구 진동면,중상사고,0,1,0,0,차대차 - 측면직각충돌,안전운전불이행,건조,맑음,단일로 - 기타,이륜,남,75세,상해없음,승용,남,56세,상해없음
2013103100100516,2013년 10월 31일 19시,목요일,경상남도 양산시 교동,사망사고,1,0,0,0,차대차 - 기타,안전운전불이행,건조,맑음,교차로 - 교차로안,승용,남,48세,상해없음,자전거,남,65세,사망
2013103100100550,2013년 10월 31일 20시,목요일,경상남도 통영시 인평동,중상사고,0,1,0,0,차대차 - 정면충돌,중앙선침범,건조,맑음,교차로 - 교차로안,화물,남,43세,상해없음,이륜,남,57세,중상
2013103100100551,2013년 10월 31일 20시,목요일,경상남도 거제시 장평동,중상사고,0,1,0,0,차대사람 - 기타,안전운전불이행,건조,맑음,단일로 - 기타,승용,여,35세,상해없음,보행자,남,40세,중상
2013103100100552,2013년 10월 31일 20시,목요일,경상남도 거제시 장목면,중상사고,0,1,0,0,차대차 - 정면충돌,중앙선침범,건조,맑음,단일로 - 기타,승합,남,58세,상해없음,화물,남,55세,중상
2013103100100585,2013년 10월 31일 21시,목요일,경상남도 김해시 구산동,중상사고,0,1,0,0,차대차 - 측면직각충돌,안전운전불이행,건조,맑음,단일로 - 기타,승용,남,31세,상해없음,원동기,남,25세,중상
2013103100100586,2013년 10월 31일 21시,목요일,경상남도 양산시 평산동,경상사고,0,0,1,0,차대차 - 추돌 - 진행중,안전운전불이행,습기,비,교차로 - 교차로부근,승용,남,55세,상해없음,승용,여,38세,경상
2013103100100613,2013년 10월 31일 22시,목요일,경상남도 창원시 마산합포구 교방동,중상사고,0,2,0,0,차대차 - 측면직각충돌,안전운전불이행,건조,맑음,교차로 - 교차로부근,승용,남,48세,상해없음,이륜,남,18세,중상
2013103100100614,2013년 10월 31일 22시,목요일,경상남도 통영시 정량동,경상사고,0,0,1,0,차대차 - 측면직각충돌,신호위반,건조,맑음,교차로 - 교차로안,승용,남,31세,상해없음,승용,남,58세,경상
2013110100100017,2013년 11월 1일 00시,금요일,경상남도 창원시 성산구 성주동,중상사고,0,1,0,0,차대차 - 기타,안전운전불이행,건조,맑음,미분류 - 미분류,승용,남,64세,상해없음,승용,남,33세,중상
2013110100100034,2013년 11월 1일 01시,금요일,경상남도 남해군 창선면,중상사고,0,1,2,0,차량단독 - 공작물충돌,안전운전불이행,건조,맑음,교차로 - 교차로부근,승용,남,28세,경상,,,,
2013110100100035,2013년 11월 1일 01시,금요일,경상남도 창원시 성산구 상남동,중상사고,0,1,0,0,차대사람 - 차도통행중,안전운전불이행,건조,맑음,교차로 - 교차로부근,승용,남,55세,상해없음,보행자,여,30세,중상
2013110100100094,2013년 11월 1일 06시,금요일,경상남도 사천시 사남면,중상사고,0,1,0,0,차대사람 - 기타,안전운전불이행,건조,맑음,단일로 - 기타,승합,남,44세,상해없음,보행자,남,67세,중상
2013110100100095,2013년 11월 1일 06시,금요일,경상남도 김해시 어방동,경상사고,0,0,1,0,차대사람 - 차도통행중,안전운전불이행,건조,맑음,단일로 - 기타,승용,남,22세,상해없음,보행자,여,47세,경상
2013110100100096,2013년 11월 1일 06시,금요일,경상남도 거제시 옥포동,중상사고,0,1,0,0,차량단독 - 기타,안전운전불이행,건조,맑음,단일로 - 기타,승용,남,20세,상해없음,,,,
2013110100100119,2013년 11월 1일 07시,금요일,경상남도 창녕군 영산면,경상사고,0,0,2,0,차대차 - 측면직각충돌,교차로운행방법위반,습기,안개,교차로 - 교차로부근,승용,남,64세,상해없음,승용,여,40세,경상
2013110100100160,2013년 11월 1일 08시,금요일,경상남도 거창군 거창읍,부상신고사고,0,0,0,1,차대차 - 측면직각충돌,교차로운행방법위반,건조,맑음,교차로 - 교차로안,농기계,남,75세,부상신고,승용,여,31세,상해없음
2013110100100203,2013년 11월 1일 09시,금요일,경상남도 창원시 진해구 장천동,부상신고사고,0,0,0,1,차대차 - 기타,안전운전불이행,건조,맑음,기타 - 기타,원동기,남,75세,상해없음,자전거,남,28세,부상신고
2013110100100240,2013년 11월 1일 11시,금요일,경상남도 김해시 봉황동,중상사고,0,2,0,0,차대차 - 측면직각충돌,교차로운행방법위반,건조,맑음,교차로 - 교차로안,승용,여,40세,상해없음,승용,남,48세,중상
2013110100100274,2013년 11월 1일 12시,금요일,경상남도 사천시 사남면,중상사고,0,1,0,0,차대차 - 측면직각충돌,교차로운행방법위반,건조,맑음,교차로 - 교차로안,승용,여,45세,상해없음,승용,여,50세,중상
2013110100100275,2013년 11월 1일 12시,금요일,경상남도 김해시 서상동,경상사고,0,0,1,0,차대사람 - 차도통행중,안전운전불이행,건조,맑음,단일로 - 기타,승용,남,74세,상해없음,보행자,남,62세,경상
2013110100100276,2013년 11월 1일 12시,금요일,경상남도 거제시 고현동,경상사고,0,0,1,0,차대사람 - 기타,안전운전불이행,건조,맑음,교차로 - 교차로부근,승합,남,57세,상해없음,보행자,남,29세,경상
2013110100100299,2013년 11월 1일 13시,금요일,경상남도 거제시 장평동,경상사고,0,0,1,0,차대사람 - 기타,보행자보호의무위반,건조,맑음,교차로 - 교차로부근,승합,남,56세,상해없음,보행자,여,14세,경상
2013110100100341,2013년 11월 1일 14시,금요일,경상남도 진주시 봉곡동,중상사고,0,2,0,0,차대차 - 기타,안전운전불이행,건조,맑음,교차로 - 교차로부근,승용,여,34세,상해없음,이륜,여,54세,중상
2013110100100342,2013년 11월 1일 14시,금요일,경상남도 창녕군 창녕읍,중상사고,0,1,0,0,차대사람 - 횡단중,안전운전불이행,건조,맑음,교차로 - 교차로부근,화물,남,58세,상해없음,보행자,여,83세,중상
2013110100100343,2013년 11월 1일 14시,금요일,경상남도 김해시 진영읍,경상사고,0,0,1,0,차대차 - 정면충돌,중앙선침범,건조,맑음,교차로 - 교차로부근,승용,여,31세,상해없음,승용,여,30세,경상
2013110100100364,2013년 11월 1일 15시,금요일,경상남도 사천시 사천읍,경상사고,0,0,1,0,차대차 - 측면직각충돌,교차로운행방법위반,건조,맑음,교차로 - 교차로안,승용,남,27세,상해없음,승합,남,44세,경상
2013110100100365,2013년 11월 1일 15시,금요일,경상남도 밀양시 하남읍,중상사고,0,1,1,0,차대차 - 측면직각충돌,교차로운행방법위반,건조,맑음,교차로 - 교차로안,승용,여,46세,상해없음,화물,여,54세,중상
2013110100100401,2013년 11월 1일 16시,금요일,경상남도 거창군 거창읍,중상사고,0,1,0,0,차대사람 - 횡단중,교차로운행방법위반,건조,맑음,교차로 - 교차로안,승용,여,75세,상해없음,보행자,여,75세,중상
2013110100100402,2013년 11월 1일 16시,금요일,경상남도 양산시 평산동,중상사고,0,1,0,0,차대차 - 측면직각충돌,안전운전불이행,건조,맑음,기타 - 기타,승용,남,44세,상해없음,자전거,남,79세,중상
2013110100100403,2013년 11월 1일 16시,금요일,경상남도 거제시 둔덕면,경상사고,0,0,2,0,차대차 - 기타,안전운전불이행,건조,맑음,교차로 - 교차로안,승용,남,26세,상해없음,화물,남,51세,경상
2013110100100434,2013년 11월 1일 17시,금요일,경상남도 창원시 마산합포구 현동,경상사고,0,0,1,0,차량단독 - 기타,안전운전불이행,건조,맑음,단일로 - 기타,원동기,남,21세,경상,,,,
2013110100100435,2013년 11월 1일 17시,금요일,경상남도 진주시 대평면,부상신고사고,0,0,0,1,차대차 - 추돌 - 진행중,안전운전불이행,건조,맑음,단일로 - 기타,기타불명,기타불명,기타불명,기타불명,농기계,여,74세,부상신고
2013110100100436,2013년 11월 1일 17시,금요일,경상남도 창녕군 장마면,경상사고,0,0,1,0,차대사람 - 기타,안전운전불이행,기타,맑음,단일로 - 기타,화물,남,47세,상해없음,보행자,여,57세,경상
2013110100100500,2013년 11월 1일 18시,금요일,경상남도 창원시 마산합포구 월포동,경상사고,0,0,1,0,차대사람 - 기타,안전운전불이행,건조,맑음,단일로 - 기타,승용,남,50세,상해없음,보행자,남,71세,경상
2013110100100501,2013년 11월 1일 18시,금요일,경상남도 밀양시 상남면,경상사고,0,0,3,0,차대차 - 추돌 - 진행중,안전거리미확보,건조,맑음,단일로 - 기타,승합,남,45세,상해없음,농기계,남,52세,경상
2013110100100502,2013년 11월 1일 18시,금요일,경상남도 창녕군 창녕읍,경상사고,0,0,1,0,차대차 - 기타,신호위반,건조,맑음,교차로 - 교차로안,승용,남,40세,상해없음,승용,여,38세,경상
2013110100100503,2013년 11월 1일 18시,금요일,경상남도 양산시 북부동,중상사고,0,1,0,0,차대차 - 추돌 - 진행중,안전거리미확보,건조,맑음,단일로 - 기타,승용,남,25세,상해없음,승용,여,36세,중상
2013110100100504,2013년 11월 1일 18시,금요일,경상남도 창원시 의창구 팔용동,경상사고,0,0,1,0,차대차 - 측면직각충돌,안전운전불이행,건조,맑음,단일로 - 기타,승용,남,37세,상해없음,자전거,남,45세,경상
2013110100100547,2013년 11월 1일 19시,금요일,경상남도 통영시 광도면,중상사고,0,1,0,0,차대사람 - 횡단중,신호위반,건조,맑음,단일로 - 횡단보도상,이륜,남,37세,상해없음,보행자,여,74세,중상
2013110100100548,2013년 11월 1일 19시,금요일,경상남도 창원시 성산구 대방동,중상사고,0,1,1,0,차대차 - 추돌 - 주정차중,안전운전불이행,건조,맑음,교차로 - 교차로부근,승용,남,67세,상해없음,승용,남,38세,중상
2013110100100578,2013년 11월 1일 20시,금요일,경상남도 함양군 서하면,경상사고,0,0,1,0,차대차 - 추돌 - 진행중,안전운전불이행,건조,맑음,단일로 - 기타,화물,남,25세,상해없음,화물,남,34세,경상
2013110100100581,2013년 11월 1일 20시,금요일,경상남도 고성군 거류면,중상사고,0,1,2,0,차대차 - 측면직각충돌,중앙선침범,건조,맑음,단일로 - 기타,승합,남,58세,상해없음,승용,남,56세,경상
2013110100100582,2013년 11월 1일 20시,금요일,경상남도 창원시 의창구 도계동,중상사고,0,1,0,0,차대사람 - 기타,안전운전불이행,건조,맑음,단일로 - 기타,승용,여,52세,상해없음,보행자,남,17세,중상
2013110100100618,2013년 11월 1일 21시,금요일,경상남도 창원시 진해구 덕산동,경상사고,0,0,1,0,차대차 - 추돌 - 진행중,안전운전불이행,건조,기타,교차로 - 교차로안,승용,남,52세,상해없음,자전거,남,22세,경상
2013110100100635,2013년 11월 1일 22시,금요일,경상남도 통영시 정량동,중상사고,0,1,1,0,차대차 - 추돌 - 주정차중,안전운전불이행,건조,맑음,교차로 - 교차로부근,승합,남,46세,상해없음,승용,남,44세,중상
2013110100100636,2013년 11월 1일 22시,금요일,경상남도 김해시 어방동,경상사고,0,0,1,0,차대차 - 측면직각충돌,안전운전불이행,건조,맑음,교차로 - 교차로안,이륜,남,24세,상해없음,승용,남,47세,경상
2013110100100637,2013년 11월 1일 22시,금요일,경상남도 거제시 옥포동,중상사고,0,1,0,0,차대차 - 기타,중앙선침범,건조,맑음,교차로 - 교차로안,승용,남,47세,상해없음,이륜,남,16세,중상
2013110100100664,2013년 11월 1일 23시,금요일,경상남도 김해시 진영읍,중상사고,0,1,0,0,차대사람 - 횡단중,보행자보호의무위반,건조,맑음,단일로 - 횡단보도상,승용,남,59세,상해없음,보행자,여,50세,중상
2013110200100039,2013년 11월 2일 01시,토요일,경상남도 남해군 미조면,중상사고,0,1,0,0,차대사람 - 기타,안전운전불이행,건조,기타,기타 - 기타,화물,남,51세,상해없음,보행자,남,57세,중상
2013110200100060,2013년 11월 2일 02시,토요일,경상남도 창원시 마산회원구 회성동,경상사고,0,0,2,0,차대차 - 추돌 - 진행중,안전운전불이행,건조,맑음,단일로 - 기타,승용,남,25세,상해없음,승용,남,52세,경상
2013110200100095,2013년 11월 2일 05시,토요일,경상남도 밀양시 내이동,중상사고,0,1,0,0,차대사람 - 횡단중,교차로운행방법위반,건조,맑음,교차로 - 교차로안,승용,남,47세,상해없음,보행자,여,61세,중상
2013110200100103,2013년 11월 2일 06시,토요일,경상남도 함양군 휴천면,중상사고,0,1,0,0,차대사람 - 횡단중,안전운전불이행,건조,맑음,단일로 - 횡단보도부근,승용,여,59세,상해없음,보행자,여,67세,중상
2013110200100104,2013년 11월 2일 06시,토요일,경상남도 양산시 중부동,경상사고,0,0,1,0,차대사람 - 기타,안전운전불이행,건조,맑음,교차로 - 교차로안,승용,남,38세,상해없음,보행자,남,51세,경상
2013110200100105,2013년 11월 2일 06시,토요일,경상남도 거제시 연초면,경상사고,0,0,3,0,차대차 - 기타,안전운전불이행,건조,맑음,교차로 - 교차로부근,승용,여,46세,상해없음,승용,남,40세,경상
2013110200100132,2013년 11월 2일 08시,토요일,경상남도 창원시 마산합포구 구산면,중상사고,0,1,1,0,차량단독 - 공작물충돌,안전운전불이행,건조,맑음,단일로 - 기타,승용,여,35세,중상,,,,
2013110200100133,2013년 11월 2일 08시,토요일,경상남도 김해시 장유면,중상사고,0,1,0,0,차대차 - 측면직각충돌,신호위반,건조,맑음,교차로 - 교차로안,화물,남,48세,상해없음,승용,남,62세,중상
2013110200100166,2013년 11월 2일 09시,토요일,경상남도 창원시 진해구 마천동,경상사고,0,0,4,0,차대차 - 측면직각충돌,교차로운행방법위반,건조,맑음,교차로 - 교차로안,화물,남,58세,상해없음,승용,남,30세,경상
2013110200100167,2013년 11월 2일 09시,토요일,경상남도 합천군 삼가면,중상사고,0,2,0,0,차대차 - 추돌 - 주정차중,안전거리미확보,건조,맑음,교차로 - 교차로부근,승합,남,55세,상해없음,승용,남,56세,중상
2013110200100168,2013년 11월 2일 09시,토요일,경상남도 양산시 동면,경상사고,0,0,1,1,차대차 - 측면직각충돌,안전운전불이행,건조,맑음,단일로 - 기타,승용,남,57세,부상신고,승용,남,47세,경상
2013110200100201,2013년 11월 2일 10시,토요일,경상남도 창원시 마산합포구 진북면,경상사고,0,0,1,0,차대차 - 측면직각충돌,안전운전불이행,건조,맑음,교차로 - 교차로안,승용,남,36세,상해없음,건설기계,남,44세,상해없음
2013110200100202,2013년 11월 2일 10시,토요일,경상남도 창원시 의창구 명서동,경상사고,0,0,1,0,차대차 - 기타,안전운전불이행,건조,맑음,교차로 - 교차로안,승용,여,43세,상해없음,승용,남,60세,경상
2013110200100229,2013년 11월 2일 11시,토요일,경상남도 창원시 진해구 장천동,경상사고,0,0,2,0,차대차 - 측면직각충돌,안전거리미확보,건조,맑음,단일로 - 기타,화물,남,37세,상해없음,승용,여,54세,경상
2013110200100230,2013년 11월 2일 11시,토요일,경상남도 산청군 생초면,중상사고,0,1,0,0,차대차 - 측면직각충돌,교차로운행방법위반,건조,맑음,교차로 - 교차로안,이륜,여,74세,중상,승합,남,59세,상해없음
2013110200100274,2013년 11월 2일 12시,토요일,경상남도 진주시 신안동,중상사고,0,1,0,0,차대차 - 기타,안전운전불이행,습기,맑음,단일로 - 횡단보도상,승용,여,32세,상해없음,자전거,남,45세,중상
2013110200100314,2013년 11월 2일 13시,토요일,경상남도 합천군 가야면,경상사고,0,0,1,0,차대사람 - 차도통행중,안전운전불이행,건조,맑음,단일로 - 기타,승합,남,58세,상해없음,보행자,여,47세,경상
2013110200100315,2013년 11월 2일 13시,토요일,경상남도 김해시 진영읍,중상사고,0,1,0,0,차대차 - 기타,안전운전불이행,건조,맑음,단일로 - 기타,승용,남,29세,상해없음,화물,남,44세,중상
2013110200100361,2013년 11월 2일 14시,토요일,경상남도 창원시 마산합포구 구산면,경상사고,0,0,3,0,차량단독 - 도로외이탈 - 기타,안전운전불이행,건조,맑음,단일로 - 기타,승용,남,51세,상해없음,,,,
2013110200100362,2013년 11월 2일 14시,토요일,경상남도 사천시 정동면,중상사고,0,1,0,0,차대사람 - 차도통행중,안전운전불이행,건조,맑음,단일로 - 기타,승용,남,39세,상해없음,보행자,남,7세,중상
2013110200100363,2013년 11월 2일 14시,토요일,경상남도 창원시 마산회원구 구암동,중상사고,0,2,0,0,차량단독 - 기타,기타,건조,맑음,단일로 - 기타,승합,남,60세,상해없음,,,,
2013110200100395,2013년 11월 2일 15시,토요일,경상남도 김해시 대동면,중상사고,0,1,0,0,차대차 - 측면직각충돌,교차로운행방법위반,건조,맑음,교차로 - 교차로부근,자전거,남,9세,중상,화물,남,31세,상해없음
2013110200100431,2013년 11월 2일 16시,토요일,경상남도 창원시 마산합포구 상남동,중상사고,0,1,3,0,차대차 - 추돌 - 주정차중,안전운전불이행,건조,맑음,단일로 - 기타,승용,남,55세,상해없음,승용,여,34세,중상
2013110200100432,2013년 11월 2일 16시,토요일,경상남도 창원시 진해구 여좌동,경상사고,0,0,2,1,차대차 - 추돌 - 주정차중,안전운전불이행,건조,맑음,단일로 - 기타,승용,여,60세,상해없음,승용,남,29세,경상
2013110200100433,2013년 11월 2일 16시,토요일,경상남도 통영시 동호동,경상사고,0,0,3,0,차대차 - 측면직각충돌,안전운전불이행,건조,맑음,단일로 - 기타,승용,여,26세,상해없음,승용,남,70세,경상
2013110200100434,2013년 11월 2일 16시,토요일,경상남도 남해군 창선면,부상신고사고,0,0,0,1,차대사람 - 횡단중,안전운전불이행,건조,맑음,기타 - 기타,승용,남,31세,상해없음,보행자,남,9세,부상신고
2013110200100435,2013년 11월 2일 16시,토요일,경상남도 창원시 의창구 사림동,경상사고,0,0,1,0,차대차 - 측면직각충돌,중앙선침범,건조,맑음,단일로 - 기타,승용,남,46세,상해없음,특수,남,36세,경상
2013110200100477,2013년 11월 2일 17시,토요일,경상남도 창원시 진해구 자은동,사망사고,1,0,0,0,차대차 - 추돌 - 진행중,안전운전불이행,건조,맑음,교차로 - 교차로부근,승용,남,35세,상해없음,승합,남,35세,상해없음
2013110200100478,2013년 11월 2일 17시,토요일,경상남도 고성군 하이면,사망사고,1,0,0,0,차대사람 - 횡단중,안전운전불이행,건조,맑음,단일로 - 기타,승용,여,58세,상해없음,보행자,여,79세,사망
2013110200100479,2013년 11월 2일 17시,토요일,경상남도 하동군 하동읍,중상사고,0,1,0,0,차대사람 - 횡단중,보행자보호의무위반,건조,맑음,단일로 - 횡단보도상,승용,남,50세,상해없음,보행자,남,77세,중상
2013110200100480,2013년 11월 2일 17시,토요일,경상남도 거제시 고현동,경상사고,0,0,1,0,차대차 - 추돌 - 진행중,안전운전불이행,건조,맑음,단일로 - 기타,승용,남,29세,상해없음,이륜,남,33세,경상
2013110200100541,2013년 11월 2일 18시,토요일,경상남도 창원시 마산합포구 진동면,중상사고,0,1,0,0,차대차 - 추돌 - 진행중,과속,건조,맑음,단일로 - 기타,승용,남,40세,상해없음,승용,남,54세,상해없음
2013110200100542,2013년 11월 2일 18시,토요일,경상남도 김해시 삼계동,경상사고,0,0,1,0,차대차 - 측면직각충돌,안전거리미확보,건조,맑음,단일로 - 기타,승용,남,23세,상해없음,이륜,남,21세,경상
2013110200100543,2013년 11월 2일 18시,토요일,경상남도 함양군 병곡면,중상사고,0,2,0,0,차대차 - 정면충돌,중앙선침범,건조,맑음,단일로 - 기타,건설기계,남,34세,상해없음,화물,남,74세,중상
2013110200100544,2013년 11월 2일 18시,토요일,경상남도 양산시 상북면,경상사고,0,0,1,0,차량단독 - 기타,안전운전불이행,건조,맑음,교차로 - 교차로부근,자전거,남,53세,경상,,,,
2013110200100613,2013년 11월 2일 19시,토요일,경상남도 통영시 광도면,경상사고,0,0,1,0,차대사람 - 기타,안전운전불이행,건조,맑음,단일로 - 기타,승합,남,58세,상해없음,보행자,남,18세,경상
2013110200100614,2013년 11월 2일 19시,토요일,경상남도 김해시 외동,경상사고,0,0,1,0,차대차 - 추돌 - 주정차중,안전운전불이행,건조,맑음,기타 - 기타,승용,남,31세,상해없음,승용,여,23세,경상
2013110200100615,2013년 11월 2일 19시,토요일,경상남도 창원시 성산구 외동,중상사고,0,1,1,0,차대차 - 측면직각충돌,신호위반,건조,맑음,교차로 - 교차로부근,승용,남,52세,상해없음,승용,남,34세,경상
2013110200100616,2013년 11월 2일 19시,토요일,경상남도 창원시 마산회원구 석전동,중상사고,0,1,3,0,차대차 - 기타,안전운전불이행,건조,맑음,단일로 - 기타,승용,여,37세,상해없음,승용,남,46세,경상
2013110200100648,2013년 11월 2일 20시,토요일,경상남도 창원시 진해구 자은동,중상사고,0,1,0,0,차대차 - 측면직각충돌,중앙선침범,건조,맑음,단일로 - 기타,승용,남,48세,상해없음,원동기,남,16세,중상
2013110200100649,2013년 11월 2일 20시,토요일,경상남도 창녕군 창녕읍,중상사고,0,1,0,0,차대차 - 측면직각충돌,안전운전불이행,건조,맑음,교차로 - 교차로부근,승용,남,50세,상해없음,승용,남,48세,상해없음
2013110200100650,2013년 11월 2일 20시,토요일,경상남도 거제시 옥포동,경상사고,0,0,1,0,차대사람 - 기타,안전운전불이행,건조,맑음,교차로 - 교차로부근,승합,남,45세,상해없음,보행자,남,53세,경상
2013110200100651,2013년 11월 2일 20시,토요일,경상남도 함안군 군북면,중상사고,0,2,0,0,차대차 - 측면직각충돌,안전운전불이행,건조,맑음,단일로 - 기타,승합,남,59세,상해없음,승용,남,48세,중상
2013110200100684,2013년 11월 2일 21시,토요일,경상남도 김해시 삼계동,중상사고,0,3,2,0,차대차 - 추돌 - 진행중,직진우회전진행방해,건조,맑음,교차로 - 교차로안,승합,남,49세,상해없음,승용,여,38세,중상
2013110200100685,2013년 11월 2일 21시,토요일,경상남도 창원시 마산회원구 합성동,경상사고,0,0,1,0,차대차 - 기타,안전운전불이행,건조,맑음,교차로 - 교차로부근,승용,남,30세,상해없음,승용,여,44세,경상
2013110200100686,2013년 11월 2일 21시,토요일,경상남도 김해시 진영읍,중상사고,0,1,0,0,차대사람 - 횡단중,안전운전불이행,건조,맑음,교차로 - 교차로부근,승용,여,40세,상해없음,보행자,여,75세,중상
2013110200100717,2013년 11월 2일 22시,토요일,경상남도 창원시 진해구 용원동,부상신고사고,0,0,0,1,차대차 - 측면직각충돌,직진우회전진행방해,건조,맑음,교차로 - 교차로안,원동기,남,16세,부상신고,승용,남,51세,상해없음
2013110200100718,2013년 11월 2일 22시,토요일,경상남도 김해시 장유면,부상신고사고,0,0,0,1,차대사람 - 기타,안전운전불이행,건조,맑음,교차로 - 교차로부근,자전거,남,16세,상해없음,보행자,남,55세,부상신고
2013110200100748,2013년 11월 2일 23시,토요일,경상남도 거제시 장승포동,중상사고,0,1,0,0,차대사람 - 기타,안전운전불이행,건조,맑음,단일로 - 기타,승용,남,55세,상해없음,보행자,남,54세,중상
2013110200100749,2013년 11월 2일 23시,토요일,경상남도 창원시 마산회원구 두척동,중상사고,0,1,2,0,차대차 - 기타,안전운전불이행,건조,맑음,단일로 - 기타,기타불명,기타불명,기타불명,기타불명,승용,남,61세,경상
2013110200100750,2013년 11월 2일 23시,토요일,경상남도 창원시 마산회원구 합성동,경상사고,0,0,1,0,차대사람 - 기타,안전운전불이행,건조,맑음,단일로 - 기타,승용,남,19세,상해없음,보행자,남,30세,경상
2013110300100026,2013년 11월 3일 00시,일요일,경상남도 창원시 진해구 자은동,중상사고,0,1,0,0,차대사람 - 차도통행중,안전운전불이행,건조,맑음,교차로 - 교차로안,승용,남,23세,상해없음,보행자,여,55세,중상
2013110300100027,2013년 11월 3일 00시,일요일,경상남도 고성군 고성읍,경상사고,0,0,1,0,차대사람 - 횡단중,안전운전불이행,건조,맑음,단일로 - 기타,승용,여,57세,상해없음,보행자,남,52세,경상
2013110300100046,2013년 11월 3일 01시,일요일,경상남도 함양군 함양읍,중상사고,0,1,0,0,차대사람 - 횡단중,안전운전불이행,건조,맑음,교차로 - 교차로안,승용,남,24세,상해없음,보행자,남,68세,중상
2013110300100074,2013년 11월 3일 03시,일요일,경상남도 김해시 외동,중상사고,0,3,2,0,차대차 - 추돌 - 주정차중,안전운전불이행,건조,맑음,단일로 - 기타,승용,남,22세,상해없음,승용,남,23세,기타불명
2013110300100075,2013년 11월 3일 03시,일요일,경상남도 거제시 장평동,중상사고,0,1,0,0,차대차 - 기타,안전운전불이행,건조,맑음,교차로 - 교차로부근,승용,남,18세,상해없음,원동기,남,60세,중상
2013110300100178,2013년 11월 3일 11시,일요일,경상남도 김해시 지내동,경상사고,0,0,1,0,차대사람 - 차도통행중,안전운전불이행,건조,맑음,단일로 - 기타,기타불명,기타불명,기타불명,기타불명,보행자,남,14세,경상
2013110300100179,2013년 11월 3일 11시,일요일,경상남도 남해군 이동면,경상사고,0,0,1,0,차대차 - 기타,안전운전불이행,건조,맑음,교차로 - 교차로안,이륜,여,61세,경상,승용,남,28세,상해없음
2013110300100205,2013년 11월 3일 12시,일요일,경상남도 창원시 진해구 경화동,경상사고,0,0,1,0,차대차 - 측면직각충돌,직진우회전진행방해,건조,맑음,교차로 - 교차로안,승용,남,55세,상해없음,승용,남,58세,경상
2013110300100237,2013년 11월 3일 13시,일요일,경상남도 함양군 함양읍,부상신고사고,0,0,0,1,차대차 - 측면직각충돌,교차로운행방법위반,건조,맑음,교차로 - 교차로안,원동기,남,71세,부상신고,화물,남,49세,상해없음
2013110300100238,2013년 11월 3일 13시,일요일,경상남도 거제시 문동동,경상사고,0,0,2,0,차대차 - 기타,중앙선침범,건조,맑음,단일로 - 기타,승용,여,54세,상해없음,승용,남,40세,경상
2013110300100263,2013년 11월 3일 14시,일요일,경상남도 진주시 가좌동,경상사고,0,0,1,0,차대차 - 측면직각충돌,신호위반,건조,맑음,교차로 - 교차로안,승용,남,24세,상해없음,승용,여,54세,경상
2013110300100264,2013년 11월 3일 14시,일요일,경상남도 통영시 무전동,중상사고,0,1,0,0,차대차 - 측면직각충돌,교차로운행방법위반,건조,흐림,교차로 - 교차로안,승용,남,39세,상해없음,이륜,남,33세,중상
2013110300100265,2013년 11월 3일 14시,일요일,경상남도 김해시 구산동,중상사고,0,2,2,0,차대차 - 측면직각충돌,신호위반,건조,맑음,교차로 - 교차로안,승용,남,55세,상해없음,승용,남,38세,중상
2013110300100266,2013년 11월 3일 14시,일요일,경상남도 김해시 외동,중상사고,0,1,0,0,차대차 - 측면직각충돌,신호위반,건조,맑음,교차로 - 교차로안,승용,남,41세,상해없음,승용,남,28세,상해없음
2013110300100289,2013년 11월 3일 15시,일요일,경상남도 김해시 삼계동,중상사고,0,1,1,0,차대차 - 측면직각충돌,신호위반,건조,맑음,교차로 - 교차로안,승용,남,57세,상해없음,승용,남,66세,경상
2013110300100290,2013년 11월 3일 15시,일요일,경상남도 하동군 화개면,경상사고,0,0,1,0,차대사람 - 길가장자리구역통행중,안전운전불이행,건조,맑음,단일로 - 기타,승용,남,73세,상해없음,보행자,여,65세,경상
2013110300100309,2013년 11월 3일 16시,일요일,경상남도 진주시 신안동,중상사고,0,1,0,0,차대사람 - 기타,안전운전불이행,건조,맑음,단일로 - 기타,승합,남,54세,상해없음,보행자,남,80세,중상