사고번호,사고일시,요일,시군구,사고내용,사망자수,중상자수,경상자수,부상신고자수,사고유형,법규위반,노면상태,기상상태,도로형태,가해운전자 차종,가해운전자 성별,가해운전자 연령,가해운전자 상해정도,피해운전자 차종,피해운전자 성별,피해운전자 연령,피해운전자 상해정도
2013110300100310,2013년 11월 3일 16시,일요일,경상남도 함안군 가야읍,중상사고,0,1,5,0,차대차 - 추돌 - 진행중,안전운전불이행,건조,맑음,단일로 - 기타,승용,여,36세,경상,승용,남,53세,경상
2013110300100327,2013년 11월 3일 17시,일요일,경상남도 김해시 대동면,경상사고,0,0,1,0,차대차 - 추돌 - 주정차중,안전운전불이행,건조,맑음,단일로 - 기타,승용,남,62세,상해없음,승용,남,64세,경상
2013110300100343,2013년 11월 3일 17시,일요일,경상남도 합천군 삼가면,사망사고,1,0,0,0,차대차 - 측면직각충돌,교차로운행방법위반,건조,맑음,교차로 - 교차로안,승용,남,56세,상해없음,이륜,여,59세,사망
2013110300100344,2013년 11월 3일 17시,일요일,경상남도 하동군 악양면,중상사고,0,1,0,0,차대사람 - 횡단중,안전운전불이행,건조,맑음,단일로 - 기타,승용,여,58세,상해없음,보행자,남,9세,중상
2013110300100345,2013년 11월 3일 17시,일요일,경상남도 거제시 장평동,중상사고,0,1,0,0,차대차 - 기타,중앙선침범,건조,맑음,교차로 - 교차로부근,원동기,여,55세,상해없음,원동기,남,55세,중상
2013110300100346,2013년 11월 3일 17시,일요일,경상남도 김해시 장유면,경상사고,0,0,2,0,차대차 - 측면직각충돌,안전거리미확보,건조,맑음,단일로 - 기타,화물,남,52세,상해없음,승용,남,56세,경상
2013110300100347,2013년 11월 3일 17시,일요일,경상남도 김해시 진영읍,경상사고,0,0,4,0,차대차 - 기타,안전운전불이행,건조,맑음,단일로 - 기타,승용,여,40세,경상,승용,남,58세,경상
2013110300100387,2013년 11월 3일 18시,일요일,경상남도 거제시 장승포동,중상사고,0,1,0,0,차대차 - 기타,안전운전불이행,건조,맑음,단일로 - 기타,승합,남,64세,상해없음,승용,남,51세,중상
2013110300100443,2013년 11월 3일 20시,일요일,경상남도 진주시 가좌동,중상사고,0,1,0,0,차대사람 - 보도통행중,기타,건조,맑음,단일로 - 기타,이륜,남,20세,상해없음,보행자,남,56세,중상
2013110300100444,2013년 11월 3일 20시,일요일,경상남도 합천군 야로면,경상사고,0,0,2,0,차대차 - 측면직각충돌,차로위반,건조,맑음,단일로 - 기타,승합,남,52세,상해없음,승용,남,32세,상해없음
2013110300100445,2013년 11월 3일 20시,일요일,경상남도 양산시 삼호동,중상사고,0,1,0,0,차대사람 - 기타,안전운전불이행,건조,맑음,단일로 - 기타,승용,남,53세,상해없음,보행자,남,55세,중상
2013110300100446,2013년 11월 3일 20시,일요일,경상남도 창원시 의창구 동읍,중상사고,0,1,0,0,차대사람 - 횡단중,보행자보호의무위반,건조,맑음,단일로 - 기타,승용,남,20세,상해없음,보행자,남,57세,중상
2013110300100491,2013년 11월 3일 22시,일요일,경상남도 김해시 어방동,경상사고,0,0,1,0,차대사람 - 기타,안전운전불이행,건조,맑음,교차로 - 교차로안,승용,남,45세,상해없음,보행자,여,46세,경상
2013110300100492,2013년 11월 3일 22시,일요일,경상남도 창원시 의창구 팔용동,경상사고,0,0,1,0,차대차 - 측면직각충돌,신호위반,건조,맑음,교차로 - 교차로안,승용,남,42세,상해없음,승용,여,23세,경상
2013110400100015,2013년 11월 4일 00시,월요일,경상남도 창원시 마산합포구 산호동,중상사고,0,1,2,0,차대차 - 추돌 - 진행중,안전운전불이행,건조,맑음,교차로 - 교차로부근,승용,남,51세,상해없음,승용,남,28세,중상
2013110400100021,2013년 11월 4일 01시,월요일,경상남도 창원시 마산회원구 회성동,중상사고,0,1,0,0,차대차 - 추돌 - 주정차중,안전운전불이행,건조,맑음,단일로 - 기타,승용,남,41세,중상,특수,기타불명,기타불명,기타불명
2013110400100063,2013년 11월 4일 06시,월요일,경상남도 창원시 마산합포구 남성동,중상사고,0,1,0,0,차대사람 - 횡단중,신호위반,건조,맑음,교차로 - 교차로안,화물,남,70세,상해없음,보행자,여,55세,중상
2013110400100136,2013년 11월 4일 08시,월요일,경상남도 사천시 선구동,중상사고,0,1,0,0,차대차 - 기타,신호위반,건조,맑음,교차로 - 교차로안,자전거,남,56세,중상,승용,남,37세,상해없음
2013110400100137,2013년 11월 4일 08시,월요일,경상남도 김해시 내동,중상사고,0,1,0,0,차대차 - 측면직각충돌,교차로운행방법위반,건조,맑음,교차로 - 교차로안,승용,여,40세,상해없음,승용,여,43세,중상
2013110400100179,2013년 11월 4일 09시,월요일,경상남도 김해시 상동면,중상사고,0,1,0,0,차대차 - 측면직각충돌,교차로운행방법위반,건조,맑음,교차로 - 교차로안,원동기,남,74세,중상,승용,남,46세,상해없음
2013110400100180,2013년 11월 4일 09시,월요일,경상남도 함안군 가야읍,중상사고,0,1,0,0,차대차 - 측면직각충돌,안전운전불이행,건조,맑음,교차로 - 교차로안,이륜,여,71세,중상,화물,남,40세,상해없음
2013110400100181,2013년 11월 4일 09시,월요일,경상남도 창원시 의창구 도계동,중상사고,0,1,0,0,차대사람 - 횡단중,신호위반,건조,맑음,교차로 - 교차로안,승합,남,34세,상해없음,보행자,여,16세,중상
2013110400100206,2013년 11월 4일 10시,월요일,경상남도 사천시 곤명면,경상사고,0,0,1,0,차대차 - 측면직각충돌,직진우회전진행방해,건조,맑음,교차로 - 교차로안,승용,남,69세,상해없음,건설기계,남,45세,경상
2013110400100207,2013년 11월 4일 10시,월요일,경상남도 합천군 합천읍,경상사고,0,0,1,0,차대차 - 추돌 - 진행중,안전운전불이행,건조,맑음,교차로 - 교차로안,화물,남,68세,상해없음,이륜,남,63세,경상
2013110400100234,2013년 11월 4일 11시,월요일,경상남도 남해군 남해읍,중상사고,0,1,0,0,차대차 - 기타,교차로운행방법위반,건조,맑음,교차로 - 교차로부근,승용,남,57세,상해없음,원동기,남,74세,중상
2013110400100259,2013년 11월 4일 12시,월요일,경상남도 창녕군 대합면,중상사고,0,3,0,0,차대차 - 정면충돌,중앙선침범,건조,맑음,단일로 - 기타,승용,남,33세,중상,승용,남,47세,중상
2013110400100273,2013년 11월 4일 13시,월요일,경상남도 김해시 삼방동,중상사고,0,1,0,0,차대차 - 추돌 - 진행중,안전거리미확보,건조,맑음,단일로 - 기타,승용,남,26세,상해없음,승용,남,52세,중상
2013110400100274,2013년 11월 4일 13시,월요일,경상남도 김해시 구산동,중상사고,0,1,0,0,차대차 - 측면직각충돌,안전거리미확보,건조,맑음,단일로 - 기타,원동기,남,32세,중상,승합,남,38세,상해없음
2013110400100275,2013년 11월 4일 13시,월요일,경상남도 합천군 가회면,경상사고,0,0,1,0,차대차 - 측면직각충돌,안전운전불이행,건조,맑음,단일로 - 기타,화물,남,56세,상해없음,이륜,남,62세,경상
2013110400100276,2013년 11월 4일 13시,월요일,경상남도 양산시 물금읍,경상사고,0,0,2,0,차대차 - 측면직각충돌,신호위반,건조,맑음,교차로 - 교차로안,승용,여,40세,상해없음,승용,여,27세,상해없음
2013110400100308,2013년 11월 4일 14시,월요일,경상남도 거창군 북상면,중상사고,0,1,0,0,차대사람 - 길가장자리구역통행중,안전운전불이행,건조,맑음,기타 - 기타,화물,남,43세,상해없음,보행자,여,74세,중상
2013110400100309,2013년 11월 4일 14시,월요일,경상남도 고성군 동해면,중상사고,0,1,0,0,차대차 - 측면직각충돌,중앙선침범,건조,맑음,단일로 - 기타,화물,남,50세,상해없음,승용,남,58세,중상
2013110400100338,2013년 11월 4일 15시,월요일,경상남도 창원시 의창구 명서동,경상사고,0,0,1,0,차대사람 - 기타,안전운전불이행,건조,맑음,교차로 - 교차로안,승용,여,44세,상해없음,보행자,여,14세,경상
2013110400100364,2013년 11월 4일 16시,월요일,경상남도 창원시 마산합포구 창포동2가,경상사고,0,0,1,0,차대차 - 측면직각충돌,안전운전불이행,건조,맑음,교차로 - 교차로부근,승용,여,48세,상해없음,승용,남,52세,경상
2013110400100365,2013년 11월 4일 16시,월요일,경상남도 창원시 마산합포구 상남동,중상사고,0,1,1,0,차대차 - 기타,안전운전불이행,건조,맑음,단일로 - 기타,승용,남,61세,상해없음,승합,남,59세,상해없음
2013110400100366,2013년 11월 4일 16시,월요일,경상남도 창원시 진해구 남문동,경상사고,0,0,1,0,차대사람 - 기타,안전운전불이행,건조,맑음,교차로 - 교차로부근,승용,남,59세,상해없음,보행자,남,53세,경상
2013110400100367,2013년 11월 4일 16시,월요일,경상남도 합천군 가야면,중상사고,0,1,0,0,차대차 - 측면직각충돌,교차로운행방법위반,건조,맑음,교차로 - 교차로안,승용,남,49세,상해없음,원동기,남,48세,중상
2013110400100405,2013년 11월 4일 17시,월요일,경상남도 김해시 삼방동,중상사고,0,1,0,0,차대차 - 측면직각충돌,안전운전불이행,건조,맑음,교차로 - 교차로안,승용,남,43세,상해없음,원동기,남,30세,중상
2013110400100461,2013년 11월 4일 18시,월요일,경상남도 창원시 마산합포구 진전면,경상사고,0,0,2,0,차대차 - 측면직각충돌,중앙선침범,건조,맑음,단일로 - 기타,승용,남,90세 이상,상해없음,승용,여,90세 이상,경상
2013110400100501,2013년 11월 4일 19시,월요일,경상남도 밀양시 내이동,경상사고,0,0,1,0,차대차 - 기타,신호위반,건조,맑음,교차로 - 교차로안,이륜,남,73세,상해없음,승용,여,58세,경상
2013110400100502,2013년 11월 4일 19시,월요일,경상남도 김해시 어방동,경상사고,0,0,1,0,차대차 - 측면직각충돌,신호위반,건조,맑음,교차로 - 교차로안,승용,남,68세,상해없음,이륜,남,21세,경상
2013110400100503,2013년 11월 4일 19시,월요일,경상남도 하동군 진교면,중상사고,0,2,0,0,차대차 - 측면직각충돌,신호위반,건조,맑음,교차로 - 교차로안,승용,남,51세,상해없음,화물,남,50세,중상
2013110400100504,2013년 11월 4일 19시,월요일,경상남도 창원시 성산구 남양동,중상사고,0,1,0,0,차대차 - 측면직각충돌,신호위반,건조,맑음,교차로 - 교차로안,화물,남,30세,상해없음,자전거,남,53세,중상
2013110400100568,2013년 11월 4일 21시,월요일,경상남도 거창군 거창읍,경상사고,0,0,1,0,차대차 - 측면직각충돌,안전운전불이행,건조,맑음,교차로 - 교차로안,승용,기타불명,기타불명,기타불명,승용,남,19세,경상
2013110400100569,2013년 11월 4일 21시,월요일,경상남도 거제시 장평동,경상사고,0,0,1,0,차대차 - 기타,기타,건조,맑음,기타 - 기타,승용,남,35세,상해없음,승용,남,28세,상해없음
2013110400100570,2013년 11월 4일 21시,월요일,경상남도 창원시 마산회원구 내서읍,중상사고,0,2,0,0,차대차 - 측면직각충돌,안전운전불이행,건조,맑음,단일로 - 기타,승용,남,58세,상해없음,승용,남,27세,중상
2013110400100598,2013년 11월 4일 22시,월요일,경상남도 거제시 고현동,중상사고,0,1,0,0,차대사람 - 기타,안전운전불이행,건조,맑음,교차로 - 교차로안,승용,남,31세,상해없음,보행자,남,57세,중상
2013110400100615,2013년 11월 4일 23시,월요일,경상남도 창녕군 부곡면,중상사고,0,1,0,0,차량단독 - 공작물충돌,안전운전불이행,건조,맑음,단일로 - 기타,승용,남,18세,상해없음,,,,
2013110400100616,2013년 11월 4일 23시,월요일,경상남도 창원시 마산회원구 석전동,경상사고,0,0,1,0,차대사람 - 차도통행중,안전운전불이행,건조,맑음,단일로 - 기타,승용,남,41세,상해없음,보행자,남,17세,경상
2013110500100011,2013년 11월 5일 00시,화요일,경상남도 고성군 마암면,중상사고,0,2,0,0,차대차 - 추돌 - 주정차중,안전운전불이행,건조,맑음,교차로 - 교차로안,승용,남,49세,상해없음,승용,남,51세,중상
2013110500100012,2013년 11월 5일 00시,화요일,경상남도 창원시 마산회원구 내서읍,경상사고,0,0,1,0,차대사람 - 기타,안전운전불이행,기타,기타,교차로 - 교차로안,승용,남,43세,상해없음,보행자,남,44세,경상
2013110500100079,2013년 11월 5일 06시,화요일,경상남도 사천시 벌리동,중상사고,0,1,0,0,차대차 - 측면직각충돌,신호위반,건조,맑음,교차로 - 교차로안,승용,남,43세,상해없음,승합,남,62세,중상
2013110500100109,2013년 11월 5일 07시,화요일,경상남도 거창군 거창읍,경상사고,0,0,1,0,차대차 - 측면직각충돌,안전운전불이행,건조,맑음,교차로 - 교차로안,화물,남,59세,상해없음,건설기계,남,39세,경상
2013110500100110,2013년 11월 5일 07시,화요일,경상남도 거제시 장평동,경상사고,0,0,1,0,차대차 - 측면직각충돌,안전운전불이행,건조,맑음,교차로 - 교차로부근,승용,여,48세,상해없음,이륜,여,31세,경상
2013110500100111,2013년 11월 5일 07시,화요일,경상남도 창원시 성산구 천선동,중상사고,0,1,0,0,차대차 - 측면직각충돌,신호위반,건조,맑음,교차로 - 교차로안,화물,남,61세,상해없음,승용,여,44세,중상
2013110500100152,2013년 11월 5일 08시,화요일,경상남도 창녕군 창녕읍,중상사고,0,1,1,0,차대차 - 기타,안전운전불이행,건조,맑음,교차로 - 교차로부근,승용,남,47세,상해없음,승용,남,69세,중상
2013110500100153,2013년 11월 5일 08시,화요일,경상남도 양산시 소주동,중상사고,0,1,0,0,차대사람 - 횡단중,보행자보호의무위반,건조,맑음,단일로 - 횡단보도상,승용,여,55세,상해없음,보행자,여,56세,중상
2013110500100154,2013년 11월 5일 08시,화요일,경상남도 창원시 의창구 동읍,경상사고,0,0,1,0,차대사람 - 횡단중,안전운전불이행,건조,맑음,단일로 - 기타,승용,여,41세,상해없음,보행자,여,23세,경상
2013110500100209,2013년 11월 5일 10시,화요일,경상남도 창원시 마산합포구 월남동5가,중상사고,0,1,0,0,차대사람 - 기타,보행자보호의무위반,건조,맑음,단일로 - 횡단보도상,승용,여,58세,상해없음,보행자,여,64세,중상
2013110500100210,2013년 11월 5일 10시,화요일,경상남도 하동군 하동읍,중상사고,0,1,3,0,차대차 - 측면직각충돌,안전운전불이행,건조,맑음,교차로 - 교차로안,화물,남,50세,상해없음,승용,여,72세,상해없음
2013110500100211,2013년 11월 5일 10시,화요일,경상남도 창원시 성산구 사파동,중상사고,0,1,0,0,차대차 - 추돌 - 진행중,안전운전불이행,기타,맑음,단일로 - 기타,화물,남,58세,상해없음,승용,여,46세,중상
2013110500100237,2013년 11월 5일 11시,화요일,경상남도 함양군 함양읍,중상사고,0,1,0,0,차대차 - 측면직각충돌,교차로운행방법위반,건조,맑음,교차로 - 교차로안,승용,남,52세,상해없음,원동기,여,65세,중상
2013110500100238,2013년 11월 5일 11시,화요일,경상남도 양산시 상북면,경상사고,0,0,1,0,차대차 - 기타,안전거리미확보,건조,맑음,기타 - 기타,승용,남,45세,상해없음,승합,남,43세,경상
2013110500100266,2013년 11월 5일 12시,화요일,경상남도 창녕군 대합면,중상사고,0,1,0,0,차대차 - 기타,안전운전불이행,건조,맑음,교차로 - 교차로안,이륜,남,77세,중상,승용,여,43세,상해없음
2013110500100289,2013년 11월 5일 13시,화요일,경상남도 창녕군 도천면,중상사고,0,2,0,0,차대차 - 추돌 - 진행중,안전운전불이행,건조,맑음,단일로 - 기타,화물,남,43세,상해없음,승용,여,57세,중상
2013110500100321,2013년 11월 5일 14시,화요일,경상남도 창원시 마산합포구 진전면,중상사고,0,1,1,0,차대차 - 정면충돌,안전운전불이행,건조,맑음,단일로 - 기타,승용,남,36세,상해없음,승용,남,52세,경상
2013110500100322,2013년 11월 5일 14시,화요일,경상남도 사천시 선구동,중상사고,0,1,0,0,차대차 - 측면직각충돌,안전운전불이행,건조,맑음,단일로 - 기타,승용,여,47세,상해없음,이륜,남,58세,중상
2013110500100351,2013년 11월 5일 15시,화요일,경상남도 진주시 미천면,중상사고,0,1,0,0,차대차 - 측면직각충돌,중앙선침범,건조,맑음,단일로 - 기타,화물,남,76세,중상,승용,남,59세,상해없음
2013110500100389,2013년 11월 5일 16시,화요일,경상남도 합천군 삼가면,중상사고,0,2,0,0,차대사람 - 길가장자리구역통행중,안전운전불이행,건조,맑음,단일로 - 기타,승용,남,40세,상해없음,보행자,여,44세,중상
2013110500100434,2013년 11월 5일 17시,화요일,경상남도 김해시 외동,경상사고,0,0,2,0,차대차 - 측면직각충돌,직진우회전진행방해,건조,맑음,교차로 - 교차로안,승용,남,64세,경상,승용,남,56세,경상
2013110500100435,2013년 11월 5일 17시,화요일,경상남도 양산시 북부동,경상사고,0,0,1,0,차량단독 - 기타,안전운전불이행,건조,맑음,기타 - 기타,승합,남,45세,상해없음,,,,
2013110500100436,2013년 11월 5일 17시,화요일,경상남도 거제시 사등면,중상사고,0,1,0,0,차대차 - 추돌 - 진행중,교차로운행방법위반,건조,맑음,교차로 - 교차로안,화물,여,37세,상해없음,승용,여,51세,중상
2013110500100437,2013년 11월 5일 17시,화요일,경상남도 창원시 의창구 팔용동,중상사고,0,1,0,0,차대차 - 측면직각충돌,신호위반,건조,맑음,교차로 - 교차로안,원동기,남,39세,상해없음,승용,여,26세,중상
2013110500100485,2013년 11월 5일 18시,화요일,경상남도 밀양시 부북면,중상사고,0,2,0,0,차대차 - 정면충돌,중앙선침범,건조,맑음,단일로 - 기타,승용,남,61세,상해없음,화물,여,55세,중상
2013110500100486,2013년 11월 5일 18시,화요일,경상남도 김해시 외동,경상사고,0,0,1,0,차대차 - 추돌 - 진행중,안전운전불이행,건조,맑음,단일로 - 기타,승용,여,48세,상해없음,승용,남,30세,경상
2013110500100487,2013년 11월 5일 18시,화요일,경상남도 김해시 장유면,중상사고,0,1,0,0,차대차 - 측면직각충돌,신호위반,건조,맑음,단일로 - 횡단보도상,승용,여,40세,상해없음,자전거,남,15세,중상
2013110500100522,2013년 11월 5일 19시,화요일,경상남도 창원시 진해구 덕산동,경상사고,0,0,1,0,차대차 - 추돌 - 주정차중,안전운전불이행,건조,맑음,단일로 - 기타,승용,남,39세,상해없음,승용,남,58세,경상
2013110500100523,2013년 11월 5일 19시,화요일,경상남도 통영시 봉평동,경상사고,0,0,1,0,차대차 - 기타,안전운전불이행,건조,맑음,교차로 - 교차로안,승합,남,63세,상해없음,이륜,남,24세,경상
2013110500100552,2013년 11월 5일 20시,화요일,경상남도 창원시 진해구 용원동,경상사고,0,0,1,0,차대차 - 측면직각충돌,교차로운행방법위반,건조,맑음,교차로 - 교차로안,화물,남,32세,상해없음,원동기,남,21세,경상
2013110500100553,2013년 11월 5일 20시,화요일,경상남도 거제시 두모동,중상사고,0,2,0,0,차대차 - 기타,안전운전불이행,건조,맑음,교차로 - 교차로부근,승용,남,33세,상해없음,승용,남,59세,상해없음
2013110500100554,2013년 11월 5일 20시,화요일,경상남도 김해시 장유면,중상사고,0,1,0,0,차대차 - 측면직각충돌,중앙선침범,건조,맑음,단일로 - 기타,승용,남,39세,상해없음,이륜,남,17세,중상
2013110500100625,2013년 11월 5일 22시,화요일,경상남도 창원시 마산합포구 월영동,중상사고,0,1,0,0,차대차 - 기타,교차로운행방법위반,건조,맑음,교차로 - 교차로안,승용,남,20세,상해없음,원동기,남,21세,중상
2013110500100647,2013년 11월 5일 23시,화요일,경상남도 양산시 덕계동,중상사고,0,2,0,0,차대차 - 측면직각충돌,차로위반,건조,맑음,단일로 - 기타,승용,남,29세,상해없음,승용,남,27세,중상
2013110500100648,2013년 11월 5일 23시,화요일,경상남도 거제시 고현동,경상사고,0,0,1,0,차대차 - 추돌 - 진행중,안전운전불이행,건조,맑음,교차로 - 교차로안,이륜,남,24세,상해없음,이륜,남,45세,경상
2013110500100649,2013년 11월 5일 23시,화요일,경상남도 창원시 성산구 대방동,중상사고,0,1,0,0,차대사람 - 기타,안전운전불이행,기타,맑음,교차로 - 교차로안,승용,남,44세,상해없음,보행자,남,53세,중상
2013110500100650,2013년 11월 5일 23시,화요일,경상남도 창원시 의창구 봉곡동,경상사고,0,0,1,0,차대차 - 추돌 - 진행중,안전운전불이행,건조,맑음,교차로 - 교차로부근,승용,남,27세,상해없음,승용,남,52세,경상
2013110500100651,2013년 11월 5일 23시,화요일,경상남도 김해시 장유면,경상사고,0,0,1,0,차대차 - 기타,안전거리미확보,건조,맑음,단일로 - 기타,승합,남,49세,상해없음,이륜,남,17세,경상
2013110600100010,2013년 11월 6일 00시,수요일,경상남도 창원시 마산합포구 신포동2가,경상사고,0,0,2,0,차대차 - 측면직각충돌,신호위반,습기,비,교차로 - 교차로안,승용,남,46세,상해없음,화물,남,52세,상해없음
2013110600100011,2013년 11월 6일 00시,수요일,경상남도 거제시 고현동,중상사고,0,1,0,0,차대사람 - 기타,보행자보호의무위반,건조,맑음,단일로 - 기타,승용,남,46세,상해없음,보행자,남,45세,중상
2013110600100031,2013년 11월 6일 01시,수요일,경상남도 창원시 의창구 봉곡동,경상사고,0,0,1,0,차대차 - 기타,안전운전불이행,건조,맑음,단일로 - 기타,승용,남,44세,상해없음,승용,여,49세,경상
2013110600100065,2013년 11월 6일 05시,수요일,경상남도 통영시 도천동,중상사고,0,1,0,0,차대차 - 기타,안전운전불이행,건조,맑음,단일로 - 기타,승용,남,52세,상해없음,이륜,남,42세,중상
2013110600100066,2013년 11월 6일 05시,수요일,경상남도 통영시 도산면,중상사고,0,1,1,0,차량단독 - 공작물충돌,안전운전불이행,건조,맑음,단일로 - 기타,승용,남,35세,상해없음,,,,
2013110600100067,2013년 11월 6일 05시,수요일,경상남도 창원시 마산회원구 회원동,경상사고,0,0,1,0,차대사람 - 차도통행중,안전운전불이행,건조,맑음,단일로 - 기타,승용,여,59세,상해없음,보행자,여,58세,경상
2013110600100126,2013년 11월 6일 08시,수요일,경상남도 통영시 용남면,경상사고,0,0,1,0,차대차 - 기타,안전운전불이행,건조,맑음,단일로 - 기타,승용,여,30세,상해없음,승용,남,45세,경상
2013110600100127,2013년 11월 6일 08시,수요일,경상남도 거제시 고현동,중상사고,0,1,0,0,차대차 - 추돌 - 진행중,안전운전불이행,건조,맑음,교차로 - 교차로안,승용,남,39세,상해없음,승용,남,46세,중상
2013110600100159,2013년 11월 6일 09시,수요일,경상남도 거제시 수월동,경상사고,0,0,1,0,차대사람 - 기타,안전운전불이행,건조,맑음,단일로 - 횡단보도상,화물,여,51세,상해없음,보행자,여,32세,경상
2013110600100181,2013년 11월 6일 10시,수요일,경상남도 함안군 군북면,중상사고,0,3,5,0,차대차 - 추돌 - 진행중,안전운전불이행,건조,맑음,단일로 - 기타,승용,여,28세,상해없음,특수,남,44세,경상
2013110600100210,2013년 11월 6일 11시,수요일,경상남도 창원시 의창구 봉곡동,경상사고,0,0,1,0,차대차 - 측면직각충돌,안전운전불이행,건조,맑음,교차로 - 교차로부근,화물,남,34세,상해없음,이륜,남,23세,경상
2013110600100211,2013년 11월 6일 11시,수요일,경상남도 김해시 풍유동,경상사고,0,0,1,0,차대차 - 측면직각충돌,안전운전불이행,건조,맑음,교차로 - 교차로안,기타불명,기타불명,기타불명,기타불명,승용,남,30세,경상
2013110600100236,2013년 11월 6일 12시,수요일,경상남도 김해시 장유면,중상사고,0,2,0,1,차대차 - 측면직각충돌,안전운전불이행,건조,맑음,교차로 - 교차로안,승용,남,34세,부상신고,화물,남,63세,중상
2013110600100247,2013년 11월 6일 13시,수요일,경상남도 통영시 광도면,중상사고,0,1,3,0,차량단독 - 공작물충돌,안전운전불이행,습기,비,교차로 - 교차로부근,화물,남,49세,경상,,,,
2013110600100248,2013년 11월 6일 13시,수요일,경상남도 양산시 덕계동,중상사고,0,1,0,0,차대사람 - 기타,안전운전불이행,건조,맑음,단일로 - 기타,이륜,남,50세,상해없음,보행자,남,2세,중상
2013110600100280,2013년 11월 6일 14시,수요일,경상남도 양산시 동면,경상사고,0,0,1,0,차대차 - 기타,중앙선침범,건조,맑음,단일로 - 기타,특수,남,58세,상해없음,승용,남,31세,상해없음
2013110600100307,2013년 11월 6일 15시,수요일,경상남도 거창군 거창읍,경상사고,0,0,2,0,차대차 - 측면직각충돌,신호위반,건조,맑음,교차로 - 교차로안,승합,남,57세,상해없음,화물,남,59세,경상
2013110600100308,2013년 11월 6일 15시,수요일,경상남도 김해시 진영읍,경상사고,0,0,1,0,차대차 - 정면충돌,안전운전불이행,건조,맑음,교차로 - 교차로안,자전거,남,9세,경상,승용,여,42세,상해없음
2013110600100346,2013년 11월 6일 16시,수요일,경상남도 양산시 물금읍,경상사고,0,0,1,0,차대차 - 기타,교차로운행방법위반,건조,맑음,교차로 - 교차로안,승용,남,38세,기타불명,승용,여,47세,경상
2013110600100388,2013년 11월 6일 17시,수요일,경상남도 진주시 하대동,중상사고,0,1,0,0,차대차 - 기타,안전운전불이행,건조,맑음,교차로 - 교차로안,승용,남,19세,상해없음,자전거,여,52세,중상
2013110600100389,2013년 11월 6일 17시,수요일,경상남도 진주시 문산읍,중상사고,0,1,0,0,차대차 - 기타,안전운전불이행,건조,맑음,단일로 - 터널,승용,여,31세,상해없음,승용,여,39세,중상
2013110600100454,2013년 11월 6일 18시,수요일,경상남도 밀양시 초동면,중상사고,0,2,0,0,차대차 - 기타,안전운전불이행,건조,맑음,교차로 - 교차로안,승용,여,54세,상해없음,이륜,남,59세,중상
2013110600100455,2013년 11월 6일 18시,수요일,경상남도 김해시 삼정동,경상사고,0,0,4,0,차대차 - 추돌 - 진행중,안전거리미확보,건조,맑음,단일로 - 기타,승용,남,57세,상해없음,승용,남,32세,경상
2013110600100456,2013년 11월 6일 18시,수요일,경상남도 고성군 회화면,중상사고,0,1,0,0,차대차 - 측면직각충돌,안전운전불이행,건조,맑음,교차로 - 교차로안,승용,남,55세,상해없음,승용,남,28세,중상
2013110600100457,2013년 11월 6일 18시,수요일,경상남도 거제시 수월동,중상사고,0,1,0,0,차대사람 - 기타,보행자보호의무위반,건조,맑음,단일로 - 횡단보도상,승용,여,50세,상해없음,보행자,여,40세,중상
2013110600100458,2013년 11월 6일 18시,수요일,경상남도 거제시 사등면,경상사고,0,0,1,0,차대차 - 추돌 - 주정차중,안전운전불이행,건조,흐림,단일로 - 기타,화물,남,49세,상해없음,승용,남,37세,기타불명
2013110600100459,2013년 11월 6일 18시,수요일,경상남도 함안군 칠원면,경상사고,0,0,1,0,차대차 - 추돌 - 주정차중,안전운전불이행,건조,맑음,교차로 - 교차로부근,승용,남,44세,상해없음,승용,여,49세,경상
2013110600100460,2013년 11월 6일 18시,수요일,경상남도 김해시 장유면,중상사고,0,1,0,0,차대사람 - 기타,안전운전불이행,건조,흐림,교차로 - 교차로안,승용,여,36세,상해없음,보행자,여,46세,중상
2013110600100511,2013년 11월 6일 19시,수요일,경상남도 하동군 화개면,경상사고,0,0,1,0,차대차 - 기타,안전운전불이행,습기,비,교차로 - 교차로부근,승용,남,64세,상해없음,화물,남,45세,경상
2013110600100512,2013년 11월 6일 19시,수요일,경상남도 산청군 단성면,중상사고,0,3,3,0,차대차 - 측면직각충돌,교차로운행방법위반,건조,맑음,교차로 - 교차로안,승용,남,50세,경상,화물,남,36세,경상
2013110600100513,2013년 11월 6일 19시,수요일,경상남도 창원시 의창구 도계동,중상사고,0,1,0,0,차대사람 - 횡단중,보행자보호의무위반,습기,비,교차로 - 교차로안,승용,남,27세,상해없음,보행자,여,25세,중상
2013110600100551,2013년 11월 6일 20시,수요일,경상남도 밀양시 내이동,경상사고,0,0,1,0,차대사람 - 기타,안전운전불이행,습기,비,단일로 - 기타,화물,남,69세,상해없음,보행자,남,59세,경상
2013110600100552,2013년 11월 6일 20시,수요일,경상남도 밀양시 상남면,경상사고,0,0,1,0,차대차 - 측면직각충돌,교차로운행방법위반,습기,비,교차로 - 교차로안,승용,남,46세,상해없음,화물,남,72세,경상
2013110600100589,2013년 11월 6일 21시,수요일,경상남도 진주시 신안동,중상사고,0,1,0,0,차대사람 - 횡단중,신호위반,습기,흐림,교차로 - 교차로안,승용,남,39세,상해없음,보행자,여,74세,중상
2013110600100590,2013년 11월 6일 21시,수요일,경상남도 김해시 진영읍,경상사고,0,0,1,0,차대차 - 기타,중앙선침범,습기,흐림,단일로 - 기타,승용,남,42세,상해없음,원동기,남,32세,경상