사고번호,사고일시,요일,시군구,사고내용,사망자수,중상자수,경상자수,부상신고자수,사고유형,법규위반,노면상태,기상상태,도로형태,가해운전자 차종,가해운전자 성별,가해운전자 연령,가해운전자 상해정도,피해운전자 차종,피해운전자 성별,피해운전자 연령,피해운전자 상해정도
2013110600100591,2013년 11월 6일 21시,수요일,경상남도 함안군 가야읍,경상사고,0,0,2,0,차대차 - 추돌 - 진행중,안전운전불이행,습기,흐림,교차로 - 교차로부근,승용,남,32세,상해없음,승용,남,54세,경상
2013110600100608,2013년 11월 6일 22시,수요일,경상남도 통영시 욕지면,경상사고,0,0,1,0,차대사람 - 길가장자리구역통행중,중앙선침범,건조,맑음,단일로 - 기타,화물,남,36세,상해없음,보행자,남,33세,경상
2013110600100609,2013년 11월 6일 22시,수요일,경상남도 창원시 성산구 성주동,중상사고,0,2,0,0,차대차 - 측면직각충돌,안전운전불이행,건조,맑음,단일로 - 기타,승용,남,66세,상해없음,승용,남,51세,중상
2013110600100644,2013년 11월 6일 23시,수요일,경상남도 거창군 거창읍,경상사고,0,0,1,0,차대차 - 측면직각충돌,교차로운행방법위반,건조,맑음,교차로 - 교차로안,승용,남,42세,상해없음,승용,남,61세,경상
2013110700100074,2013년 11월 7일 05시,목요일,경상남도 김해시 화목동,중상사고,0,1,0,0,차대차 - 추돌 - 주정차중,안전운전불이행,습기,흐림,단일로 - 기타,승용,남,41세,중상,건설기계,남,58세,기타불명
2013110700100089,2013년 11월 7일 06시,목요일,경상남도 진주시 문산읍,중상사고,0,2,0,0,차대차 - 추돌 - 주정차중,안전운전불이행,습기,안개,교차로 - 교차로부근,승용,여,43세,중상,승용,여,53세,중상
2013110700100090,2013년 11월 7일 06시,목요일,경상남도 창원시 의창구 동읍,경상사고,0,0,12,0,차대차 - 추돌 - 진행중,안전운전불이행,습기,안개,단일로 - 기타,승합,남,35세,경상,화물,남,62세,상해없음
2013110700100117,2013년 11월 7일 07시,목요일,경상남도 진주시 신안동,중상사고,0,1,0,0,차량단독 - 기타,기타,건조,맑음,단일로 - 기타,승용,남,41세,상해없음,,,,
2013110700100118,2013년 11월 7일 07시,목요일,경상남도 양산시 어곡동,경상사고,0,0,1,0,차대차 - 기타,직진우회전진행방해,건조,맑음,교차로 - 교차로안,승용,여,39세,상해없음,승용,남,47세,경상
2013110700100153,2013년 11월 7일 08시,목요일,경상남도 창원시 마산합포구 진전면,경상사고,0,0,1,0,차대차 - 측면직각충돌,안전운전불이행,건조,맑음,단일로 - 기타,승용,남,52세,상해없음,자전거,남,72세,경상
2013110700100154,2013년 11월 7일 08시,목요일,경상남도 통영시 북신동,경상사고,0,0,1,0,차대사람 - 횡단중,안전운전불이행,건조,맑음,단일로 - 횡단보도상,기타불명,기타불명,기타불명,기타불명,보행자,여,12세,경상
2013110700100187,2013년 11월 7일 09시,목요일,경상남도 창원시 마산합포구 월남동2가,중상사고,0,3,1,0,차대차 - 추돌 - 진행중,안전운전불이행,건조,맑음,교차로 - 교차로부근,승합,남,45세,상해없음,화물,남,44세,중상
2013110700100188,2013년 11월 7일 09시,목요일,경상남도 양산시 소주동,중상사고,0,1,0,0,차대사람 - 기타,안전운전불이행,건조,맑음,단일로 - 기타,승용,남,29세,상해없음,보행자,여,56세,중상
2013110700100189,2013년 11월 7일 09시,목요일,경상남도 의령군 대의면,중상사고,0,1,0,0,차대차 - 정면충돌,중앙선침범,건조,맑음,단일로 - 기타,승용,남,71세,상해없음,승용,남,35세,중상
2013110700100238,2013년 11월 7일 11시,목요일,경상남도 창원시 진해구 청안동,경상사고,0,0,3,0,차대차 - 추돌 - 주정차중,안전운전불이행,건조,맑음,단일로 - 기타,화물,남,52세,상해없음,승용,남,37세,경상
2013110700100239,2013년 11월 7일 11시,목요일,경상남도 창원시 진해구 풍호동,중상사고,0,1,0,0,차대차 - 측면직각충돌,신호위반,건조,맑음,교차로 - 교차로안,승용,남,64세,상해없음,자전거,여,59세,중상
2013110700100240,2013년 11월 7일 11시,목요일,경상남도 사천시 정동면,중상사고,0,1,0,0,차대차 - 정면충돌,안전운전불이행,건조,맑음,단일로 - 기타,화물,남,63세,상해없음,원동기,남,63세,중상
2013110700100241,2013년 11월 7일 11시,목요일,경상남도 남해군 남해읍,경상사고,0,0,1,0,차대사람 - 기타,안전운전불이행,건조,맑음,교차로 - 교차로부근,승용,남,47세,상해없음,보행자,남,21세,경상
2013110700100292,2013년 11월 7일 13시,목요일,경상남도 창녕군 영산면,중상사고,0,1,1,0,차대차 - 측면직각충돌,안전운전불이행,건조,맑음,단일로 - 기타,기타불명,기타불명,기타불명,기타불명,원동기,남,63세,경상
2013110700100321,2013년 11월 7일 14시,목요일,경상남도 진주시 하대동,경상사고,0,0,1,0,차대사람 - 보도통행중,보행자보호의무위반,건조,맑음,단일로 - 횡단보도상,화물,남,42세,상해없음,보행자,여,10세,경상
2013110700100322,2013년 11월 7일 14시,목요일,경상남도 진주시 망경동,중상사고,0,1,0,0,차대사람 - 횡단중,안전운전불이행,건조,맑음,단일로 - 기타,승용,남,49세,상해없음,보행자,남,73세,중상
2013110700100323,2013년 11월 7일 14시,목요일,경상남도 통영시 서호동,중상사고,0,1,0,0,차대차 - 측면직각충돌,안전운전불이행,건조,맑음,교차로 - 교차로안,승용,여,54세,상해없음,자전거,여,63세,중상
2013110700100324,2013년 11월 7일 14시,목요일,경상남도 하동군 금성면,중상사고,0,1,0,0,차대사람 - 길가장자리구역통행중,안전운전불이행,건조,맑음,단일로 - 기타,승용,여,48세,상해없음,보행자,남,56세,중상
2013110700100365,2013년 11월 7일 15시,목요일,경상남도 사천시 늑도동,중상사고,0,1,0,0,차대차 - 측면직각충돌,교차로운행방법위반,건조,맑음,교차로 - 교차로안,승용,남,47세,상해없음,승용,남,41세,중상
2013110700100366,2013년 11월 7일 15시,목요일,경상남도 의령군 정곡면,사망사고,1,0,0,0,차량단독 - 기타,안전운전불이행,건조,맑음,단일로 - 기타,화물,남,34세,상해없음,,,,
2013110700100401,2013년 11월 7일 16시,목요일,경상남도 통영시 광도면,경상사고,0,0,1,0,차대사람 - 횡단중,안전운전불이행,건조,맑음,단일로 - 기타,승용,여,38세,상해없음,보행자,여,5세,경상
2013110700100402,2013년 11월 7일 16시,목요일,경상남도 통영시 북신동,경상사고,0,0,1,0,차대차 - 추돌 - 주정차중,안전운전불이행,건조,맑음,교차로 - 교차로부근,화물,남,66세,상해없음,승용,남,27세,경상
2013110700100403,2013년 11월 7일 16시,목요일,경상남도 창원시 마산회원구 양덕동,경상사고,0,0,3,0,차대차 - 추돌 - 주정차중,안전운전불이행,건조,맑음,단일로 - 기타,화물,남,44세,상해없음,원동기,남,27세,경상
2013110700100404,2013년 11월 7일 16시,목요일,경상남도 창원시 의창구 동읍,경상사고,0,0,1,0,차대차 - 측면직각충돌,안전운전불이행,건조,맑음,교차로 - 교차로안,승용,여,50세,상해없음,승용,남,27세,경상
2013110700100436,2013년 11월 7일 17시,목요일,경상남도 김해시 내동,중상사고,0,1,0,0,차대사람 - 횡단중,안전운전불이행,건조,맑음,교차로 - 교차로안,승용,여,42세,상해없음,보행자,여,55세,중상
2013110700100437,2013년 11월 7일 17시,목요일,경상남도 고성군 동해면,중상사고,0,1,0,0,차대차 - 측면직각충돌,안전운전불이행,건조,맑음,단일로 - 기타,승용,남,67세,상해없음,승용,남,54세,상해없음
2013110700100438,2013년 11월 7일 17시,목요일,경상남도 하동군 고전면,경상사고,0,0,2,0,차대차 - 추돌 - 주정차중,안전운전불이행,건조,맑음,단일로 - 기타,승용,남,53세,상해없음,승용,여,48세,경상
2013110700100439,2013년 11월 7일 17시,목요일,경상남도 창원시 의창구 북면,중상사고,0,1,6,0,차대차 - 추돌 - 주정차중,안전운전불이행,건조,맑음,단일로 - 터널,화물,남,26세,상해없음,화물,남,58세,중상
2013110700100479,2013년 11월 7일 18시,목요일,경상남도 창원시 마산합포구 해운동,중상사고,0,1,0,0,차대사람 - 기타,기타,건조,맑음,단일로 - 기타,승합,남,54세,상해없음,보행자,여,59세,중상
2013110700100480,2013년 11월 7일 18시,목요일,경상남도 양산시 덕계동,경상사고,0,0,1,0,차대차 - 기타,교차로운행방법위반,건조,맑음,교차로 - 교차로부근,기타불명,기타불명,기타불명,기타불명,승용,남,39세,경상
2013110700100481,2013년 11월 7일 18시,목요일,경상남도 거제시 고현동,중상사고,0,1,0,0,차대사람 - 기타,안전운전불이행,건조,맑음,교차로 - 교차로안,승용,여,29세,상해없음,보행자,남,56세,중상
2013110700100482,2013년 11월 7일 18시,목요일,경상남도 함안군 군북면,경상사고,0,0,1,0,차대차 - 측면직각충돌,안전운전불이행,건조,맑음,교차로 - 교차로안,화물,남,51세,상해없음,화물,남,52세,경상
2013110700100483,2013년 11월 7일 18시,목요일,경상남도 의령군 의령읍,경상사고,0,0,3,0,차대차 - 측면직각충돌,교차로운행방법위반,건조,맑음,교차로 - 교차로안,승용,여,51세,경상,승용,남,65세,상해없음
2013110700100484,2013년 11월 7일 18시,목요일,경상남도 창원시 마산회원구 내서읍,경상사고,0,0,1,0,차대차 - 측면직각충돌,안전운전불이행,건조,맑음,단일로 - 기타,승용,남,56세,상해없음,승용,남,47세,경상
2013110700100515,2013년 11월 7일 19시,목요일,경상남도 창원시 진해구 이동,경상사고,0,0,1,0,차대차 - 측면직각충돌,교차로운행방법위반,건조,맑음,교차로 - 교차로안,승용,남,40세,상해없음,원동기,남,42세,경상
2013110700100516,2013년 11월 7일 19시,목요일,경상남도 통영시 무전동,경상사고,0,0,1,0,차대차 - 측면직각충돌,안전운전불이행,건조,맑음,교차로 - 교차로부근,승용,남,34세,상해없음,화물,남,26세,경상
2013110700100517,2013년 11월 7일 19시,목요일,경상남도 김해시 외동,중상사고,0,1,0,0,차대차 - 측면직각충돌,안전운전불이행,건조,맑음,교차로 - 교차로안,승용,여,46세,상해없음,이륜,남,44세,중상
2013110700100518,2013년 11월 7일 19시,목요일,경상남도 김해시 장유면,중상사고,0,5,1,0,차대차 - 측면직각충돌,교차로운행방법위반,건조,맑음,교차로 - 교차로안,승용,남,51세,상해없음,승용,여,51세,중상
2013110700100550,2013년 11월 7일 20시,목요일,경상남도 함안군 가야읍,중상사고,0,1,0,0,차대차 - 정면충돌,중앙선침범,건조,맑음,단일로 - 기타,이륜,남,54세,중상,승용,남,31세,상해없음
2013110700100579,2013년 11월 7일 21시,목요일,경상남도 창원시 성산구 대방동,사망사고,1,0,1,0,차대차 - 측면직각충돌,안전운전불이행,건조,맑음,단일로 - 기타,자전거,남,29세,사망,승용,남,32세,경상
2013110700100596,2013년 11월 7일 22시,목요일,경상남도 거제시 옥포동,경상사고,0,0,1,0,차대사람 - 기타,신호위반,건조,맑음,교차로 - 교차로안,승용,여,46세,상해없음,보행자,남,42세,경상
2013110700100627,2013년 11월 7일 23시,목요일,경상남도 창원시 진해구 이동,경상사고,0,0,2,0,차대차 - 측면직각충돌,안전운전불이행,건조,기타,교차로 - 교차로안,승용,여,23세,경상,승용,남,58세,상해없음
2013110800100034,2013년 11월 8일 02시,금요일,경상남도 창원시 마산합포구 해운동,중상사고,0,1,0,0,차대차 - 측면직각충돌,안전운전불이행,건조,맑음,교차로 - 교차로안,승용,여,48세,상해없음,승용,남,66세,상해없음
2013110800100050,2013년 11월 8일 04시,금요일,경상남도 창원시 의창구 명서동,경상사고,0,0,1,0,차대차 - 측면직각충돌,직진우회전진행방해,건조,맑음,교차로 - 교차로안,승용,여,45세,상해없음,승용,남,53세,경상
2013110800100102,2013년 11월 8일 07시,금요일,경상남도 창녕군 창녕읍,사망사고,1,0,0,0,차량단독 - 공작물충돌,안전운전불이행,건조,맑음,교차로 - 교차로안,승용,여,29세,사망,,,,
2013110800100103,2013년 11월 8일 07시,금요일,경상남도 창원시 의창구 대원동,경상사고,0,0,2,0,차대차 - 측면직각충돌,안전운전불이행,건조,맑음,단일로 - 기타,건설기계,남,52세,상해없음,승용,남,53세,경상
2013110800100135,2013년 11월 8일 08시,금요일,경상남도 김해시 내동,경상사고,0,0,2,0,차대차 - 기타,직진우회전진행방해,건조,맑음,교차로 - 교차로안,승용,여,43세,경상,승용,남,38세,경상
2013110800100136,2013년 11월 8일 08시,금요일,경상남도 함양군 휴천면,경상사고,0,0,1,0,차대차 - 측면직각충돌,기타,건조,맑음,교차로 - 교차로안,승용,남,27세,상해없음,농기계,남,64세,경상
2013110800100137,2013년 11월 8일 08시,금요일,경상남도 창원시 의창구 대원동,중상사고,0,1,0,0,차대차 - 측면직각충돌,신호위반,건조,맑음,교차로 - 교차로안,승용,여,62세,상해없음,자전거,남,47세,중상
2013110800100169,2013년 11월 8일 09시,금요일,경상남도 창원시 진해구 용원동,경상사고,0,0,1,0,차대사람 - 기타,안전운전불이행,건조,맑음,단일로 - 기타,승용,남,75세,상해없음,보행자,남,54세,경상
2013110800100170,2013년 11월 8일 09시,금요일,경상남도 김해시 외동,경상사고,0,0,1,0,차대차 - 기타,안전운전불이행,건조,맑음,단일로 - 기타,승용,여,35세,상해없음,승용,남,35세,경상
2013110800100171,2013년 11월 8일 09시,금요일,경상남도 창녕군 창녕읍,중상사고,0,1,1,0,차대차 - 기타,안전운전불이행,건조,맑음,교차로 - 교차로부근,특수,남,52세,경상,원동기,남,68세,중상
2013110800100172,2013년 11월 8일 09시,금요일,경상남도 거제시 고현동,경상사고,0,0,1,0,차대차 - 측면직각충돌,신호위반,건조,맑음,교차로 - 교차로안,승용,남,48세,상해없음,승용,여,57세,경상
2013110800100173,2013년 11월 8일 09시,금요일,경상남도 남해군 미조면,경상사고,0,0,2,0,차대차 - 기타,중앙선침범,건조,맑음,기타 - 기타,승용,여,32세,상해없음,화물,여,33세,상해없음
2013110800100200,2013년 11월 8일 10시,금요일,경상남도 사천시 송포동,경상사고,0,0,1,0,차대차 - 측면직각충돌,교차로운행방법위반,건조,맑음,교차로 - 교차로안,승용,여,61세,상해없음,승용,남,39세,경상
2013110800100201,2013년 11월 8일 10시,금요일,경상남도 창원시 성산구 중앙동,경상사고,0,0,1,0,차대사람 - 기타,안전운전불이행,건조,맑음,기타 - 기타,승용,남,80세,상해없음,보행자,남,31세,경상
2013110800100202,2013년 11월 8일 10시,금요일,경상남도 창원시 마산회원구 회성동,중상사고,0,1,0,0,차대사람 - 기타,안전운전불이행,건조,맑음,단일로 - 기타,승용,남,46세,상해없음,보행자,남,71세,중상
2013110800100227,2013년 11월 8일 11시,금요일,경상남도 창원시 마산합포구 상남동,중상사고,0,1,0,0,차대차 - 측면직각충돌,안전운전불이행,건조,맑음,교차로 - 교차로부근,승용,여,64세,상해없음,자전거,남,74세,중상
2013110800100228,2013년 11월 8일 11시,금요일,경상남도 창원시 마산합포구 상남동,경상사고,0,0,2,0,차대차 - 추돌 - 진행중,안전거리미확보,건조,맑음,교차로 - 교차로부근,승용,남,56세,상해없음,승용,남,41세,경상
2013110800100229,2013년 11월 8일 11시,금요일,경상남도 진주시 평거동,중상사고,0,1,0,0,차대사람 - 차도통행중,안전운전불이행,건조,맑음,교차로 - 교차로부근,승합,남,45세,상해없음,보행자,남,32세,중상
2013110800100230,2013년 11월 8일 11시,금요일,경상남도 거제시 장목면,중상사고,0,3,5,0,차대차 - 추돌 - 진행중,안전거리미확보,건조,맑음,단일로 - 기타,승합,남,26세,경상,승용,여,55세,경상
2013110800100264,2013년 11월 8일 12시,금요일,경상남도 사천시 벌리동,중상사고,0,1,0,0,차대사람 - 차도통행중,안전운전불이행,건조,맑음,단일로 - 기타,화물,남,52세,상해없음,보행자,여,9세,중상
2013110800100297,2013년 11월 8일 13시,금요일,경상남도 진주시 장대동,중상사고,0,1,0,0,차대사람 - 차도통행중,안전운전불이행,건조,맑음,단일로 - 기타,화물,남,65세,상해없음,보행자,여,57세,중상
2013110800100298,2013년 11월 8일 13시,금요일,경상남도 고성군 거류면,중상사고,0,1,0,0,차대차 - 정면충돌,안전운전불이행,건조,맑음,교차로 - 교차로부근,건설기계,남,36세,상해없음,농기계,여,61세,중상
2013110800100320,2013년 11월 8일 14시,금요일,경상남도 창원시 마산합포구 진동면,경상사고,0,0,3,0,차대차 - 측면직각충돌,신호위반,건조,맑음,교차로 - 교차로안,승용,남,69세,경상,화물,남,59세,경상
2013110800100321,2013년 11월 8일 14시,금요일,경상남도 사천시 곤명면,경상사고,0,0,1,0,차대차 - 정면충돌,중앙선침범,건조,맑음,단일로 - 기타,승용,여,49세,기타불명,승용,남,66세,경상
2013110800100368,2013년 11월 8일 15시,금요일,경상남도 진주시 하대동,사망사고,1,0,0,0,차대사람 - 횡단중,안전운전불이행,건조,맑음,교차로 - 교차로부근,승용,남,51세,상해없음,보행자,여,67세,사망
2013110800100369,2013년 11월 8일 15시,금요일,경상남도 창원시 진해구 석동,중상사고,0,1,1,0,차대차 - 추돌 - 주정차중,안전거리미확보,건조,맑음,교차로 - 교차로부근,건설기계,남,49세,상해없음,승용,남,52세,경상
2013110800100370,2013년 11월 8일 15시,금요일,경상남도 김해시 서상동,중상사고,0,1,0,0,차대차 - 추돌 - 진행중,안전거리미확보,건조,맑음,단일로 - 기타,이륜,여,64세,중상,승용,여,48세,상해없음
2013110800100371,2013년 11월 8일 15시,금요일,경상남도 창원시 의창구 팔용동,경상사고,0,0,1,0,차대차 - 기타,안전운전불이행,건조,맑음,단일로 - 기타,화물,남,54세,상해없음,승용,여,47세,경상
2013110800100404,2013년 11월 8일 16시,금요일,경상남도 진주시 문산읍,경상사고,0,0,3,0,차대차 - 기타,안전운전불이행,건조,맑음,단일로 - 기타,승용,남,50세,상해없음,승용,여,53세,경상
2013110800100405,2013년 11월 8일 16시,금요일,경상남도 거제시 연초면,경상사고,0,0,1,0,차대차 - 추돌 - 진행중,안전거리미확보,건조,맑음,단일로 - 기타,화물,남,44세,상해없음,승용,여,33세,경상
2013110800100406,2013년 11월 8일 16시,금요일,경상남도 창원시 마산회원구 합성동,중상사고,0,1,0,0,차대차 - 기타,안전운전불이행,건조,맑음,단일로 - 기타,승용,남,50세,상해없음,자전거,남,9세,중상
2013110800100407,2013년 11월 8일 16시,금요일,경상남도 김해시 장유면,경상사고,0,0,4,0,차대차 - 추돌 - 주정차중,안전운전불이행,건조,맑음,교차로 - 교차로부근,승용,여,48세,상해없음,승용,여,40세,경상
2013110800100447,2013년 11월 8일 17시,금요일,경상남도 창원시 진해구 이동,경상사고,0,0,1,0,차대차 - 측면직각충돌,기타,건조,맑음,교차로 - 교차로안,원동기,남,73세,경상,화물,여,46세,상해없음
2013110800100448,2013년 11월 8일 17시,금요일,경상남도 함양군 휴천면,사망사고,1,0,0,0,차대사람 - 길가장자리구역통행중,안전운전불이행,건조,맑음,단일로 - 기타,화물,남,61세,상해없음,보행자,여,95세,사망
2013110800100449,2013년 11월 8일 17시,금요일,경상남도 함양군 서하면,중상사고,0,3,1,0,차대차 - 정면충돌,중앙선침범,건조,맑음,단일로 - 기타,화물,남,47세,상해없음,화물,남,45세,중상
2013110800100507,2013년 11월 8일 18시,금요일,경상남도 창원시 의창구 팔용동,경상사고,0,0,1,1,차대차 - 기타,안전거리미확보,건조,맑음,단일로 - 기타,승용,남,52세,상해없음,승용,남,31세,부상신고
2013110800100508,2013년 11월 8일 18시,금요일,경상남도 김해시 진영읍,경상사고,0,0,2,0,차대차 - 추돌 - 주정차중,안전운전불이행,건조,맑음,단일로 - 교량,승용,남,54세,상해없음,승용,남,62세,경상
2013110800100559,2013년 11월 8일 19시,금요일,경상남도 김해시 장유면,중상사고,0,1,0,0,차대차 - 측면직각충돌,직진우회전진행방해,건조,맑음,교차로 - 교차로안,승용,남,78세,상해없음,이륜,남,20세,중상
2013110800100593,2013년 11월 8일 20시,금요일,경상남도 거창군 거창읍,부상신고사고,0,0,0,1,차량단독 - 전도전복,안전운전불이행,건조,맑음,단일로 - 기타,원동기,여,17세,부상신고,,,,
2013110800100594,2013년 11월 8일 20시,금요일,경상남도 양산시 신기동,경상사고,0,0,1,0,차대차 - 측면직각충돌,교차로운행방법위반,건조,맑음,교차로 - 교차로안,승용,남,29세,상해없음,승용,남,22세,경상
2013110800100628,2013년 11월 8일 21시,금요일,경상남도 창원시 마산합포구 부림동,경상사고,0,0,1,0,차대차 - 측면직각충돌,안전운전불이행,건조,맑음,교차로 - 교차로부근,승용,남,61세,상해없음,승용,남,36세,경상
2013110800100629,2013년 11월 8일 21시,금요일,경상남도 김해시 삼계동,경상사고,0,0,1,0,차대사람 - 횡단중,중앙선침범,건조,맑음,단일로 - 횡단보도부근,승용,남,57세,상해없음,보행자,남,54세,경상
2013110800100630,2013년 11월 8일 21시,금요일,경상남도 창원시 의창구 동읍,경상사고,0,0,1,0,차대차 - 기타,신호위반,건조,맑음,교차로 - 교차로안,화물,남,68세,상해없음,승용,여,51세,경상
2013110800100631,2013년 11월 8일 21시,금요일,경상남도 김해시 장유면,경상사고,0,0,3,0,차대차 - 추돌 - 진행중,안전거리미확보,건조,맑음,단일로 - 기타,승용,남,72세,상해없음,승용,남,38세,경상
2013110800100632,2013년 11월 8일 21시,금요일,경상남도 김해시 장유면,경상사고,0,0,3,0,차대차 - 추돌 - 진행중,안전거리미확보,건조,맑음,단일로 - 기타,승용,여,49세,상해없음,승용,여,54세,경상
2013110800100661,2013년 11월 8일 22시,금요일,경상남도 거창군 거창읍,중상사고,0,2,0,0,차대차 - 추돌 - 진행중,안전운전불이행,건조,맑음,단일로 - 기타,승용,남,26세,상해없음,승용,여,47세,중상
2013110800100662,2013년 11월 8일 22시,금요일,경상남도 창녕군 부곡면,중상사고,0,1,0,0,차대사람 - 횡단중,안전운전불이행,건조,맑음,교차로 - 교차로안,승용,남,54세,상해없음,보행자,여,64세,중상
2013110800100694,2013년 11월 8일 23시,금요일,경상남도 김해시 진례면,사망사고,1,1,0,0,차량단독 - 도로외이탈 - 기타,안전운전불이행,건조,맑음,교차로 - 교차로안,승용,남,20세,사망,,,,
2013110900100022,2013년 11월 9일 00시,토요일,경상남도 창원시 마산합포구 오동동,경상사고,0,0,1,0,차대사람 - 길가장자리구역통행중,안전운전불이행,건조,맑음,단일로 - 기타,화물,남,32세,상해없음,보행자,남,50세,경상
2013110900100023,2013년 11월 9일 00시,토요일,경상남도 창원시 마산회원구 양덕동,중상사고,0,1,0,0,차대사람 - 횡단중,안전운전불이행,건조,맑음,교차로 - 교차로부근,승용,남,33세,상해없음,보행자,남,30세,중상
2013110900100060,2013년 11월 9일 02시,토요일,경상남도 창원시 마산회원구 석전동,중상사고,0,1,2,0,차대차 - 측면직각충돌,신호위반,건조,맑음,교차로 - 교차로안,승용,남,44세,상해없음,승용,남,57세,중상
2013110900100078,2013년 11월 9일 03시,토요일,경상남도 김해시 장유면,중상사고,0,1,0,0,차대사람 - 차도통행중,안전운전불이행,건조,맑음,단일로 - 기타,기타불명,기타불명,기타불명,기타불명,보행자,남,53세,중상
2013110900100085,2013년 11월 9일 04시,토요일,경상남도 밀양시 상남면,중상사고,0,2,0,0,차량단독 - 공작물충돌,안전운전불이행,건조,맑음,단일로 - 기타,승용,남,42세,중상,,,,
2013110900100091,2013년 11월 9일 04시,토요일,경상남도 김해시 어방동,중상사고,0,2,1,0,차대차 - 측면직각충돌,신호위반,건조,맑음,교차로 - 교차로안,승용,남,26세,상해없음,승용,남,68세,중상
2013110900100092,2013년 11월 9일 04시,토요일,경상남도 양산시 동면,중상사고,0,1,0,0,차대차 - 측면직각충돌,안전운전불이행,건조,맑음,교차로 - 교차로안,이륜,남,38세,중상,승용,남,38세,상해없음
2013110900100145,2013년 11월 9일 07시,토요일,경상남도 진주시 중안동,중상사고,0,1,0,0,차대차 - 측면직각충돌,직진우회전진행방해,건조,맑음,교차로 - 교차로안,승용,남,59세,상해없음,자전거,여,70세,중상
2013110900100146,2013년 11월 9일 07시,토요일,경상남도 진주시 상대동,중상사고,0,1,1,0,차대차 - 기타,신호위반,건조,맑음,교차로 - 교차로안,승용,남,24세,상해없음,승용,남,59세,중상
2013110900100147,2013년 11월 9일 07시,토요일,경상남도 통영시 정량동,중상사고,0,1,0,0,차대차 - 기타,안전운전불이행,건조,맑음,교차로 - 교차로부근,승용,남,59세,상해없음,자전거,남,73세,중상
2013110900100148,2013년 11월 9일 07시,토요일,경상남도 창원시 의창구 용호동,중상사고,0,1,0,0,차대차 - 측면직각충돌,중앙선침범,건조,맑음,교차로 - 교차로부근,승용,여,20세,상해없음,승합,남,23세,중상
2013110900100219,2013년 11월 9일 10시,토요일,경상남도 사천시 벌리동,경상사고,0,0,3,0,차대차 - 측면직각충돌,교차로운행방법위반,건조,맑음,교차로 - 교차로안,승용,남,42세,상해없음,승용,여,40세,경상
2013110900100220,2013년 11월 9일 10시,토요일,경상남도 창원시 의창구 대산면,중상사고,0,1,0,0,차대차 - 기타,안전운전불이행,건조,흐림,교차로 - 교차로안,화물,남,60세,상해없음,이륜,남,61세,중상
2013110900100258,2013년 11월 9일 12시,토요일,경상남도 양산시 신기동,부상신고사고,0,0,0,2,차대차 - 기타,안전운전불이행,건조,맑음,단일로 - 기타,기타불명,기타불명,기타불명,기타불명,승용,남,58세,부상신고
2013110900100295,2013년 11월 9일 13시,토요일,경상남도 합천군 가야면,경상사고,0,0,1,0,차대사람 - 기타,안전운전불이행,건조,흐림,단일로 - 기타,승용,남,44세,상해없음,보행자,여,49세,경상
2013110900100296,2013년 11월 9일 13시,토요일,경상남도 함양군 마천면,경상사고,0,0,1,0,차대차 - 측면직각충돌,안전운전불이행,습기,흐림,단일로 - 기타,화물,남,71세,상해없음,승합,남,31세,경상
2013110900100297,2013년 11월 9일 13시,토요일,경상남도 하동군 악양면,중상사고,0,1,0,0,차량단독 - 전도전복,안전운전불이행,건조,맑음,단일로 - 기타,승용,여,47세,상해없음,,,,
2013110900100333,2013년 11월 9일 14시,토요일,경상남도 진주시 인사동,중상사고,0,1,0,0,차대사람 - 횡단중,안전운전불이행,습기,비,교차로 - 교차로안,승용,남,69세,상해없음,보행자,남,40세,중상
2013110900100334,2013년 11월 9일 14시,토요일,경상남도 김해시 진영읍,경상사고,0,0,1,0,차대차 - 측면직각충돌,안전거리미확보,습기,비,단일로 - 기타,승용,남,55세,상해없음,화물,남,55세,경상
2013110900100369,2013년 11월 9일 15시,토요일,경상남도 진주시 상대동,중상사고,0,1,1,0,차대차 - 측면직각충돌,신호위반,건조,맑음,교차로 - 교차로안,승용,남,43세,상해없음,화물,남,31세,중상
2013110900100370,2013년 11월 9일 15시,토요일,경상남도 김해시 안동,중상사고,0,1,0,0,차대차 - 기타,안전거리미확보,습기,비,교차로 - 교차로부근,승용,남,40세,상해없음,원동기,남,22세,중상
2013110900100371,2013년 11월 9일 15시,토요일,경상남도 양산시 원동면,경상사고,0,0,5,0,차대차 - 측면직각충돌,중앙선침범,건조,맑음,단일로 - 기타,승용,남,61세,상해없음,승용,여,44세,경상
2013110900100372,2013년 11월 9일 15시,토요일,경상남도 창원시 의창구 팔용동,경상사고,0,0,1,0,차대차 - 측면직각충돌,안전운전불이행,습기,비,교차로 - 교차로부근,승용,남,53세,상해없음,승용,남,61세,경상
2013110900100423,2013년 11월 9일 16시,토요일,경상남도 창원시 진해구 자은동,중상사고,0,1,0,0,차대차 - 추돌 - 진행중,안전거리미확보,습기,비,단일로 - 기타,화물,남,42세,상해없음,승용,남,68세,중상
2013110900100483,2013년 11월 9일 17시,토요일,경상남도 진주시 내동면,중상사고,0,1,0,0,차대사람 - 횡단중,안전운전불이행,습기,흐림,단일로 - 기타,승용,남,48세,상해없음,보행자,여,81세,중상
2013110900100484,2013년 11월 9일 17시,토요일,경상남도 창원시 진해구 대천동,중상사고,0,1,0,0,차대차 - 기타,안전운전불이행,습기,비,단일로 - 기타,승용,여,41세,상해없음,자전거,남,65세,중상