사고번호,사고일시,요일,시군구,사고내용,사망자수,중상자수,경상자수,부상신고자수,사고유형,법규위반,노면상태,기상상태,도로형태,가해운전자 차종,가해운전자 성별,가해운전자 연령,가해운전자 상해정도,피해운전자 차종,피해운전자 성별,피해운전자 연령,피해운전자 상해정도
2013111500100173,2013년 11월 15일 08시,금요일,경상남도 거제시 아주동,경상사고,0,0,2,1,차대차 - 추돌 - 진행중,교차로운행방법위반,건조,맑음,교차로 - 교차로안,승용,남,64세,부상신고,화물,남,52세,경상
2013111500100174,2013년 11월 15일 08시,금요일,경상남도 거제시 사등면,중상사고,0,1,1,0,차대차 - 추돌 - 진행중,안전운전불이행,건조,맑음,단일로 - 기타,화물,남,64세,상해없음,특수,남,50세,상해없음
2013111500100201,2013년 11월 15일 09시,금요일,경상남도 양산시 명동,중상사고,0,1,0,0,차대차 - 기타,안전운전불이행,건조,맑음,기타 - 기타,승용,남,27세,기타불명,화물,남,37세,중상
2013111500100202,2013년 11월 15일 09시,금요일,경상남도 창원시 의창구 도계동,중상사고,0,1,2,0,차대차 - 추돌 - 진행중,안전운전불이행,건조,맑음,교차로 - 교차로부근,승합,남,51세,상해없음,승용,여,42세,경상
2013111500100220,2013년 11월 15일 10시,금요일,경상남도 창원시 마산회원구 내서읍,경상사고,0,0,1,0,차대차 - 측면직각충돌,안전운전불이행,건조,맑음,교차로 - 교차로부근,승용,여,43세,상해없음,자전거,남,78세,경상
2013111500100272,2013년 11월 15일 12시,금요일,경상남도 창원시 마산합포구 자산동,부상신고사고,0,0,0,1,차대사람 - 보도통행중,안전운전불이행,건조,맑음,교차로 - 교차로부근,승용,여,45세,상해없음,보행자,여,58세,부상신고
2013111500100326,2013년 11월 15일 14시,금요일,경상남도 거제시 옥포동,경상사고,0,0,1,0,차대차 - 기타,교차로운행방법위반,건조,맑음,교차로 - 교차로안,승용,남,55세,상해없음,승용,남,33세,경상
2013111500100327,2013년 11월 15일 14시,금요일,경상남도 창원시 마산회원구 봉암동,중상사고,0,1,1,0,차대차 - 측면직각충돌,안전운전불이행,건조,맑음,단일로 - 기타,원동기,남,24세,중상,승용,남,22세,경상
2013111500100360,2013년 11월 15일 15시,금요일,경상남도 통영시 서호동,부상신고사고,0,0,0,1,차대사람 - 기타,안전운전불이행,건조,맑음,단일로 - 기타,자전거,기타불명,기타불명,기타불명,보행자,여,60세,부상신고
2013111500100361,2013년 11월 15일 15시,금요일,경상남도 창녕군 부곡면,중상사고,0,1,0,0,차량단독 - 공작물충돌,안전운전불이행,건조,맑음,교차로 - 교차로안,화물,남,59세,중상,,,,
2013111500100362,2013년 11월 15일 15시,금요일,경상남도 양산시 물금읍,경상사고,0,0,1,0,차대차 - 기타,안전운전불이행,건조,맑음,교차로 - 교차로부근,승용,남,74세,상해없음,화물,남,26세,경상
2013111500100363,2013년 11월 15일 15시,금요일,경상남도 양산시 소주동,사망사고,1,0,0,0,차량단독 - 기타,안전운전불이행,건조,맑음,기타 - 기타,농기계,남,71세,사망,,,,
2013111500100364,2013년 11월 15일 15시,금요일,경상남도 창원시 성산구 신촌동,중상사고,0,1,0,0,차대차 - 측면직각충돌,안전운전불이행,건조,맑음,단일로 - 기타,특수,남,46세,상해없음,승용,남,63세,중상
2013111500100365,2013년 11월 15일 15시,금요일,경상남도 창원시 의창구 대산면,경상사고,0,0,1,0,차대차 - 기타,기타,건조,맑음,교차로 - 교차로안,승용,남,28세,상해없음,승용,여,34세,경상
2013111500100437,2013년 11월 15일 17시,금요일,경상남도 고성군 마암면,중상사고,0,1,0,0,차대차 - 정면충돌,신호위반,건조,맑음,교차로 - 교차로부근,승용,남,66세,상해없음,이륜,남,53세,중상
2013111500100438,2013년 11월 15일 17시,금요일,경상남도 거제시 고현동,중상사고,0,1,0,0,차대차 - 기타,교차로운행방법위반,건조,맑음,교차로 - 교차로안,승용,여,46세,상해없음,이륜,남,59세,중상
2013111500100439,2013년 11월 15일 17시,금요일,경상남도 거제시 연초면,중상사고,0,1,0,0,차대차 - 기타,안전운전불이행,건조,맑음,기타 - 기타,화물,남,49세,상해없음,이륜,남,41세,중상
2013111500100440,2013년 11월 15일 17시,금요일,경상남도 창원시 성산구 불모산동,경상사고,0,0,2,0,차대차 - 추돌 - 주정차중,안전운전불이행,건조,맑음,단일로 - 기타,화물,남,34세,상해없음,승용,여,41세,경상
2013111500100495,2013년 11월 15일 18시,금요일,경상남도 진주시 정촌면,중상사고,0,1,0,0,차대차 - 추돌 - 주정차중,안전거리미확보,건조,맑음,단일로 - 기타,승용,여,22세,상해없음,승용,남,43세,중상
2013111500100496,2013년 11월 15일 18시,금요일,경상남도 밀양시 내이동,경상사고,0,0,1,0,차대차 - 측면직각충돌,교차로운행방법위반,건조,맑음,교차로 - 교차로안,승용,여,40세,상해없음,자전거,여,70세,경상
2013111500100497,2013년 11월 15일 18시,금요일,경상남도 하동군 하동읍,경상사고,0,0,2,0,차대차 - 측면직각충돌,교차로운행방법위반,건조,맑음,교차로 - 교차로부근,승용,여,33세,상해없음,자전거,남,13세,경상
2013111500100498,2013년 11월 15일 18시,금요일,경상남도 거제시 장평동,중상사고,0,1,0,0,차대사람 - 기타,신호위반,건조,맑음,기타 - 기타,이륜,남,32세,상해없음,보행자,여,41세,중상
2013111500100499,2013년 11월 15일 18시,금요일,경상남도 거제시 옥포동,경상사고,0,0,2,0,차대차 - 측면직각충돌,안전운전불이행,건조,맑음,교차로 - 교차로안,승합,남,51세,기타불명,승용,남,29세,경상
2013111500100500,2013년 11월 15일 18시,금요일,경상남도 함안군 가야읍,경상사고,0,0,2,0,차대차 - 추돌 - 진행중,안전운전불이행,건조,맑음,단일로 - 기타,화물,남,74세,상해없음,승용,남,52세,경상
2013111500100501,2013년 11월 15일 18시,금요일,경상남도 창원시 마산회원구 구암동,중상사고,0,1,0,0,차대차 - 추돌 - 진행중,안전운전불이행,건조,맑음,단일로 - 기타,승용,남,53세,상해없음,승용,남,39세,중상
2013111500100545,2013년 11월 15일 19시,금요일,경상남도 함양군 함양읍,경상사고,0,0,1,0,차대사람 - 횡단중,보행자보호의무위반,건조,맑음,교차로 - 교차로부근,승용,남,62세,상해없음,보행자,남,84세,경상
2013111500100610,2013년 11월 15일 21시,금요일,경상남도 창원시 마산합포구 진동면,경상사고,0,0,1,0,차대차 - 추돌 - 주정차중,안전운전불이행,건조,맑음,단일로 - 기타,승용,남,43세,상해없음,화물,남,33세,경상
2013111500100611,2013년 11월 15일 21시,금요일,경상남도 김해시 삼계동,중상사고,0,1,0,0,차대사람 - 횡단중,안전운전불이행,건조,맑음,교차로 - 교차로안,승용,남,37세,상해없음,보행자,여,76세,중상
2013111500100640,2013년 11월 15일 22시,금요일,경상남도 김해시 내동,중상사고,0,1,0,0,차대사람 - 길가장자리구역통행중,안전운전불이행,건조,맑음,단일로 - 기타,승용,남,39세,상해없음,보행자,남,59세,중상
2013111500100669,2013년 11월 15일 23시,금요일,경상남도 양산시 북정동,중상사고,0,1,1,0,차대차 - 기타,교차로운행방법위반,건조,맑음,교차로 - 교차로안,승용,여,41세,중상,승용,여,52세,경상
2013111600100018,2013년 11월 16일 00시,토요일,경상남도 거제시 장평동,중상사고,0,1,0,0,차대차 - 기타,중앙선침범,건조,맑음,기타 - 기타,이륜,남,31세,상해없음,이륜,남,26세,중상
2013111600100040,2013년 11월 16일 01시,토요일,경상남도 창원시 마산회원구 구암동,사망사고,1,0,0,0,차대사람 - 기타,안전운전불이행,건조,맑음,미분류 - 미분류,승용,남,43세,상해없음,보행자,남,39세,사망
2013111600100076,2013년 11월 16일 03시,토요일,경상남도 창원시 마산합포구 상남동,경상사고,0,0,2,0,차대차 - 추돌 - 주정차중,안전운전불이행,건조,맑음,교차로 - 교차로안,승용,남,25세,상해없음,이륜,남,20세,경상
2013111600100077,2013년 11월 16일 03시,토요일,경상남도 거제시 아주동,중상사고,0,1,0,0,차량단독 - 공작물충돌,안전운전불이행,건조,맑음,교차로 - 교차로안,승용,남,23세,상해없음,,,,
2013111600100078,2013년 11월 16일 03시,토요일,경상남도 의령군 칠곡면,중상사고,0,1,1,0,차량단독 - 공작물충돌,안전운전불이행,기타,안개,단일로 - 기타,승용,남,43세,상해없음,,,,
2013111600100127,2013년 11월 16일 06시,토요일,경상남도 사천시 용현면,경상사고,0,0,1,0,차대사람 - 기타,신호위반,건조,맑음,교차로 - 교차로안,승용,남,53세,상해없음,보행자,남,79세,경상
2013111600100128,2013년 11월 16일 06시,토요일,경상남도 창원시 마산회원구 석전동,부상신고사고,0,0,0,1,차대차 - 측면직각충돌,안전운전불이행,건조,맑음,교차로 - 교차로부근,승용,남,74세,상해없음,승용,남,58세,부상신고
2013111600100152,2013년 11월 16일 08시,토요일,경상남도 창원시 진해구 경화동,경상사고,0,0,4,0,차대차 - 측면직각충돌,교차로운행방법위반,건조,맑음,교차로 - 교차로안,승용,남,31세,상해없음,승용,여,37세,경상
2013111600100153,2013년 11월 16일 08시,토요일,경상남도 창원시 의창구 동읍,경상사고,0,0,3,0,차대차 - 추돌 - 주정차중,안전거리미확보,습기,안개,단일로 - 기타,승용,남,27세,상해없음,승용,남,39세,경상
2013111600100174,2013년 11월 16일 09시,토요일,경상남도 창원시 마산합포구 월남동1가,경상사고,0,0,1,0,차대차 - 기타,안전거리미확보,건조,맑음,단일로 - 기타,원동기,남,26세,상해없음,승용,여,34세,경상
2013111600100175,2013년 11월 16일 09시,토요일,경상남도 사천시 실안동,중상사고,0,2,2,0,차대차 - 측면직각충돌,신호위반,건조,맑음,교차로 - 교차로안,화물,남,64세,경상,화물,여,42세,중상
2013111600100176,2013년 11월 16일 09시,토요일,경상남도 함안군 함안면,중상사고,0,1,0,0,차대차 - 측면직각충돌,신호위반,습기,안개,교차로 - 교차로안,승용,남,59세,상해없음,승용,남,67세,중상
2013111600100226,2013년 11월 16일 11시,토요일,경상남도 거제시 장목면,중상사고,0,1,0,0,차대차 - 정면충돌,중앙선침범,건조,맑음,단일로 - 기타,승용,남,44세,상해없음,화물,남,51세,중상
2013111600100227,2013년 11월 16일 11시,토요일,경상남도 창원시 성산구 사파동,경상사고,0,0,3,0,차대차 - 추돌 - 주정차중,안전운전불이행,건조,맑음,교차로 - 교차로부근,승용,남,50세,상해없음,승용,여,31세,경상
2013111600100256,2013년 11월 16일 12시,토요일,경상남도 창원시 마산합포구 완월동,경상사고,0,0,3,0,차대차 - 측면직각충돌,직진우회전진행방해,건조,맑음,교차로 - 교차로안,화물,남,69세,상해없음,승용,남,45세,경상
2013111600100257,2013년 11월 16일 12시,토요일,경상남도 진주시 신안동,경상사고,0,0,2,0,차대차 - 기타,중앙선침범,건조,맑음,단일로 - 기타,원동기,남,70세,경상,승용,여,29세,경상
2013111600100258,2013년 11월 16일 12시,토요일,경상남도 사천시 사천읍,경상사고,0,0,2,0,차대차 - 추돌 - 주정차중,안전운전불이행,건조,맑음,단일로 - 기타,승합,남,50세,상해없음,화물,남,44세,경상
2013111600100259,2013년 11월 16일 12시,토요일,경상남도 사천시 사천읍,경상사고,0,0,1,0,차대차 - 기타,안전운전불이행,건조,맑음,단일로 - 기타,승용,남,70세,상해없음,승용,남,19세,경상
2013111600100260,2013년 11월 16일 12시,토요일,경상남도 김해시 장유면,중상사고,0,1,0,0,차량단독 - 기타,안전운전불이행,건조,맑음,교차로 - 교차로부근,승합,남,53세,상해없음,,,,
2013111600100292,2013년 11월 16일 13시,토요일,경상남도 사천시 용강동,중상사고,0,2,2,0,차대차 - 추돌 - 주정차중,안전운전불이행,건조,맑음,단일로 - 기타,승용,여,38세,상해없음,승용,여,54세,중상
2013111600100324,2013년 11월 16일 14시,토요일,경상남도 통영시 동호동,경상사고,0,0,1,0,차대사람 - 길가장자리구역통행중,안전운전불이행,건조,맑음,단일로 - 기타,승용,남,19세,상해없음,보행자,여,16세,경상
2013111600100357,2013년 11월 16일 15시,토요일,경상남도 진주시 상대동,경상사고,0,0,1,0,차대사람 - 기타,안전운전불이행,건조,맑음,단일로 - 기타,승용,남,29세,상해없음,보행자,여,13세,경상
2013111600100358,2013년 11월 16일 15시,토요일,경상남도 사천시 용현면,경상사고,0,0,2,0,차대차 - 측면직각충돌,교차로운행방법위반,건조,맑음,교차로 - 교차로안,승용,남,61세,상해없음,승용,여,45세,경상
2013111600100396,2013년 11월 16일 16시,토요일,경상남도 남해군 고현면,경상사고,0,0,5,0,차대차 - 기타,중앙선침범,건조,맑음,단일로 - 기타,승용,남,58세,상해없음,승용,남,40세,경상
2013111600100397,2013년 11월 16일 16시,토요일,경상남도 남해군 고현면,경상사고,0,0,3,0,차대차 - 측면직각충돌,교차로운행방법위반,건조,맑음,교차로 - 교차로안,승용,남,67세,경상,화물,남,53세,상해없음
2013111600100398,2013년 11월 16일 16시,토요일,경상남도 함안군 대산면,경상사고,0,0,1,0,차대차 - 추돌 - 진행중,중앙선침범,건조,맑음,단일로 - 기타,승용,남,57세,상해없음,이륜,여,69세,경상
2013111600100434,2013년 11월 16일 17시,토요일,경상남도 창원시 마산합포구 상남동,중상사고,0,1,0,0,차대사람 - 횡단중,중앙선침범,건조,맑음,단일로 - 횡단보도상,원동기,남,65세,상해없음,보행자,남,57세,중상
2013111600100435,2013년 11월 16일 17시,토요일,경상남도 김해시 외동,중상사고,0,1,0,0,차대차 - 기타,차로위반,건조,맑음,단일로 - 기타,승용,남,42세,상해없음,이륜,남,17세,중상
2013111600100436,2013년 11월 16일 17시,토요일,경상남도 양산시 상북면,부상신고사고,0,0,0,1,차대차 - 추돌 - 진행중,안전운전불이행,건조,맑음,단일로 - 기타,승용,남,48세,상해없음,승용,여,24세,부상신고
2013111600100437,2013년 11월 16일 17시,토요일,경상남도 거제시 연초면,경상사고,0,0,3,0,차대차 - 기타,안전거리미확보,건조,맑음,단일로 - 기타,승용,남,54세,상해없음,승용,남,30세,경상
2013111600100438,2013년 11월 16일 17시,토요일,경상남도 산청군 시천면,중상사고,0,1,0,0,차대차 - 측면직각충돌,안전운전불이행,건조,맑음,단일로 - 기타,승용,남,44세,상해없음,자전거,남,26세,중상
2013111600100439,2013년 11월 16일 17시,토요일,경상남도 함안군 칠원면,경상사고,0,0,5,0,차대차 - 추돌 - 진행중,안전운전불이행,건조,맑음,단일로 - 기타,승용,남,31세,경상,화물,남,56세,경상
2013111600100520,2013년 11월 16일 19시,토요일,경상남도 창원시 진해구 성내동,중상사고,0,1,0,0,차량단독 - 주차차량충돌,안전운전불이행,건조,맑음,단일로 - 기타,화물,남,49세,중상,,,,
2013111600100521,2013년 11월 16일 19시,토요일,경상남도 김해시 구산동,중상사고,0,1,0,0,차대차 - 측면직각충돌,신호위반,건조,맑음,교차로 - 교차로안,승용,남,42세,상해없음,승용,남,53세,중상
2013111600100522,2013년 11월 16일 19시,토요일,경상남도 합천군 대병면,중상사고,0,1,0,0,차대차 - 측면직각충돌,교차로운행방법위반,건조,맑음,교차로 - 교차로안,승용,남,26세,상해없음,승용,남,49세,중상
2013111600100556,2013년 11월 16일 20시,토요일,경상남도 통영시 무전동,경상사고,0,0,1,0,차대차 - 측면직각충돌,교차로운행방법위반,건조,맑음,교차로 - 교차로안,승용,여,58세,상해없음,승용,여,46세,경상
2013111600100557,2013년 11월 16일 20시,토요일,경상남도 거제시 장승포동,중상사고,0,1,0,0,차대사람 - 기타,안전운전불이행,건조,맑음,단일로 - 기타,이륜,남,15세,상해없음,보행자,여,62세,중상
2013111600100558,2013년 11월 16일 20시,토요일,경상남도 거제시 고현동,중상사고,0,1,0,0,차대차 - 측면직각충돌,안전운전불이행,건조,맑음,교차로 - 교차로안,승용,남,57세,상해없음,이륜,남,34세,중상
2013111600100582,2013년 11월 16일 21시,토요일,경상남도 고성군 고성읍,중상사고,0,1,2,0,차대차 - 추돌 - 주정차중,안전운전불이행,건조,맑음,교차로 - 교차로부근,승합,남,41세,상해없음,승용,남,29세,경상
2013111600100611,2013년 11월 16일 22시,토요일,경상남도 고성군 회화면,사망사고,1,0,0,0,차대차 - 측면직각충돌,안전운전불이행,건조,맑음,단일로 - 기타,승용,남,42세,상해없음,승용,남,44세,사망
2013111600100644,2013년 11월 16일 23시,토요일,경상남도 창원시 진해구 행암동,중상사고,0,1,0,0,차량단독 - 주차차량충돌,안전운전불이행,건조,맑음,단일로 - 기타,승용,남,45세,중상,,,,
2013111600100645,2013년 11월 16일 23시,토요일,경상남도 고성군 거류면,중상사고,0,1,0,0,차량단독 - 공작물충돌,안전운전불이행,건조,맑음,단일로 - 기타,승용,남,42세,상해없음,,,,
2013111700100033,2013년 11월 17일 00시,일요일,경상남도 사천시 선구동,경상사고,0,0,2,0,차대차 - 측면직각충돌,교차로운행방법위반,건조,맑음,교차로 - 교차로안,승용,남,47세,상해없음,승용,남,32세,경상
2013111700100053,2013년 11월 17일 01시,일요일,경상남도 사천시 사천읍,사망사고,1,0,0,0,차량단독 - 공작물충돌,안전운전불이행,습기,비,단일로 - 기타,승용,남,38세,사망,,,,
2013111700100054,2013년 11월 17일 01시,일요일,경상남도 고성군 고성읍,경상사고,0,0,2,0,차대차 - 측면직각충돌,직진우회전진행방해,건조,맑음,교차로 - 교차로안,승용,남,49세,상해없음,승용,남,65세,경상
2013111700100071,2013년 11월 17일 02시,일요일,경상남도 통영시 무전동,경상사고,0,0,1,0,차대차 - 측면직각충돌,교차로운행방법위반,습기,흐림,교차로 - 교차로안,승용,남,41세,상해없음,승용,남,22세,상해없음
2013111700100094,2013년 11월 17일 03시,일요일,경상남도 김해시 구산동,경상사고,0,0,1,0,차대차 - 기타,안전운전불이행,습기,비,단일로 - 기타,승용,남,28세,상해없음,승용,여,49세,경상
2013111700100095,2013년 11월 17일 03시,일요일,경상남도 김해시 외동,중상사고,0,1,1,0,차대차 - 측면직각충돌,중앙선침범,습기,비,단일로 - 기타,승용,남,23세,상해없음,승용,남,50세,경상
2013111700100096,2013년 11월 17일 03시,일요일,경상남도 김해시 외동,경상사고,0,0,5,0,차대사람 - 기타,안전운전불이행,습기,비,단일로 - 기타,승용,여,20세,상해없음,보행자,남,32세,경상
2013111700100116,2013년 11월 17일 04시,일요일,경상남도 김해시 외동,중상사고,0,1,0,0,차대차 - 추돌 - 주정차중,안전운전불이행,습기,비,단일로 - 기타,원동기,남,18세,중상,화물,남,60세,상해없음
2013111700100117,2013년 11월 17일 04시,일요일,경상남도 김해시 장유면,경상사고,0,0,1,0,차대차 - 기타,교차로운행방법위반,건조,맑음,단일로 - 기타,승용,남,31세,상해없음,승용,남,48세,경상
2013111700100126,2013년 11월 17일 05시,일요일,경상남도 밀양시 상남면,중상사고,0,1,0,0,차대차 - 추돌 - 진행중,안전운전불이행,건조,맑음,단일로 - 기타,승용,남,46세,상해없음,농기계,남,53세,중상
2013111700100157,2013년 11월 17일 07시,일요일,경상남도 사천시 사천읍,중상사고,0,2,0,0,차대차 - 기타,신호위반,건조,맑음,교차로 - 교차로안,승용,남,43세,상해없음,승용,남,28세,중상
2013111700100181,2013년 11월 17일 09시,일요일,경상남도 고성군 거류면,경상사고,0,0,2,0,차대차 - 측면직각충돌,안전운전불이행,건조,맑음,단일로 - 기타,승용,남,52세,상해없음,이륜,남,34세,경상
2013111700100202,2013년 11월 17일 10시,일요일,경상남도 진주시 문산읍,중상사고,0,2,1,0,차대차 - 정면충돌,교차로운행방법위반,건조,맑음,교차로 - 교차로안,승용,남,78세,상해없음,승합,남,52세,중상
2013111700100203,2013년 11월 17일 10시,일요일,경상남도 고성군 하이면,중상사고,0,1,0,0,차대사람 - 차도통행중,과속,건조,맑음,교차로 - 교차로부근,승용,여,54세,상해없음,보행자,남,66세,중상
2013111700100216,2013년 11월 17일 11시,일요일,경상남도 거제시 장평동,중상사고,0,1,0,0,차대차 - 기타,안전운전불이행,건조,맑음,교차로 - 교차로안,승용,여,38세,상해없음,이륜,남,16세,중상
2013111700100232,2013년 11월 17일 12시,일요일,경상남도 진주시 인사동,중상사고,0,1,0,0,차대차 - 측면직각충돌,안전운전불이행,건조,맑음,단일로 - 기타,승용,여,40세,상해없음,자전거,남,81세,중상
2013111700100233,2013년 11월 17일 12시,일요일,경상남도 김해시 부원동,부상신고사고,0,0,0,1,차대차 - 기타,안전운전불이행,건조,맑음,기타 - 기타,승용,남,57세,부상신고,승용,남,40세,상해없음
2013111700100234,2013년 11월 17일 12시,일요일,경상남도 거제시 상동동,경상사고,0,0,1,0,차대차 - 추돌 - 진행중,중앙선침범,건조,맑음,단일로 - 기타,승용,여,54세,상해없음,승용,여,46세,경상
2013111700100254,2013년 11월 17일 13시,일요일,경상남도 김해시 봉황동,경상사고,0,0,2,0,차대차 - 측면직각충돌,교차로운행방법위반,건조,맑음,교차로 - 교차로안,승용,여,40세,상해없음,승용,여,55세,상해없음
2013111700100255,2013년 11월 17일 13시,일요일,경상남도 김해시 동상동,경상사고,0,0,1,0,차대사람 - 기타,안전운전불이행,건조,맑음,단일로 - 기타,승용,여,44세,상해없음,보행자,여,15세,경상
2013111700100300,2013년 11월 17일 15시,일요일,경상남도 창원시 마산합포구 완월동,중상사고,0,3,1,0,차대차 - 측면직각충돌,안전운전불이행,건조,맑음,단일로 - 기타,승용,남,55세,상해없음,승용,남,44세,중상
2013111700100338,2013년 11월 17일 16시,일요일,경상남도 거제시 사등면,중상사고,0,2,5,0,차대차 - 기타,안전운전불이행,건조,맑음,단일로 - 기타,승용,남,44세,상해없음,승용,남,53세,경상
2013111700100339,2013년 11월 17일 16시,일요일,경상남도 의령군 대의면,경상사고,0,0,2,0,차대차 - 기타,중앙선침범,건조,맑음,단일로 - 기타,승용,여,56세,상해없음,화물,남,50세,경상
2013111700100373,2013년 11월 17일 17시,일요일,경상남도 합천군 가야면,중상사고,0,2,0,0,차대사람 - 보도통행중,안전운전불이행,건조,맑음,단일로 - 기타,자전거,남,19세,중상,보행자,남,58세,중상
2013111700100374,2013년 11월 17일 17시,일요일,경상남도 창원시 마산회원구 내서읍,경상사고,0,0,3,0,차대차 - 추돌 - 주정차중,안전운전불이행,건조,맑음,단일로 - 기타,승용,남,53세,상해없음,승용,남,58세,경상
2013111700100411,2013년 11월 17일 18시,일요일,경상남도 김해시 불암동,중상사고,0,2,0,0,차대차 - 측면직각충돌,직진우회전진행방해,건조,맑음,교차로 - 교차로안,승용,여,22세,중상,화물,남,58세,상해없음
2013111700100412,2013년 11월 17일 18시,일요일,경상남도 김해시 삼계동,중상사고,0,1,0,0,차대사람 - 기타,안전운전불이행,건조,맑음,교차로 - 교차로안,승용,남,50세,상해없음,보행자,여,61세,중상
2013111700100413,2013년 11월 17일 18시,일요일,경상남도 함안군 가야읍,경상사고,0,0,4,0,차대차 - 추돌 - 진행중,안전운전불이행,건조,맑음,단일로 - 기타,승용,여,56세,경상,승용,남,47세,경상
2013111700100448,2013년 11월 17일 19시,일요일,경상남도 통영시 태평동,중상사고,0,1,0,0,차대사람 - 횡단중,안전운전불이행,건조,맑음,단일로 - 기타,승용,남,74세,상해없음,보행자,여,74세,중상
2013111700100449,2013년 11월 17일 19시,일요일,경상남도 사천시 사천읍,부상신고사고,0,0,0,1,차대차 - 측면직각충돌,교차로운행방법위반,건조,맑음,교차로 - 교차로안,이륜,남,54세,부상신고,승용,기타불명,기타불명,기타불명
2013111700100450,2013년 11월 17일 19시,일요일,경상남도 거제시 고현동,중상사고,0,1,0,0,차대차 - 기타,안전운전불이행,건조,맑음,단일로 - 기타,승용,남,42세,상해없음,승용,남,28세,중상
2013111700100486,2013년 11월 17일 20시,일요일,경상남도 김해시 구산동,중상사고,0,2,0,0,차대차 - 정면충돌,중앙선침범,건조,맑음,교차로 - 교차로부근,승용,여,45세,상해없음,이륜,남,36세,중상
2013111700100510,2013년 11월 17일 21시,일요일,경상남도 통영시 광도면,중상사고,0,1,0,0,차대사람 - 횡단중,보행자보호의무위반,건조,맑음,단일로 - 기타,승용,남,75세,상해없음,보행자,여,49세,중상
2013111700100511,2013년 11월 17일 21시,일요일,경상남도 창원시 의창구 서상동,중상사고,0,1,0,0,차대사람 - 횡단중,신호위반,건조,맑음,교차로 - 교차로부근,승합,남,60세,상해없음,보행자,여,57세,중상
2013111700100544,2013년 11월 17일 23시,일요일,경상남도 창원시 성산구 남양동,경상사고,0,0,1,0,차대차 - 정면충돌,신호위반,건조,맑음,단일로 - 기타,승용,남,35세,상해없음,승용,남,36세,경상
2013111800100013,2013년 11월 18일 01시,월요일,경상남도 창원시 의창구 팔용동,사망사고,1,2,0,0,차량단독 - 도로외이탈 - 추락,안전운전불이행,건조,맑음,교차로 - 교차로부근,승용,남,26세,중상,,,,
2013111800100028,2013년 11월 18일 03시,월요일,경상남도 김해시 구산동,경상사고,0,0,3,0,차대차 - 측면직각충돌,중앙선침범,건조,맑음,단일로 - 기타,승용,남,30세,상해없음,승용,남,24세,경상
2013111800100057,2013년 11월 18일 06시,월요일,경상남도 통영시 도남동,중상사고,0,1,0,0,차대차 - 측면직각충돌,교차로운행방법위반,건조,맑음,교차로 - 교차로안,승용,남,57세,상해없음,이륜,남,50세,중상
2013111800100058,2013년 11월 18일 06시,월요일,경상남도 창원시 마산회원구 석전동,중상사고,0,1,0,0,차대차 - 기타,신호위반,건조,맑음,교차로 - 교차로안,승용,남,44세,상해없음,이륜,남,48세,중상
2013111800100082,2013년 11월 18일 07시,월요일,경상남도 창원시 의창구 중동,중상사고,0,1,0,0,차대차 - 측면직각충돌,신호위반,건조,맑음,교차로 - 교차로안,승용,여,54세,상해없음,승용,여,56세,중상
2013111800100127,2013년 11월 18일 08시,월요일,경상남도 창원시 진해구 자은동,중상사고,0,1,0,0,차대차 - 기타,안전운전불이행,건조,맑음,교차로 - 교차로부근,자전거,여,59세,중상,승용,여,33세,상해없음
2013111800100128,2013년 11월 18일 08시,월요일,경상남도 밀양시 가곡동,중상사고,0,1,0,0,차대사람 - 횡단중,보행자보호의무위반,건조,맑음,단일로 - 횡단보도상,승용,남,62세,상해없음,보행자,남,27세,중상
2013111800100174,2013년 11월 18일 09시,월요일,경상남도 김해시 삼계동,중상사고,0,1,4,0,차대차 - 측면직각충돌,신호위반,건조,맑음,교차로 - 교차로안,화물,남,44세,상해없음,승용,남,63세,경상
2013111800100175,2013년 11월 18일 09시,월요일,경상남도 창원시 성산구 중앙동,중상사고,0,1,0,0,차대사람 - 기타,안전운전불이행,건조,맑음,교차로 - 교차로안,화물,남,59세,상해없음,보행자,여,75세,중상
2013111800100176,2013년 11월 18일 09시,월요일,경상남도 창원시 의창구 봉곡동,중상사고,0,1,0,0,차대사람 - 횡단중,안전운전불이행,건조,맑음,교차로 - 교차로부근,승합,여,46세,상해없음,보행자,남,75세,중상
2013111800100206,2013년 11월 18일 10시,월요일,경상남도 양산시 하북면,중상사고,0,1,0,0,차대차 - 기타,신호위반,건조,맑음,교차로 - 교차로부근,승용,남,41세,상해없음,이륜,남,69세,중상
2013111800100207,2013년 11월 18일 10시,월요일,경상남도 김해시 한림면,중상사고,0,1,1,0,차대차 - 추돌 - 진행중,안전거리미확보,건조,맑음,단일로 - 기타,화물,남,63세,중상,화물,남,25세,경상
2013111800100231,2013년 11월 18일 11시,월요일,경상남도 양산시 동면,부상신고사고,0,0,0,1,차대차 - 측면직각충돌,안전거리미확보,건조,맑음,단일로 - 기타,화물,남,59세,상해없음,승용,여,27세,부상신고
2013111800100232,2013년 11월 18일 11시,월요일,경상남도 거제시 옥포동,중상사고,0,1,0,0,차대차 - 추돌 - 진행중,안전운전불이행,건조,맑음,교차로 - 교차로부근,승용,남,48세,상해없음,이륜,남,22세,중상