사고번호,사고일시,요일,시군구,사고내용,사망자수,중상자수,경상자수,부상신고자수,사고유형,법규위반,노면상태,기상상태,도로형태,가해운전자 차종,가해운전자 성별,가해운전자 연령,가해운전자 상해정도,피해운전자 차종,피해운전자 성별,피해운전자 연령,피해운전자 상해정도
2013111800100233,2013년 11월 18일 11시,월요일,경상남도 창원시 성산구 중앙동,중상사고,0,1,0,0,차대사람 - 보도통행중,안전운전불이행,건조,맑음,교차로 - 교차로부근,승용,여,34세,상해없음,보행자,여,28세,중상
2013111800100268,2013년 11월 18일 12시,월요일,경상남도 통영시 북신동,경상사고,0,0,1,0,차대차 - 측면직각충돌,직진우회전진행방해,건조,맑음,교차로 - 교차로안,승용,여,41세,상해없음,자전거,남,63세,경상
2013111800100269,2013년 11월 18일 12시,월요일,경상남도 밀양시 부북면,중상사고,0,1,0,0,차대차 - 기타,안전운전불이행,건조,맑음,단일로 - 기타,화물,남,64세,상해없음,이륜,남,78세,중상
2013111800100270,2013년 11월 18일 12시,월요일,경상남도 김해시 어방동,중상사고,0,1,0,0,차대사람 - 기타,기타,건조,맑음,단일로 - 기타,승합,남,54세,상해없음,보행자,여,60세,중상
2013111800100301,2013년 11월 18일 13시,월요일,경상남도 진주시 장대동,중상사고,0,1,0,0,차대사람 - 기타,안전운전불이행,건조,맑음,단일로 - 기타,승합,남,31세,상해없음,보행자,남,77세,중상
2013111800100302,2013년 11월 18일 13시,월요일,경상남도 양산시 중부동,중상사고,0,1,0,1,차대차 - 측면직각충돌,교차로운행방법위반,건조,맑음,교차로 - 교차로안,화물,남,30세,상해없음,승합,남,47세,상해없음
2013111800100372,2013년 11월 18일 16시,월요일,경상남도 양산시 다방동,경상사고,0,0,2,0,차대차 - 기타,안전운전불이행,건조,맑음,단일로 - 기타,기타불명,기타불명,기타불명,기타불명,건설기계,남,47세,경상
2013111800100395,2013년 11월 18일 16시,월요일,경상남도 창원시 마산합포구 신포동1가,경상사고,0,0,1,0,차대차 - 측면직각충돌,안전거리미확보,건조,맑음,단일로 - 기타,화물,남,39세,상해없음,승용,남,44세,경상
2013111800100397,2013년 11월 18일 16시,월요일,경상남도 창녕군 부곡면,중상사고,0,1,0,0,차량단독 - 공작물충돌,안전운전불이행,건조,맑음,단일로 - 기타,승용,남,61세,중상,,,,
2013111800100398,2013년 11월 18일 16시,월요일,경상남도 김해시 화목동,중상사고,0,1,0,0,차대차 - 추돌 - 진행중,안전거리미확보,건조,맑음,단일로 - 기타,화물,남,48세,상해없음,승용,남,76세,중상
2013111800100399,2013년 11월 18일 16시,월요일,경상남도 김해시 진영읍,중상사고,0,1,0,0,차대차 - 측면직각충돌,중앙선침범,건조,맑음,단일로 - 기타,원동기,남,81세,중상,화물,남,46세,상해없음
2013111800100425,2013년 11월 18일 17시,월요일,경상남도 창원시 진해구 석동,경상사고,0,0,1,0,차대차 - 기타,안전운전불이행,건조,맑음,단일로 - 기타,승합,여,48세,상해없음,원동기,남,22세,경상
2013111800100426,2013년 11월 18일 17시,월요일,경상남도 산청군 생비량면,경상사고,0,0,1,1,차대차 - 측면직각충돌,차로위반,건조,맑음,단일로 - 기타,승용,남,59세,상해없음,화물,남,66세,경상
2013111800100476,2013년 11월 18일 18시,월요일,경상남도 사천시 동금동,경상사고,0,0,1,0,차대차 - 기타,신호위반,건조,맑음,교차로 - 교차로부근,승용,여,52세,기타불명,승용,남,46세,상해없음
2013111800100477,2013년 11월 18일 18시,월요일,경상남도 거제시 고현동,경상사고,0,0,1,0,차대차 - 기타,직진우회전진행방해,건조,맑음,교차로 - 교차로안,승용,여,42세,상해없음,이륜,남,39세,경상
2013111800100478,2013년 11월 18일 18시,월요일,경상남도 창원시 마산회원구 구암동,경상사고,0,0,1,0,차대차 - 추돌 - 주정차중,안전운전불이행,기타,기타,단일로 - 교량,승용,남,53세,상해없음,승용,남,48세,경상
2013111800100509,2013년 11월 18일 19시,월요일,경상남도 함양군 서상면,중상사고,0,1,0,0,차대차 - 추돌 - 진행중,차로위반,건조,맑음,단일로 - 기타,화물,남,30세,상해없음,화물,남,43세,중상
2013111800100546,2013년 11월 18일 20시,월요일,경상남도 창원시 마산합포구 월남동2가,경상사고,0,0,1,0,차대사람 - 기타,신호위반,건조,맑음,교차로 - 교차로안,승용,여,56세,상해없음,보행자,여,26세,경상
2013111800100547,2013년 11월 18일 20시,월요일,경상남도 김해시 삼정동,중상사고,0,3,0,0,차대차 - 측면직각충돌,신호위반,건조,맑음,교차로 - 교차로안,승용,여,44세,중상,승용,남,47세,중상
2013111800100548,2013년 11월 18일 20시,월요일,경상남도 김해시 어방동,중상사고,0,1,0,0,차대차 - 측면직각충돌,직진우회전진행방해,건조,맑음,교차로 - 교차로안,승용,남,36세,상해없음,이륜,남,16세,중상
2013111800100629,2013년 11월 18일 23시,월요일,경상남도 창원시 마산회원구 합성동,중상사고,0,1,1,0,차대차 - 정면충돌,중앙선침범,건조,맑음,단일로 - 기타,승용,남,53세,상해없음,승용,남,49세,중상
2013111900100037,2013년 11월 19일 02시,화요일,경상남도 창원시 의창구 명서동,경상사고,0,0,1,0,차대차 - 측면직각충돌,안전운전불이행,건조,맑음,교차로 - 교차로안,승용,남,43세,상해없음,이륜,남,53세,경상
2013111900100044,2013년 11월 19일 03시,화요일,경상남도 창원시 성산구 중앙동,중상사고,0,1,1,0,차대차 - 측면직각충돌,신호위반,건조,맑음,교차로 - 교차로안,승용,남,33세,상해없음,승용,남,59세,경상
2013111900100054,2013년 11월 19일 04시,화요일,경상남도 창원시 마산회원구 봉암동,경상사고,0,0,3,2,차량단독 - 기타,중앙선침범,건조,맑음,단일로 - 기타,승용,남,16세,부상신고,,,,
2013111900100064,2013년 11월 19일 05시,화요일,경상남도 거제시 옥포동,중상사고,0,1,0,0,차대차 - 기타,안전운전불이행,건조,맑음,교차로 - 교차로안,승용,남,26세,상해없음,이륜,남,61세,중상
2013111900100098,2013년 11월 19일 07시,화요일,경상남도 통영시 항남동,중상사고,0,1,0,0,차대사람 - 횡단중,보행자보호의무위반,건조,맑음,교차로 - 교차로부근,승용,남,33세,상해없음,보행자,여,16세,중상
2013111900100099,2013년 11월 19일 07시,화요일,경상남도 김해시 지내동,중상사고,0,1,0,0,차대차 - 기타,신호위반,건조,맑음,교차로 - 교차로안,승용,남,23세,상해없음,자전거,남,31세,중상
2013111900100127,2013년 11월 19일 08시,화요일,경상남도 김해시 동상동,중상사고,0,1,0,0,차대차 - 기타,안전운전불이행,건조,맑음,단일로 - 기타,자전거,남,12세,중상,승용,여,47세,상해없음
2013111900100128,2013년 11월 19일 08시,화요일,경상남도 창원시 의창구 사림동,중상사고,0,1,0,0,차대사람 - 횡단중,안전운전불이행,건조,맑음,단일로 - 횡단보도부근,승합,남,41세,상해없음,보행자,남,15세,중상
2013111900100129,2013년 11월 19일 08시,화요일,경상남도 창원시 의창구 팔용동,중상사고,0,1,0,0,차대차 - 측면직각충돌,안전운전불이행,건조,맑음,교차로 - 교차로부근,승합,남,44세,상해없음,자전거,남,47세,중상
2013111900100130,2013년 11월 19일 08시,화요일,경상남도 김해시 진영읍,경상사고,0,0,1,0,차대차 - 추돌 - 주정차중,안전운전불이행,건조,맑음,단일로 - 기타,화물,남,33세,상해없음,승용,남,42세,상해없음
2013111900100190,2013년 11월 19일 10시,화요일,경상남도 밀양시 내이동,중상사고,0,1,1,0,차대차 - 측면직각충돌,교차로운행방법위반,건조,맑음,교차로 - 교차로안,승용,여,29세,상해없음,원동기,남,81세,경상
2013111900100218,2013년 11월 19일 11시,화요일,경상남도 창원시 마산합포구 월영동,경상사고,0,0,1,0,차대차 - 기타,안전운전불이행,건조,맑음,교차로 - 교차로부근,이륜,남,47세,경상,승용,여,37세,상해없음
2013111900100239,2013년 11월 19일 12시,화요일,경상남도 사천시 사천읍,중상사고,0,1,0,0,차대차 - 측면직각충돌,중앙선침범,건조,맑음,단일로 - 기타,승용,남,65세,상해없음,승용,남,40세,중상
2013111900100240,2013년 11월 19일 12시,화요일,경상남도 밀양시 내이동,경상사고,0,0,1,0,차대차 - 측면직각충돌,교차로운행방법위반,건조,맑음,교차로 - 교차로안,화물,남,50세,상해없음,승용,여,28세,경상
2013111900100241,2013년 11월 19일 12시,화요일,경상남도 김해시 삼계동,경상사고,0,0,1,0,차대차 - 측면직각충돌,차로위반,건조,맑음,단일로 - 기타,승용,여,49세,상해없음,화물,남,53세,상해없음
2013111900100242,2013년 11월 19일 12시,화요일,경상남도 창원시 마산회원구 구암동,경상사고,0,0,1,0,차대차 - 측면직각충돌,안전운전불이행,건조,맑음,교차로 - 교차로부근,화물,남,54세,상해없음,승용,남,64세,경상
2013111900100258,2013년 11월 19일 13시,화요일,경상남도 창녕군 길곡면,중상사고,0,3,0,0,차대사람 - 기타,안전운전불이행,건조,맑음,단일로 - 기타,화물,남,61세,상해없음,보행자,여,81세,중상
2013111900100259,2013년 11월 19일 13시,화요일,경상남도 양산시 중부동,부상신고사고,0,0,0,1,차대사람 - 횡단중,안전운전불이행,건조,맑음,교차로 - 교차로부근,승용,남,52세,상해없음,보행자,여,19세,부상신고
2013111900100295,2013년 11월 19일 14시,화요일,경상남도 창원시 마산합포구 진동면,경상사고,0,0,1,0,차대차 - 기타,안전거리미확보,건조,맑음,단일로 - 기타,화물,남,59세,상해없음,승용,여,42세,경상
2013111900100297,2013년 11월 19일 14시,화요일,경상남도 창원시 진해구 두동,사망사고,1,0,0,0,차량단독 - 전도전복,안전운전불이행,건조,맑음,단일로 - 기타,원동기,남,52세,사망,,,,
2013111900100298,2013년 11월 19일 14시,화요일,경상남도 김해시 대동면,중상사고,0,1,0,0,차대차 - 측면직각충돌,교차로운행방법위반,건조,맑음,교차로 - 교차로안,승용,남,47세,상해없음,자전거,남,79세,중상
2013111900100358,2013년 11월 19일 16시,화요일,경상남도 창녕군 영산면,중상사고,0,1,1,0,차대차 - 기타,교차로운행방법위반,건조,맑음,교차로 - 교차로안,승용,여,40세,중상,화물,남,50세,경상
2013111900100359,2013년 11월 19일 16시,화요일,경상남도 함안군 칠서면,경상사고,0,0,1,0,차대차 - 측면직각충돌,신호위반,건조,맑음,교차로 - 교차로안,건설기계,남,52세,상해없음,승용,여,57세,경상
2013111900100360,2013년 11월 19일 16시,화요일,경상남도 창원시 의창구 명서동,중상사고,0,1,1,0,차대차 - 측면직각충돌,직진우회전진행방해,건조,맑음,교차로 - 교차로안,화물,남,63세,상해없음,이륜,남,72세,경상
2013111900100405,2013년 11월 19일 17시,화요일,경상남도 창원시 진해구 풍호동,경상사고,0,0,1,0,차대차 - 기타,안전운전불이행,건조,맑음,교차로 - 교차로안,승용,여,30세,상해없음,원동기,남,62세,경상
2013111900100406,2013년 11월 19일 17시,화요일,경상남도 창녕군 대합면,중상사고,0,1,2,0,차대차 - 기타,중앙선침범,건조,맑음,단일로 - 기타,화물,남,43세,중상,화물,남,33세,경상
2013111900100453,2013년 11월 19일 18시,화요일,경상남도 진주시 상평동,경상사고,0,0,2,0,차대차 - 추돌 - 주정차중,안전운전불이행,건조,맑음,단일로 - 기타,화물,남,27세,상해없음,승용,남,56세,경상
2013111900100454,2013년 11월 19일 18시,화요일,경상남도 통영시 미수동,경상사고,0,0,1,0,차대차 - 측면직각충돌,직진우회전진행방해,건조,맑음,교차로 - 교차로안,승용,여,41세,상해없음,자전거,남,13세,경상
2013111900100455,2013년 11월 19일 18시,화요일,경상남도 김해시 대동면,중상사고,0,1,0,0,차대차 - 정면충돌,중앙선침범,건조,맑음,단일로 - 기타,승용,남,51세,상해없음,원동기,남,23세,중상
2013111900100496,2013년 11월 19일 19시,화요일,경상남도 거창군 거창읍,중상사고,0,1,0,0,차대사람 - 횡단중,안전운전불이행,건조,맑음,기타 - 기타,승용,여,56세,상해없음,보행자,여,71세,중상
2013111900100497,2013년 11월 19일 19시,화요일,경상남도 창녕군 창녕읍,경상사고,0,0,1,0,차대차 - 추돌 - 주정차중,안전운전불이행,건조,맑음,단일로 - 기타,원동기,남,52세,경상,승용,남,34세,상해없음
2013111900100498,2013년 11월 19일 19시,화요일,경상남도 양산시 물금읍,경상사고,0,0,1,0,차대차 - 측면직각충돌,안전운전불이행,건조,맑음,교차로 - 교차로부근,승용,남,57세,상해없음,자전거,남,13세,경상
2013111900100499,2013년 11월 19일 19시,화요일,경상남도 양산시 중부동,경상사고,0,0,1,0,차대차 - 측면직각충돌,교차로운행방법위반,건조,맑음,교차로 - 교차로안,승용,남,52세,상해없음,승용,남,32세,상해없음
2013111900100500,2013년 11월 19일 19시,화요일,경상남도 창원시 성산구 가음정동,중상사고,0,1,0,0,차대차 - 측면직각충돌,안전운전불이행,건조,맑음,단일로 - 기타,이륜,남,42세,상해없음,자전거,남,16세,중상
2013111900100516,2013년 11월 19일 20시,화요일,경상남도 김해시 외동,중상사고,0,1,0,0,차대차 - 기타,안전운전불이행,건조,맑음,단일로 - 기타,승용,남,45세,상해없음,승용,남,45세,중상
2013111900100517,2013년 11월 19일 20시,화요일,경상남도 창원시 성산구 불모산동,중상사고,0,1,0,0,차대차 - 측면직각충돌,안전운전불이행,건조,맑음,단일로 - 기타,특수,남,52세,상해없음,승용,여,45세,중상
2013111900100545,2013년 11월 19일 21시,화요일,경상남도 진주시 강남동,중상사고,0,2,0,0,차대차 - 측면직각충돌,신호위반,건조,맑음,교차로 - 교차로안,승용,남,21세,상해없음,승용,남,65세,중상
2013111900100576,2013년 11월 19일 22시,화요일,경상남도 창원시 의창구 두대동,경상사고,0,0,2,0,차대차 - 측면직각충돌,안전운전불이행,건조,맑음,교차로 - 교차로부근,승용,남,37세,상해없음,승용,남,59세,경상
2013111900100603,2013년 11월 19일 23시,화요일,경상남도 통영시 용남면,경상사고,0,0,1,0,차량단독 - 공작물충돌,안전운전불이행,건조,맑음,단일로 - 기타,승용,남,38세,경상,,,,
2013111900100604,2013년 11월 19일 23시,화요일,경상남도 김해시 외동,중상사고,0,1,0,0,차대사람 - 횡단중,신호위반,건조,맑음,교차로 - 교차로안,원동기,남,16세,상해없음,보행자,여,35세,중상
2013112000100012,2013년 11월 20일 00시,수요일,경상남도 창원시 의창구 사림동,중상사고,0,3,1,0,차대차 - 측면직각충돌,신호위반,건조,맑음,교차로 - 교차로안,승용,남,51세,상해없음,승용,남,60세,중상
2013112000100013,2013년 11월 20일 00시,수요일,경상남도 창원시 성산구 창곡동,경상사고,0,0,1,0,차대차 - 측면직각충돌,신호위반,건조,맑음,교차로 - 교차로안,승용,남,38세,상해없음,승용,남,32세,경상
2013112000100032,2013년 11월 20일 01시,수요일,경상남도 창원시 마산회원구 석전동,경상사고,0,0,2,0,차대차 - 정면충돌,신호위반,건조,맑음,교차로 - 교차로안,승용,남,52세,상해없음,승용,남,48세,경상
2013112000100059,2013년 11월 20일 05시,수요일,경상남도 김해시 장유면,중상사고,0,2,0,0,차대차 - 측면직각충돌,신호위반,건조,맑음,교차로 - 교차로안,승용,남,62세,상해없음,승용,여,40세,중상
2013112000100071,2013년 11월 20일 06시,수요일,경상남도 양산시 동면,중상사고,0,1,0,0,차대차 - 측면직각충돌,신호위반,건조,맑음,교차로 - 교차로부근,승용,남,58세,상해없음,승합,남,51세,상해없음
2013112000100092,2013년 11월 20일 07시,수요일,경상남도 합천군 초계면,중상사고,0,1,1,0,차대차 - 측면직각충돌,중앙선침범,건조,맑음,단일로 - 기타,승용,남,42세,상해없음,승용,남,64세,중상
2013112000100093,2013년 11월 20일 07시,수요일,경상남도 창원시 마산회원구 회원동,중상사고,0,1,0,0,차대사람 - 횡단중,보행자보호의무위반,건조,맑음,단일로 - 기타,승용,남,24세,상해없음,보행자,남,23세,중상
2013112000100128,2013년 11월 20일 08시,수요일,경상남도 창원시 마산합포구 중앙동1가,중상사고,0,1,0,0,차대차 - 기타,안전운전불이행,건조,맑음,단일로 - 기타,승용,남,57세,상해없음,승용,여,37세,중상
2013112000100129,2013년 11월 20일 08시,수요일,경상남도 통영시 도천동,경상사고,0,0,1,1,차대차 - 추돌 - 진행중,안전운전불이행,건조,맑음,단일로 - 기타,승용,남,42세,상해없음,승용,남,59세,경상
2013112000100130,2013년 11월 20일 08시,수요일,경상남도 통영시 무전동,경상사고,0,0,2,0,차대차 - 추돌 - 진행중,안전운전불이행,건조,맑음,단일로 - 기타,화물,남,36세,상해없음,승용,남,37세,경상
2013112000100158,2013년 11월 20일 09시,수요일,경상남도 밀양시 부북면,중상사고,0,1,0,0,차대차 - 추돌 - 주정차중,안전운전불이행,건조,맑음,교차로 - 교차로부근,화물,남,21세,상해없음,화물,여,49세,중상
2013112000100177,2013년 11월 20일 10시,수요일,경상남도 창원시 성산구 상복동,경상사고,0,0,1,0,차대차 - 측면직각충돌,직진우회전진행방해,건조,맑음,교차로 - 교차로안,승용,남,42세,상해없음,승용,남,66세,경상
2013112000100178,2013년 11월 20일 10시,수요일,경상남도 창원시 마산회원구 회원동,경상사고,0,0,2,0,차대차 - 추돌 - 진행중,안전운전불이행,건조,맑음,단일로 - 기타,승용,남,63세,상해없음,승용,여,41세,경상
2013112000100179,2013년 11월 20일 10시,수요일,경상남도 창원시 의창구 팔용동,경상사고,0,0,1,0,차대사람 - 기타,안전운전불이행,건조,맑음,기타 - 기타,승용,남,45세,상해없음,보행자,남,54세,경상
2013112000100200,2013년 11월 20일 11시,수요일,경상남도 김해시 삼계동,중상사고,0,2,3,0,차대차 - 측면직각충돌,안전운전불이행,건조,맑음,교차로 - 교차로안,승용,남,71세,중상,승용,남,21세,경상
2013112000100201,2013년 11월 20일 11시,수요일,경상남도 거창군 거창읍,부상신고사고,0,0,0,1,차대차 - 측면직각충돌,신호위반,건조,맑음,교차로 - 교차로안,원동기,여,53세,부상신고,승용,여,29세,상해없음
2013112000100202,2013년 11월 20일 11시,수요일,경상남도 창원시 의창구 도계동,경상사고,0,0,1,0,차대차 - 기타,안전운전불이행,건조,맑음,단일로 - 기타,원동기,남,25세,상해없음,자전거,여,59세,경상
2013112000100203,2013년 11월 20일 11시,수요일,경상남도 창원시 의창구 팔용동,중상사고,0,1,0,0,차대사람 - 횡단중,보행자보호의무위반,건조,맑음,교차로 - 교차로안,승용,여,37세,상해없음,보행자,여,39세,중상
2013112000100225,2013년 11월 20일 12시,수요일,경상남도 창원시 진해구 죽곡동,경상사고,0,0,1,0,차대차 - 기타,안전운전불이행,건조,맑음,단일로 - 기타,화물,남,40세,상해없음,자전거,남,45세,경상
2013112000100226,2013년 11월 20일 12시,수요일,경상남도 창원시 진해구 용원동,경상사고,0,0,2,0,차대차 - 기타,안전거리미확보,건조,맑음,교차로 - 교차로안,승용,여,57세,기타불명,원동기,남,16세,경상
2013112000100227,2013년 11월 20일 12시,수요일,경상남도 거제시 장승포동,중상사고,0,1,0,0,차대사람 - 기타,안전운전불이행,건조,맑음,기타 - 기타,화물,남,51세,상해없음,보행자,남,65세,중상
2013112000100243,2013년 11월 20일 13시,수요일,경상남도 양산시 다방동,중상사고,0,1,0,0,차대차 - 기타,안전운전불이행,건조,맑음,단일로 - 기타,기타불명,기타불명,기타불명,기타불명,승용,남,44세,중상
2013112000100256,2013년 11월 20일 13시,수요일,경상남도 거창군 거창읍,경상사고,0,0,1,0,차대차 - 측면직각충돌,안전운전불이행,건조,맑음,단일로 - 기타,승용,여,57세,상해없음,화물,남,52세,경상
2013112000100257,2013년 11월 20일 13시,수요일,경상남도 양산시 동면,부상신고사고,0,0,0,1,차대차 - 측면직각충돌,교차로운행방법위반,건조,맑음,교차로 - 교차로안,이륜,남,20세,부상신고,승용,남,52세,상해없음
2013112000100258,2013년 11월 20일 13시,수요일,경상남도 하동군 하동읍,경상사고,0,0,1,0,차대차 - 측면직각충돌,중앙선침범,건조,맑음,단일로 - 기타,화물,남,51세,상해없음,승용,여,35세,경상
2013112000100259,2013년 11월 20일 13시,수요일,경상남도 거제시 아주동,부상신고사고,0,0,0,1,차대차 - 측면직각충돌,안전거리미확보,건조,맑음,단일로 - 기타,승용,여,44세,상해없음,화물,남,26세,부상신고
2013112000100285,2013년 11월 20일 14시,수요일,경상남도 창원시 의창구 봉곡동,경상사고,0,0,1,0,차대차 - 기타,안전거리미확보,건조,맑음,교차로 - 교차로안,승용,남,58세,상해없음,승용,여,62세,경상
2013112000100314,2013년 11월 20일 15시,수요일,경상남도 창원시 진해구 경화동,경상사고,0,0,1,0,차대차 - 기타,안전운전불이행,건조,맑음,단일로 - 기타,화물,남,56세,상해없음,원동기,남,39세,경상
2013112000100315,2013년 11월 20일 15시,수요일,경상남도 합천군 삼가면,중상사고,0,2,0,0,차대차 - 정면충돌,중앙선침범,건조,맑음,단일로 - 기타,승용,남,51세,상해없음,화물,남,53세,중상
2013112000100316,2013년 11월 20일 15시,수요일,경상남도 거제시 하청면,중상사고,0,1,1,0,차대차 - 추돌 - 진행중,중앙선침범,건조,맑음,단일로 - 기타,승용,남,51세,상해없음,승용,여,51세,경상
2013112000100317,2013년 11월 20일 15시,수요일,경상남도 함안군 칠북면,경상사고,0,0,1,0,차대차 - 측면직각충돌,안전운전불이행,건조,맑음,교차로 - 교차로안,승용,남,67세,상해없음,승용,남,47세,경상
2013112000100318,2013년 11월 20일 15시,수요일,경상남도 김해시 흥동,중상사고,0,1,0,0,차대차 - 정면충돌,중앙선침범,건조,맑음,단일로 - 기타,화물,남,47세,상해없음,화물,남,59세,중상
2013112000100350,2013년 11월 20일 16시,수요일,경상남도 창원시 진해구 안골동,경상사고,0,0,1,0,차대차 - 측면직각충돌,교차로운행방법위반,건조,맑음,교차로 - 교차로안,화물,남,61세,상해없음,승용,남,53세,경상
2013112000100351,2013년 11월 20일 16시,수요일,경상남도 함양군 안의면,중상사고,0,1,0,0,차대차 - 측면직각충돌,안전운전불이행,건조,맑음,교차로 - 교차로안,승용,여,39세,상해없음,원동기,남,76세,중상
2013112000100392,2013년 11월 20일 17시,수요일,경상남도 김해시 삼계동,경상사고,0,0,1,0,차대차 - 측면직각충돌,신호위반,건조,맑음,교차로 - 교차로안,승합,남,26세,상해없음,승용,여,39세,경상
2013112000100393,2013년 11월 20일 17시,수요일,경상남도 거창군 신원면,부상신고사고,0,0,0,1,차량단독 - 도로외이탈 - 기타,안전운전불이행,건조,맑음,단일로 - 기타,원동기,남,47세,부상신고,,,,
2013112000100394,2013년 11월 20일 17시,수요일,경상남도 함양군 지곡면,경상사고,0,0,1,0,차대차 - 정면충돌,중앙선침범,건조,맑음,단일로 - 기타,승용,여,59세,상해없음,화물,남,51세,경상
2013112000100445,2013년 11월 20일 18시,수요일,경상남도 통영시 무전동,사망사고,1,0,0,0,차대사람 - 횡단중,안전운전불이행,건조,맑음,단일로 - 기타,승용,남,51세,상해없음,보행자,남,73세,사망
2013112000100446,2013년 11월 20일 18시,수요일,경상남도 거제시 상동동,경상사고,0,0,2,0,차대차 - 추돌 - 진행중,안전운전불이행,건조,맑음,단일로 - 기타,승합,남,22세,상해없음,승용,여,48세,경상
2013112000100506,2013년 11월 20일 19시,수요일,경상남도 사천시 사남면,중상사고,0,1,0,0,차대사람 - 횡단중,안전운전불이행,건조,맑음,단일로 - 기타,승용,남,27세,상해없음,보행자,남,6세,중상
2013112000100507,2013년 11월 20일 19시,수요일,경상남도 김해시 삼계동,중상사고,0,1,0,0,차대사람 - 횡단중,안전운전불이행,건조,맑음,교차로 - 교차로부근,승용,여,60세,상해없음,보행자,남,10세,중상
2013112000100508,2013년 11월 20일 19시,수요일,경상남도 고성군 하일면,사망사고,1,0,0,0,차대사람 - 길가장자리구역통행중,안전운전불이행,건조,맑음,단일로 - 기타,화물,남,52세,상해없음,보행자,여,66세,사망
2013112000100509,2013년 11월 20일 19시,수요일,경상남도 거제시 고현동,경상사고,0,0,1,0,차대차 - 측면직각충돌,안전운전불이행,건조,맑음,단일로 - 기타,승용,남,53세,상해없음,승용,여,24세,경상
2013112000100510,2013년 11월 20일 19시,수요일,경상남도 거제시 장평동,경상사고,0,0,1,0,차대차 - 측면직각충돌,교차로운행방법위반,건조,맑음,교차로 - 교차로안,승용,여,34세,상해없음,이륜,남,37세,경상
2013112000100511,2013년 11월 20일 19시,수요일,경상남도 창원시 의창구 봉곡동,경상사고,0,0,1,0,차대차 - 기타,안전운전불이행,건조,맑음,단일로 - 기타,승용,남,53세,상해없음,자전거,남,23세,경상
2013112000100512,2013년 11월 20일 19시,수요일,경상남도 김해시 진영읍,중상사고,0,1,0,0,차대차 - 정면충돌,중앙선침범,건조,맑음,교차로 - 교차로안,승용,남,22세,상해없음,승용,남,36세,중상
2013112000100549,2013년 11월 20일 20시,수요일,경상남도 거제시 옥포동,중상사고,0,1,0,0,차대차 - 측면직각충돌,교차로운행방법위반,건조,맑음,교차로 - 교차로안,승용,남,29세,상해없음,이륜,남,38세,중상
2013112000100550,2013년 11월 20일 20시,수요일,경상남도 김해시 진영읍,경상사고,0,0,1,0,차대차 - 기타,교차로운행방법위반,건조,맑음,교차로 - 교차로안,승용,남,41세,상해없음,화물,남,40세,경상
2013112000100567,2013년 11월 20일 21시,수요일,경상남도 진주시 호탄동,중상사고,0,1,0,0,차대차 - 추돌 - 주정차중,안전운전불이행,건조,맑음,단일로 - 기타,승용,남,30세,상해없음,승용,남,26세,중상
2013112000100568,2013년 11월 20일 21시,수요일,경상남도 통영시 광도면,경상사고,0,0,1,0,차대차 - 추돌 - 주정차중,안전운전불이행,건조,맑음,교차로 - 교차로부근,승용,남,30세,상해없음,승용,남,67세,경상
2013112000100569,2013년 11월 20일 21시,수요일,경상남도 양산시 남부동,경상사고,0,0,1,0,차대차 - 측면직각충돌,직진우회전진행방해,건조,맑음,교차로 - 교차로안,승용,여,52세,상해없음,승용,남,54세,경상
2013112000100570,2013년 11월 20일 21시,수요일,경상남도 거제시 장승포동,경상사고,0,0,1,0,차대차 - 측면직각충돌,신호위반,건조,맑음,교차로 - 교차로안,승용,남,39세,상해없음,승합,남,52세,경상
2013112100100010,2013년 11월 21일 00시,목요일,경상남도 거창군 거창읍,경상사고,0,0,1,0,차대차 - 측면직각충돌,교차로운행방법위반,건조,맑음,교차로 - 교차로안,승용,남,48세,상해없음,승용,남,52세,경상
2013112100100011,2013년 11월 21일 00시,목요일,경상남도 창원시 성산구 가음정동,중상사고,0,1,0,0,차대사람 - 횡단중,안전운전불이행,기타,맑음,교차로 - 교차로안,승용,남,61세,상해없음,보행자,남,52세,중상
2013112100100012,2013년 11월 21일 00시,목요일,경상남도 창원시 의창구 대산면,사망사고,1,0,0,0,차대사람 - 횡단중,안전운전불이행,건조,맑음,단일로 - 기타,승용,남,35세,상해없음,보행자,남,39세,사망
2013112100100030,2013년 11월 21일 01시,목요일,경상남도 창원시 의창구 도계동,경상사고,0,0,1,0,차대차 - 기타,안전운전불이행,건조,맑음,교차로 - 교차로부근,승용,남,51세,상해없음,원동기,남,32세,경상
2013112100100049,2013년 11월 21일 03시,목요일,경상남도 양산시 삼호동,경상사고,0,0,2,0,차대차 - 측면직각충돌,안전운전불이행,건조,맑음,교차로 - 교차로안,승용,남,51세,상해없음,화물,남,62세,경상
2013112100100052,2013년 11월 21일 04시,목요일,경상남도 창녕군 계성면,사망사고,1,0,1,0,차대차 - 추돌 - 진행중,안전운전불이행,건조,맑음,단일로 - 기타,특수,남,45세,경상,화물,남,53세,사망
2013112100100078,2013년 11월 21일 06시,목요일,경상남도 거제시 고현동,중상사고,0,1,0,0,차대차 - 측면직각충돌,안전운전불이행,건조,맑음,단일로 - 기타,기타불명,기타불명,기타불명,기타불명,자전거,남,40세,중상
2013112100100098,2013년 11월 21일 07시,목요일,경상남도 사천시 벌리동,경상사고,0,0,1,0,차대사람 - 차도통행중,안전운전불이행,건조,맑음,단일로 - 기타,승용,여,18세,상해없음,보행자,여,17세,경상