사고번호,사고일시,요일,시군구,사고내용,사망자수,중상자수,경상자수,부상신고자수,사고유형,법규위반,노면상태,기상상태,도로형태,가해운전자 차종,가해운전자 성별,가해운전자 연령,가해운전자 상해정도,피해운전자 차종,피해운전자 성별,피해운전자 연령,피해운전자 상해정도
2013112100100099,2013년 11월 21일 07시,목요일,경상남도 양산시 주남동,중상사고,0,1,0,0,차대차 - 측면직각충돌,교차로운행방법위반,건조,맑음,교차로 - 교차로안,승용,남,48세,상해없음,승용,남,26세,중상
2013112100100139,2013년 11월 21일 08시,목요일,경상남도 사천시 실안동,중상사고,0,1,0,0,차대차 - 측면직각충돌,교차로운행방법위반,건조,맑음,교차로 - 교차로안,화물,남,67세,상해없음,이륜,남,23세,중상
2013112100100140,2013년 11월 21일 08시,목요일,경상남도 거제시 아주동,경상사고,0,0,1,0,차대차 - 기타,안전운전불이행,건조,맑음,단일로 - 기타,승용,남,56세,상해없음,승용,남,47세,경상
2013112100100167,2013년 11월 21일 09시,목요일,경상남도 거제시 고현동,경상사고,0,0,1,0,차대차 - 기타,안전운전불이행,건조,맑음,교차로 - 교차로안,건설기계,남,58세,상해없음,승용,여,30세,경상
2013112100100195,2013년 11월 21일 10시,목요일,경상남도 김해시 진영읍,경상사고,0,0,1,0,차대차 - 추돌 - 주정차중,안전거리미확보,건조,맑음,교차로 - 교차로안,승용,남,64세,상해없음,승용,남,32세,경상
2013112100100220,2013년 11월 21일 11시,목요일,경상남도 김해시 구산동,경상사고,0,0,2,0,차대차 - 측면직각충돌,직진우회전진행방해,건조,맑음,교차로 - 교차로안,화물,여,58세,경상,승합,남,37세,경상
2013112100100221,2013년 11월 21일 11시,목요일,경상남도 김해시 삼방동,중상사고,0,1,0,0,차대차 - 측면직각충돌,직진우회전진행방해,건조,맑음,교차로 - 교차로안,승용,여,54세,상해없음,승용,여,44세,중상
2013112100100222,2013년 11월 21일 11시,목요일,경상남도 함양군 함양읍,경상사고,0,0,2,0,차대차 - 추돌 - 주정차중,안전운전불이행,건조,맑음,교차로 - 교차로안,화물,남,61세,상해없음,승용,여,54세,경상
2013112100100223,2013년 11월 21일 11시,목요일,경상남도 김해시 한림면,중상사고,0,1,0,0,차대사람 - 횡단중,보행자보호의무위반,건조,맑음,단일로 - 횡단보도상,승용,여,58세,상해없음,보행자,여,54세,중상
2013112100100248,2013년 11월 21일 12시,목요일,경상남도 창원시 마산회원구 내서읍,중상사고,0,1,0,0,차대차 - 측면직각충돌,안전운전불이행,건조,맑음,단일로 - 기타,화물,남,21세,상해없음,이륜,남,51세,중상
2013112100100249,2013년 11월 21일 12시,목요일,경상남도 창원시 의창구 팔용동,부상신고사고,0,0,0,1,차대사람 - 길가장자리구역통행중,안전운전불이행,건조,맑음,단일로 - 기타,승용,남,58세,상해없음,보행자,여,47세,부상신고
2013112100100271,2013년 11월 21일 13시,목요일,경상남도 창원시 마산회원구 내서읍,경상사고,0,0,2,0,차대차 - 추돌 - 진행중,안전운전불이행,건조,맑음,교차로 - 교차로부근,화물,남,55세,상해없음,승용,남,54세,경상
2013112100100301,2013년 11월 21일 14시,목요일,경상남도 창원시 마산합포구 진북면,경상사고,0,0,1,0,차량단독 - 기타,안전운전불이행,건조,맑음,단일로 - 기타,원동기,남,59세,경상,,,,
2013112100100302,2013년 11월 21일 14시,목요일,경상남도 김해시 삼방동,경상사고,0,0,2,0,차대차 - 정면충돌,안전운전불이행,건조,맑음,단일로 - 기타,승합,남,53세,경상,승용,남,24세,경상
2013112100100303,2013년 11월 21일 14시,목요일,경상남도 김해시 내동,중상사고,0,1,0,0,차대사람 - 횡단중,보행자보호의무위반,건조,맑음,교차로 - 교차로부근,승용,여,42세,상해없음,보행자,남,88세,중상
2013112100100304,2013년 11월 21일 14시,목요일,경상남도 거제시 옥포동,중상사고,0,1,0,0,차대사람 - 기타,안전운전불이행,건조,맑음,교차로 - 교차로안,승용,남,28세,상해없음,보행자,남,72세,중상
2013112100100305,2013년 11월 21일 14시,목요일,경상남도 김해시 장유면,중상사고,0,2,0,0,차대차 - 정면충돌,중앙선침범,건조,맑음,단일로 - 기타,승용,남,21세,상해없음,승용,여,54세,중상
2013112100100345,2013년 11월 21일 15시,목요일,경상남도 진주시 장재동,중상사고,0,1,1,0,차대차 - 추돌 - 주정차중,안전운전불이행,건조,맑음,단일로 - 기타,승용,남,47세,경상,승합,남,59세,상해없음
2013112100100346,2013년 11월 21일 15시,목요일,경상남도 밀양시 내이동,부상신고사고,0,0,0,1,차대사람 - 횡단중,신호위반,건조,맑음,단일로 - 횡단보도상,승용,남,60세,상해없음,보행자,여,7세,부상신고
2013112100100380,2013년 11월 21일 16시,목요일,경상남도 김해시 부원동,중상사고,0,1,0,0,차대차 - 추돌 - 주정차중,안전운전불이행,건조,맑음,교차로 - 교차로부근,승합,남,47세,상해없음,승용,남,66세,중상
2013112100100418,2013년 11월 21일 17시,목요일,경상남도 창원시 진해구 마천동,중상사고,0,1,0,0,차대사람 - 기타,안전운전불이행,건조,맑음,단일로 - 기타,화물,남,65세,상해없음,보행자,여,53세,중상
2013112100100419,2013년 11월 21일 17시,목요일,경상남도 사천시 서포면,경상사고,0,0,2,0,차대차 - 기타,안전운전불이행,건조,맑음,단일로 - 기타,화물,남,65세,상해없음,승용,남,64세,상해없음
2013112100100420,2013년 11월 21일 17시,목요일,경상남도 거제시 옥포동,중상사고,0,1,0,0,차대차 - 기타,안전운전불이행,건조,맑음,단일로 - 기타,승용,남,57세,상해없음,이륜,남,40세,중상
2013112100100421,2013년 11월 21일 17시,목요일,경상남도 거제시 고현동,경상사고,0,0,1,0,차대차 - 추돌 - 진행중,신호위반,건조,맑음,교차로 - 교차로안,승합,남,55세,상해없음,승용,여,34세,경상
2013112100100422,2013년 11월 21일 17시,목요일,경상남도 창원시 의창구 용호동,경상사고,0,0,2,0,차대사람 - 기타,기타,건조,맑음,단일로 - 기타,승합,남,43세,상해없음,보행자,여,35세,경상
2013112100100423,2013년 11월 21일 17시,목요일,경상남도 창원시 마산합포구 산호동,중상사고,0,1,0,0,차대사람 - 기타,보행자보호의무위반,건조,맑음,단일로 - 기타,기타불명,기타불명,기타불명,기타불명,보행자,남,53세,중상
2013112100100474,2013년 11월 21일 18시,목요일,경상남도 밀양시 내이동,중상사고,0,1,1,0,차량단독 - 기타,안전운전불이행,건조,맑음,교차로 - 교차로안,승용,남,74세,경상,,,,
2013112100100475,2013년 11월 21일 18시,목요일,경상남도 거제시 장평동,경상사고,0,0,1,0,차대차 - 기타,안전운전불이행,건조,맑음,교차로 - 교차로안,자전거,남,43세,상해없음,이륜,남,39세,경상
2013112100100476,2013년 11월 21일 18시,목요일,경상남도 거제시 연초면,중상사고,0,1,0,1,차대차 - 기타,안전운전불이행,건조,맑음,단일로 - 기타,승합,남,55세,상해없음,승용,남,52세,중상
2013112100100477,2013년 11월 21일 18시,목요일,경상남도 거제시 장승포동,경상사고,0,0,2,0,차대차 - 기타,안전운전불이행,건조,맑음,단일로 - 기타,이륜,남,40세,경상,이륜,남,62세,경상
2013112100100552,2013년 11월 21일 20시,목요일,경상남도 진주시 집현면,중상사고,0,3,0,0,차대차 - 기타,중앙선침범,건조,맑음,단일로 - 기타,승용,남,69세,중상,승용,남,51세,중상
2013112100100553,2013년 11월 21일 20시,목요일,경상남도 양산시 신기동,중상사고,0,1,0,0,차대차 - 측면직각충돌,직진우회전진행방해,건조,맑음,교차로 - 교차로안,승용,남,34세,상해없음,원동기,남,54세,중상
2013112100100554,2013년 11월 21일 20시,목요일,경상남도 창원시 마산회원구 두척동,경상사고,0,0,1,0,차대차 - 측면직각충돌,안전운전불이행,건조,맑음,교차로 - 교차로부근,승용,남,53세,상해없음,승용,남,47세,경상
2013112100100586,2013년 11월 21일 21시,목요일,경상남도 사천시 사천읍,경상사고,0,0,1,0,차대차 - 측면직각충돌,교차로운행방법위반,건조,맑음,교차로 - 교차로안,승용,남,23세,상해없음,승용,여,54세,경상
2013112100100587,2013년 11월 21일 21시,목요일,경상남도 양산시 유산동,중상사고,0,1,0,0,차대사람 - 횡단중,신호위반,건조,맑음,단일로 - 횡단보도상,승합,남,35세,상해없음,보행자,여,63세,중상
2013112100100588,2013년 11월 21일 21시,목요일,경상남도 고성군 거류면,중상사고,0,1,1,0,차대차 - 측면직각충돌,중앙선침범,건조,맑음,단일로 - 기타,승용,남,37세,상해없음,승용,남,48세,상해없음
2013112100100589,2013년 11월 21일 21시,목요일,경상남도 김해시 진영읍,경상사고,0,0,1,0,차대사람 - 횡단중,안전운전불이행,건조,맑음,단일로 - 기타,승용,남,56세,상해없음,보행자,여,53세,경상
2013112100100590,2013년 11월 21일 21시,목요일,경상남도 김해시 진영읍,중상사고,0,1,0,0,차량단독 - 공작물충돌,안전운전불이행,건조,맑음,단일로 - 기타,화물,남,55세,중상,,,,
2013112100100628,2013년 11월 21일 22시,목요일,경상남도 진주시 칠암동,경상사고,0,0,4,0,차대차 - 기타,교차로운행방법위반,건조,맑음,교차로 - 교차로안,승용,남,56세,상해없음,승용,여,32세,경상
2013112100100629,2013년 11월 21일 22시,목요일,경상남도 창원시 진해구 자은동,경상사고,0,0,3,0,차대차 - 기타,차로위반,건조,맑음,단일로 - 기타,승용,여,53세,경상,승용,남,46세,경상
2013112100100630,2013년 11월 21일 22시,목요일,경상남도 함양군 함양읍,중상사고,0,1,0,0,차대차 - 측면직각충돌,교차로운행방법위반,건조,맑음,교차로 - 교차로안,승용,남,42세,상해없음,승용,여,31세,중상
2013112200100022,2013년 11월 22일 00시,금요일,경상남도 진주시 강남동,중상사고,0,1,0,0,차대차 - 정면충돌,중앙선침범,건조,맑음,단일로 - 기타,승용,남,25세,상해없음,승용,남,66세,중상
2013112200100060,2013년 11월 22일 03시,금요일,경상남도 거제시 덕포동,중상사고,0,1,1,0,차량단독 - 도로외이탈 - 기타,안전운전불이행,건조,맑음,단일로 - 기타,승용,남,26세,경상,,,,
2013112200100079,2013년 11월 22일 05시,금요일,경상남도 창원시 마산합포구 동성동,경상사고,0,0,1,0,차대차 - 기타,안전운전불이행,건조,맑음,교차로 - 교차로안,승용,남,55세,상해없음,원동기,남,21세,경상
2013112200100093,2013년 11월 22일 06시,금요일,경상남도 사천시 사남면,중상사고,0,2,2,0,차대차 - 측면직각충돌,신호위반,건조,맑음,교차로 - 교차로안,화물,남,53세,경상,승용,남,58세,중상
2013112200100094,2013년 11월 22일 06시,금요일,경상남도 김해시 부원동,중상사고,0,1,1,0,차대차 - 정면충돌,신호위반,건조,맑음,교차로 - 교차로안,승용,남,59세,경상,승용,남,58세,중상
2013112200100095,2013년 11월 22일 06시,금요일,경상남도 거제시 아주동,경상사고,0,0,1,1,차대차 - 기타,안전운전불이행,건조,맑음,단일로 - 기타,승용,남,50세,상해없음,승용,남,38세,부상신고
2013112200100120,2013년 11월 22일 07시,금요일,경상남도 진주시 가좌동,경상사고,0,0,1,0,차대사람 - 횡단중,안전운전불이행,건조,맑음,단일로 - 기타,승용,남,29세,상해없음,보행자,여,45세,경상
2013112200100121,2013년 11월 22일 07시,금요일,경상남도 창원시 의창구 중동,중상사고,0,1,0,0,차대차 - 정면충돌,안전운전불이행,건조,맑음,교차로 - 교차로안,승용,남,30세,상해없음,화물,남,42세,중상
2013112200100157,2013년 11월 22일 08시,금요일,경상남도 진주시 하대동,중상사고,0,1,0,0,차대사람 - 횡단중,안전운전불이행,건조,맑음,교차로 - 교차로안,건설기계,남,39세,상해없음,보행자,여,82세,중상
2013112200100158,2013년 11월 22일 08시,금요일,경상남도 진주시 초전동,중상사고,0,1,0,0,차대사람 - 횡단중,보행자보호의무위반,건조,맑음,교차로 - 교차로부근,승용,여,45세,상해없음,보행자,여,74세,중상
2013112200100159,2013년 11월 22일 08시,금요일,경상남도 창원시 진해구 풍호동,경상사고,0,0,2,0,차대차 - 측면직각충돌,신호위반,건조,맑음,교차로 - 교차로안,승용,여,30세,상해없음,승용,여,41세,경상
2013112200100160,2013년 11월 22일 08시,금요일,경상남도 창녕군 계성면,중상사고,0,1,0,0,차량단독 - 기타,안전운전불이행,건조,맑음,단일로 - 기타,승합,남,39세,상해없음,,,,
2013112200100161,2013년 11월 22일 08시,금요일,경상남도 산청군 단성면,경상사고,0,0,1,0,차대사람 - 횡단중,신호위반,건조,맑음,교차로 - 교차로안,승용,여,50세,상해없음,보행자,남,16세,경상
2013112200100162,2013년 11월 22일 08시,금요일,경상남도 함안군 칠원면,경상사고,0,0,1,0,차대차 - 측면직각충돌,안전운전불이행,건조,맑음,단일로 - 횡단보도상,승용,남,32세,상해없음,자전거,남,8세,경상
2013112200100163,2013년 11월 22일 08시,금요일,경상남도 창원시 의창구 대산면,중상사고,0,1,0,0,차대차 - 측면직각충돌,안전운전불이행,건조,맑음,교차로 - 교차로안,승용,남,70세,상해없음,승용,여,43세,중상
2013112200100187,2013년 11월 22일 09시,금요일,경상남도 양산시 동면,중상사고,0,2,0,0,차대차 - 기타,안전운전불이행,건조,맑음,교차로 - 교차로부근,승용,여,39세,상해없음,승용,여,39세,중상
2013112200100188,2013년 11월 22일 09시,금요일,경상남도 고성군 고성읍,경상사고,0,0,1,0,차대차 - 측면직각충돌,교차로운행방법위반,건조,맑음,교차로 - 교차로안,화물,남,64세,상해없음,승용,남,41세,경상
2013112200100210,2013년 11월 22일 10시,금요일,경상남도 합천군 봉산면,경상사고,0,0,2,0,차대차 - 추돌 - 진행중,안전운전불이행,건조,맑음,단일로 - 기타,화물,남,65세,상해없음,승용,남,29세,경상
2013112200100243,2013년 11월 22일 11시,금요일,경상남도 김해시 삼정동,중상사고,0,1,2,0,차대차 - 측면직각충돌,직진우회전진행방해,건조,맑음,교차로 - 교차로안,승용,여,31세,경상,승용,남,61세,경상
2013112200100244,2013년 11월 22일 11시,금요일,경상남도 김해시 장유면,경상사고,0,0,1,0,차대차 - 추돌 - 진행중,안전운전불이행,건조,맑음,교차로 - 교차로부근,화물,남,38세,경상,화물,남,67세,상해없음
2013112200100266,2013년 11월 22일 12시,금요일,경상남도 양산시 물금읍,중상사고,0,1,0,0,차대사람 - 횡단중,안전운전불이행,건조,맑음,단일로 - 기타,화물,남,31세,상해없음,보행자,남,65세,중상
2013112200100267,2013년 11월 22일 12시,금요일,경상남도 창원시 의창구 도계동,경상사고,0,0,2,0,차대차 - 추돌 - 주정차중,안전운전불이행,건조,맑음,교차로 - 교차로부근,승용,남,32세,상해없음,승용,여,43세,경상
2013112200100268,2013년 11월 22일 12시,금요일,경상남도 창원시 의창구 북면,경상사고,0,0,1,0,차대차 - 측면직각충돌,직진우회전진행방해,건조,맑음,교차로 - 교차로안,승용,여,76세,상해없음,승용,여,58세,경상
2013112200100291,2013년 11월 22일 13시,금요일,경상남도 창원시 성산구 상남동,경상사고,0,0,1,0,차대사람 - 기타,안전운전불이행,건조,맑음,단일로 - 기타,화물,남,45세,상해없음,보행자,남,66세,경상
2013112200100309,2013년 11월 22일 14시,금요일,경상남도 양산시 상북면,경상사고,0,0,2,0,차대차 - 기타,안전운전불이행,건조,맑음,단일로 - 기타,화물,남,34세,상해없음,승용,남,32세,경상
2013112200100326,2013년 11월 22일 14시,금요일,경상남도 창녕군 대지면,중상사고,0,1,0,0,차량단독 - 공작물충돌,안전운전불이행,건조,맑음,단일로 - 기타,화물,남,62세,중상,,,,
2013112200100327,2013년 11월 22일 14시,금요일,경상남도 거제시 고현동,중상사고,0,1,0,0,차대차 - 기타,안전운전불이행,건조,맑음,단일로 - 기타,승용,여,43세,상해없음,이륜,남,70세,중상
2013112200100328,2013년 11월 22일 14시,금요일,경상남도 창원시 의창구 팔용동,경상사고,0,0,1,0,차대차 - 측면직각충돌,안전운전불이행,건조,맑음,교차로 - 교차로부근,승용,남,54세,상해없음,승용,남,24세,상해없음
2013112200100364,2013년 11월 22일 15시,금요일,경상남도 거제시 고현동,경상사고,0,0,8,0,차대차 - 추돌 - 진행중,안전운전불이행,건조,맑음,단일로 - 기타,승용,남,21세,상해없음,승용,남,40세,경상
2013112200100392,2013년 11월 22일 16시,금요일,경상남도 진주시 평거동,경상사고,0,0,1,0,차대차 - 측면직각충돌,교차로운행방법위반,건조,맑음,교차로 - 교차로안,화물,남,52세,상해없음,승용,여,32세,경상
2013112200100393,2013년 11월 22일 16시,금요일,경상남도 진주시 평안동,중상사고,0,1,0,0,차대차 - 측면직각충돌,신호위반,건조,맑음,교차로 - 교차로안,승용,여,57세,상해없음,승용,남,42세,중상
2013112200100394,2013년 11월 22일 16시,금요일,경상남도 하동군 악양면,중상사고,0,1,0,0,차대사람 - 차도통행중,안전운전불이행,건조,맑음,단일로 - 기타,화물,여,63세,상해없음,보행자,남,12세,중상
2013112200100431,2013년 11월 22일 17시,금요일,경상남도 고성군 고성읍,경상사고,0,0,1,0,차대차 - 측면직각충돌,교차로운행방법위반,건조,맑음,교차로 - 교차로안,승용,남,67세,상해없음,승용,남,61세,상해없음
2013112200100432,2013년 11월 22일 17시,금요일,경상남도 남해군 이동면,중상사고,0,1,2,3,차대차 - 추돌 - 주정차중,안전운전불이행,건조,맑음,기타 - 기타,화물,남,62세,경상,승합,남,40세,상해없음
2013112200100433,2013년 11월 22일 17시,금요일,경상남도 창원시 의창구 봉곡동,경상사고,0,0,1,0,차대차 - 측면직각충돌,안전운전불이행,건조,맑음,교차로 - 교차로부근,화물,남,49세,기타불명,승용,남,30세,경상
2013112200100487,2013년 11월 22일 18시,금요일,경상남도 진주시 주약동,중상사고,0,1,0,0,차대차 - 추돌 - 진행중,안전운전불이행,건조,맑음,단일로 - 기타,승용,여,51세,상해없음,농기계,남,72세,중상
2013112200100488,2013년 11월 22일 18시,금요일,경상남도 거제시 옥포동,경상사고,0,0,1,0,차대차 - 기타,안전운전불이행,건조,맑음,단일로 - 기타,승용,남,35세,상해없음,원동기,남,17세,경상
2013112200100489,2013년 11월 22일 18시,금요일,경상남도 창원시 성산구 남산동,사망사고,1,0,0,0,차대차 - 측면직각충돌,안전운전불이행,건조,맑음,단일로 - 기타,화물,남,69세,상해없음,이륜,남,50세,사망
2013112200100490,2013년 11월 22일 18시,금요일,경상남도 창원시 성산구 대방동,경상사고,0,0,1,0,차대사람 - 횡단중,보행자보호의무위반,건조,맑음,교차로 - 교차로부근,화물,남,34세,상해없음,보행자,여,20세,경상
2013112200100532,2013년 11월 22일 19시,금요일,경상남도 진주시 상평동,사망사고,1,0,0,0,차대사람 - 횡단중,안전운전불이행,건조,맑음,단일로 - 기타,승용,남,53세,상해없음,보행자,남,57세,사망
2013112200100533,2013년 11월 22일 19시,금요일,경상남도 진주시 상대동,중상사고,0,1,0,0,차대차 - 측면직각충돌,직진우회전진행방해,건조,맑음,교차로 - 교차로안,화물,남,38세,상해없음,원동기,남,44세,중상
2013112200100604,2013년 11월 22일 21시,금요일,경상남도 양산시 북정동,부상신고사고,0,0,0,1,차대사람 - 기타,안전운전불이행,건조,맑음,교차로 - 교차로안,승용,여,45세,상해없음,보행자,남,46세,부상신고
2013112200100637,2013년 11월 22일 22시,금요일,경상남도 사천시 용강동,경상사고,0,0,1,0,차대차 - 측면직각충돌,교차로운행방법위반,건조,맑음,교차로 - 교차로안,승용,여,58세,상해없음,승용,여,30세,경상
2013112200100665,2013년 11월 22일 23시,금요일,경상남도 김해시 삼방동,중상사고,0,1,1,0,차대차 - 추돌 - 진행중,교차로운행방법위반,건조,맑음,교차로 - 교차로안,승용,남,26세,상해없음,이륜,남,17세,중상
2013112200100666,2013년 11월 22일 23시,금요일,경상남도 양산시 남부동,중상사고,0,1,0,0,차대차 - 기타,직진우회전진행방해,건조,맑음,교차로 - 교차로안,승용,여,46세,상해없음,승용,남,58세,중상
2013112200100667,2013년 11월 22일 23시,금요일,경상남도 산청군 산청읍,중상사고,0,1,0,0,차대사람 - 길가장자리구역통행중,안전운전불이행,건조,맑음,단일로 - 기타,승용,여,42세,상해없음,보행자,남,48세,중상
2013112300100019,2013년 11월 23일 00시,토요일,경상남도 밀양시 상남면,중상사고,0,1,0,0,차대차 - 정면충돌,중앙선침범,건조,맑음,단일로 - 기타,화물,남,52세,상해없음,화물,여,35세,중상
2013112300100087,2013년 11월 23일 04시,토요일,경상남도 진주시 평안동,중상사고,0,1,0,0,차대사람 - 차도통행중,안전운전불이행,건조,맑음,단일로 - 기타,승용,남,24세,상해없음,보행자,여,62세,중상
2013112300100098,2013년 11월 23일 05시,토요일,경상남도 창원시 성산구 신촌동,경상사고,0,0,2,0,차대차 - 정면충돌,중앙선침범,건조,맑음,교차로 - 교차로부근,승용,남,25세,상해없음,승용,여,59세,경상
2013112300100125,2013년 11월 23일 06시,토요일,경상남도 함안군 칠서면,중상사고,0,1,0,0,차대차 - 추돌 - 진행중,안전운전불이행,건조,맑음,단일로 - 기타,화물,남,29세,중상,건설기계,남,47세,상해없음
2013112300100144,2013년 11월 23일 07시,토요일,경상남도 거창군 거창읍,중상사고,0,1,0,0,차대사람 - 횡단중,안전운전불이행,건조,맑음,교차로 - 교차로안,승용,여,50세,상해없음,보행자,여,73세,중상
2013112300100160,2013년 11월 23일 08시,토요일,경상남도 남해군 남해읍,경상사고,0,0,1,1,차대차 - 기타,교차로운행방법위반,건조,맑음,교차로 - 교차로안,승용,남,41세,부상신고,승용,여,24세,상해없음
2013112300100190,2013년 11월 23일 09시,토요일,경상남도 합천군 합천읍,중상사고,0,2,0,0,차대차 - 측면직각충돌,신호위반,건조,맑음,교차로 - 교차로안,승용,남,24세,상해없음,화물,남,45세,중상
2013112300100191,2013년 11월 23일 09시,토요일,경상남도 함양군 함양읍,중상사고,0,1,0,0,차대사람 - 횡단중,안전운전불이행,건조,맑음,교차로 - 교차로안,승용,남,19세,상해없음,보행자,남,6세,중상
2013112300100220,2013년 11월 23일 10시,토요일,경상남도 창원시 마산합포구 상남동,경상사고,0,0,2,0,차대차 - 추돌 - 진행중,안전거리미확보,건조,맑음,교차로 - 교차로부근,승용,남,63세,상해없음,승용,남,64세,경상
2013112300100246,2013년 11월 23일 11시,토요일,경상남도 진주시 중안동,중상사고,0,1,0,0,차대사람 - 기타,안전운전불이행,건조,맑음,단일로 - 기타,승용,남,44세,상해없음,보행자,여,56세,중상
2013112300100247,2013년 11월 23일 11시,토요일,경상남도 김해시 대동면,중상사고,0,1,1,0,차대차 - 기타,안전운전불이행,건조,맑음,단일로 - 기타,승용,여,58세,중상,승용,남,59세,경상
2013112300100292,2013년 11월 23일 12시,토요일,경상남도 창원시 마산합포구 교방동,경상사고,0,0,2,0,차대차 - 추돌 - 주정차중,안전운전불이행,건조,맑음,교차로 - 교차로안,승용,남,47세,상해없음,승용,남,52세,경상
2013112300100293,2013년 11월 23일 12시,토요일,경상남도 사천시 곤양면,중상사고,0,2,0,0,차량단독 - 전도전복,안전운전불이행,건조,맑음,교차로 - 교차로안,원동기,여,70세,중상,,,,
2013112300100319,2013년 11월 23일 13시,토요일,경상남도 창원시 진해구 풍호동,경상사고,0,0,2,0,차대차 - 측면직각충돌,안전운전불이행,건조,맑음,교차로 - 교차로안,승용,여,34세,경상,화물,남,57세,경상
2013112300100320,2013년 11월 23일 13시,토요일,경상남도 사천시 동금동,경상사고,0,0,1,0,차대차 - 기타,교차로운행방법위반,건조,맑음,교차로 - 교차로부근,승용,남,66세,상해없음,원동기,남,41세,경상
2013112300100321,2013년 11월 23일 13시,토요일,경상남도 하동군 옥종면,중상사고,0,1,0,0,차대사람 - 차도통행중,안전운전불이행,건조,맑음,단일로 - 기타,승용,남,57세,상해없음,보행자,여,75세,중상
2013112300100322,2013년 11월 23일 13시,토요일,경상남도 창원시 의창구 소계동,중상사고,0,1,2,0,차대차 - 측면직각충돌,안전운전불이행,건조,맑음,교차로 - 교차로안,승용,남,59세,상해없음,승용,남,30세,경상
2013112300100353,2013년 11월 23일 14시,토요일,경상남도 김해시 한림면,경상사고,0,0,2,0,차대차 - 측면직각충돌,중앙선침범,건조,맑음,교차로 - 교차로부근,승용,여,35세,상해없음,승용,여,30세,경상
2013112300100383,2013년 11월 23일 15시,토요일,경상남도 고성군 하이면,사망사고,1,0,0,0,차량단독 - 기타,안전운전불이행,건조,맑음,단일로 - 기타,농기계,남,57세,상해없음,,,,
2013112300100384,2013년 11월 23일 15시,토요일,경상남도 창원시 마산회원구 구암동,중상사고,0,1,0,0,차대사람 - 횡단중,안전운전불이행,건조,맑음,단일로 - 기타,승용,남,64세,상해없음,보행자,여,7세,중상
2013112300100417,2013년 11월 23일 16시,토요일,경상남도 창원시 진해구 마천동,경상사고,0,0,1,0,차량단독 - 전도전복,안전운전불이행,건조,맑음,교차로 - 교차로안,원동기,남,71세,상해없음,,,,
2013112300100418,2013년 11월 23일 16시,토요일,경상남도 창원시 성산구 귀곡동,중상사고,0,1,0,0,차대사람 - 횡단중,안전운전불이행,건조,맑음,단일로 - 기타,화물,남,46세,상해없음,보행자,여,66세,중상
2013112300100462,2013년 11월 23일 17시,토요일,경상남도 진주시 상평동,경상사고,0,0,1,0,차량단독 - 기타,안전운전불이행,건조,맑음,단일로 - 기타,승용,남,52세,경상,,,,
2013112300100463,2013년 11월 23일 17시,토요일,경상남도 밀양시 산외면,경상사고,0,0,1,0,차대차 - 추돌 - 주정차중,안전운전불이행,건조,맑음,단일로 - 기타,승용,여,42세,상해없음,화물,남,43세,경상
2013112300100504,2013년 11월 23일 18시,토요일,경상남도 고성군 고성읍,경상사고,0,0,2,0,차대차 - 추돌 - 주정차중,안전거리미확보,건조,맑음,단일로 - 기타,화물,남,58세,상해없음,승용,남,67세,경상
2013112300100505,2013년 11월 23일 18시,토요일,경상남도 남해군 남해읍,경상사고,0,0,1,0,차대차 - 기타,교차로운행방법위반,건조,맑음,교차로 - 교차로안,이륜,남,20세,경상,화물,남,53세,상해없음
2013112300100547,2013년 11월 23일 19시,토요일,경상남도 거제시 옥포동,경상사고,0,0,1,0,차대사람 - 기타,보행자보호의무위반,건조,맑음,단일로 - 횡단보도상,승용,남,34세,상해없음,보행자,여,36세,경상
2013112300100548,2013년 11월 23일 19시,토요일,경상남도 창원시 성산구 남산동,중상사고,0,1,0,0,차대사람 - 횡단중,안전운전불이행,건조,맑음,단일로 - 기타,승합,남,44세,상해없음,보행자,여,25세,중상
2013112300100615,2013년 11월 23일 21시,토요일,경상남도 창원시 의창구 동읍,중상사고,0,1,0,0,차대차 - 추돌 - 진행중,안전거리미확보,건조,맑음,교차로 - 교차로부근,승용,남,37세,상해없음,원동기,남,31세,중상
2013112300100638,2013년 11월 23일 22시,토요일,경상남도 김해시 풍유동,중상사고,0,1,0,0,차대차 - 추돌 - 주정차중,안전거리미확보,건조,맑음,교차로 - 교차로부근,승용,남,39세,상해없음,승용,남,52세,중상
2013112300100659,2013년 11월 23일 23시,토요일,경상남도 양산시 덕계동,경상사고,0,0,1,0,차량단독 - 공작물충돌,안전운전불이행,건조,맑음,교차로 - 교차로부근,승용,남,54세,상해없음,,,,
2013112400100014,2013년 11월 24일 00시,일요일,경상남도 창원시 마산합포구 산호동,중상사고,0,1,0,0,차대사람 - 횡단중,안전운전불이행,건조,맑음,단일로 - 횡단보도상,승용,남,42세,상해없음,보행자,남,57세,중상
2013112400100036,2013년 11월 24일 01시,일요일,경상남도 거제시 옥포동,부상신고사고,0,0,0,1,차대차 - 측면직각충돌,안전운전불이행,건조,맑음,단일로 - 기타,승용,남,50세,상해없음,승용,남,32세,부상신고
2013112400100076,2013년 11월 24일 04시,일요일,경상남도 김해시 어방동,중상사고,0,1,0,0,차대차 - 측면직각충돌,신호위반,건조,맑음,교차로 - 교차로안,승용,남,52세,상해없음,승용,남,41세,중상