사고번호,사고일시,요일,시군구,사고내용,사망자수,중상자수,경상자수,부상신고자수,사고유형,법규위반,노면상태,기상상태,도로형태,가해운전자 차종,가해운전자 성별,가해운전자 연령,가해운전자 상해정도,피해운전자 차종,피해운전자 성별,피해운전자 연령,피해운전자 상해정도
2013112700100403,2013년 11월 27일 17시,수요일,경상남도 거제시 거제면,경상사고,0,0,2,0,차대차 - 기타,안전운전불이행,건조,맑음,교차로 - 교차로안,승용,남,52세,상해없음,승용,여,39세,경상
2013112700100404,2013년 11월 27일 17시,수요일,경상남도 창원시 의창구 팔용동,중상사고,0,1,0,0,차대차 - 기타,안전운전불이행,습기,흐림,교차로 - 교차로안,승용,여,31세,상해없음,원동기,남,39세,중상
2013112700100405,2013년 11월 27일 17시,수요일,경상남도 김해시 진영읍,중상사고,0,1,2,0,차대차 - 추돌 - 주정차중,안전거리미확보,건조,맑음,단일로 - 기타,승용,여,39세,상해없음,승용,여,42세,경상
2013112700100463,2013년 11월 27일 18시,수요일,경상남도 함안군 함안면,중상사고,0,1,2,0,차대차 - 추돌 - 진행중,안전운전불이행,건조,맑음,교차로 - 교차로부근,화물,남,61세,상해없음,화물,남,56세,상해없음
2013112700100547,2013년 11월 27일 20시,수요일,경상남도 창원시 진해구 용원동,경상사고,0,0,1,0,차대차 - 기타,안전운전불이행,건조,맑음,단일로 - 기타,원동기,남,16세,경상,승용,남,44세,상해없음
2013112700100548,2013년 11월 27일 20시,수요일,경상남도 통영시 명정동,중상사고,0,1,0,0,차대차 - 추돌 - 진행중,안전운전불이행,건조,맑음,교차로 - 교차로안,승합,남,44세,상해없음,승용,남,30세,중상
2013112700100549,2013년 11월 27일 20시,수요일,경상남도 함안군 가야읍,사망사고,1,0,0,0,차대사람 - 기타,안전운전불이행,건조,맑음,단일로 - 기타,승용,남,48세,상해없음,보행자,남,9세,상해없음
2013112700100615,2013년 11월 27일 22시,수요일,경상남도 창원시 진해구 여좌동,경상사고,0,0,1,0,차대차 - 추돌 - 주정차중,안전운전불이행,건조,맑음,교차로 - 교차로부근,승용,남,63세,상해없음,승용,남,64세,경상
2013112700100616,2013년 11월 27일 22시,수요일,경상남도 사천시 사천읍,중상사고,0,1,2,0,차대차 - 측면직각충돌,신호위반,건조,맑음,교차로 - 교차로안,승용,여,43세,상해없음,승용,여,39세,중상
2013112700100617,2013년 11월 27일 22시,수요일,경상남도 김해시 장유면,경상사고,0,0,1,0,차대차 - 정면충돌,신호위반,건조,맑음,교차로 - 교차로안,승용,여,56세,상해없음,승용,여,56세,경상
2013112800100015,2013년 11월 28일 00시,목요일,경상남도 양산시 북부동,사망사고,1,0,0,0,차량단독 - 기타,안전운전불이행,건조,맑음,단일로 - 기타,원동기,남,72세,사망,,,,
2013112800100016,2013년 11월 28일 00시,목요일,경상남도 창원시 의창구 팔용동,경상사고,0,0,1,0,차대차 - 기타,교차로운행방법위반,건조,맑음,교차로 - 교차로안,승용,남,69세,상해없음,승용,남,45세,상해없음
2013112800100056,2013년 11월 28일 04시,목요일,경상남도 창원시 마산합포구 상남동,경상사고,0,0,1,0,차대차 - 기타,교차로운행방법위반,건조,흐림,교차로 - 교차로안,승용,남,55세,상해없음,승용,남,26세,경상
2013112800100065,2013년 11월 28일 05시,목요일,경상남도 사천시 축동면,경상사고,0,0,1,0,차량단독 - 전도전복,안전운전불이행,습기,맑음,단일로 - 기타,승용,여,44세,경상,,,,
2013112800100080,2013년 11월 28일 06시,목요일,경상남도 진주시 판문동,중상사고,0,1,0,0,차대차 - 측면직각충돌,교차로운행방법위반,건조,맑음,교차로 - 교차로안,승합,남,56세,상해없음,원동기,남,58세,중상
2013112800100081,2013년 11월 28일 06시,목요일,경상남도 김해시 삼계동,중상사고,0,1,1,0,차대차 - 기타,중앙선침범,건조,맑음,단일로 - 기타,승용,남,33세,중상,화물,남,50세,경상
2013112800100097,2013년 11월 28일 07시,목요일,경상남도 진주시 초전동,경상사고,0,0,1,0,차대차 - 기타,안전운전불이행,건조,맑음,교차로 - 교차로안,승용,여,42세,상해없음,원동기,남,49세,경상
2013112800100098,2013년 11월 28일 07시,목요일,경상남도 고성군 회화면,경상사고,0,0,1,0,차대차 - 측면직각충돌,교차로운행방법위반,건조,맑음,교차로 - 교차로안,승용,남,61세,상해없음,승용,남,40세,경상
2013112800100099,2013년 11월 28일 07시,목요일,경상남도 창원시 마산회원구 양덕동,중상사고,0,1,0,0,차대차 - 측면직각충돌,안전운전불이행,건조,맑음,단일로 - 횡단보도상,화물,남,27세,상해없음,자전거,남,65세,중상
2013112800100140,2013년 11월 28일 08시,목요일,경상남도 거창군 마리면,중상사고,0,1,0,0,차대차 - 정면충돌,안전운전불이행,적설,눈,기타 - 기타,승용,여,35세,상해없음,승용,여,32세,중상
2013112800100141,2013년 11월 28일 08시,목요일,경상남도 합천군 묘산면,중상사고,0,1,0,0,차량단독 - 도로외이탈 - 추락,안전운전불이행,적설,흐림,단일로 - 기타,화물,남,64세,중상,,,,
2013112800100142,2013년 11월 28일 08시,목요일,경상남도 거제시 연초면,중상사고,0,1,0,0,차대차 - 추돌 - 진행중,중앙선침범,건조,맑음,단일로 - 기타,승용,남,25세,상해없음,승합,남,26세,중상
2013112800100143,2013년 11월 28일 08시,목요일,경상남도 김해시 진영읍,중상사고,0,1,2,0,차대차 - 추돌 - 진행중,안전운전불이행,건조,맑음,교차로 - 교차로부근,승용,여,51세,상해없음,승용,남,40세,중상
2013112800100221,2013년 11월 28일 11시,목요일,경상남도 창원시 마산회원구 구암동,사망사고,1,0,0,0,차대차 - 측면직각충돌,안전운전불이행,건조,맑음,교차로 - 교차로안,화물,남,45세,상해없음,원동기,남,72세,사망
2013112800100251,2013년 11월 28일 12시,목요일,경상남도 창원시 진해구 이동,경상사고,0,0,1,0,차대차 - 기타,안전운전불이행,건조,맑음,교차로 - 교차로안,자전거,남,74세,경상,승용,여,47세,상해없음
2013112800100271,2013년 11월 28일 13시,목요일,경상남도 창원시 마산합포구 신포동1가,중상사고,0,1,0,0,차대차 - 측면직각충돌,직진우회전진행방해,건조,맑음,교차로 - 교차로안,승용,남,32세,상해없음,승용,남,39세,중상
2013112800100297,2013년 11월 28일 14시,목요일,경상남도 창녕군 장마면,중상사고,0,1,1,0,차대사람 - 기타,안전운전불이행,건조,맑음,단일로 - 기타,승용,남,73세,상해없음,보행자,여,69세,중상
2013112800100330,2013년 11월 28일 15시,목요일,경상남도 창원시 의창구 명서동,경상사고,0,0,1,0,차대사람 - 기타,기타,건조,맑음,단일로 - 기타,승용,남,58세,상해없음,보행자,남,8세,경상
2013112800100331,2013년 11월 28일 15시,목요일,경상남도 김해시 장유면,경상사고,0,0,1,0,차대차 - 추돌 - 진행중,안전운전불이행,건조,맑음,단일로 - 기타,화물,남,41세,상해없음,승용,남,61세,경상
2013112800100352,2013년 11월 28일 16시,목요일,경상남도 김해시 대동면,사망사고,1,3,0,0,차대차 - 측면직각충돌,교차로운행방법위반,건조,맑음,교차로 - 교차로안,승용,남,39세,중상,승합,남,79세,사망
2013112800100393,2013년 11월 28일 17시,목요일,경상남도 김해시 어방동,경상사고,0,0,1,0,차대사람 - 길가장자리구역통행중,안전운전불이행,건조,맑음,단일로 - 기타,승용,여,43세,상해없음,보행자,남,16세,경상
2013112800100394,2013년 11월 28일 17시,목요일,경상남도 김해시 내동,중상사고,0,1,0,0,차대사람 - 횡단중,신호위반,건조,맑음,단일로 - 횡단보도상,승합,남,27세,상해없음,보행자,남,12세,중상
2013112800100446,2013년 11월 28일 18시,목요일,경상남도 통영시 정량동,중상사고,0,1,0,0,차량단독 - 기타,안전운전불이행,건조,맑음,단일로 - 기타,승합,남,36세,상해없음,,,,
2013112800100447,2013년 11월 28일 18시,목요일,경상남도 사천시 곤명면,중상사고,0,1,0,0,차대차 - 기타,차로위반,건조,맑음,교차로 - 교차로부근,승용,남,44세,상해없음,승용,남,57세,상해없음
2013112800100448,2013년 11월 28일 18시,목요일,경상남도 밀양시 산외면,중상사고,0,1,1,0,차대차 - 추돌 - 진행중,안전운전불이행,건조,맑음,단일로 - 기타,화물,남,49세,경상,건설기계,남,50세,중상
2013112800100449,2013년 11월 28일 18시,목요일,경상남도 김해시 대동면,중상사고,0,1,1,0,차대차 - 추돌 - 진행중,안전운전불이행,건조,맑음,단일로 - 기타,화물,남,34세,상해없음,승용,남,62세,경상
2013112800100450,2013년 11월 28일 18시,목요일,경상남도 양산시 소주동,경상사고,0,0,1,0,차대사람 - 기타,안전운전불이행,건조,맑음,단일로 - 기타,기타불명,기타불명,기타불명,기타불명,보행자,남,13세,경상
2013112800100451,2013년 11월 28일 18시,목요일,경상남도 의령군 의령읍,사망사고,1,1,0,0,차대차 - 추돌 - 진행중,안전운전불이행,건조,맑음,단일로 - 기타,화물,남,70세,중상,농기계,남,67세,사망
2013112800100492,2013년 11월 28일 19시,목요일,경상남도 창원시 의창구 명서동,경상사고,0,0,1,0,차대차 - 기타,신호위반,건조,맑음,교차로 - 교차로안,승용,여,45세,상해없음,승용,남,56세,경상
2013112800100520,2013년 11월 28일 20시,목요일,경상남도 사천시 사천읍,경상사고,0,0,1,0,차대차 - 기타,안전운전불이행,건조,맑음,교차로 - 교차로부근,원동기,남,29세,상해없음,승용,남,45세,상해없음
2013112800100556,2013년 11월 28일 21시,목요일,경상남도 양산시 동면,중상사고,0,1,1,1,차대차 - 측면직각충돌,안전거리미확보,건조,맑음,단일로 - 기타,승합,남,50세,상해없음,승용,남,37세,상해없음
2013112800100592,2013년 11월 28일 22시,목요일,경상남도 함안군 칠원면,중상사고,0,1,0,0,차량단독 - 공작물충돌,안전운전불이행,건조,맑음,단일로 - 기타,승용,남,31세,중상,,,,
2013112800100593,2013년 11월 28일 22시,목요일,경상남도 창원시 마산회원구 내서읍,경상사고,0,0,1,0,차대차 - 기타,안전운전불이행,건조,맑음,단일로 - 기타,승용,남,46세,상해없음,화물,남,36세,경상
2013112800100620,2013년 11월 28일 23시,목요일,경상남도 통영시 미수동,경상사고,0,0,1,0,차대차 - 측면직각충돌,신호위반,건조,맑음,교차로 - 교차로안,승용,남,34세,상해없음,이륜,남,22세,경상
2013112800100621,2013년 11월 28일 23시,목요일,경상남도 밀양시 교동,부상신고사고,0,0,0,1,차대차 - 기타,교차로운행방법위반,건조,맑음,교차로 - 교차로안,화물,남,53세,상해없음,승용,남,40세,상해없음
2013112900100016,2013년 11월 29일 00시,금요일,경상남도 김해시 풍유동,중상사고,0,1,3,0,차대차 - 추돌 - 진행중,안전운전불이행,건조,맑음,단일로 - 기타,승용,남,29세,상해없음,승용,여,37세,경상
2013112900100026,2013년 11월 29일 01시,금요일,경상남도 거제시 아주동,경상사고,0,0,1,0,차대차 - 측면직각충돌,안전운전불이행,건조,맑음,교차로 - 교차로안,승용,여,45세,상해없음,승용,남,22세,경상
2013112900100027,2013년 11월 29일 01시,금요일,경상남도 창원시 의창구 신월동,중상사고,0,2,0,0,차대차 - 측면직각충돌,중앙선침범,건조,맑음,단일로 - 횡단보도부근,승용,여,55세,상해없음,승용,남,52세,중상
2013112900100028,2013년 11월 29일 01시,금요일,경상남도 창원시 의창구 소답동,경상사고,0,0,1,0,차대차 - 기타,차로위반,건조,맑음,단일로 - 기타,승용,여,21세,상해없음,승용,남,51세,상해없음
2013112900100067,2013년 11월 29일 05시,금요일,경상남도 창원시 마산회원구 내서읍,중상사고,0,2,1,0,차대차 - 측면직각충돌,신호위반,기타,기타,교차로 - 교차로안,승용,남,47세,중상,승용,남,71세,경상
2013112900100079,2013년 11월 29일 06시,금요일,경상남도 김해시 삼방동,중상사고,0,1,0,0,차대차 - 측면직각충돌,교차로운행방법위반,건조,맑음,교차로 - 교차로안,승용,남,27세,상해없음,승용,남,38세,중상
2013112900100080,2013년 11월 29일 06시,금요일,경상남도 김해시 진례면,중상사고,0,1,0,0,차대차 - 측면직각충돌,중앙선침범,건조,맑음,단일로 - 기타,화물,남,57세,상해없음,화물,남,41세,중상
2013112900100105,2013년 11월 29일 07시,금요일,경상남도 창원시 성산구 웅남동,중상사고,0,1,0,0,차대차 - 측면직각충돌,신호위반,건조,맑음,교차로 - 교차로안,승용,남,46세,상해없음,이륜,남,58세,중상
2013112900100106,2013년 11월 29일 07시,금요일,경상남도 김해시 진례면,경상사고,0,0,1,1,차대차 - 추돌 - 주정차중,안전거리미확보,결빙,맑음,단일로 - 기타,승용,남,42세,부상신고,승용,남,39세,경상
2013112900100151,2013년 11월 29일 08시,금요일,경상남도 창원시 마산합포구 오동동,경상사고,0,0,1,0,차대차 - 기타,안전운전불이행,건조,맑음,교차로 - 교차로부근,승용,남,42세,상해없음,승용,남,33세,경상
2013112900100152,2013년 11월 29일 08시,금요일,경상남도 창원시 진해구 여좌동,경상사고,0,0,1,0,차대사람 - 횡단중,안전운전불이행,건조,맑음,교차로 - 교차로부근,승용,남,36세,상해없음,보행자,여,2세,경상
2013112900100153,2013년 11월 29일 08시,금요일,경상남도 김해시 지내동,경상사고,0,0,1,0,차대사람 - 길가장자리구역통행중,안전운전불이행,건조,맑음,단일로 - 기타,승용,남,37세,상해없음,보행자,남,15세,경상
2013112900100186,2013년 11월 29일 09시,금요일,경상남도 합천군 삼가면,중상사고,0,1,0,0,차대차 - 측면직각충돌,안전운전불이행,건조,맑음,단일로 - 기타,이륜,여,57세,중상,승용,남,57세,상해없음
2013112900100212,2013년 11월 29일 10시,금요일,경상남도 통영시 평림동,사망사고,1,0,0,0,차량단독 - 기타,안전운전불이행,건조,맑음,단일로 - 기타,농기계,남,75세,사망,,,,
2013112900100213,2013년 11월 29일 10시,금요일,경상남도 거창군 거창읍,중상사고,0,1,2,0,차대차 - 측면직각충돌,안전운전불이행,건조,맑음,단일로 - 기타,건설기계,남,47세,상해없음,승용,남,78세,경상
2013112900100214,2013년 11월 29일 10시,금요일,경상남도 양산시 물금읍,중상사고,0,1,0,0,차대사람 - 기타,안전운전불이행,건조,맑음,단일로 - 횡단보도부근,승합,남,53세,상해없음,보행자,여,74세,중상
2013112900100249,2013년 11월 29일 11시,금요일,경상남도 사천시 선구동,경상사고,0,0,1,0,차대차 - 측면직각충돌,신호위반,건조,맑음,교차로 - 교차로안,승용,여,47세,상해없음,승용,여,33세,경상
2013112900100250,2013년 11월 29일 11시,금요일,경상남도 김해시 내동,중상사고,0,1,0,0,차대차 - 측면직각충돌,신호위반,건조,맑음,교차로 - 교차로안,이륜,남,18세,상해없음,승용,여,29세,중상
2013112900100251,2013년 11월 29일 11시,금요일,경상남도 김해시 삼정동,경상사고,0,0,1,0,차대사람 - 기타,안전운전불이행,건조,맑음,단일로 - 기타,승용,남,53세,상해없음,보행자,여,18세,경상
2013112900100252,2013년 11월 29일 11시,금요일,경상남도 김해시 주촌면,중상사고,0,1,0,0,차대차 - 추돌 - 진행중,안전거리미확보,건조,맑음,교차로 - 교차로부근,건설기계,남,45세,상해없음,승용,남,45세,중상
2013112900100278,2013년 11월 29일 12시,금요일,경상남도 사천시 곤양면,경상사고,0,0,1,0,차대차 - 추돌 - 진행중,안전거리미확보,건조,맑음,단일로 - 기타,이륜,남,73세,경상,승용,남,57세,상해없음
2013112900100306,2013년 11월 29일 13시,금요일,경상남도 거제시 옥포동,중상사고,0,1,1,0,차대차 - 추돌 - 진행중,신호위반,건조,맑음,교차로 - 교차로안,화물,남,54세,상해없음,승용,남,35세,중상
2013112900100307,2013년 11월 29일 13시,금요일,경상남도 창원시 마산합포구 산호동,중상사고,0,1,0,0,차대사람 - 길가장자리구역통행중,안전운전불이행,건조,맑음,단일로 - 기타,승용,여,56세,상해없음,보행자,여,60세,중상
2013112900100370,2013년 11월 29일 15시,금요일,경상남도 밀양시 삼문동,중상사고,0,1,0,0,차대사람 - 보도통행중,안전운전불이행,건조,맑음,단일로 - 기타,원동기,남,56세,상해없음,보행자,남,11세,중상
2013112900100371,2013년 11월 29일 15시,금요일,경상남도 김해시 삼계동,경상사고,0,0,2,0,차대차 - 측면직각충돌,교차로운행방법위반,건조,맑음,교차로 - 교차로안,승용,남,46세,상해없음,승용,남,42세,경상
2013112900100372,2013년 11월 29일 15시,금요일,경상남도 고성군 고성읍,중상사고,0,1,1,0,차대차 - 측면직각충돌,안전운전불이행,건조,맑음,단일로 - 기타,승용,남,62세,상해없음,승용,남,53세,중상
2013112900100404,2013년 11월 29일 16시,금요일,경상남도 창원시 성산구 상남동,중상사고,0,1,0,0,차대사람 - 기타,안전운전불이행,기타,맑음,기타 - 기타,승용,여,47세,기타불명,보행자,남,65세,중상
2013112900100405,2013년 11월 29일 16시,금요일,경상남도 창원시 마산회원구 내서읍,중상사고,0,1,0,0,차대사람 - 기타,안전운전불이행,건조,맑음,교차로 - 교차로안,승용,남,49세,상해없음,보행자,남,50세,중상
2013112900100449,2013년 11월 29일 17시,금요일,경상남도 진주시 상평동,경상사고,0,0,1,0,차대차 - 측면직각충돌,직진우회전진행방해,건조,맑음,교차로 - 교차로안,이륜,남,37세,경상,승용,남,36세,상해없음
2013112900100501,2013년 11월 29일 18시,금요일,경상남도 김해시 구산동,중상사고,0,1,0,0,차대사람 - 횡단중,보행자보호의무위반,건조,맑음,교차로 - 교차로부근,승용,남,47세,상해없음,보행자,여,70세,중상
2013112900100502,2013년 11월 29일 18시,금요일,경상남도 합천군 대양면,경상사고,0,0,1,0,차대사람 - 기타,안전운전불이행,건조,맑음,단일로 - 기타,화물,남,34세,상해없음,보행자,남,39세,경상
2013112900100504,2013년 11월 29일 18시,금요일,경상남도 산청군 단성면,중상사고,0,3,2,0,차대차 - 측면직각충돌,중앙선침범,건조,맑음,단일로 - 기타,화물,남,61세,상해없음,승용,남,38세,중상
2013112900100541,2013년 11월 29일 19시,금요일,경상남도 창원시 진해구 석동,중상사고,0,1,0,0,차대사람 - 기타,신호위반,건조,맑음,교차로 - 교차로안,승합,남,24세,상해없음,보행자,남,62세,중상
2013112900100542,2013년 11월 29일 19시,금요일,경상남도 김해시 불암동,경상사고,0,0,1,1,차대차 - 기타,안전거리미확보,건조,맑음,단일로 - 기타,승용,남,27세,부상신고,승용,남,46세,경상
2013112900100543,2013년 11월 29일 19시,금요일,경상남도 거제시 연초면,중상사고,0,2,0,0,차대차 - 기타,신호위반,건조,맑음,교차로 - 교차로안,승용,남,63세,상해없음,승용,여,25세,중상
2013112900100544,2013년 11월 29일 19시,금요일,경상남도 거제시 고현동,중상사고,0,1,1,0,차대차 - 기타,신호위반,건조,맑음,교차로 - 교차로안,승용,남,32세,상해없음,이륜,남,16세,중상
2013112900100545,2013년 11월 29일 19시,금요일,경상남도 창원시 의창구 서상동,중상사고,0,1,0,0,차대사람 - 횡단중,안전운전불이행,건조,맑음,단일로 - 기타,화물,남,31세,상해없음,보행자,여,48세,중상
2013112900100605,2013년 11월 29일 21시,금요일,경상남도 김해시 삼정동,사망사고,1,1,0,0,차대사람 - 기타,안전운전불이행,건조,맑음,교차로 - 교차로안,화물,남,26세,상해없음,보행자,여,57세,사망
2013112900100606,2013년 11월 29일 21시,금요일,경상남도 합천군 대병면,경상사고,0,0,1,0,차대차 - 정면충돌,중앙선침범,건조,맑음,단일로 - 기타,화물,남,47세,상해없음,승용,여,47세,경상
2013112900100607,2013년 11월 29일 21시,금요일,경상남도 양산시 신기동,부상신고사고,0,0,0,4,차대차 - 측면직각충돌,교차로운행방법위반,건조,맑음,교차로 - 교차로안,승용,여,39세,기타불명,승용,여,37세,부상신고
2013112900100608,2013년 11월 29일 21시,금요일,경상남도 창원시 마산회원구 내서읍,경상사고,0,0,1,0,차대차 - 측면직각충돌,안전운전불이행,건조,맑음,단일로 - 기타,승용,남,36세,상해없음,이륜,남,17세,경상
2013112900100640,2013년 11월 29일 22시,금요일,경상남도 함안군 가야읍,중상사고,0,1,0,0,차대차 - 측면직각충돌,신호위반,건조,맑음,교차로 - 교차로안,승용,남,66세,상해없음,승합,남,50세,중상
2013112900100683,2013년 11월 29일 23시,금요일,경상남도 진주시 신안동,중상사고,0,2,3,0,차대차 - 측면직각충돌,신호위반,건조,맑음,교차로 - 교차로안,승용,남,31세,상해없음,승용,남,34세,중상
2013113000100022,2013년 11월 30일 00시,토요일,경상남도 양산시 중부동,중상사고,0,1,0,0,차대사람 - 기타,안전운전불이행,건조,맑음,기타 - 기타,이륜,남,16세,상해없음,보행자,남,22세,중상
2013113000100023,2013년 11월 30일 00시,토요일,경상남도 창원시 마산회원구 내서읍,경상사고,0,0,2,0,차대차 - 기타,안전운전불이행,건조,맑음,단일로 - 기타,승용,남,24세,상해없음,화물,여,46세,경상
2013113000100065,2013년 11월 30일 02시,토요일,경상남도 거제시 장평동,중상사고,0,2,0,0,차대차 - 기타,안전운전불이행,건조,맑음,단일로 - 기타,승합,남,48세,상해없음,승용,남,33세,중상
2013113000100088,2013년 11월 30일 04시,토요일,경상남도 진주시 호탄동,중상사고,0,1,0,0,차대사람 - 횡단중,안전운전불이행,건조,맑음,단일로 - 기타,승용,여,30세,상해없음,보행자,남,26세,중상
2013113000100095,2013년 11월 30일 05시,토요일,경상남도 진주시 하대동,중상사고,0,1,0,0,차대차 - 측면직각충돌,신호위반,건조,맑음,교차로 - 교차로안,승합,남,49세,상해없음,승용,여,42세,중상
2013113000100113,2013년 11월 30일 06시,토요일,경상남도 창원시 의창구 도계동,경상사고,0,0,2,0,차대차 - 측면직각충돌,신호위반,건조,맑음,교차로 - 교차로안,화물,남,64세,상해없음,승용,남,59세,경상
2013113000100123,2013년 11월 30일 07시,토요일,경상남도 사천시 용현면,경상사고,0,0,1,0,차량단독 - 공작물충돌,안전운전불이행,결빙,맑음,단일로 - 교량,승용,남,21세,경상,,,,
2013113000100144,2013년 11월 30일 08시,토요일,경상남도 창원시 마산합포구 진동면,중상사고,0,1,0,0,차대사람 - 횡단중,보행자보호의무위반,건조,맑음,교차로 - 교차로안,화물,남,61세,상해없음,보행자,여,56세,중상
2013113000100145,2013년 11월 30일 08시,토요일,경상남도 진주시 명석면,경상사고,0,0,1,0,차대사람 - 기타,안전운전불이행,건조,맑음,단일로 - 기타,승용,남,56세,상해없음,보행자,여,37세,경상
2013113000100146,2013년 11월 30일 08시,토요일,경상남도 하동군 진교면,경상사고,0,0,2,0,차대차 - 측면직각충돌,신호위반,건조,맑음,교차로 - 교차로안,화물,여,66세,상해없음,승용,남,71세,경상
2013113000100147,2013년 11월 30일 08시,토요일,경상남도 창원시 의창구 동읍,중상사고,0,1,0,0,차대차 - 추돌 - 주정차중,안전운전불이행,건조,맑음,단일로 - 기타,이륜,남,47세,중상,이륜,남,43세,상해없음
2013113000100165,2013년 11월 30일 09시,토요일,경상남도 사천시 동동,중상사고,0,2,0,0,차대차 - 측면직각충돌,교차로운행방법위반,건조,맑음,교차로 - 교차로안,승용,여,70세,상해없음,원동기,남,69세,중상
2013113000100191,2013년 11월 30일 10시,토요일,경상남도 창원시 마산회원구 구암동,경상사고,0,0,1,0,차대차 - 측면직각충돌,신호위반,건조,맑음,교차로 - 교차로안,승용,남,32세,상해없음,승용,남,32세,경상
2013113000100226,2013년 11월 30일 11시,토요일,경상남도 진주시 옥봉동,경상사고,0,0,1,0,차대차 - 기타,안전운전불이행,건조,맑음,단일로 - 기타,승용,여,55세,상해없음,이륜,남,71세,경상
2013113000100227,2013년 11월 30일 11시,토요일,경상남도 김해시 불암동,중상사고,0,1,0,0,차대차 - 측면직각충돌,직진우회전진행방해,건조,맑음,교차로 - 교차로부근,승용,남,33세,상해없음,원동기,남,73세,중상
2013113000100228,2013년 11월 30일 11시,토요일,경상남도 김해시 외동,경상사고,0,0,2,0,차대차 - 측면직각충돌,안전운전불이행,건조,맑음,교차로 - 교차로안,승용,남,46세,상해없음,승용,남,24세,상해없음
2013113000100269,2013년 11월 30일 12시,토요일,경상남도 통영시 도천동,경상사고,0,0,2,0,차대차 - 추돌 - 진행중,안전거리미확보,건조,맑음,교차로 - 교차로부근,화물,남,48세,상해없음,화물,남,46세,상해없음
2013113000100302,2013년 11월 30일 13시,토요일,경상남도 사천시 서동,중상사고,0,1,0,0,차대사람 - 차도통행중,안전운전불이행,건조,맑음,단일로 - 기타,승용,남,69세,상해없음,보행자,남,45세,중상
2013113000100303,2013년 11월 30일 13시,토요일,경상남도 밀양시 상동면,경상사고,0,0,1,0,차대차 - 기타,안전운전불이행,건조,맑음,단일로 - 기타,승용,남,34세,상해없음,이륜,남,64세,상해없음
2013113000100304,2013년 11월 30일 13시,토요일,경상남도 김해시 내동,중상사고,0,1,0,0,차대차 - 측면직각충돌,신호위반,건조,맑음,교차로 - 교차로안,이륜,남,76세,중상,승용,여,28세,상해없음
2013113000100305,2013년 11월 30일 13시,토요일,경상남도 김해시 내동,중상사고,0,1,0,0,차대차 - 측면직각충돌,안전거리미확보,건조,맑음,단일로 - 기타,자전거,남,68세,중상,화물,남,30세,상해없음
2013113000100335,2013년 11월 30일 14시,토요일,경상남도 진주시 가좌동,중상사고,0,1,0,0,차대사람 - 횡단중,보행자보호의무위반,건조,맑음,교차로 - 교차로안,승용,남,59세,상해없음,보행자,여,66세,중상
2013113000100362,2013년 11월 30일 15시,토요일,경상남도 김해시 삼방동,중상사고,0,3,1,1,차대차 - 추돌 - 주정차중,안전운전불이행,건조,맑음,단일로 - 기타,승용,여,33세,부상신고,승용,남,36세,중상
2013113000100386,2013년 11월 30일 16시,토요일,경상남도 함안군 칠원면,중상사고,0,1,11,1,차대차 - 추돌 - 진행중,안전운전불이행,건조,맑음,단일로 - 기타,승합,여,53세,경상,승용,여,35세,경상
2013113000100422,2013년 11월 30일 17시,토요일,경상남도 김해시 삼계동,중상사고,0,1,0,0,차대차 - 측면직각충돌,중앙선침범,건조,맑음,단일로 - 기타,승용,여,40세,상해없음,이륜,남,23세,중상
2013113000100423,2013년 11월 30일 17시,토요일,경상남도 합천군 합천읍,중상사고,0,2,0,0,차대차 - 측면직각충돌,신호위반,건조,맑음,교차로 - 교차로안,화물,남,47세,상해없음,승용,남,25세,중상
2013113000100424,2013년 11월 30일 17시,토요일,경상남도 창원시 의창구 동읍,경상사고,0,0,1,0,차대차 - 추돌 - 주정차중,안전운전불이행,건조,맑음,단일로 - 기타,화물,남,52세,상해없음,승용,여,31세,경상
2013113000100477,2013년 11월 30일 18시,토요일,경상남도 통영시 용남면,경상사고,0,0,1,0,차대차 - 측면직각충돌,안전운전불이행,건조,맑음,단일로 - 기타,기타불명,기타불명,기타불명,기타불명,승용,남,46세,경상
2013113000100478,2013년 11월 30일 18시,토요일,경상남도 김해시 외동,중상사고,0,1,0,0,차대사람 - 횡단중,안전운전불이행,건조,맑음,교차로 - 교차로안,승용,여,38세,상해없음,보행자,여,85세,중상
2013113000100479,2013년 11월 30일 18시,토요일,경상남도 거제시 사등면,중상사고,0,1,0,0,차대차 - 기타,안전운전불이행,건조,맑음,교차로 - 교차로부근,승용,여,45세,상해없음,이륜,남,46세,중상
2013113000100480,2013년 11월 30일 18시,토요일,경상남도 남해군 이동면,사망사고,1,0,0,0,차대사람 - 횡단중,안전운전불이행,건조,맑음,단일로 - 기타,승용,남,51세,상해없음,보행자,여,87세,사망
2013113000100481,2013년 11월 30일 18시,토요일,경상남도 김해시 장유면,경상사고,0,0,1,0,차대사람 - 횡단중,안전운전불이행,건조,맑음,교차로 - 교차로안,승합,남,57세,상해없음,보행자,남,9세,경상
2013113000100520,2013년 11월 30일 19시,토요일,경상남도 김해시 장유면,중상사고,0,1,0,0,차대차 - 측면직각충돌,안전운전불이행,건조,맑음,교차로 - 교차로부근,승용,남,55세,상해없음,원동기,남,48세,중상