사고번호,사고일시,요일,시군구,사고내용,사망자수,중상자수,경상자수,부상신고자수,사고유형,법규위반,노면상태,기상상태,도로형태,가해운전자 차종,가해운전자 성별,가해운전자 연령,가해운전자 상해정도,피해운전자 차종,피해운전자 성별,피해운전자 연령,피해운전자 상해정도
2013113000100555,2013년 11월 30일 20시,토요일,경상남도 김해시 장유면,중상사고,0,5,1,0,차대차 - 측면직각충돌,교차로운행방법위반,건조,맑음,교차로 - 교차로안,승용,여,41세,상해없음,승용,남,55세,경상
2013113000100589,2013년 11월 30일 21시,토요일,경상남도 함안군 가야읍,경상사고,0,0,2,0,차대차 - 측면직각충돌,신호위반,건조,맑음,교차로 - 교차로안,화물,남,58세,상해없음,승용,여,53세,경상
2013113000100590,2013년 11월 30일 21시,토요일,경상남도 창원시 마산회원구 석전동,사망사고,1,0,0,0,차대사람 - 차도통행중,안전운전불이행,건조,맑음,교차로 - 교차로안,승용,남,56세,상해없음,보행자,남,69세,사망
2013113000100614,2013년 11월 30일 22시,토요일,경상남도 창녕군 남지읍,경상사고,0,0,1,0,차대차 - 측면직각충돌,안전운전불이행,건조,맑음,교차로 - 교차로안,승용,남,51세,상해없음,승용,여,60세,경상
2013113000100615,2013년 11월 30일 22시,토요일,경상남도 양산시 삼호동,중상사고,0,1,1,0,차대사람 - 횡단중,안전운전불이행,건조,맑음,단일로 - 기타,승용,남,34세,상해없음,보행자,남,41세,경상
2013113000100616,2013년 11월 30일 22시,토요일,경상남도 남해군 창선면,중상사고,0,1,1,0,차량단독 - 공작물충돌,안전운전불이행,건조,맑음,단일로 - 기타,승용,남,32세,경상,,,,
2013120100100020,2013년 12월 1일 00시,일요일,경상남도 양산시 북정동,중상사고,0,1,0,0,차대차 - 측면직각충돌,직진우회전진행방해,건조,맑음,교차로 - 교차로안,승용,남,47세,상해없음,이륜,남,35세,중상
2013120100100021,2013년 12월 1일 00시,일요일,경상남도 거제시 아주동,중상사고,0,1,0,0,차대사람 - 기타,보행자보호의무위반,건조,맑음,단일로 - 횡단보도상,승용,남,41세,상해없음,보행자,남,42세,중상
2013120100100037,2013년 12월 1일 01시,일요일,경상남도 거창군 거창읍,중상사고,0,1,0,0,차대차 - 측면직각충돌,안전운전불이행,건조,맑음,교차로 - 교차로부근,승용,남,34세,상해없음,원동기,여,49세,중상
2013120100100038,2013년 12월 1일 01시,일요일,경상남도 창원시 의창구 소답동,중상사고,0,1,0,0,차대사람 - 횡단중,안전운전불이행,건조,맑음,교차로 - 교차로부근,승용,남,62세,상해없음,보행자,남,59세,중상
2013120100100058,2013년 12월 1일 02시,일요일,경상남도 창원시 마산합포구 산호동,경상사고,0,0,1,0,차대사람 - 기타,안전운전불이행,건조,맑음,교차로 - 교차로부근,승용,남,54세,상해없음,보행자,남,30세,경상
2013120100100069,2013년 12월 1일 03시,일요일,경상남도 거제시 연초면,경상사고,0,0,1,0,차대차 - 추돌 - 주정차중,안전운전불이행,건조,맑음,단일로 - 기타,승용,남,34세,상해없음,승용,남,51세,경상
2013120100100112,2013년 12월 1일 06시,일요일,경상남도 거제시 고현동,경상사고,0,0,1,0,차대차 - 기타,안전운전불이행,건조,맑음,단일로 - 기타,승용,여,53세,상해없음,이륜,남,17세,경상
2013120100100121,2013년 12월 1일 07시,일요일,경상남도 김해시 생림면,사망사고,1,1,0,0,차량단독 - 공작물충돌,안전운전불이행,건조,맑음,단일로 - 기타,승용,남,68세,중상,,,,
2013120100100128,2013년 12월 1일 08시,일요일,경상남도 거창군 거창읍,중상사고,0,1,0,0,차대차 - 측면직각충돌,교차로운행방법위반,건조,맑음,교차로 - 교차로안,승용,여,60세,상해없음,이륜,남,25세,중상
2013120100100133,2013년 12월 1일 09시,일요일,경상남도 김해시 삼정동,경상사고,0,0,4,0,차대차 - 기타,안전운전불이행,건조,맑음,단일로 - 기타,화물,남,53세,상해없음,승용,남,56세,경상
2013120100100184,2013년 12월 1일 11시,일요일,경상남도 하동군 북천면,중상사고,0,1,1,0,차대차 - 측면직각충돌,안전운전불이행,건조,맑음,단일로 - 기타,화물,남,61세,상해없음,승용,남,50세,경상
2013120100100212,2013년 12월 1일 12시,일요일,경상남도 창원시 진해구 자은동,중상사고,0,1,2,0,차대차 - 추돌 - 주정차중,안전운전불이행,건조,맑음,교차로 - 교차로안,승용,남,63세,상해없음,승용,여,39세,경상
2013120100100213,2013년 12월 1일 12시,일요일,경상남도 밀양시 교동,경상사고,0,0,3,0,차대차 - 측면직각충돌,교차로운행방법위반,건조,맑음,교차로 - 교차로안,승용,여,56세,상해없음,승용,남,25세,경상
2013120100100239,2013년 12월 1일 13시,일요일,경상남도 진주시 정촌면,중상사고,0,4,3,0,차대차 - 추돌 - 주정차중,안전운전불이행,건조,맑음,단일로 - 기타,승용,남,51세,상해없음,승용,여,43세,중상
2013120100100240,2013년 12월 1일 13시,일요일,경상남도 김해시 외동,경상사고,0,0,1,0,차대차 - 추돌 - 주정차중,안전운전불이행,건조,맑음,단일로 - 기타,화물,남,33세,상해없음,승용,남,39세,경상
2013120100100241,2013년 12월 1일 13시,일요일,경상남도 양산시 북부동,중상사고,0,1,0,0,차대사람 - 횡단중,보행자보호의무위반,건조,맑음,단일로 - 횡단보도상,승용,여,39세,상해없음,보행자,여,46세,중상
2013120100100258,2013년 12월 1일 14시,일요일,경상남도 김해시 장유면,중상사고,0,1,0,0,차대차 - 기타,안전운전불이행,건조,맑음,교차로 - 교차로부근,승용,남,51세,상해없음,화물,남,50세,상해없음
2013120100100267,2013년 12월 1일 15시,일요일,경상남도 김해시 상동면,경상사고,0,0,5,0,차대차 - 추돌 - 진행중,안전거리미확보,건조,맑음,단일로 - 기타,화물,남,51세,경상,승용,남,55세,경상
2013120100100303,2013년 12월 1일 16시,일요일,경상남도 창녕군 창녕읍,중상사고,0,2,0,0,차량단독 - 공작물충돌,기타,건조,맑음,단일로 - 기타,승용,남,68세,상해없음,,,,
2013120100100369,2013년 12월 1일 18시,일요일,경상남도 김해시 봉황동,중상사고,0,1,0,0,차대차 - 측면직각충돌,교차로운행방법위반,건조,맑음,교차로 - 교차로안,승용,남,27세,상해없음,이륜,남,43세,중상
2013120100100370,2013년 12월 1일 18시,일요일,경상남도 창원시 성산구 내동,경상사고,0,0,1,0,차대사람 - 횡단중,안전운전불이행,건조,맑음,단일로 - 기타,원동기,남,26세,상해없음,보행자,여,6세,경상
2013120100100400,2013년 12월 1일 19시,일요일,경상남도 밀양시 상남면,중상사고,0,1,3,0,차대차 - 기타,안전운전불이행,건조,맑음,단일로 - 기타,승용,남,54세,상해없음,승용,남,52세,경상
2013120100100416,2013년 12월 1일 20시,일요일,경상남도 김해시 대동면,중상사고,0,1,0,0,차대사람 - 기타,안전운전불이행,건조,맑음,단일로 - 기타,승용,여,36세,상해없음,보행자,남,31세,중상
2013120100100432,2013년 12월 1일 20시,일요일,경상남도 창원시 마산합포구 완월동,경상사고,0,0,1,1,차대차 - 측면직각충돌,신호위반,건조,맑음,교차로 - 교차로안,화물,남,63세,경상,화물,남,61세,상해없음
2013120100100433,2013년 12월 1일 20시,일요일,경상남도 진주시 이현동,중상사고,0,1,0,0,차대사람 - 횡단중,안전운전불이행,건조,맑음,단일로 - 기타,승용,남,63세,상해없음,보행자,여,55세,중상
2013120100100434,2013년 12월 1일 20시,일요일,경상남도 창원시 의창구 신월동,중상사고,0,1,0,0,차대차 - 기타,안전운전불이행,건조,맑음,교차로 - 교차로안,승용,남,28세,상해없음,이륜,남,39세,중상
2013120100100452,2013년 12월 1일 21시,일요일,경상남도 밀양시 삼문동,경상사고,0,0,2,0,차대차 - 기타,안전운전불이행,건조,맑음,단일로 - 기타,승용,남,28세,상해없음,승용,남,38세,경상
2013120100100453,2013년 12월 1일 21시,일요일,경상남도 김해시 내동,중상사고,0,1,0,0,차대사람 - 보도통행중,보행자보호의무위반,건조,맑음,교차로 - 교차로안,승용,남,47세,상해없음,보행자,남,54세,중상
2013120100100454,2013년 12월 1일 21시,일요일,경상남도 창원시 의창구 봉곡동,중상사고,0,1,0,0,차대차 - 추돌 - 진행중,안전운전불이행,건조,맑음,단일로 - 기타,승용,남,26세,상해없음,승용,남,46세,기타불명
2013120100100483,2013년 12월 1일 23시,일요일,경상남도 밀양시 상동면,사망사고,3,0,0,0,차대사람 - 기타,안전운전불이행,건조,맑음,단일로 - 교량,화물,남,38세,상해없음,보행자,여,18세,사망
2013120100100487,2013년 12월 1일 23시,일요일,경상남도 김해시 장유면,경상사고,0,0,2,0,차대차 - 측면직각충돌,교차로운행방법위반,건조,맑음,교차로 - 교차로안,승용,남,36세,상해없음,승용,여,44세,경상
2013120200100034,2013년 12월 2일 04시,월요일,경상남도 김해시 부원동,중상사고,0,1,0,0,차대차 - 측면직각충돌,안전거리미확보,건조,맑음,단일로 - 기타,승용,남,18세,상해없음,승용,남,61세,중상
2013120200100064,2013년 12월 2일 06시,월요일,경상남도 거제시 아주동,사망사고,1,0,0,0,차량단독 - 전도전복,안전운전불이행,건조,맑음,단일로 - 기타,이륜,남,57세,상해없음,,,,
2013120200100095,2013년 12월 2일 07시,월요일,경상남도 양산시 물금읍,경상사고,0,0,1,0,차대차 - 기타,안전운전불이행,건조,맑음,교차로 - 교차로부근,승용,여,52세,상해없음,승용,여,54세,경상
2013120200100127,2013년 12월 2일 08시,월요일,경상남도 창원시 진해구 부흥동,경상사고,0,0,1,0,차대차 - 측면직각충돌,차로위반,건조,맑음,단일로 - 기타,승용,남,69세,상해없음,승용,남,48세,경상
2013120200100128,2013년 12월 2일 08시,월요일,경상남도 사천시 향촌동,중상사고,0,1,0,0,차대차 - 기타,교차로운행방법위반,건조,맑음,교차로 - 교차로안,승용,여,52세,상해없음,농기계,남,69세,중상
2013120200100129,2013년 12월 2일 08시,월요일,경상남도 거제시 상동동,중상사고,0,1,0,0,차대차 - 추돌 - 진행중,교차로운행방법위반,건조,맑음,교차로 - 교차로안,화물,남,40세,상해없음,승용,여,27세,중상
2013120200100130,2013년 12월 2일 08시,월요일,경상남도 창원시 마산회원구 석전동,경상사고,0,0,2,0,차대차 - 추돌 - 진행중,안전운전불이행,건조,맑음,단일로 - 기타,승용,남,57세,상해없음,승용,남,58세,경상
2013120200100157,2013년 12월 2일 09시,월요일,경상남도 거제시 고현동,경상사고,0,0,1,0,차대사람 - 보도통행중,신호위반,건조,맑음,단일로 - 기타,이륜,남,62세,기타불명,보행자,여,31세,경상
2013120200100158,2013년 12월 2일 09시,월요일,경상남도 김해시 흥동,사망사고,1,0,1,0,차대사람 - 횡단중,안전운전불이행,건조,맑음,단일로 - 기타,승용,여,50세,상해없음,보행자,여,53세,사망
2013120200100185,2013년 12월 2일 10시,월요일,경상남도 양산시 주진동,중상사고,0,1,0,0,차대차 - 기타,안전운전불이행,건조,맑음,기타 - 기타,승용,여,31세,상해없음,자전거,남,41세,중상
2013120200100230,2013년 12월 2일 12시,월요일,경상남도 양산시 물금읍,경상사고,0,0,1,0,차대차 - 기타,교차로운행방법위반,건조,맑음,교차로 - 교차로부근,건설기계,남,45세,상해없음,승용,여,49세,경상
2013120200100231,2013년 12월 2일 12시,월요일,경상남도 거제시 장평동,경상사고,0,0,2,0,차대차 - 측면직각충돌,차로위반,건조,맑음,단일로 - 기타,건설기계,남,52세,상해없음,승용,남,42세,경상
2013120200100259,2013년 12월 2일 13시,월요일,경상남도 사천시 벌리동,경상사고,0,0,1,0,차대차 - 측면직각충돌,교차로운행방법위반,건조,맑음,교차로 - 교차로안,이륜,남,59세,경상,승용,남,27세,상해없음
2013120200100260,2013년 12월 2일 13시,월요일,경상남도 김해시 내동,중상사고,0,1,0,0,차대사람 - 기타,안전운전불이행,건조,맑음,단일로 - 기타,승용,여,29세,상해없음,보행자,여,61세,중상
2013120200100261,2013년 12월 2일 13시,월요일,경상남도 하동군 하동읍,중상사고,0,1,0,0,차대사람 - 기타,안전운전불이행,건조,맑음,기타 - 기타,승합,남,40세,상해없음,보행자,여,88세,중상
2013120200100262,2013년 12월 2일 13시,월요일,경상남도 김해시 한림면,경상사고,0,0,1,0,차대차 - 추돌 - 주정차중,안전운전불이행,건조,맑음,교차로 - 교차로부근,화물,남,46세,상해없음,승용,남,37세,상해없음
2013120200100281,2013년 12월 2일 14시,월요일,경상남도 사천시 용현면,중상사고,0,1,0,0,차량단독 - 기타,안전운전불이행,건조,맑음,단일로 - 기타,승합,남,60세,상해없음,,,,
2013120200100282,2013년 12월 2일 14시,월요일,경상남도 밀양시 무안면,경상사고,0,0,1,0,차대차 - 정면충돌,안전운전불이행,건조,맑음,단일로 - 기타,승용,여,66세,상해없음,승용,남,60세,경상
2013120200100283,2013년 12월 2일 14시,월요일,경상남도 창원시 마산회원구 합성동,중상사고,0,1,0,0,차대차 - 측면직각충돌,안전운전불이행,건조,맑음,단일로 - 기타,화물,남,40세,상해없음,승용,남,25세,중상
2013120200100316,2013년 12월 2일 15시,월요일,경상남도 거제시 옥포동,경상사고,0,0,1,0,차대사람 - 기타,안전운전불이행,건조,맑음,단일로 - 기타,승용,여,54세,상해없음,보행자,남,39세,경상
2013120200100317,2013년 12월 2일 15시,월요일,경상남도 창원시 의창구 소답동,경상사고,0,0,1,0,차대사람 - 길가장자리구역통행중,안전운전불이행,건조,맑음,단일로 - 기타,승합,여,44세,상해없음,보행자,여,45세,경상
2013120200100374,2013년 12월 2일 17시,월요일,경상남도 남해군 미조면,경상사고,0,0,1,0,차대사람 - 기타,안전운전불이행,건조,맑음,기타 - 기타,화물,남,43세,기타불명,보행자,여,6세,경상
2013120200100375,2013년 12월 2일 17시,월요일,경상남도 남해군 남해읍,경상사고,0,0,1,0,차대차 - 측면직각충돌,교차로운행방법위반,건조,맑음,교차로 - 교차로안,승용,여,43세,상해없음,승용,남,41세,경상
2013120200100376,2013년 12월 2일 17시,월요일,경상남도 창원시 마산회원구 양덕동,중상사고,0,1,0,0,차대사람 - 횡단중,안전운전불이행,건조,맑음,교차로 - 교차로부근,승용,여,51세,상해없음,보행자,남,31세,중상
2013120200100421,2013년 12월 2일 18시,월요일,경상남도 창원시 마산합포구 해운동,경상사고,0,0,2,0,차대차 - 측면직각충돌,안전운전불이행,건조,맑음,단일로 - 기타,승용,여,44세,상해없음,승용,남,60세,경상
2013120200100422,2013년 12월 2일 18시,월요일,경상남도 거제시 고현동,중상사고,0,1,0,0,차대사람 - 기타,보행자보호의무위반,건조,맑음,단일로 - 횡단보도상,화물,남,56세,상해없음,보행자,여,44세,중상
2013120200100423,2013년 12월 2일 18시,월요일,경상남도 창원시 성산구 안민동,중상사고,0,2,0,0,차대사람 - 횡단중,신호위반,건조,맑음,단일로 - 횡단보도상,승용,여,53세,상해없음,보행자,남,21세,중상
2013120200100424,2013년 12월 2일 18시,월요일,경상남도 창원시 마산회원구 봉암동,경상사고,0,0,1,0,차대차 - 측면직각충돌,신호위반,건조,맑음,교차로 - 교차로안,화물,남,58세,상해없음,승용,남,53세,경상
2013120200100468,2013년 12월 2일 19시,월요일,경상남도 창원시 진해구 경화동,경상사고,0,0,1,0,차대차 - 추돌 - 주정차중,안전운전불이행,건조,맑음,교차로 - 교차로부근,승용,여,44세,상해없음,승합,남,58세,상해없음
2013120200100469,2013년 12월 2일 19시,월요일,경상남도 사천시 벌리동,중상사고,0,1,0,0,차대차 - 측면직각충돌,안전운전불이행,건조,맑음,교차로 - 교차로안,승용,남,43세,상해없음,이륜,남,51세,중상
2013120200100470,2013년 12월 2일 19시,월요일,경상남도 김해시 대성동,중상사고,0,1,0,0,차대사람 - 횡단중,보행자보호의무위반,건조,맑음,단일로 - 기타,원동기,남,17세,상해없음,보행자,여,49세,중상
2013120200100471,2013년 12월 2일 19시,월요일,경상남도 창녕군 창녕읍,중상사고,0,1,1,0,차대차 - 기타,안전운전불이행,건조,맑음,교차로 - 교차로부근,화물,남,62세,중상,화물,남,61세,경상
2013120200100472,2013년 12월 2일 19시,월요일,경상남도 양산시 중부동,경상사고,0,0,1,0,차대사람 - 기타,안전운전불이행,건조,맑음,교차로 - 교차로안,승용,남,35세,상해없음,보행자,남,15세,경상
2013120200100473,2013년 12월 2일 19시,월요일,경상남도 남해군 고현면,경상사고,0,0,1,0,차대차 - 추돌 - 진행중,안전운전불이행,건조,맑음,기타 - 기타,승용,남,46세,상해없음,승용,남,40세,경상
2013120200100474,2013년 12월 2일 19시,월요일,경상남도 창원시 의창구 도계동,경상사고,0,0,1,0,차대사람 - 길가장자리구역통행중,안전운전불이행,습기,맑음,교차로 - 교차로부근,기타불명,기타불명,기타불명,기타불명,보행자,여,40세,경상
2013120200100475,2013년 12월 2일 19시,월요일,경상남도 김해시 진영읍,중상사고,0,1,0,0,차대사람 - 횡단중,안전운전불이행,건조,맑음,교차로 - 교차로부근,승합,남,23세,상해없음,보행자,남,71세,중상
2013120200100492,2013년 12월 2일 20시,월요일,경상남도 밀양시 삼랑진읍,경상사고,0,0,2,0,차대차 - 측면직각충돌,교차로운행방법위반,건조,맑음,교차로 - 교차로안,화물,남,57세,상해없음,승용,남,44세,경상
2013120200100493,2013년 12월 2일 20시,월요일,경상남도 밀양시 하남읍,중상사고,0,1,0,0,차대차 - 추돌 - 주정차중,안전운전불이행,건조,맑음,단일로 - 기타,승용,남,51세,상해없음,승용,여,59세,중상
2013120200100494,2013년 12월 2일 20시,월요일,경상남도 창원시 성산구 중앙동,중상사고,0,4,0,0,차대차 - 추돌 - 주정차중,안전운전불이행,건조,맑음,단일로 - 기타,승용,남,55세,상해없음,승용,남,53세,중상
2013120200100519,2013년 12월 2일 21시,월요일,경상남도 통영시 명정동,중상사고,0,1,0,0,차대차 - 기타,중앙선침범,건조,맑음,단일로 - 기타,기타불명,기타불명,기타불명,기타불명,승용,남,40세,상해없음
2013120200100520,2013년 12월 2일 21시,월요일,경상남도 거제시 장승포동,사망사고,1,2,0,0,차대사람 - 횡단중,보행자보호의무위반,건조,맑음,단일로 - 횡단보도상,이륜,남,31세,사망,보행자,여,24세,중상
2013120200100565,2013년 12월 2일 23시,월요일,경상남도 하동군 금남면,중상사고,0,1,0,0,차대차 - 측면직각충돌,안전운전불이행,건조,맑음,교차로 - 교차로안,이륜,남,43세,중상,승용,남,52세,상해없음
2013120200100566,2013년 12월 2일 23시,월요일,경상남도 김해시 진영읍,중상사고,0,1,0,0,차대차 - 기타,안전운전불이행,건조,맑음,단일로 - 기타,이륜,남,50세,중상,승용,남,43세,상해없음
2013120300100029,2013년 12월 3일 03시,화요일,경상남도 창원시 마산회원구 내서읍,경상사고,0,0,1,0,차대차 - 추돌 - 주정차중,안전운전불이행,건조,맑음,단일로 - 기타,승용,남,37세,상해없음,화물,남,38세,경상
2013120300100034,2013년 12월 3일 04시,화요일,경상남도 창녕군 남지읍,경상사고,0,0,1,0,차대사람 - 기타,안전운전불이행,건조,맑음,교차로 - 교차로안,승합,남,22세,상해없음,보행자,여,68세,경상
2013120300100057,2013년 12월 3일 06시,화요일,경상남도 진주시 장대동,중상사고,0,1,0,0,차대사람 - 횡단중,보행자보호의무위반,건조,맑음,단일로 - 횡단보도상,승용,남,27세,상해없음,보행자,여,82세,중상
2013120300100058,2013년 12월 3일 06시,화요일,경상남도 거제시 아주동,중상사고,0,2,3,0,차대차 - 측면직각충돌,신호위반,건조,맑음,교차로 - 교차로안,승합,남,53세,상해없음,화물,남,59세,경상
2013120300100080,2013년 12월 3일 07시,화요일,경상남도 밀양시 산외면,경상사고,0,0,2,0,차대차 - 기타,중앙선침범,건조,맑음,단일로 - 기타,승용,여,36세,상해없음,승용,여,56세,경상
2013120300100081,2013년 12월 3일 07시,화요일,경상남도 양산시 평산동,중상사고,0,1,0,0,차대사람 - 횡단중,안전운전불이행,건조,맑음,단일로 - 횡단보도상,승용,남,37세,상해없음,보행자,남,62세,중상
2013120300100111,2013년 12월 3일 08시,화요일,경상남도 창원시 진해구 이동,경상사고,0,0,1,0,차대차 - 측면직각충돌,안전거리미확보,건조,맑음,단일로 - 기타,승용,여,69세,상해없음,승용,남,44세,경상
2013120300100112,2013년 12월 3일 08시,화요일,경상남도 창원시 진해구 경화동,경상사고,0,0,1,0,차대차 - 측면직각충돌,안전운전불이행,건조,맑음,단일로 - 기타,승용,남,41세,상해없음,승용,남,59세,상해없음
2013120300100113,2013년 12월 3일 08시,화요일,경상남도 합천군 대병면,중상사고,0,1,0,0,차량단독 - 공작물충돌,안전운전불이행,건조,맑음,단일로 - 기타,화물,남,52세,중상,,,,
2013120300100114,2013년 12월 3일 08시,화요일,경상남도 창원시 마산회원구 합성동,중상사고,0,1,0,0,차대차 - 측면직각충돌,안전운전불이행,건조,맑음,교차로 - 교차로부근,특수,남,44세,상해없음,승용,남,27세,중상
2013120300100145,2013년 12월 3일 09시,화요일,경상남도 진주시 상대동,경상사고,0,0,2,0,차대차 - 측면직각충돌,교차로운행방법위반,건조,맑음,교차로 - 교차로안,승용,여,50세,상해없음,이륜,남,24세,경상
2013120300100146,2013년 12월 3일 09시,화요일,경상남도 통영시 북신동,중상사고,0,1,0,0,차대사람 - 횡단중,안전운전불이행,건조,맑음,단일로 - 기타,승용,남,59세,상해없음,보행자,남,47세,중상
2013120300100147,2013년 12월 3일 09시,화요일,경상남도 김해시 어방동,중상사고,0,1,0,0,차대차 - 추돌 - 주정차중,교차로운행방법위반,건조,맑음,교차로 - 교차로안,승용,남,64세,상해없음,원동기,남,70세,중상
2013120300100148,2013년 12월 3일 09시,화요일,경상남도 김해시 대동면,경상사고,0,0,1,0,차대차 - 기타,교차로운행방법위반,건조,맑음,교차로 - 교차로안,화물,남,51세,상해없음,화물,남,34세,경상
2013120300100176,2013년 12월 3일 10시,화요일,경상남도 거제시 사등면,사망사고,2,0,0,0,차량단독 - 공작물충돌,안전운전불이행,건조,맑음,단일로 - 기타,특수,남,38세,사망,,,,
2013120300100198,2013년 12월 3일 11시,화요일,경상남도 거제시 상동동,경상사고,0,0,1,0,차대차 - 추돌 - 진행중,안전운전불이행,건조,맑음,단일로 - 기타,화물,남,38세,상해없음,승용,남,33세,경상
2013120300100199,2013년 12월 3일 11시,화요일,경상남도 거제시 남부면,사망사고,1,0,0,0,차대사람 - 기타,안전운전불이행,건조,맑음,단일로 - 기타,화물,남,49세,상해없음,보행자,여,2세,사망
2013120300100200,2013년 12월 3일 11시,화요일,경상남도 창원시 마산회원구 석전동,중상사고,0,1,0,0,차대차 - 측면직각충돌,안전운전불이행,건조,맑음,교차로 - 교차로안,이륜,남,56세,중상,승용,여,49세,상해없음
2013120300100245,2013년 12월 3일 13시,화요일,경상남도 통영시 산양읍,경상사고,0,0,3,0,차대차 - 측면직각충돌,중앙선침범,건조,맑음,단일로 - 기타,승용,남,36세,경상,승용,남,37세,경상
2013120300100246,2013년 12월 3일 13시,화요일,경상남도 사천시 곤양면,경상사고,0,0,1,0,차대차 - 기타,안전운전불이행,건조,맑음,단일로 - 기타,화물,남,65세,경상,건설기계,남,52세,상해없음
2013120300100268,2013년 12월 3일 14시,화요일,경상남도 김해시 대동면,경상사고,0,0,2,0,차대차 - 측면직각충돌,교차로운행방법위반,건조,맑음,교차로 - 교차로안,승용,여,31세,경상,화물,남,44세,상해없음
2013120300100269,2013년 12월 3일 14시,화요일,경상남도 하동군 금남면,중상사고,0,1,0,0,차대차 - 측면직각충돌,안전운전불이행,건조,맑음,단일로 - 기타,건설기계,남,51세,상해없음,화물,남,44세,중상
2013120300100270,2013년 12월 3일 14시,화요일,경상남도 창원시 성산구 반지동,경상사고,0,0,1,0,차대차 - 측면직각충돌,직진우회전진행방해,건조,맑음,교차로 - 교차로안,승용,여,36세,경상,승용,남,48세,상해없음
2013120300100295,2013년 12월 3일 15시,화요일,경상남도 창원시 진해구 이동,경상사고,0,0,1,0,차대차 - 기타,안전운전불이행,건조,맑음,단일로 - 교량,승용,남,21세,상해없음,승합,여,50세,경상
2013120300100296,2013년 12월 3일 15시,화요일,경상남도 함양군 함양읍,경상사고,0,0,1,0,차대차 - 측면직각충돌,신호위반,건조,맑음,교차로 - 교차로안,이륜,남,63세,경상,승합,남,47세,상해없음
2013120300100297,2013년 12월 3일 15시,화요일,경상남도 양산시 상북면,중상사고,0,1,1,0,차대차 - 측면직각충돌,직진우회전진행방해,건조,맑음,교차로 - 교차로안,화물,남,26세,상해없음,승용,남,66세,중상
2013120300100320,2013년 12월 3일 16시,화요일,경상남도 거제시 옥포동,경상사고,0,0,1,0,차대사람 - 횡단중,안전운전불이행,건조,맑음,단일로 - 기타,승용,여,60세,상해없음,보행자,남,7세,경상
2013120300100321,2013년 12월 3일 16시,화요일,경상남도 남해군 고현면,경상사고,0,0,1,0,차대사람 - 기타,안전운전불이행,건조,맑음,단일로 - 기타,승용,남,60세,상해없음,보행자,여,83세,경상
2013120300100356,2013년 12월 3일 17시,화요일,경상남도 창원시 성산구 대방동,중상사고,0,1,0,0,차대사람 - 횡단중,보행자보호의무위반,기타,맑음,단일로 - 횡단보도상,승용,여,58세,상해없음,보행자,여,83세,중상
2013120300100357,2013년 12월 3일 17시,화요일,경상남도 창원시 성산구 상남동,중상사고,0,1,0,0,차대차 - 측면직각충돌,안전운전불이행,건조,맑음,단일로 - 기타,승용,기타불명,기타불명,기타불명,자전거,남,24세,중상
2013120300100401,2013년 12월 3일 18시,화요일,경상남도 진주시 가좌동,중상사고,0,1,0,0,차대차 - 추돌 - 주정차중,안전운전불이행,건조,맑음,단일로 - 기타,승용,남,58세,상해없음,승용,남,32세,중상
2013120300100402,2013년 12월 3일 18시,화요일,경상남도 사천시 용현면,중상사고,0,1,0,0,차대사람 - 보도통행중,신호위반,건조,맑음,교차로 - 교차로부근,승용,남,45세,상해없음,보행자,남,17세,중상
2013120300100403,2013년 12월 3일 18시,화요일,경상남도 거창군 주상면,중상사고,0,1,1,0,차대차 - 정면충돌,중앙선침범,건조,맑음,단일로 - 기타,승용,여,36세,상해없음,승용,남,42세,경상
2013120300100404,2013년 12월 3일 18시,화요일,경상남도 거제시 수월동,중상사고,0,1,0,0,차대차 - 기타,안전운전불이행,건조,맑음,교차로 - 교차로안,승용,여,41세,상해없음,이륜,남,29세,중상
2013120300100405,2013년 12월 3일 18시,화요일,경상남도 김해시 주촌면,경상사고,0,0,1,1,차대차 - 정면충돌,중앙선침범,건조,맑음,단일로 - 기타,승용,여,43세,부상신고,승합,남,56세,경상
2013120300100442,2013년 12월 3일 19시,화요일,경상남도 창원시 마산합포구 월포동,부상신고사고,0,0,0,1,차대사람 - 보도통행중,안전운전불이행,건조,맑음,단일로 - 기타,승용,남,55세,상해없음,보행자,남,34세,부상신고
2013120300100443,2013년 12월 3일 19시,화요일,경상남도 진주시 옥봉동,중상사고,0,1,0,0,차대사람 - 횡단중,보행자보호의무위반,건조,맑음,단일로 - 기타,승용,남,45세,상해없음,보행자,남,58세,중상
2013120300100444,2013년 12월 3일 19시,화요일,경상남도 창원시 의창구 대산면,중상사고,0,2,0,0,차대차 - 추돌 - 진행중,안전운전불이행,건조,맑음,단일로 - 기타,승용,남,32세,상해없음,승용,남,28세,중상
2013120300100470,2013년 12월 3일 20시,화요일,경상남도 김해시 삼계동,경상사고,0,0,1,0,차대차 - 측면직각충돌,중앙선침범,건조,맑음,단일로 - 기타,승용,남,67세,상해없음,화물,여,45세,경상
2013120300100471,2013년 12월 3일 20시,화요일,경상남도 창원시 의창구 봉곡동,부상신고사고,0,0,0,1,차대차 - 기타,교차로운행방법위반,건조,맑음,교차로 - 교차로안,승용,남,29세,상해없음,승용,남,51세,상해없음
2013120300100505,2013년 12월 3일 21시,화요일,경상남도 창원시 마산합포구 진전면,경상사고,0,0,1,0,차량단독 - 공작물충돌,안전운전불이행,건조,맑음,단일로 - 기타,승용,여,31세,경상,,,,