사고번호,사고일시,요일,시군구,사고내용,사망자수,중상자수,경상자수,부상신고자수,사고유형,법규위반,노면상태,기상상태,도로형태,가해운전자 차종,가해운전자 성별,가해운전자 연령,가해운전자 상해정도,피해운전자 차종,피해운전자 성별,피해운전자 연령,피해운전자 상해정도
2013120300100537,2013년 12월 3일 22시,화요일,경상남도 거창군 거창읍,경상사고,0,0,1,0,차대차 - 측면직각충돌,교차로운행방법위반,건조,맑음,교차로 - 교차로안,승용,남,21세,상해없음,승합,남,44세,경상
2013120300100538,2013년 12월 3일 22시,화요일,경상남도 거제시 옥포동,경상사고,0,0,1,0,차대차 - 기타,안전운전불이행,건조,맑음,교차로 - 교차로안,이륜,남,18세,상해없음,승용,여,27세,경상
2013120400100008,2013년 12월 4일 00시,수요일,경상남도 진주시 강남동,중상사고,0,1,3,0,차대차 - 추돌 - 주정차중,안전운전불이행,건조,맑음,교차로 - 교차로부근,승용,남,21세,경상,승용,남,55세,중상
2013120400100034,2013년 12월 4일 01시,수요일,경상남도 양산시 동면,중상사고,0,1,0,0,차대차 - 정면충돌,안전운전불이행,건조,맑음,기타 - 기타,승용,남,40세,상해없음,승용,여,34세,중상
2013120400100035,2013년 12월 4일 01시,수요일,경상남도 거제시 옥포동,중상사고,0,1,3,0,차대차 - 기타,안전운전불이행,건조,맑음,교차로 - 교차로안,승용,여,55세,상해없음,승용,여,29세,경상
2013120400100044,2013년 12월 4일 02시,수요일,경상남도 창원시 마산합포구 월영동,경상사고,0,0,1,0,차대차 - 추돌 - 주정차중,불법유턴,건조,맑음,단일로 - 기타,승용,남,42세,상해없음,승용,남,25세,경상
2013120400100086,2013년 12월 4일 06시,수요일,경상남도 김해시 부원동,중상사고,0,1,1,0,차대차 - 기타,안전운전불이행,건조,맑음,단일로 - 기타,승용,남,45세,중상,화물,남,42세,상해없음
2013120400100104,2013년 12월 4일 07시,수요일,경상남도 거제시 고현동,중상사고,0,1,0,0,차대사람 - 횡단중,보행자보호의무위반,건조,맑음,교차로 - 교차로안,승용,여,54세,상해없음,보행자,여,47세,중상
2013120400100105,2013년 12월 4일 07시,수요일,경상남도 남해군 설천면,경상사고,0,0,1,0,차대차 - 정면충돌,중앙선침범,건조,맑음,단일로 - 교량,건설기계,남,40세,상해없음,승용,남,67세,경상
2013120400100106,2013년 12월 4일 07시,수요일,경상남도 김해시 한림면,경상사고,0,0,1,0,차대차 - 측면직각충돌,신호위반,건조,맑음,교차로 - 교차로안,승용,남,35세,상해없음,화물,남,67세,경상
2013120400100146,2013년 12월 4일 08시,수요일,경상남도 함양군 안의면,사망사고,1,1,0,0,차량단독 - 공작물충돌,안전운전불이행,결빙,안개,단일로 - 기타,특수,남,32세,사망,,,,
2013120400100147,2013년 12월 4일 08시,수요일,경상남도 양산시 유산동,경상사고,0,0,1,0,차대차 - 기타,안전운전불이행,건조,맑음,단일로 - 기타,승합,남,73세,상해없음,승용,남,49세,경상
2013120400100148,2013년 12월 4일 08시,수요일,경상남도 양산시 교동,중상사고,0,1,0,0,차대차 - 기타,직진우회전진행방해,건조,맑음,교차로 - 교차로안,승용,여,58세,상해없음,이륜,여,65세,중상
2013120400100149,2013년 12월 4일 08시,수요일,경상남도 양산시 중부동,경상사고,0,0,1,0,차대차 - 기타,직진우회전진행방해,건조,맑음,교차로 - 교차로안,승용,여,47세,상해없음,승합,남,35세,상해없음
2013120400100150,2013년 12월 4일 08시,수요일,경상남도 산청군 신등면,중상사고,0,1,0,0,차대차 - 추돌 - 진행중,안전운전불이행,건조,맑음,단일로 - 기타,건설기계,남,52세,상해없음,화물,남,50세,중상
2013120400100151,2013년 12월 4일 08시,수요일,경상남도 창원시 의창구 동읍,경상사고,0,0,1,0,차대차 - 기타,안전운전불이행,건조,맑음,교차로 - 교차로안,승용,남,30세,상해없음,승용,여,41세,경상
2013120400100182,2013년 12월 4일 09시,수요일,경상남도 창원시 마산회원구 양덕동,경상사고,0,0,1,0,차대차 - 기타,안전운전불이행,건조,맑음,단일로 - 기타,승용,여,44세,상해없음,화물,남,44세,상해없음
2013120400100201,2013년 12월 4일 10시,수요일,경상남도 창원시 진해구 경화동,중상사고,0,1,0,0,차대차 - 측면직각충돌,교차로운행방법위반,건조,맑음,교차로 - 교차로안,승용,여,57세,중상,승용,여,45세,상해없음
2013120400100202,2013년 12월 4일 10시,수요일,경상남도 통영시 봉평동,중상사고,0,1,1,0,차대차 - 측면직각충돌,교차로운행방법위반,건조,맑음,교차로 - 교차로안,승용,남,45세,경상,승용,남,41세,중상
2013120400100204,2013년 12월 4일 10시,수요일,경상남도 양산시 물금읍,중상사고,0,1,2,0,차대차 - 기타,안전운전불이행,건조,맑음,교차로 - 교차로부근,승용,남,43세,경상,건설기계,남,54세,경상
2013120400100205,2013년 12월 4일 10시,수요일,경상남도 양산시 삼호동,중상사고,0,1,0,0,차대차 - 기타,안전운전불이행,건조,맑음,단일로 - 기타,승용,남,74세,상해없음,원동기,남,66세,중상
2013120400100226,2013년 12월 4일 11시,수요일,경상남도 진주시 평거동,중상사고,0,1,12,0,차대차 - 측면직각충돌,안전거리미확보,건조,맑음,단일로 - 기타,승용,여,49세,상해없음,승합,여,38세,경상
2013120400100227,2013년 12월 4일 11시,수요일,경상남도 창원시 의창구 명서동,경상사고,0,0,1,0,차대사람 - 기타,안전운전불이행,건조,맑음,단일로 - 기타,화물,남,62세,상해없음,보행자,여,22세,경상
2013120400100247,2013년 12월 4일 12시,수요일,경상남도 고성군 회화면,중상사고,0,1,5,0,차대차 - 추돌 - 진행중,안전거리미확보,건조,맑음,교차로 - 교차로부근,건설기계,남,48세,상해없음,승용,여,47세,경상
2013120400100269,2013년 12월 4일 13시,수요일,경상남도 사천시 축동면,중상사고,0,1,0,0,차대차 - 기타,안전거리미확보,건조,맑음,단일로 - 기타,승용,남,77세,상해없음,승용,여,32세,중상
2013120400100270,2013년 12월 4일 13시,수요일,경상남도 김해시 진영읍,중상사고,0,2,0,0,차대차 - 기타,교차로운행방법위반,건조,맑음,교차로 - 교차로안,승용,여,42세,상해없음,원동기,남,66세,중상
2013120400100295,2013년 12월 4일 14시,수요일,경상남도 통영시 정량동,경상사고,0,0,1,0,차대차 - 측면직각충돌,안전운전불이행,건조,맑음,교차로 - 교차로안,화물,남,54세,상해없음,화물,여,56세,경상
2013120400100324,2013년 12월 4일 15시,수요일,경상남도 거제시 옥포동,중상사고,0,1,0,0,차대차 - 기타,안전운전불이행,건조,맑음,교차로 - 교차로안,승용,남,32세,상해없음,원동기,남,55세,중상
2013120400100340,2013년 12월 4일 16시,수요일,경상남도 창원시 진해구 태백동,경상사고,0,0,2,0,차대차 - 추돌 - 진행중,안전거리미확보,건조,맑음,단일로 - 기타,승용,남,64세,상해없음,승용,여,40세,경상
2013120400100341,2013년 12월 4일 16시,수요일,경상남도 창원시 의창구 명서동,경상사고,0,0,1,0,차대차 - 기타,안전운전불이행,건조,맑음,단일로 - 기타,승용,남,74세,상해없음,승용,여,38세,경상
2013120400100378,2013년 12월 4일 17시,수요일,경상남도 밀양시 내이동,중상사고,0,1,0,0,차대차 - 측면직각충돌,안전운전불이행,건조,맑음,교차로 - 교차로안,승용,남,54세,상해없음,이륜,남,80세,중상
2013120400100379,2013년 12월 4일 17시,수요일,경상남도 고성군 마암면,중상사고,0,1,0,0,차대차 - 측면직각충돌,신호위반,건조,맑음,교차로 - 교차로안,승용,남,55세,상해없음,화물,남,44세,중상
2013120400100380,2013년 12월 4일 17시,수요일,경상남도 창원시 마산회원구 합성동,중상사고,0,1,0,0,차대사람 - 횡단중,보행자보호의무위반,건조,맑음,교차로 - 교차로부근,승용,남,64세,상해없음,보행자,남,74세,중상
2013120400100381,2013년 12월 4일 17시,수요일,경상남도 창원시 마산회원구 석전동,중상사고,0,1,0,0,차대사람 - 횡단중,안전운전불이행,건조,맑음,단일로 - 기타,승용,남,34세,상해없음,보행자,남,12세,중상
2013120400100420,2013년 12월 4일 18시,수요일,경상남도 밀양시 상남면,경상사고,0,0,1,0,차대차 - 측면직각충돌,신호위반,건조,맑음,교차로 - 교차로안,승용,남,38세,상해없음,승용,남,33세,상해없음
2013120400100421,2013년 12월 4일 18시,수요일,경상남도 거제시 고현동,경상사고,0,0,1,0,차대차 - 기타,안전운전불이행,건조,맑음,교차로 - 교차로안,승용,여,38세,상해없음,원동기,남,24세,경상
2013120400100422,2013년 12월 4일 18시,수요일,경상남도 함안군 가야읍,중상사고,0,1,0,0,차대사람 - 길가장자리구역통행중,안전운전불이행,건조,맑음,단일로 - 기타,승용,남,58세,상해없음,보행자,여,78세,중상
2013120400100423,2013년 12월 4일 18시,수요일,경상남도 창원시 의창구 봉곡동,경상사고,0,0,1,0,차대차 - 기타,안전운전불이행,건조,맑음,단일로 - 기타,화물,남,42세,상해없음,원동기,남,17세,경상
2013120400100462,2013년 12월 4일 19시,수요일,경상남도 김해시 봉황동,경상사고,0,0,1,0,차대사람 - 기타,안전운전불이행,건조,맑음,단일로 - 기타,승용,남,57세,상해없음,보행자,남,51세,경상
2013120400100463,2013년 12월 4일 19시,수요일,경상남도 창원시 의창구 명서동,중상사고,0,1,0,0,차대차 - 기타,안전운전불이행,건조,맑음,교차로 - 교차로안,승용,남,54세,상해없음,자전거,여,45세,중상
2013120400100464,2013년 12월 4일 19시,수요일,경상남도 김해시 장유면,중상사고,0,1,0,0,차대사람 - 횡단중,안전운전불이행,건조,맑음,교차로 - 교차로안,승용,남,27세,상해없음,보행자,여,11세,중상
2013120400100483,2013년 12월 4일 20시,수요일,경상남도 김해시 삼방동,경상사고,0,0,2,0,차대차 - 측면직각충돌,직진우회전진행방해,건조,맑음,교차로 - 교차로안,이륜,남,17세,경상,승용,여,48세,경상
2013120400100518,2013년 12월 4일 21시,수요일,경상남도 창원시 진해구 풍호동,경상사고,0,0,3,0,차대사람 - 횡단중,신호위반,건조,맑음,교차로 - 교차로부근,승용,남,55세,상해없음,보행자,남,42세,경상
2013120500100013,2013년 12월 5일 00시,목요일,경상남도 거제시 고현동,중상사고,0,2,0,0,차대차 - 기타,안전운전불이행,건조,맑음,교차로 - 교차로안,승용,남,39세,상해없음,승용,남,42세,중상
2013120500100028,2013년 12월 5일 01시,목요일,경상남도 창원시 마산회원구 봉암동,경상사고,0,0,1,0,차대차 - 기타,안전운전불이행,건조,맑음,단일로 - 기타,기타불명,기타불명,기타불명,기타불명,승용,남,47세,상해없음
2013120500100067,2013년 12월 5일 05시,목요일,경상남도 창원시 마산합포구 진동면,경상사고,0,0,1,0,차량단독 - 기타,안전운전불이행,건조,맑음,단일로 - 기타,승용,남,28세,경상,,,,
2013120500100068,2013년 12월 5일 05시,목요일,경상남도 창원시 진해구 경화동,사망사고,1,0,0,0,차대사람 - 횡단중,안전운전불이행,건조,맑음,교차로 - 교차로안,승용,남,50세,상해없음,보행자,여,76세,사망
2013120500100086,2013년 12월 5일 06시,목요일,경상남도 김해시 부원동,경상사고,0,0,1,0,차대차 - 측면직각충돌,교차로운행방법위반,건조,맑음,교차로 - 교차로안,승용,남,58세,상해없음,자전거,남,35세,경상
2013120500100105,2013년 12월 5일 07시,목요일,경상남도 밀양시 삼문동,부상신고사고,0,0,0,1,차대차 - 측면직각충돌,안전운전불이행,건조,맑음,교차로 - 교차로안,승용,남,51세,상해없음,자전거,남,54세,부상신고
2013120500100106,2013년 12월 5일 07시,목요일,경상남도 김해시 구산동,중상사고,0,1,1,0,차대차 - 측면직각충돌,안전거리미확보,건조,맑음,단일로 - 기타,승용,여,48세,중상,승용,남,51세,경상
2013120500100107,2013년 12월 5일 07시,목요일,경상남도 양산시 중부동,경상사고,0,0,1,0,차대차 - 측면직각충돌,안전운전불이행,건조,맑음,교차로 - 교차로부근,승용,남,46세,상해없음,승용,여,51세,경상
2013120500100108,2013년 12월 5일 07시,목요일,경상남도 김해시 진례면,중상사고,0,1,0,0,차대차 - 정면충돌,교차로운행방법위반,건조,맑음,교차로 - 교차로안,화물,남,53세,기타불명,화물,남,25세,중상
2013120500100137,2013년 12월 5일 08시,목요일,경상남도 김해시 대성동,중상사고,0,2,1,0,차대차 - 측면직각충돌,직진우회전진행방해,건조,맑음,교차로 - 교차로안,승용,여,47세,중상,승용,여,49세,중상
2013120500100138,2013년 12월 5일 08시,목요일,경상남도 김해시 삼계동,중상사고,0,1,2,0,차대차 - 추돌 - 진행중,안전거리미확보,건조,맑음,단일로 - 기타,승용,남,26세,상해없음,승용,남,42세,중상
2013120500100163,2013년 12월 5일 09시,목요일,경상남도 통영시 북신동,경상사고,0,0,2,0,차대차 - 추돌 - 진행중,안전운전불이행,건조,맑음,단일로 - 기타,승용,여,45세,상해없음,승용,남,44세,경상
2013120500100181,2013년 12월 5일 10시,목요일,경상남도 진주시 계동,중상사고,0,1,0,0,차대사람 - 기타,직진우회전진행방해,건조,맑음,교차로 - 교차로안,승용,여,49세,상해없음,보행자,여,71세,중상
2013120500100182,2013년 12월 5일 10시,목요일,경상남도 창원시 진해구 풍호동,중상사고,0,1,0,0,차대차 - 기타,안전거리미확보,건조,맑음,단일로 - 기타,원동기,남,75세,중상,승용,여,40세,상해없음
2013120500100183,2013년 12월 5일 10시,목요일,경상남도 통영시 북신동,중상사고,0,1,0,0,차대사람 - 차도통행중,안전운전불이행,건조,맑음,단일로 - 기타,승합,남,47세,상해없음,보행자,남,49세,중상
2013120500100184,2013년 12월 5일 10시,목요일,경상남도 김해시 장유면,중상사고,0,1,0,0,차대차 - 추돌 - 진행중,안전거리미확보,건조,맑음,단일로 - 기타,화물,남,27세,상해없음,승용,남,49세,중상
2013120500100206,2013년 12월 5일 11시,목요일,경상남도 창원시 진해구 덕산동,경상사고,0,0,4,0,차대차 - 측면직각충돌,교차로운행방법위반,건조,맑음,교차로 - 교차로안,승용,여,43세,경상,승용,남,58세,경상
2013120500100207,2013년 12월 5일 11시,목요일,경상남도 거창군 거창읍,중상사고,0,1,0,0,차대차 - 추돌 - 진행중,안전운전불이행,건조,맑음,단일로 - 기타,화물,남,69세,상해없음,원동기,남,83세,중상
2013120500100247,2013년 12월 5일 13시,목요일,경상남도 진주시 이현동,경상사고,0,0,1,0,차대사람 - 횡단중,신호위반,건조,맑음,교차로 - 교차로안,이륜,남,54세,상해없음,보행자,여,19세,경상
2013120500100248,2013년 12월 5일 13시,목요일,경상남도 진주시 상봉동,중상사고,0,1,0,0,차대차 - 측면직각충돌,직진우회전진행방해,건조,맑음,교차로 - 교차로안,이륜,남,56세,중상,화물,남,47세,상해없음
2013120500100272,2013년 12월 5일 14시,목요일,경상남도 통영시 무전동,중상사고,0,1,0,0,차대차 - 기타,안전운전불이행,건조,맑음,단일로 - 기타,승합,남,53세,상해없음,승용,여,43세,상해없음
2013120500100304,2013년 12월 5일 15시,목요일,경상남도 창원시 진해구 경화동,경상사고,0,0,1,0,차대차 - 추돌 - 진행중,안전거리미확보,건조,맑음,교차로 - 교차로부근,승합,남,45세,상해없음,승용,여,42세,경상
2013120500100305,2013년 12월 5일 15시,목요일,경상남도 김해시 동상동,중상사고,0,1,1,0,차대차 - 측면직각충돌,교차로운행방법위반,건조,맑음,교차로 - 교차로안,승용,남,57세,상해없음,승용,남,63세,경상
2013120500100306,2013년 12월 5일 15시,목요일,경상남도 거창군 거창읍,경상사고,0,0,1,0,차대차 - 측면직각충돌,안전운전불이행,건조,맑음,교차로 - 교차로안,승용,남,78세,상해없음,원동기,남,81세,상해없음
2013120500100324,2013년 12월 5일 16시,목요일,경상남도 사천시 서금동,경상사고,0,0,1,0,차대차 - 측면직각충돌,안전운전불이행,건조,맑음,교차로 - 교차로안,화물,남,46세,상해없음,승용,여,43세,경상
2013120500100325,2013년 12월 5일 16시,목요일,경상남도 고성군 고성읍,경상사고,0,0,1,0,차대사람 - 차도통행중,안전운전불이행,건조,맑음,단일로 - 기타,이륜,남,31세,상해없음,보행자,여,61세,경상
2013120500100326,2013년 12월 5일 16시,목요일,경상남도 김해시 장유면,중상사고,0,1,0,0,차대사람 - 기타,안전운전불이행,건조,맑음,단일로 - 기타,승용,여,43세,상해없음,보행자,남,11세,중상
2013120500100414,2013년 12월 5일 18시,목요일,경상남도 김해시 내동,경상사고,0,0,1,0,차대차 - 기타,안전운전불이행,건조,맑음,교차로 - 교차로안,이륜,여,58세,경상,승용,남,28세,상해없음
2013120500100415,2013년 12월 5일 18시,목요일,경상남도 창원시 성산구 상남동,중상사고,0,1,0,0,차대차 - 측면직각충돌,안전운전불이행,건조,맑음,기타 - 기타,이륜,남,31세,상해없음,자전거,여,53세,중상
2013120500100459,2013년 12월 5일 19시,목요일,경상남도 밀양시 가곡동,경상사고,0,0,1,0,차대사람 - 기타,안전운전불이행,건조,맑음,단일로 - 기타,승용,남,71세,상해없음,보행자,남,15세,경상
2013120500100460,2013년 12월 5일 19시,목요일,경상남도 김해시 구산동,중상사고,0,1,0,0,차대차 - 기타,안전거리미확보,건조,맑음,단일로 - 기타,승용,여,31세,상해없음,이륜,여,66세,중상
2013120500100461,2013년 12월 5일 19시,목요일,경상남도 거제시 연초면,경상사고,0,0,1,0,차대차 - 측면직각충돌,신호위반,건조,맑음,교차로 - 교차로부근,승용,남,57세,상해없음,승용,여,21세,경상
2013120500100462,2013년 12월 5일 19시,목요일,경상남도 창원시 의창구 팔용동,경상사고,0,0,1,0,차대차 - 추돌 - 진행중,안전운전불이행,건조,맑음,교차로 - 교차로안,기타불명,기타불명,기타불명,기타불명,자전거,여,53세,경상
2013120500100493,2013년 12월 5일 20시,목요일,경상남도 거제시 옥포동,경상사고,0,0,1,0,차대사람 - 차도통행중,안전운전불이행,건조,맑음,단일로 - 기타,승용,남,62세,상해없음,보행자,남,32세,경상
2013120500100530,2013년 12월 5일 21시,목요일,경상남도 양산시 하북면,중상사고,0,1,1,0,차대차 - 기타,교차로운행방법위반,건조,맑음,교차로 - 교차로안,승용,남,34세,상해없음,승용,남,55세,경상
2013120500100576,2013년 12월 5일 23시,목요일,경상남도 창원시 마산합포구 진동면,중상사고,0,1,0,0,차대사람 - 기타,안전운전불이행,건조,맑음,단일로 - 기타,승용,남,59세,상해없음,보행자,남,25세,중상
2013120600100031,2013년 12월 6일 01시,금요일,경상남도 양산시 물금읍,중상사고,0,3,0,0,차대차 - 측면직각충돌,안전운전불이행,건조,맑음,교차로 - 교차로안,승용,남,39세,상해없음,승용,여,57세,중상
2013120600100130,2013년 12월 6일 08시,금요일,경상남도 사천시 동동,경상사고,0,0,1,0,차대차 - 측면직각충돌,교차로운행방법위반,건조,맑음,교차로 - 교차로안,승용,여,45세,경상,화물,남,67세,상해없음
2013120600100131,2013년 12월 6일 08시,금요일,경상남도 김해시 부원동,중상사고,0,1,3,0,차대차 - 추돌 - 주정차중,안전거리미확보,건조,맑음,단일로 - 기타,화물,남,33세,상해없음,승합,남,57세,상해없음
2013120600100189,2013년 12월 6일 10시,금요일,경상남도 거창군 거창읍,경상사고,0,0,1,0,차대차 - 측면직각충돌,교차로운행방법위반,건조,맑음,교차로 - 교차로안,승용,남,54세,상해없음,화물,남,51세,경상
2013120600100222,2013년 12월 6일 11시,금요일,경상남도 진주시 중안동,경상사고,0,0,1,0,차대사람 - 기타,안전운전불이행,건조,맑음,단일로 - 기타,승용,남,59세,상해없음,보행자,여,72세,경상
2013120600100223,2013년 12월 6일 11시,금요일,경상남도 고성군 고성읍,경상사고,0,0,1,0,차대차 - 측면직각충돌,직진우회전진행방해,건조,맑음,교차로 - 교차로안,승용,여,44세,상해없음,승용,남,35세,경상
2013120600100224,2013년 12월 6일 11시,금요일,경상남도 함안군 가야읍,경상사고,0,0,1,0,차대차 - 정면충돌,중앙선침범,건조,맑음,단일로 - 기타,이륜,남,69세,경상,승용,남,26세,상해없음
2013120600100251,2013년 12월 6일 12시,금요일,경상남도 통영시 북신동,중상사고,0,1,0,0,차대사람 - 횡단중,안전운전불이행,건조,맑음,교차로 - 교차로부근,승합,남,44세,상해없음,보행자,남,66세,중상
2013120600100252,2013년 12월 6일 12시,금요일,경상남도 사천시 벌리동,경상사고,0,0,3,0,차대차 - 기타,신호위반,건조,맑음,교차로 - 교차로안,화물,남,53세,상해없음,승용,남,44세,경상
2013120600100253,2013년 12월 6일 12시,금요일,경상남도 창원시 의창구 도계동,경상사고,0,0,1,0,차대차 - 측면직각충돌,안전운전불이행,건조,맑음,교차로 - 교차로안,이륜,남,17세,상해없음,이륜,남,16세,경상
2013120600100254,2013년 12월 6일 12시,금요일,경상남도 김해시 장유면,중상사고,0,1,0,0,차대차 - 기타,신호위반,건조,맑음,교차로 - 교차로안,승용,남,49세,상해없음,이륜,남,44세,중상
2013120600100287,2013년 12월 6일 13시,금요일,경상남도 김해시 장유면,중상사고,0,1,0,0,차대차 - 기타,안전운전불이행,건조,맑음,단일로 - 기타,승용,남,24세,상해없음,승합,남,45세,상해없음
2013120600100323,2013년 12월 6일 14시,금요일,경상남도 창원시 진해구 장천동,중상사고,0,1,0,0,차대차 - 기타,안전운전불이행,건조,맑음,단일로 - 기타,화물,남,61세,상해없음,승용,남,78세,중상
2013120600100324,2013년 12월 6일 14시,금요일,경상남도 사천시 용현면,중상사고,0,2,1,0,차대차 - 측면직각충돌,안전운전불이행,건조,맑음,단일로 - 기타,승용,남,41세,상해없음,승용,남,23세,경상
2013120600100325,2013년 12월 6일 14시,금요일,경상남도 양산시 덕계동,중상사고,0,1,0,0,차대차 - 측면직각충돌,안전운전불이행,건조,맑음,교차로 - 교차로부근,승용,여,61세,상해없음,화물,남,31세,상해없음
2013120600100326,2013년 12월 6일 14시,금요일,경상남도 거제시 고현동,경상사고,0,0,1,0,차대차 - 기타,안전운전불이행,건조,맑음,단일로 - 기타,승용,남,54세,상해없음,승용,남,40세,경상
2013120600100373,2013년 12월 6일 15시,금요일,경상남도 의령군 가례면,중상사고,0,1,1,0,차량단독 - 도로외이탈 - 기타,안전운전불이행,건조,맑음,단일로 - 기타,승용,여,56세,경상,,,,
2013120600100398,2013년 12월 6일 16시,금요일,경상남도 통영시 중앙동,경상사고,0,0,1,0,차대사람 - 길가장자리구역통행중,안전운전불이행,건조,맑음,단일로 - 기타,승용,여,56세,상해없음,보행자,남,59세,경상
2013120600100399,2013년 12월 6일 16시,금요일,경상남도 양산시 동면,중상사고,0,1,0,0,차대차 - 측면직각충돌,교차로운행방법위반,건조,맑음,교차로 - 교차로안,화물,남,48세,상해없음,원동기,남,30세,중상
2013120600100400,2013년 12월 6일 16시,금요일,경상남도 창원시 성산구 상남동,중상사고,0,1,0,0,차대사람 - 보도통행중,보행자보호의무위반,건조,맑음,단일로 - 기타,승용,남,32세,상해없음,보행자,남,14세,중상
2013120600100401,2013년 12월 6일 16시,금요일,경상남도 창원시 마산회원구 합성동,경상사고,0,0,1,0,차대사람 - 기타,안전운전불이행,건조,맑음,단일로 - 기타,승용,남,29세,기타불명,보행자,남,61세,경상
2013120600100443,2013년 12월 6일 17시,금요일,경상남도 창원시 마산회원구 합성동,경상사고,0,0,1,0,차대사람 - 보도통행중,보행자보호의무위반,건조,기타,단일로 - 횡단보도상,승용,남,52세,상해없음,보행자,남,43세,경상
2013120600100531,2013년 12월 6일 19시,금요일,경상남도 창원시 마산합포구 월영동,경상사고,0,0,1,0,차대사람 - 기타,안전운전불이행,건조,맑음,단일로 - 기타,승용,여,39세,상해없음,보행자,남,25세,경상
2013120600100532,2013년 12월 6일 19시,금요일,경상남도 통영시 태평동,경상사고,0,0,2,0,차대차 - 추돌 - 진행중,안전거리미확보,건조,맑음,교차로 - 교차로부근,승용,남,55세,상해없음,승용,여,33세,경상
2013120600100595,2013년 12월 6일 21시,금요일,경상남도 산청군 산청읍,경상사고,0,0,1,0,차량단독 - 공작물충돌,안전운전불이행,건조,맑음,단일로 - 기타,승용,남,35세,상해없음,,,,
2013120600100596,2013년 12월 6일 21시,금요일,경상남도 창원시 마산회원구 회원동,중상사고,0,1,1,0,차대차 - 기타,안전운전불이행,기타,기타,단일로 - 기타,승용,남,19세,상해없음,화물,남,44세,기타불명
2013120600100663,2013년 12월 6일 23시,금요일,경상남도 고성군 고성읍,경상사고,0,0,2,0,차대차 - 추돌 - 진행중,안전운전불이행,건조,맑음,단일로 - 기타,승용,남,32세,상해없음,승용,남,50세,경상
2013120700100023,2013년 12월 7일 00시,토요일,경상남도 진주시 하대동,중상사고,0,1,0,0,차대사람 - 횡단중,안전운전불이행,건조,맑음,단일로 - 기타,승용,남,21세,상해없음,보행자,남,45세,중상
2013120700100025,2013년 12월 7일 00시,토요일,경상남도 김해시 외동,중상사고,0,1,0,0,차대사람 - 기타,안전운전불이행,건조,맑음,단일로 - 기타,승용,남,38세,상해없음,보행자,남,46세,중상
2013120700100052,2013년 12월 7일 01시,토요일,경상남도 창원시 의창구 명서동,중상사고,0,1,0,0,차대사람 - 횡단중,안전운전불이행,건조,맑음,단일로 - 기타,승용,남,58세,상해없음,보행자,남,37세,중상
2013120700100064,2013년 12월 7일 02시,토요일,경상남도 양산시 물금읍,중상사고,0,1,0,0,차대차 - 측면직각충돌,신호위반,건조,맑음,교차로 - 교차로안,승용,남,56세,상해없음,승용,여,50세,중상
2013120700100079,2013년 12월 7일 03시,토요일,경상남도 창원시 마산합포구 오동동,경상사고,0,0,2,0,차대차 - 기타,교차로운행방법위반,건조,맑음,교차로 - 교차로안,승용,남,65세,상해없음,승용,남,58세,상해없음
2013120700100080,2013년 12월 7일 03시,토요일,경상남도 사천시 사천읍,중상사고,0,1,0,0,차대차 - 측면직각충돌,신호위반,건조,맑음,교차로 - 교차로안,승용,남,47세,상해없음,승용,여,52세,중상
2013120700100081,2013년 12월 7일 03시,토요일,경상남도 사천시 용현면,중상사고,0,1,0,0,차대차 - 기타,교차로운행방법위반,건조,맑음,교차로 - 교차로안,승용,여,25세,상해없음,승용,남,61세,중상
2013120700100140,2013년 12월 7일 07시,토요일,경상남도 통영시 미수동,중상사고,0,1,1,0,차량단독 - 공작물충돌,안전운전불이행,건조,맑음,단일로 - 기타,승용,여,47세,중상,,,,
2013120700100141,2013년 12월 7일 07시,토요일,경상남도 거창군 가조면,중상사고,0,1,0,0,차대차 - 측면직각충돌,교차로운행방법위반,건조,맑음,교차로 - 교차로안,특수,남,54세,상해없음,화물,남,47세,중상
2013120700100162,2013년 12월 7일 09시,토요일,경상남도 거제시 연초면,경상사고,0,0,1,0,차대차 - 추돌 - 진행중,안전운전불이행,건조,맑음,단일로 - 기타,승용,남,52세,기타불명,승용,여,46세,경상
2013120700100186,2013년 12월 7일 10시,토요일,경상남도 합천군 초계면,경상사고,0,0,1,0,차대차 - 측면직각충돌,교차로운행방법위반,건조,맑음,교차로 - 교차로안,이륜,남,21세,경상,승용,남,51세,상해없음
2013120700100187,2013년 12월 7일 10시,토요일,경상남도 거제시 장목면,경상사고,0,0,1,0,차대차 - 기타,중앙선침범,건조,맑음,교차로 - 교차로부근,승용,남,56세,상해없음,화물,남,64세,경상
2013120700100282,2013년 12월 7일 13시,토요일,경상남도 사천시 곤명면,경상사고,0,0,1,1,차대차 - 기타,안전운전불이행,건조,맑음,단일로 - 기타,화물,남,68세,상해없음,승용,여,46세,부상신고
2013120700100283,2013년 12월 7일 13시,토요일,경상남도 남해군 미조면,경상사고,0,0,1,0,차대사람 - 기타,안전운전불이행,건조,맑음,기타 - 기타,승용,남,63세,상해없음,보행자,여,7세,경상
2013120700100312,2013년 12월 7일 14시,토요일,경상남도 거제시 장승포동,경상사고,0,0,1,0,차대차 - 기타,안전운전불이행,건조,흐림,교차로 - 교차로부근,승용,남,61세,상해없음,승용,남,45세,상해없음
2013120700100313,2013년 12월 7일 14시,토요일,경상남도 김해시 장유면,중상사고,0,1,0,0,차대차 - 측면직각충돌,직진우회전진행방해,건조,맑음,교차로 - 교차로안,승용,여,55세,상해없음,승용,여,39세,중상