사고번호,사고일시,요일,시군구,사고내용,사망자수,중상자수,경상자수,부상신고자수,사고유형,법규위반,노면상태,기상상태,도로형태,가해운전자 차종,가해운전자 성별,가해운전자 연령,가해운전자 상해정도,피해운전자 차종,피해운전자 성별,피해운전자 연령,피해운전자 상해정도
2013120700100342,2013년 12월 7일 15시,토요일,경상남도 창원시 의창구 팔용동,중상사고,0,2,0,0,차대차 - 측면직각충돌,신호위반,건조,맑음,교차로 - 교차로안,화물,남,63세,상해없음,승용,남,35세,상해없음
2013120700100343,2013년 12월 7일 15시,토요일,경상남도 김해시 진영읍,부상신고사고,0,0,0,1,차대사람 - 기타,기타,건조,맑음,단일로 - 기타,화물,남,62세,상해없음,보행자,여,22세,부상신고
2013120700100373,2013년 12월 7일 16시,토요일,경상남도 진주시 집현면,중상사고,0,2,0,0,차대차 - 측면직각충돌,교차로운행방법위반,건조,맑음,교차로 - 교차로안,화물,남,46세,상해없음,화물,남,61세,중상
2013120700100374,2013년 12월 7일 16시,토요일,경상남도 남해군 남해읍,경상사고,0,0,2,0,차대차 - 추돌 - 주정차중,안전운전불이행,건조,맑음,기타 - 기타,승용,남,81세,상해없음,승용,남,30세,경상
2013120700100404,2013년 12월 7일 17시,토요일,경상남도 밀양시 상남면,경상사고,0,0,2,0,차대차 - 기타,안전운전불이행,건조,맑음,단일로 - 터널,승용,남,63세,상해없음,승용,남,42세,상해없음
2013120700100405,2013년 12월 7일 17시,토요일,경상남도 양산시 동면,경상사고,0,0,1,0,차대차 - 측면직각충돌,교차로운행방법위반,건조,맑음,단일로 - 기타,승용,남,56세,상해없음,승용,남,59세,경상
2013120700100406,2013년 12월 7일 17시,토요일,경상남도 하동군 진교면,중상사고,0,1,0,0,차대사람 - 횡단중,안전운전불이행,건조,맑음,단일로 - 기타,화물,여,32세,상해없음,보행자,여,66세,중상
2013120700100443,2013년 12월 7일 18시,토요일,경상남도 진주시 상대동,경상사고,0,0,1,0,차대사람 - 기타,안전운전불이행,건조,맑음,단일로 - 기타,화물,남,41세,상해없음,보행자,남,41세,경상
2013120700100444,2013년 12월 7일 18시,토요일,경상남도 진주시 인사동,중상사고,0,1,0,0,차대사람 - 횡단중,안전운전불이행,건조,맑음,단일로 - 기타,승용,남,63세,상해없음,보행자,남,65세,중상
2013120700100445,2013년 12월 7일 18시,토요일,경상남도 김해시 상동면,중상사고,0,1,0,0,차대차 - 측면직각충돌,안전운전불이행,건조,맑음,교차로 - 교차로부근,자전거,남,54세,중상,승용,남,32세,상해없음
2013120700100446,2013년 12월 7일 18시,토요일,경상남도 창녕군 남지읍,경상사고,0,0,1,0,차대차 - 기타,교차로운행방법위반,건조,맑음,교차로 - 교차로안,승용,남,56세,상해없음,승용,남,39세,상해없음
2013120700100447,2013년 12월 7일 18시,토요일,경상남도 창원시 의창구 동읍,경상사고,0,0,1,0,차대차 - 추돌 - 진행중,안전운전불이행,건조,맑음,단일로 - 기타,승용,남,46세,상해없음,화물,남,46세,상해없음
2013120700100480,2013년 12월 7일 19시,토요일,경상남도 통영시 미수동,부상신고사고,0,0,0,1,차대차 - 측면직각충돌,안전운전불이행,건조,맑음,단일로 - 기타,원동기,남,20세,부상신고,승용,남,55세,상해없음
2013120700100481,2013년 12월 7일 19시,토요일,경상남도 양산시 삼호동,중상사고,0,1,0,0,차대차 - 측면직각충돌,직진우회전진행방해,건조,맑음,교차로 - 교차로안,승용,남,58세,상해없음,이륜,남,33세,중상
2013120700100482,2013년 12월 7일 19시,토요일,경상남도 창원시 마산회원구 양덕동,경상사고,0,0,1,0,차대차 - 측면직각충돌,안전운전불이행,건조,맑음,단일로 - 기타,승용,남,54세,상해없음,승용,여,40세,경상
2013120700100512,2013년 12월 7일 20시,토요일,경상남도 함안군 칠원면,경상사고,0,0,1,0,차대차 - 기타,중앙선침범,건조,맑음,단일로 - 기타,승용,남,33세,상해없음,승용,여,52세,경상
2013120700100563,2013년 12월 7일 22시,토요일,경상남도 김해시 외동,경상사고,0,0,2,0,차대차 - 추돌 - 주정차중,안전운전불이행,건조,맑음,단일로 - 기타,승용,남,54세,상해없음,승용,남,23세,경상
2013120700100564,2013년 12월 7일 22시,토요일,경상남도 창녕군 남지읍,중상사고,0,1,1,0,차량단독 - 공작물충돌,안전운전불이행,건조,맑음,단일로 - 기타,승용,남,31세,상해없음,,,,
2013120700100597,2013년 12월 7일 23시,토요일,경상남도 진주시 상대동,경상사고,0,0,3,0,차대사람 - 기타,신호위반,건조,맑음,기타 - 기타,원동기,남,43세,상해없음,보행자,남,36세,경상
2013120700100598,2013년 12월 7일 23시,토요일,경상남도 창원시 성산구 반림동,중상사고,0,1,0,0,차대차 - 추돌 - 주정차중,안전운전불이행,건조,맑음,교차로 - 교차로부근,승용,남,29세,상해없음,승용,남,43세,중상
2013120700100599,2013년 12월 7일 23시,토요일,경상남도 김해시 장유면,경상사고,0,0,1,0,차대사람 - 횡단중,안전운전불이행,건조,맑음,교차로 - 교차로안,승용,남,50세,상해없음,보행자,남,60세,경상
2013120800100014,2013년 12월 8일 00시,일요일,경상남도 김해시 외동,중상사고,0,1,0,0,차대사람 - 차도통행중,안전운전불이행,건조,맑음,교차로 - 교차로부근,승용,남,50세,상해없음,보행자,남,40세,중상
2013120800100015,2013년 12월 8일 00시,일요일,경상남도 창원시 의창구 명서동,경상사고,0,0,2,0,차대차 - 측면직각충돌,교차로운행방법위반,건조,맑음,교차로 - 교차로부근,승용,남,38세,상해없음,승용,남,32세,경상
2013120800100039,2013년 12월 8일 01시,일요일,경상남도 거제시 능포동,중상사고,0,1,0,0,차대사람 - 기타,안전운전불이행,건조,맑음,단일로 - 기타,승용,남,52세,상해없음,보행자,남,44세,중상
2013120800100078,2013년 12월 8일 03시,일요일,경상남도 양산시 동면,중상사고,0,1,0,0,차대차 - 정면충돌,중앙선침범,건조,맑음,단일로 - 기타,승용,여,51세,상해없음,승용,여,55세,중상
2013120800100116,2013년 12월 8일 06시,일요일,경상남도 창원시 진해구 서중동,사망사고,1,0,0,0,차대사람 - 차도통행중,안전운전불이행,건조,맑음,단일로 - 기타,승합,남,50세,상해없음,보행자,여,77세,사망
2013120800100117,2013년 12월 8일 06시,일요일,경상남도 김해시 내동,중상사고,0,1,0,0,차대차 - 측면직각충돌,신호위반,건조,맑음,교차로 - 교차로안,승용,남,30세,상해없음,승용,남,54세,중상
2013120800100134,2013년 12월 8일 07시,일요일,경상남도 김해시 이동,경상사고,0,0,1,0,차대차 - 측면직각충돌,안전거리미확보,건조,맑음,단일로 - 기타,승용,남,35세,상해없음,이륜,남,31세,경상
2013120800100159,2013년 12월 8일 09시,일요일,경상남도 거제시 동부면,중상사고,0,1,0,0,차대차 - 기타,안전운전불이행,건조,맑음,교차로 - 교차로안,화물,남,39세,상해없음,자전거,남,28세,중상
2013120800100173,2013년 12월 8일 10시,일요일,경상남도 함안군 칠원면,중상사고,0,1,1,0,차대차 - 측면직각충돌,교차로운행방법위반,건조,맑음,단일로 - 기타,승용,여,23세,상해없음,승용,남,27세,경상
2013120800100188,2013년 12월 8일 11시,일요일,경상남도 하동군 하동읍,중상사고,0,1,4,0,차대차 - 기타,안전운전불이행,건조,맑음,단일로 - 기타,승용,남,67세,상해없음,화물,남,57세,중상
2013120800100189,2013년 12월 8일 11시,일요일,경상남도 창원시 마산합포구 산호동,중상사고,0,1,0,0,차대사람 - 기타,안전운전불이행,건조,맑음,단일로 - 기타,승용,남,53세,상해없음,보행자,남,84세,중상
2013120800100208,2013년 12월 8일 12시,일요일,경상남도 창원시 진해구 제황산동,경상사고,0,0,1,0,차대차 - 측면직각충돌,안전운전불이행,건조,맑음,단일로 - 기타,원동기,남,78세,경상,승용,남,51세,상해없음
2013120800100209,2013년 12월 8일 12시,일요일,경상남도 사천시 사천읍,경상사고,0,0,1,0,차대차 - 측면직각충돌,교차로운행방법위반,건조,맑음,교차로 - 교차로안,승용,여,52세,상해없음,이륜,남,49세,경상
2013120800100210,2013년 12월 8일 12시,일요일,경상남도 창원시 의창구 팔용동,중상사고,0,1,0,0,차대사람 - 횡단중,보행자보호의무위반,건조,맑음,교차로 - 교차로부근,승합,여,39세,상해없음,보행자,여,48세,중상
2013120800100259,2013년 12월 8일 14시,일요일,경상남도 진주시 명석면,중상사고,0,1,0,0,차량단독 - 주차차량충돌,안전운전불이행,건조,맑음,단일로 - 기타,승용,여,50세,중상,,,,
2013120800100260,2013년 12월 8일 14시,일요일,경상남도 창녕군 창녕읍,중상사고,0,1,4,0,차대차 - 추돌 - 진행중,교차로운행방법위반,건조,맑음,교차로 - 교차로안,화물,남,42세,상해없음,승용,남,37세,경상
2013120800100261,2013년 12월 8일 14시,일요일,경상남도 남해군 삼동면,중상사고,0,1,0,0,차대사람 - 횡단중,안전운전불이행,건조,맑음,단일로 - 횡단보도상,승용,남,56세,상해없음,보행자,여,70세,중상
2013120800100289,2013년 12월 8일 15시,일요일,경상남도 남해군 이동면,중상사고,0,2,4,0,차대차 - 기타,중앙선침범,건조,맑음,기타 - 기타,승용,남,44세,상해없음,승용,남,30세,중상
2013120800100319,2013년 12월 8일 16시,일요일,경상남도 진주시 강남동,중상사고,0,1,0,0,차대차 - 추돌 - 주정차중,기타,건조,맑음,단일로 - 기타,승용,남,68세,상해없음,승용,남,36세,중상
2013120800100320,2013년 12월 8일 16시,일요일,경상남도 고성군 동해면,중상사고,0,5,0,0,차대차 - 추돌 - 주정차중,안전운전불이행,건조,맑음,단일로 - 기타,승용,여,34세,상해없음,승합,남,50세,중상
2013120800100351,2013년 12월 8일 17시,일요일,경상남도 양산시 물금읍,경상사고,0,0,2,0,차대차 - 기타,안전운전불이행,건조,맑음,교차로 - 교차로안,화물,남,48세,상해없음,승용,여,30세,경상
2013120800100352,2013년 12월 8일 17시,일요일,경상남도 거제시 사등면,경상사고,0,0,1,0,차대차 - 추돌 - 진행중,안전운전불이행,건조,맑음,단일로 - 기타,승용,여,30세,상해없음,승용,남,40세,경상
2013120800100399,2013년 12월 8일 18시,일요일,경상남도 사천시 용현면,중상사고,0,2,3,0,차대차 - 측면직각충돌,신호위반,건조,맑음,교차로 - 교차로안,승용,여,58세,상해없음,승합,남,39세,상해없음
2013120800100434,2013년 12월 8일 19시,일요일,경상남도 창원시 진해구 석동,경상사고,0,0,1,0,차대차 - 측면직각충돌,교차로운행방법위반,건조,맑음,교차로 - 교차로안,원동기,남,25세,상해없음,원동기,남,63세,경상
2013120800100435,2013년 12월 8일 19시,일요일,경상남도 김해시 구산동,중상사고,0,1,0,0,차대차 - 측면직각충돌,교차로운행방법위반,건조,맑음,교차로 - 교차로안,승용,여,48세,상해없음,원동기,남,34세,중상
2013120800100436,2013년 12월 8일 19시,일요일,경상남도 창원시 의창구 명서동,경상사고,0,0,1,0,차대차 - 측면직각충돌,직진우회전진행방해,건조,맑음,교차로 - 교차로안,승용,남,49세,상해없음,자전거,남,51세,경상
2013120800100461,2013년 12월 8일 20시,일요일,경상남도 양산시 동면,경상사고,0,0,2,0,차대차 - 기타,신호위반,건조,맑음,교차로 - 교차로안,승용,남,27세,상해없음,승용,여,27세,경상
2013120800100462,2013년 12월 8일 20시,일요일,경상남도 김해시 장유면,경상사고,0,0,2,0,차대차 - 추돌 - 진행중,안전운전불이행,건조,맑음,단일로 - 기타,승용,남,54세,상해없음,승용,남,27세,경상
2013120800100483,2013년 12월 8일 21시,일요일,경상남도 창원시 성산구 대방동,중상사고,0,1,0,0,차대사람 - 기타,안전운전불이행,건조,맑음,단일로 - 기타,승용,남,33세,상해없음,보행자,여,74세,중상
2013120800100498,2013년 12월 8일 22시,일요일,경상남도 하동군 하동읍,경상사고,0,0,1,0,차대차 - 기타,중앙선침범,건조,맑음,단일로 - 기타,특수,남,33세,상해없음,이륜,남,41세,경상
2013120800100516,2013년 12월 8일 23시,일요일,경상남도 거창군 거창읍,중상사고,0,1,0,0,차대사람 - 횡단중,안전운전불이행,건조,맑음,교차로 - 교차로안,승용,여,40세,상해없음,보행자,여,19세,중상
2013120800100517,2013년 12월 8일 23시,일요일,경상남도 창원시 성산구 상남동,경상사고,0,0,1,0,차대사람 - 횡단중,보행자보호의무위반,건조,맑음,단일로 - 횡단보도상,승용,남,67세,상해없음,보행자,여,29세,경상
2013120900100019,2013년 12월 9일 01시,월요일,경상남도 창원시 성산구 삼정자동,사망사고,1,0,0,0,차량단독 - 공작물충돌,안전운전불이행,건조,맑음,단일로 - 기타,승용,남,41세,사망,,,,
2013120900100036,2013년 12월 9일 04시,월요일,경상남도 통영시 서호동,중상사고,0,1,0,0,차대사람 - 횡단중,보행자보호의무위반,습기,맑음,교차로 - 교차로부근,승용,남,45세,상해없음,보행자,여,71세,중상
2013120900100047,2013년 12월 9일 05시,월요일,경상남도 창원시 의창구 도계동,중상사고,0,1,0,0,차대사람 - 기타,안전운전불이행,건조,맑음,단일로 - 기타,승합,남,46세,상해없음,보행자,여,75세,중상
2013120900100092,2013년 12월 9일 07시,월요일,경상남도 산청군 생비량면,사망사고,1,1,0,0,차대차 - 측면직각충돌,교차로운행방법위반,건조,맑음,교차로 - 교차로안,승용,남,70세,중상,농기계,남,44세,사망
2013120900100122,2013년 12월 9일 08시,월요일,경상남도 김해시 삼계동,중상사고,0,1,0,0,차대차 - 측면직각충돌,불법유턴,건조,맑음,단일로 - 기타,승용,남,61세,상해없음,이륜,남,37세,중상
2013120900100123,2013년 12월 9일 08시,월요일,경상남도 김해시 삼정동,경상사고,0,0,1,0,차대차 - 측면직각충돌,안전운전불이행,건조,맑음,단일로 - 기타,화물,남,39세,상해없음,승용,남,47세,경상
2013120900100124,2013년 12월 9일 08시,월요일,경상남도 창원시 성산구 상남동,경상사고,0,0,1,0,차대차 - 기타,안전운전불이행,건조,맑음,단일로 - 기타,화물,남,38세,상해없음,자전거,남,28세,경상
2013120900100125,2013년 12월 9일 08시,월요일,경상남도 창원시 의창구 도계동,경상사고,0,0,1,0,차대차 - 측면직각충돌,신호위반,건조,흐림,교차로 - 교차로안,승용,남,78세,상해없음,승용,남,33세,경상
2013120900100157,2013년 12월 9일 09시,월요일,경상남도 창원시 마산합포구 중앙동2가,경상사고,0,0,1,0,차대사람 - 횡단중,안전운전불이행,건조,맑음,교차로 - 교차로안,승용,남,61세,상해없음,보행자,남,64세,경상
2013120900100158,2013년 12월 9일 09시,월요일,경상남도 창원시 마산합포구 오동동,중상사고,0,1,0,0,차대차 - 측면직각충돌,교차로운행방법위반,건조,맑음,교차로 - 교차로안,승용,남,71세,상해없음,이륜,남,47세,중상
2013120900100159,2013년 12월 9일 09시,월요일,경상남도 김해시 부원동,중상사고,0,1,0,0,차대사람 - 차도통행중,안전운전불이행,건조,맑음,단일로 - 기타,화물,남,51세,상해없음,보행자,여,62세,중상
2013120900100213,2013년 12월 9일 11시,월요일,경상남도 김해시 삼방동,경상사고,0,0,1,0,차대차 - 기타,신호위반,건조,맑음,교차로 - 교차로안,이륜,남,72세,경상,승용,남,57세,상해없음
2013120900100265,2013년 12월 9일 13시,월요일,경상남도 통영시 무전동,경상사고,0,0,2,0,차대차 - 측면직각충돌,안전운전불이행,습기,비,교차로 - 교차로안,승용,여,43세,경상,승용,여,29세,경상
2013120900100266,2013년 12월 9일 13시,월요일,경상남도 창원시 의창구 동읍,경상사고,0,0,1,0,차대차 - 측면직각충돌,안전운전불이행,습기,흐림,교차로 - 교차로안,화물,남,63세,상해없음,화물,남,58세,상해없음
2013120900100286,2013년 12월 9일 14시,월요일,경상남도 창원시 진해구 자은동,경상사고,0,0,1,0,차대차 - 측면직각충돌,안전운전불이행,습기,비,단일로 - 기타,화물,남,57세,상해없음,승합,여,54세,경상
2013120900100287,2013년 12월 9일 14시,월요일,경상남도 거제시 아주동,중상사고,0,1,0,0,차대사람 - 차도통행중,안전운전불이행,습기,비,단일로 - 기타,화물,남,65세,기타불명,보행자,여,13세,중상
2013120900100288,2013년 12월 9일 14시,월요일,경상남도 창원시 성산구 내동,경상사고,0,0,1,0,차대차 - 기타,안전운전불이행,건조,맑음,단일로 - 기타,승용,남,52세,상해없음,승용,남,33세,경상
2013120900100318,2013년 12월 9일 15시,월요일,경상남도 진주시 금산면,중상사고,0,1,2,0,차대차 - 측면직각충돌,신호위반,건조,맑음,교차로 - 교차로안,승용,여,45세,경상,승합,남,65세,중상
2013120900100340,2013년 12월 9일 16시,월요일,경상남도 김해시 진영읍,경상사고,0,0,1,0,차대차 - 측면직각충돌,중앙선침범,습기,비,단일로 - 기타,화물,남,42세,상해없음,승용,남,60세,경상
2013120900100394,2013년 12월 9일 17시,월요일,경상남도 창원시 진해구 여좌동,경상사고,0,0,1,0,차대사람 - 기타,안전운전불이행,건조,맑음,단일로 - 기타,건설기계,남,44세,상해없음,보행자,남,52세,경상
2013120900100395,2013년 12월 9일 17시,월요일,경상남도 통영시 무전동,경상사고,0,0,1,0,차대차 - 측면직각충돌,교차로운행방법위반,건조,맑음,교차로 - 교차로안,승용,남,40세,상해없음,승용,남,65세,경상
2013120900100396,2013년 12월 9일 17시,월요일,경상남도 김해시 삼계동,경상사고,0,0,1,0,차대차 - 기타,중앙선침범,건조,맑음,단일로 - 기타,승용,여,52세,상해없음,승용,여,37세,경상
2013120900100397,2013년 12월 9일 17시,월요일,경상남도 창원시 마산회원구 내서읍,경상사고,0,0,1,0,차대차 - 측면직각충돌,안전운전불이행,건조,맑음,교차로 - 교차로안,승합,남,56세,상해없음,자전거,여,43세,경상
2013120900100453,2013년 12월 9일 18시,월요일,경상남도 진주시 상평동,중상사고,0,1,0,0,차대사람 - 기타,안전운전불이행,습기,비,교차로 - 교차로부근,승합,기타불명,기타불명,기타불명,보행자,남,64세,중상
2013120900100454,2013년 12월 9일 18시,월요일,경상남도 창원시 진해구 경화동,경상사고,0,0,2,0,차대차 - 측면직각충돌,교차로운행방법위반,습기,흐림,교차로 - 교차로안,승용,남,31세,경상,승용,여,37세,경상
2013120900100455,2013년 12월 9일 18시,월요일,경상남도 김해시 삼방동,중상사고,0,1,0,0,차대차 - 추돌 - 진행중,안전운전불이행,건조,맑음,교차로 - 교차로안,승용,남,29세,상해없음,승용,남,28세,상해없음
2013120900100456,2013년 12월 9일 18시,월요일,경상남도 김해시 삼계동,중상사고,0,1,0,0,차대사람 - 횡단중,보행자보호의무위반,습기,비,단일로 - 기타,승용,여,48세,상해없음,보행자,남,52세,중상
2013120900100457,2013년 12월 9일 18시,월요일,경상남도 거창군 거창읍,중상사고,0,1,0,0,차대사람 - 보도통행중,보행자보호의무위반,습기,비,교차로 - 교차로안,승용,여,48세,상해없음,보행자,남,72세,중상
2013120900100458,2013년 12월 9일 18시,월요일,경상남도 거제시 동부면,중상사고,0,1,0,0,차대차 - 정면충돌,중앙선침범,습기,비,단일로 - 기타,화물,남,53세,상해없음,승용,남,44세,중상
2013120900100459,2013년 12월 9일 18시,월요일,경상남도 의령군 화정면,경상사고,0,0,2,1,차대차 - 정면충돌,중앙선침범,습기,비,단일로 - 기타,승용,남,61세,경상,화물,남,31세,경상
2013120900100460,2013년 12월 9일 18시,월요일,경상남도 창원시 성산구 외동,경상사고,0,0,2,0,차대차 - 기타,안전운전불이행,건조,맑음,단일로 - 기타,승용,여,61세,상해없음,승용,여,44세,경상
2013120900100512,2013년 12월 9일 19시,월요일,경상남도 창녕군 영산면,중상사고,0,1,1,0,차대차 - 기타,교차로운행방법위반,습기,비,교차로 - 교차로안,화물,남,45세,상해없음,승용,남,32세,중상
2013120900100513,2013년 12월 9일 19시,월요일,경상남도 양산시 중부동,경상사고,0,0,1,0,차대사람 - 기타,안전운전불이행,건조,맑음,교차로 - 교차로부근,승용,남,39세,상해없음,보행자,여,55세,경상
2013120900100514,2013년 12월 9일 19시,월요일,경상남도 양산시 물금읍,중상사고,0,1,0,0,차대차 - 기타,안전운전불이행,건조,맑음,단일로 - 기타,승용,여,43세,상해없음,화물,남,50세,중상
2013120900100515,2013년 12월 9일 19시,월요일,경상남도 의령군 가례면,사망사고,1,2,0,0,차대차 - 기타,중앙선침범,습기,흐림,단일로 - 기타,승용,남,63세,사망,승용,여,48세,중상
2013120900100516,2013년 12월 9일 19시,월요일,경상남도 창원시 의창구 봉곡동,부상신고사고,0,0,0,1,차대사람 - 횡단중,신호위반,습기,흐림,교차로 - 교차로부근,원동기,남,20세,상해없음,보행자,남,57세,부상신고
2013120900100551,2013년 12월 9일 20시,월요일,경상남도 김해시 외동,경상사고,0,0,1,0,차대차 - 측면직각충돌,안전거리미확보,건조,흐림,교차로 - 교차로안,승용,남,37세,상해없음,승합,남,42세,경상
2013120900100614,2013년 12월 9일 22시,월요일,경상남도 밀양시 교동,사망사고,1,0,0,0,차대사람 - 기타,안전운전불이행,습기,비,단일로 - 기타,승용,남,23세,상해없음,보행자,남,47세,사망
2013120900100638,2013년 12월 9일 23시,월요일,경상남도 창원시 마산합포구 현동,경상사고,0,0,1,0,차대차 - 추돌 - 진행중,안전거리미확보,건조,맑음,단일로 - 기타,화물,남,59세,상해없음,승용,남,26세,경상
2013120900100639,2013년 12월 9일 23시,월요일,경상남도 김해시 구산동,중상사고,0,2,0,0,차대차 - 측면직각충돌,신호위반,습기,비,교차로 - 교차로안,화물,남,50세,상해없음,승용,남,57세,중상
2013120900100640,2013년 12월 9일 23시,월요일,경상남도 산청군 시천면,부상신고사고,0,0,0,1,차량단독 - 공작물충돌,안전운전불이행,습기,비,단일로 - 기타,화물,남,60세,부상신고,,,,
2013121000100011,2013년 12월 10일 00시,화요일,경상남도 김해시 어방동,중상사고,0,1,0,0,차대차 - 측면직각충돌,직진우회전진행방해,습기,비,교차로 - 교차로안,승용,남,61세,상해없음,이륜,남,16세,중상
2013121000100037,2013년 12월 10일 04시,화요일,경상남도 진주시 중안동,경상사고,0,0,1,0,차대사람 - 보도통행중,중앙선침범,건조,맑음,단일로 - 기타,이륜,여,52세,상해없음,보행자,여,45세,경상
2013121000100061,2013년 12월 10일 06시,화요일,경상남도 고성군 하이면,중상사고,0,1,0,0,차대사람 - 횡단중,안전운전불이행,건조,맑음,단일로 - 기타,승합,남,59세,상해없음,보행자,여,53세,중상
2013121000100074,2013년 12월 10일 07시,화요일,경상남도 창원시 마산합포구 월남동1가,중상사고,0,1,0,0,차대차 - 측면직각충돌,직진우회전진행방해,건조,맑음,교차로 - 교차로안,승용,여,34세,상해없음,승용,남,59세,중상
2013121000100075,2013년 12월 10일 07시,화요일,경상남도 진주시 상대동,중상사고,0,4,0,0,차대차 - 추돌 - 진행중,안전거리미확보,건조,맑음,단일로 - 기타,화물,남,24세,상해없음,승용,남,45세,중상
2013121000100076,2013년 12월 10일 07시,화요일,경상남도 거제시 연초면,중상사고,0,2,0,0,차대차 - 기타,안전거리미확보,건조,맑음,교차로 - 교차로부근,화물,남,44세,상해없음,승용,남,50세,중상
2013121000100077,2013년 12월 10일 07시,화요일,경상남도 거제시 고현동,중상사고,0,1,0,0,차대차 - 기타,교차로운행방법위반,건조,맑음,교차로 - 교차로안,화물,남,65세,상해없음,이륜,남,48세,중상
2013121000100078,2013년 12월 10일 07시,화요일,경상남도 김해시 장유면,중상사고,0,1,0,0,차대차 - 측면직각충돌,신호위반,건조,맑음,교차로 - 교차로안,승용,남,45세,상해없음,이륜,남,45세,중상
2013121000100105,2013년 12월 10일 08시,화요일,경상남도 거제시 고현동,경상사고,0,0,1,0,차대차 - 추돌 - 진행중,중앙선침범,건조,맑음,기타 - 기타,승용,여,45세,상해없음,이륜,남,29세,경상
2013121000100161,2013년 12월 10일 11시,화요일,경상남도 거창군 거창읍,부상신고사고,0,0,0,1,차대차 - 측면직각충돌,교차로운행방법위반,건조,맑음,교차로 - 교차로안,자전거,여,45세,부상신고,화물,남,63세,상해없음
2013121000100162,2013년 12월 10일 11시,화요일,경상남도 창원시 의창구 동읍,부상신고사고,0,0,0,1,차대차 - 추돌 - 진행중,안전거리미확보,건조,맑음,교차로 - 교차로부근,화물,남,48세,상해없음,승용,여,31세,부상신고
2013121000100185,2013년 12월 10일 12시,화요일,경상남도 밀양시 교동,경상사고,0,0,2,0,차대차 - 추돌 - 진행중,안전운전불이행,건조,맑음,교차로 - 교차로부근,화물,남,79세,상해없음,승용,남,69세,상해없음
2013121000100231,2013년 12월 10일 14시,화요일,경상남도 사천시 축동면,경상사고,0,0,1,0,차대차 - 기타,안전운전불이행,건조,맑음,단일로 - 기타,화물,남,54세,상해없음,승용,여,23세,경상
2013121000100266,2013년 12월 10일 16시,화요일,경상남도 사천시 신벽동,경상사고,0,0,1,0,차대차 - 기타,기타,건조,맑음,단일로 - 기타,화물,남,56세,상해없음,원동기,남,69세,경상
2013121000100267,2013년 12월 10일 16시,화요일,경상남도 김해시 상동면,중상사고,0,1,0,0,차량단독 - 공작물충돌,안전운전불이행,건조,맑음,단일로 - 기타,승용,여,57세,중상,,,,
2013121000100269,2013년 12월 10일 16시,화요일,경상남도 창원시 의창구 도계동,경상사고,0,0,1,1,차대사람 - 기타,보행자보호의무위반,건조,맑음,단일로 - 기타,승용,여,52세,상해없음,보행자,여,55세,부상신고
2013121000100305,2013년 12월 10일 17시,화요일,경상남도 하동군 악양면,중상사고,0,1,0,0,차대차 - 추돌 - 진행중,안전운전불이행,건조,맑음,단일로 - 기타,화물,남,46세,상해없음,이륜,여,40세,중상
2013121000100306,2013년 12월 10일 17시,화요일,경상남도 창원시 의창구 도계동,경상사고,0,0,1,0,차대차 - 기타,안전운전불이행,건조,맑음,교차로 - 교차로안,승용,여,47세,상해없음,자전거,남,65세,경상
2013121000100307,2013년 12월 10일 17시,화요일,경상남도 김해시 장유면,경상사고,0,0,1,0,차대차 - 측면직각충돌,직진우회전진행방해,건조,맑음,교차로 - 교차로안,화물,남,54세,상해없음,화물,남,39세,경상
2013121000100347,2013년 12월 10일 18시,화요일,경상남도 밀양시 삼문동,중상사고,0,1,0,0,차대차 - 측면직각충돌,안전운전불이행,건조,맑음,단일로 - 교량,승용,남,31세,상해없음,원동기,남,26세,중상
2013121000100348,2013년 12월 10일 18시,화요일,경상남도 양산시 하북면,경상사고,0,0,1,0,차대차 - 추돌 - 주정차중,안전운전불이행,건조,맑음,기타 - 기타,화물,남,45세,상해없음,승용,남,46세,경상
2013121000100349,2013년 12월 10일 18시,화요일,경상남도 양산시 덕계동,경상사고,0,0,1,0,차대차 - 추돌 - 주정차중,안전운전불이행,건조,맑음,기타 - 기타,승용,남,40세,상해없음,승용,여,48세,경상
2013121000100383,2013년 12월 10일 19시,화요일,경상남도 창원시 의창구 동읍,경상사고,0,0,1,1,차대차 - 추돌 - 주정차중,안전거리미확보,건조,맑음,단일로 - 기타,승용,남,38세,상해없음,승용,남,50세,경상
2013121000100384,2013년 12월 10일 19시,화요일,경상남도 진주시 판문동,중상사고,0,1,0,0,차량단독 - 공작물충돌,안전운전불이행,건조,맑음,단일로 - 교량,승용,남,43세,중상,,,,
2013121000100419,2013년 12월 10일 20시,화요일,경상남도 김해시 구산동,중상사고,0,1,0,0,차대사람 - 기타,안전운전불이행,건조,맑음,단일로 - 기타,승합,남,43세,상해없음,보행자,남,50세,중상
2013121000100420,2013년 12월 10일 20시,화요일,경상남도 양산시 남부동,경상사고,0,0,1,0,차대차 - 측면직각충돌,신호위반,건조,맑음,교차로 - 교차로안,승용,여,51세,상해없음,승용,남,32세,경상
2013121000100421,2013년 12월 10일 20시,화요일,경상남도 창원시 마산회원구 양덕동,경상사고,0,0,1,0,차대차 - 정면충돌,중앙선침범,건조,맑음,단일로 - 기타,승용,남,28세,상해없음,이륜,남,20세,경상
2013121000100452,2013년 12월 10일 21시,화요일,경상남도 창원시 마산합포구 해운동,중상사고,0,1,3,0,차대차 - 추돌 - 주정차중,안전운전불이행,건조,맑음,단일로 - 기타,화물,남,32세,경상,승용,남,70세,경상