사고번호,사고일시,요일,시군구,사고내용,사망자수,중상자수,경상자수,부상신고자수,사고유형,법규위반,노면상태,기상상태,도로형태,가해운전자 차종,가해운전자 성별,가해운전자 연령,가해운전자 상해정도,피해운전자 차종,피해운전자 성별,피해운전자 연령,피해운전자 상해정도
2013121000100453,2013년 12월 10일 21시,화요일,경상남도 창원시 성산구 중앙동,경상사고,0,0,2,0,차대차 - 측면직각충돌,신호위반,건조,맑음,교차로 - 교차로안,승용,남,23세,상해없음,승용,남,39세,경상
2013121000100477,2013년 12월 10일 22시,화요일,경상남도 거제시 옥포동,경상사고,0,0,1,0,차대사람 - 차도통행중,안전운전불이행,건조,맑음,교차로 - 교차로안,승용,남,43세,상해없음,보행자,남,27세,경상
2013121000100479,2013년 12월 10일 22시,화요일,경상남도 김해시 장유면,중상사고,0,1,0,0,차대차 - 기타,안전운전불이행,건조,맑음,교차로 - 교차로부근,승용,여,49세,상해없음,이륜,남,18세,중상
2013121000100508,2013년 12월 10일 23시,화요일,경상남도 창원시 마산합포구 해운동,경상사고,0,0,1,0,차대차 - 측면직각충돌,안전운전불이행,건조,맑음,단일로 - 기타,승용,남,35세,상해없음,승용,여,55세,경상
2013121000100509,2013년 12월 10일 23시,화요일,경상남도 진주시 계동,경상사고,0,0,1,0,차대차 - 측면직각충돌,교차로운행방법위반,건조,맑음,단일로 - 기타,원동기,남,55세,경상,승용,남,48세,상해없음
2013121000100510,2013년 12월 10일 23시,화요일,경상남도 거제시 고현동,중상사고,0,1,3,0,차대차 - 정면충돌,중앙선침범,건조,맑음,교차로 - 교차로부근,승용,여,35세,상해없음,승용,남,31세,경상
2013121100100014,2013년 12월 11일 00시,수요일,경상남도 진주시 망경동,경상사고,0,0,1,0,차대차 - 추돌 - 진행중,안전운전불이행,건조,맑음,단일로 - 기타,승용,남,33세,상해없음,승용,남,50세,경상
2013121100100039,2013년 12월 11일 02시,수요일,경상남도 김해시 장유면,중상사고,0,1,0,0,차대차 - 기타,안전운전불이행,건조,맑음,교차로 - 교차로안,승용,남,28세,상해없음,승용,남,36세,중상
2013121100100049,2013년 12월 11일 03시,수요일,경상남도 사천시 좌룡동,부상신고사고,0,0,0,1,차량단독 - 공작물충돌,안전운전불이행,건조,맑음,단일로 - 기타,승용,남,30세,부상신고,,,,
2013121100100096,2013년 12월 11일 06시,수요일,경상남도 김해시 삼계동,경상사고,0,0,3,0,차대차 - 추돌 - 주정차중,안전운전불이행,건조,흐림,단일로 - 기타,승용,남,34세,상해없음,승용,남,48세,경상
2013121100100125,2013년 12월 11일 07시,수요일,경상남도 합천군 초계면,경상사고,0,0,1,0,차대차 - 추돌 - 진행중,안전운전불이행,건조,맑음,교차로 - 교차로안,화물,남,40세,경상,승용,남,52세,상해없음
2013121100100170,2013년 12월 11일 08시,수요일,경상남도 사천시 향촌동,경상사고,0,0,1,0,차대차 - 측면직각충돌,교차로운행방법위반,건조,맑음,교차로 - 교차로안,승용,여,43세,상해없음,승용,남,56세,경상
2013121100100171,2013년 12월 11일 08시,수요일,경상남도 거제시 거제면,사망사고,1,0,0,0,차량단독 - 전도전복,안전운전불이행,건조,맑음,단일로 - 기타,건설기계,남,40세,사망,,,,
2013121100100213,2013년 12월 11일 09시,수요일,경상남도 창원시 진해구 안골동,경상사고,0,0,1,0,차대차 - 측면직각충돌,안전운전불이행,건조,맑음,교차로 - 교차로안,승용,남,56세,상해없음,승용,여,41세,경상
2013121100100214,2013년 12월 11일 09시,수요일,경상남도 고성군 거류면,경상사고,0,0,1,0,차대차 - 추돌 - 주정차중,안전운전불이행,건조,맑음,단일로 - 기타,승용,여,41세,상해없음,승용,남,56세,기타불명
2013121100100256,2013년 12월 11일 11시,수요일,경상남도 거창군 거창읍,경상사고,0,0,1,1,차대차 - 측면직각충돌,교차로운행방법위반,건조,맑음,교차로 - 교차로안,원동기,여,46세,부상신고,승용,남,43세,경상
2013121100100257,2013년 12월 11일 11시,수요일,경상남도 창녕군 부곡면,중상사고,0,1,0,0,차대차 - 추돌 - 주정차중,안전운전불이행,건조,맑음,단일로 - 기타,승용,남,27세,상해없음,화물,남,55세,중상
2013121100100258,2013년 12월 11일 11시,수요일,경상남도 거제시 두모동,중상사고,0,1,0,0,차대차 - 추돌 - 진행중,안전운전불이행,건조,맑음,교차로 - 교차로안,승용,남,58세,상해없음,승용,남,51세,중상
2013121100100259,2013년 12월 11일 11시,수요일,경상남도 함안군 가야읍,경상사고,0,0,1,0,차대사람 - 기타,안전운전불이행,건조,맑음,단일로 - 기타,화물,남,45세,상해없음,보행자,남,51세,경상
2013121100100260,2013년 12월 11일 11시,수요일,경상남도 김해시 장유면,중상사고,0,1,1,0,차대차 - 측면직각충돌,신호위반,건조,맑음,교차로 - 교차로안,승용,남,54세,상해없음,화물,남,22세,중상
2013121100100287,2013년 12월 11일 12시,수요일,경상남도 거제시 옥포동,경상사고,0,0,1,0,차대사람 - 기타,보행자보호의무위반,건조,맑음,교차로 - 교차로안,승용,남,37세,상해없음,보행자,남,50세,경상
2013121100100288,2013년 12월 11일 12시,수요일,경상남도 거제시 장목면,중상사고,0,2,0,0,차대차 - 추돌 - 진행중,안전운전불이행,건조,맑음,교차로 - 교차로안,승용,남,49세,상해없음,승용,여,33세,중상
2013121100100289,2013년 12월 11일 12시,수요일,경상남도 의령군 의령읍,경상사고,0,0,1,0,차대차 - 기타,안전운전불이행,건조,맑음,교차로 - 교차로안,농기계,남,71세,경상,승용,남,68세,상해없음
2013121100100290,2013년 12월 11일 12시,수요일,경상남도 김해시 장유면,중상사고,0,1,0,0,차대사람 - 횡단중,보행자보호의무위반,건조,맑음,단일로 - 횡단보도상,승용,남,41세,상해없음,보행자,남,16세,중상
2013121100100316,2013년 12월 11일 13시,수요일,경상남도 밀양시 무안면,중상사고,0,1,0,0,차대차 - 기타,안전운전불이행,건조,흐림,단일로 - 기타,건설기계,기타불명,기타불명,기타불명,이륜,남,79세,상해없음
2013121100100340,2013년 12월 11일 14시,수요일,경상남도 창원시 마산합포구 신포동1가,경상사고,0,0,1,0,차대차 - 추돌 - 진행중,안전거리미확보,건조,맑음,교차로 - 교차로부근,화물,남,51세,상해없음,승용,여,45세,경상
2013121100100341,2013년 12월 11일 14시,수요일,경상남도 사천시 선구동,경상사고,0,0,1,0,차대차 - 기타,안전운전불이행,건조,맑음,단일로 - 기타,승용,여,42세,상해없음,이륜,남,55세,경상
2013121100100342,2013년 12월 11일 14시,수요일,경상남도 창원시 의창구 명서동,경상사고,0,0,2,0,차대차 - 기타,차로위반,건조,맑음,단일로 - 기타,화물,남,45세,상해없음,승용,여,48세,경상
2013121100100366,2013년 12월 11일 15시,수요일,경상남도 창원시 진해구 충무동,경상사고,0,0,2,0,차대차 - 측면직각충돌,안전운전불이행,건조,맑음,단일로 - 횡단보도부근,승용,남,56세,상해없음,자전거,남,11세,경상
2013121100100367,2013년 12월 11일 15시,수요일,경상남도 양산시 어곡동,부상신고사고,0,0,0,2,차대차 - 측면직각충돌,직진우회전진행방해,건조,맑음,교차로 - 교차로안,승용,여,43세,상해없음,승용,남,47세,부상신고
2013121100100368,2013년 12월 11일 15시,수요일,경상남도 김해시 주촌면,경상사고,0,0,1,0,차대차 - 측면직각충돌,안전운전불이행,건조,맑음,단일로 - 기타,승용,남,56세,상해없음,승용,남,37세,경상
2013121100100399,2013년 12월 11일 16시,수요일,경상남도 남해군 삼동면,경상사고,0,0,1,0,차대차 - 기타,안전운전불이행,건조,맑음,기타 - 기타,승용,남,61세,경상,화물,남,53세,상해없음
2013121100100430,2013년 12월 11일 17시,수요일,경상남도 양산시 소주동,중상사고,0,1,0,0,차대사람 - 기타,보행자보호의무위반,습기,눈,단일로 - 횡단보도상,승용,여,72세,상해없음,보행자,남,63세,중상
2013121100100431,2013년 12월 11일 17시,수요일,경상남도 산청군 신등면,부상신고사고,0,0,0,4,차량단독 - 전도전복,안전운전불이행,결빙,흐림,단일로 - 기타,화물,남,57세,상해없음,,,,
2013121100100479,2013년 12월 11일 18시,수요일,경상남도 양산시 어곡동,부상신고사고,0,0,0,1,차대차 - 측면직각충돌,직진우회전진행방해,건조,맑음,교차로 - 교차로안,승용,남,56세,상해없음,자전거,남,51세,부상신고
2013121100100480,2013년 12월 11일 18시,수요일,경상남도 양산시 북정동,중상사고,0,1,0,0,차대사람 - 기타,보행자보호의무위반,건조,맑음,교차로 - 교차로부근,승용,여,28세,상해없음,보행자,여,72세,중상
2013121100100481,2013년 12월 11일 18시,수요일,경상남도 김해시 풍유동,경상사고,0,0,2,0,차대차 - 추돌 - 주정차중,안전운전불이행,건조,맑음,단일로 - 기타,승용,남,26세,상해없음,승용,남,56세,경상
2013121100100518,2013년 12월 11일 19시,수요일,경상남도 창원시 마산회원구 양덕동,경상사고,0,0,1,0,차대차 - 추돌 - 주정차중,안전운전불이행,건조,맑음,단일로 - 기타,승용,남,46세,상해없음,승용,남,30세,경상
2013121100100519,2013년 12월 11일 19시,수요일,경상남도 김해시 주촌면,중상사고,0,1,0,0,차대사람 - 횡단중,보행자보호의무위반,건조,맑음,단일로 - 기타,승용,남,52세,상해없음,보행자,남,24세,중상
2013121100100551,2013년 12월 11일 20시,수요일,경상남도 김해시 장유면,중상사고,0,1,0,0,차대차 - 추돌 - 주정차중,안전운전불이행,건조,맑음,단일로 - 기타,승용,남,41세,상해없음,이륜,남,44세,중상
2013121100100606,2013년 12월 11일 22시,수요일,경상남도 창원시 진해구 두동,중상사고,0,1,0,0,차대사람 - 기타,안전운전불이행,건조,기타,단일로 - 횡단보도부근,승용,남,47세,상해없음,보행자,남,54세,중상
2013121100100607,2013년 12월 11일 22시,수요일,경상남도 통영시 무전동,경상사고,0,0,1,0,차대차 - 측면직각충돌,직진우회전진행방해,건조,맑음,교차로 - 교차로안,승용,남,56세,상해없음,승용,남,56세,경상
2013121100100608,2013년 12월 11일 22시,수요일,경상남도 김해시 어방동,경상사고,0,0,1,0,차대사람 - 기타,안전운전불이행,건조,맑음,단일로 - 기타,승용,남,38세,상해없음,보행자,남,46세,경상
2013121100100609,2013년 12월 11일 22시,수요일,경상남도 김해시 장유면,경상사고,0,0,1,0,차대사람 - 기타,안전운전불이행,건조,맑음,교차로 - 교차로안,승용,남,42세,상해없음,보행자,여,46세,경상
2013121100100610,2013년 12월 11일 22시,수요일,경상남도 창녕군 계성면,사망사고,1,0,0,0,차대차 - 추돌 - 진행중,안전운전불이행,건조,맑음,단일로 - 기타,승용,남,38세,사망,화물,남,52세,상해없음
2013121100100635,2013년 12월 11일 23시,수요일,경상남도 통영시 무전동,중상사고,0,1,0,0,차대사람 - 기타,안전운전불이행,건조,맑음,교차로 - 교차로안,승용,남,32세,상해없음,보행자,남,55세,중상
2013121100100636,2013년 12월 11일 23시,수요일,경상남도 밀양시 교동,중상사고,0,1,2,0,차대차 - 측면직각충돌,신호위반,건조,맑음,교차로 - 교차로안,승용,남,35세,상해없음,화물,남,30세,경상
2013121200100049,2013년 12월 12일 03시,목요일,경상남도 김해시 장유면,중상사고,0,1,0,0,차대차 - 추돌 - 주정차중,안전운전불이행,건조,맑음,교차로 - 교차로부근,승용,남,41세,상해없음,화물,남,58세,중상
2013121200100076,2013년 12월 12일 05시,목요일,경상남도 창원시 마산합포구 서성동,중상사고,0,1,0,0,차대차 - 정면충돌,신호위반,건조,맑음,교차로 - 교차로안,승합,남,53세,상해없음,화물,남,61세,중상
2013121200100088,2013년 12월 12일 06시,목요일,경상남도 통영시 서호동,중상사고,0,1,0,0,차대사람 - 기타,안전운전불이행,건조,맑음,단일로 - 기타,승합,남,39세,기타불명,보행자,여,74세,중상
2013121200100132,2013년 12월 12일 08시,목요일,경상남도 진주시 진성면,중상사고,0,1,0,0,차대차 - 기타,교차로운행방법위반,건조,맑음,교차로 - 교차로안,화물,남,61세,상해없음,이륜,남,85세,중상
2013121200100133,2013년 12월 12일 08시,목요일,경상남도 김해시 서상동,경상사고,0,0,1,0,차대사람 - 횡단중,안전운전불이행,건조,맑음,교차로 - 교차로안,승합,남,61세,상해없음,보행자,여,74세,경상
2013121200100134,2013년 12월 12일 08시,목요일,경상남도 김해시 장유면,경상사고,0,0,2,0,차대차 - 기타,안전거리미확보,건조,맑음,단일로 - 기타,승용,여,37세,상해없음,승용,여,27세,경상
2013121200100172,2013년 12월 12일 09시,목요일,경상남도 창원시 진해구 용원동,중상사고,0,2,0,1,차대차 - 측면직각충돌,교차로운행방법위반,건조,맑음,교차로 - 교차로안,승용,여,50세,부상신고,화물,여,53세,중상
2013121200100173,2013년 12월 12일 09시,목요일,경상남도 산청군 산청읍,중상사고,0,1,0,0,차대차 - 측면직각충돌,교차로운행방법위반,건조,맑음,교차로 - 교차로안,이륜,남,57세,중상,화물,남,53세,상해없음
2013121200100174,2013년 12월 12일 09시,목요일,경상남도 김해시 장유면,중상사고,0,2,0,0,차대차 - 기타,안전운전불이행,건조,맑음,단일로 - 기타,건설기계,남,69세,상해없음,승용,여,24세,중상
2013121200100191,2013년 12월 12일 10시,목요일,경상남도 창원시 진해구 자은동,중상사고,0,2,2,0,차대차 - 추돌 - 진행중,안전운전불이행,건조,맑음,단일로 - 기타,승용,여,39세,경상,승합,남,54세,경상
2013121200100192,2013년 12월 12일 10시,목요일,경상남도 거제시 둔덕면,경상사고,0,0,1,0,차대차 - 기타,안전운전불이행,건조,맑음,기타 - 기타,승용,남,52세,상해없음,화물,남,41세,경상
2013121200100259,2013년 12월 12일 13시,목요일,경상남도 밀양시 상동면,중상사고,0,3,1,0,차대차 - 측면직각충돌,안전운전불이행,건조,맑음,교차로 - 교차로부근,승용,남,30세,상해없음,화물,남,66세,중상
2013121200100260,2013년 12월 12일 13시,목요일,경상남도 하동군 하동읍,중상사고,0,1,0,0,차대차 - 측면직각충돌,안전운전불이행,건조,맑음,교차로 - 교차로안,승용,남,71세,상해없음,이륜,남,77세,중상
2013121200100287,2013년 12월 12일 14시,목요일,경상남도 창원시 마산합포구 중앙동2가,사망사고,1,0,0,0,차대사람 - 보도통행중,보행자보호의무위반,건조,맑음,교차로 - 교차로부근,화물,남,51세,상해없음,보행자,남,7세,사망
2013121200100288,2013년 12월 12일 14시,목요일,경상남도 창원시 진해구 장천동,경상사고,0,0,2,0,차대차 - 추돌 - 진행중,안전거리미확보,건조,맑음,단일로 - 기타,건설기계,남,46세,상해없음,승용,여,47세,경상
2013121200100331,2013년 12월 12일 16시,목요일,경상남도 밀양시 하남읍,중상사고,0,2,0,0,차대차 - 측면직각충돌,안전운전불이행,건조,맑음,교차로 - 교차로안,화물,남,62세,상해없음,이륜,남,78세,중상
2013121200100332,2013년 12월 12일 16시,목요일,경상남도 거제시 옥포동,경상사고,0,0,1,0,차대차 - 기타,안전운전불이행,건조,맑음,교차로 - 교차로안,승용,여,40세,상해없음,자전거,남,44세,경상
2013121200100361,2013년 12월 12일 17시,목요일,경상남도 창원시 진해구 태평동,경상사고,0,0,7,0,차대차 - 측면직각충돌,교차로운행방법위반,건조,맑음,교차로 - 교차로안,승합,남,60세,상해없음,승용,여,36세,경상
2013121200100362,2013년 12월 12일 17시,목요일,경상남도 거제시 아주동,경상사고,0,0,1,0,차대차 - 측면직각충돌,안전운전불이행,건조,맑음,단일로 - 기타,승용,여,25세,상해없음,승용,여,23세,경상
2013121200100397,2013년 12월 12일 18시,목요일,경상남도 창원시 진해구 덕산동,중상사고,0,1,0,0,차대차 - 측면직각충돌,교차로운행방법위반,건조,맑음,교차로 - 교차로안,승용,남,44세,상해없음,원동기,여,70세,중상
2013121200100398,2013년 12월 12일 18시,목요일,경상남도 거제시 상동동,경상사고,0,0,1,0,차대차 - 기타,안전운전불이행,건조,맑음,단일로 - 기타,승용,여,41세,상해없음,승용,여,27세,상해없음
2013121200100421,2013년 12월 12일 19시,목요일,경상남도 고성군 마암면,경상사고,0,0,2,0,차대차 - 추돌 - 진행중,안전운전불이행,건조,맑음,교차로 - 교차로부근,승용,남,30세,상해없음,승용,여,31세,경상
2013121200100422,2013년 12월 12일 19시,목요일,경상남도 거제시 아주동,경상사고,0,0,1,0,차대차 - 추돌 - 진행중,안전운전불이행,건조,맑음,단일로 - 기타,승용,남,60세,상해없음,승용,여,40세,경상
2013121200100492,2013년 12월 12일 21시,목요일,경상남도 창원시 진해구 경화동,경상사고,0,0,1,0,차대차 - 측면직각충돌,신호위반,건조,맑음,교차로 - 교차로안,원동기,남,19세,기타불명,자전거,남,32세,경상
2013121200100493,2013년 12월 12일 21시,목요일,경상남도 함안군 칠서면,부상신고사고,0,0,0,2,차량단독 - 공작물충돌,안전운전불이행,건조,맑음,단일로 - 기타,이륜,남,29세,부상신고,,,,
2013121200100494,2013년 12월 12일 21시,목요일,경상남도 창원시 마산회원구 석전동,중상사고,0,2,3,0,차대차 - 측면직각충돌,안전운전불이행,건조,맑음,단일로 - 기타,승용,남,71세,상해없음,승합,남,41세,경상
2013121200100525,2013년 12월 12일 22시,목요일,경상남도 거제시 옥포동,부상신고사고,0,0,0,1,차대사람 - 기타,안전운전불이행,건조,맑음,단일로 - 기타,원동기,남,18세,상해없음,보행자,남,45세,부상신고
2013121200100526,2013년 12월 12일 22시,목요일,경상남도 창원시 마산회원구 회원동,경상사고,0,0,1,0,차대차 - 측면직각충돌,안전운전불이행,건조,맑음,단일로 - 기타,승용,남,32세,상해없음,승용,남,51세,경상
2013121200100554,2013년 12월 12일 23시,목요일,경상남도 고성군 회화면,경상사고,0,0,2,0,차대차 - 측면직각충돌,안전운전불이행,건조,맑음,단일로 - 기타,승용,남,30세,상해없음,승용,여,40세,경상
2013121200100555,2013년 12월 12일 23시,목요일,경상남도 창원시 의창구 대원동,경상사고,0,0,1,0,차대사람 - 보도통행중,보행자보호의무위반,건조,맑음,단일로 - 기타,승용,남,26세,상해없음,보행자,남,12세,경상
2013121300100015,2013년 12월 13일 00시,금요일,경상남도 양산시 덕계동,중상사고,0,1,1,0,차대사람 - 길가장자리구역통행중,안전운전불이행,건조,맑음,단일로 - 기타,승용,남,40세,상해없음,보행자,여,47세,경상
2013121300100016,2013년 12월 13일 00시,금요일,경상남도 김해시 흥동,중상사고,0,2,1,0,차대차 - 측면직각충돌,교차로운행방법위반,건조,맑음,교차로 - 교차로안,승용,남,43세,상해없음,승용,남,45세,중상
2013121300100062,2013년 12월 13일 05시,금요일,경상남도 사천시 향촌동,경상사고,0,0,3,0,차대차 - 기타,신호위반,건조,맑음,교차로 - 교차로안,승용,남,62세,상해없음,승용,남,69세,경상
2013121300100069,2013년 12월 13일 06시,금요일,경상남도 거제시 고현동,중상사고,0,1,0,0,차대차 - 추돌 - 진행중,안전운전불이행,건조,맑음,교차로 - 교차로안,승용,남,30세,상해없음,승용,여,27세,중상
2013121300100070,2013년 12월 13일 06시,금요일,경상남도 거제시 옥포동,중상사고,0,1,0,0,차대차 - 추돌 - 진행중,기타,건조,맑음,교차로 - 교차로안,승용,남,49세,상해없음,승합,남,49세,상해없음
2013121300100084,2013년 12월 13일 07시,금요일,경상남도 창원시 마산합포구 오동동,중상사고,0,1,0,0,차대사람 - 횡단중,보행자보호의무위반,건조,맑음,단일로 - 횡단보도상,이륜,남,51세,상해없음,보행자,남,77세,중상
2013121300100111,2013년 12월 13일 08시,금요일,경상남도 진주시 평거동,경상사고,0,0,1,0,차대사람 - 횡단중,안전운전불이행,건조,맑음,교차로 - 교차로안,화물,남,63세,상해없음,보행자,남,11세,경상
2013121300100112,2013년 12월 13일 08시,금요일,경상남도 창원시 성산구 삼정자동,경상사고,0,0,1,0,차대사람 - 횡단중,보행자보호의무위반,건조,맑음,단일로 - 횡단보도상,승용,남,54세,상해없음,보행자,남,11세,경상
2013121300100140,2013년 12월 13일 09시,금요일,경상남도 창원시 성산구 대방동,중상사고,0,1,1,0,차대차 - 측면직각충돌,신호위반,건조,맑음,교차로 - 교차로부근,승용,남,57세,상해없음,승용,남,47세,상해없음
2013121300100162,2013년 12월 13일 10시,금요일,경상남도 밀양시 하남읍,중상사고,0,1,0,0,차대차 - 기타,안전운전불이행,건조,맑음,단일로 - 기타,화물,남,45세,상해없음,승용,남,49세,상해없음
2013121300100163,2013년 12월 13일 10시,금요일,경상남도 창녕군 창녕읍,중상사고,0,1,0,0,차대사람 - 기타,안전운전불이행,건조,맑음,단일로 - 기타,승용,남,65세,상해없음,보행자,여,76세,중상
2013121300100164,2013년 12월 13일 10시,금요일,경상남도 거제시 아주동,경상사고,0,0,2,0,차대차 - 추돌 - 진행중,안전운전불이행,건조,맑음,단일로 - 기타,승용,남,70세,상해없음,승합,남,51세,경상
2013121300100165,2013년 12월 13일 10시,금요일,경상남도 거제시 아주동,경상사고,0,0,1,0,차대차 - 측면직각충돌,교차로운행방법위반,건조,맑음,교차로 - 교차로안,승용,여,47세,기타불명,승합,여,38세,경상
2013121300100208,2013년 12월 13일 12시,금요일,경상남도 합천군 쌍책면,경상사고,0,0,1,0,차량단독 - 기타,안전운전불이행,건조,맑음,교차로 - 교차로부근,승용,여,46세,경상,,,,
2013121300100233,2013년 12월 13일 13시,금요일,경상남도 진주시 장대동,중상사고,0,1,0,0,차대사람 - 횡단중,보행자보호의무위반,건조,맑음,교차로 - 교차로안,화물,남,66세,상해없음,보행자,여,84세,중상
2013121300100234,2013년 12월 13일 13시,금요일,경상남도 창원시 진해구 대영동,경상사고,0,0,2,0,차대차 - 기타,교차로운행방법위반,건조,맑음,교차로 - 교차로안,승용,남,22세,상해없음,승용,남,34세,경상
2013121300100235,2013년 12월 13일 13시,금요일,경상남도 창원시 의창구 명서동,부상신고사고,0,0,0,1,차대차 - 측면직각충돌,안전운전불이행,건조,맑음,교차로 - 교차로안,승용,기타불명,기타불명,기타불명,승용,여,43세,부상신고
2013121300100261,2013년 12월 13일 14시,금요일,경상남도 양산시 북부동,경상사고,0,0,1,0,차대사람 - 횡단중,보행자보호의무위반,건조,맑음,단일로 - 기타,원동기,남,59세,상해없음,보행자,남,62세,경상
2013121300100262,2013년 12월 13일 14시,금요일,경상남도 창원시 마산합포구 산호동,중상사고,0,1,0,0,차대차 - 측면직각충돌,신호위반,건조,맑음,교차로 - 교차로안,이륜,남,44세,중상,승용,남,49세,상해없음
2013121300100290,2013년 12월 13일 15시,금요일,경상남도 창원시 진해구 청안동,부상신고사고,0,0,0,2,차대차 - 기타,안전운전불이행,건조,맑음,단일로 - 기타,승용,여,33세,상해없음,승용,여,47세,상해없음
2013121300100291,2013년 12월 13일 15시,금요일,경상남도 통영시 정량동,경상사고,0,0,1,0,차대차 - 추돌 - 진행중,안전운전불이행,건조,맑음,단일로 - 기타,승합,여,36세,상해없음,원동기,남,52세,경상
2013121300100292,2013년 12월 13일 15시,금요일,경상남도 김해시 장유면,중상사고,0,1,0,0,차대사람 - 기타,안전운전불이행,건조,맑음,교차로 - 교차로안,화물,남,35세,상해없음,보행자,남,13세,중상
2013121300100303,2013년 12월 13일 16시,금요일,경상남도 김해시 상동면,중상사고,0,2,0,0,차대차 - 기타,안전운전불이행,건조,맑음,단일로 - 기타,화물,남,55세,상해없음,승용,남,60세,중상
2013121300100355,2013년 12월 13일 17시,금요일,경상남도 김해시 상동면,중상사고,0,1,0,0,차대사람 - 횡단중,보행자보호의무위반,건조,맑음,단일로 - 횡단보도상,승용,여,39세,상해없음,보행자,여,59세,중상
2013121300100356,2013년 12월 13일 17시,금요일,경상남도 거창군 거창읍,사망사고,1,0,0,0,차대차 - 측면직각충돌,교차로운행방법위반,건조,흐림,교차로 - 교차로안,승용,여,39세,상해없음,원동기,남,71세,사망
2013121300100357,2013년 12월 13일 17시,금요일,경상남도 김해시 장유면,경상사고,0,0,1,0,차대차 - 추돌 - 진행중,안전거리미확보,건조,맑음,단일로 - 기타,승용,남,53세,상해없음,승용,남,48세,경상
2013121300100395,2013년 12월 13일 18시,금요일,경상남도 창원시 진해구 석동,경상사고,0,0,1,0,차대사람 - 기타,신호위반,건조,맑음,교차로 - 교차로안,승합,남,56세,상해없음,보행자,여,14세,경상
2013121300100396,2013년 12월 13일 18시,금요일,경상남도 창녕군 창녕읍,경상사고,0,0,1,0,차대사람 - 기타,안전운전불이행,건조,맑음,단일로 - 기타,원동기,여,57세,상해없음,보행자,남,51세,경상
2013121300100397,2013년 12월 13일 18시,금요일,경상남도 거제시 고현동,중상사고,0,1,0,0,차대차 - 추돌 - 진행중,교차로운행방법위반,건조,맑음,교차로 - 교차로안,승용,남,43세,상해없음,이륜,남,47세,중상
2013121300100398,2013년 12월 13일 18시,금요일,경상남도 거제시 장승포동,중상사고,0,1,0,0,차대차 - 기타,중앙선침범,건조,맑음,단일로 - 기타,승용,여,55세,상해없음,자전거,남,36세,중상
2013121300100426,2013년 12월 13일 19시,금요일,경상남도 통영시 도천동,중상사고,0,1,0,0,차대사람 - 횡단중,안전운전불이행,건조,맑음,교차로 - 교차로부근,화물,남,48세,상해없음,보행자,남,46세,중상
2013121300100427,2013년 12월 13일 19시,금요일,경상남도 김해시 삼계동,중상사고,0,1,1,0,차대차 - 측면직각충돌,안전운전불이행,건조,맑음,교차로 - 교차로안,승용,여,43세,상해없음,승용,남,33세,중상
2013121300100428,2013년 12월 13일 19시,금요일,경상남도 창원시 성산구 안민동,경상사고,0,0,1,0,차대차 - 측면직각충돌,안전운전불이행,건조,맑음,교차로 - 교차로부근,기타불명,기타불명,기타불명,기타불명,승용,여,38세,경상
2013121300100457,2013년 12월 13일 20시,금요일,경상남도 진주시 호탄동,경상사고,0,0,1,0,차대차 - 측면직각충돌,안전운전불이행,건조,맑음,교차로 - 교차로안,승용,여,28세,상해없음,승용,남,62세,경상
2013121300100482,2013년 12월 13일 21시,금요일,경상남도 밀양시 부북면,중상사고,0,1,0,0,차대사람 - 횡단중,안전운전불이행,건조,맑음,단일로 - 기타,승용,남,51세,상해없음,보행자,남,54세,중상
2013121300100483,2013년 12월 13일 21시,금요일,경상남도 남해군 남해읍,중상사고,0,1,2,0,차대차 - 정면충돌,중앙선침범,습기,기타,기타 - 기타,승용,남,52세,경상,승용,여,44세,중상
2013121300100510,2013년 12월 13일 22시,금요일,경상남도 김해시 어방동,중상사고,0,1,0,0,차대차 - 측면직각충돌,안전운전불이행,건조,맑음,단일로 - 기타,승용,남,58세,상해없음,승용,여,49세,중상
2013121300100511,2013년 12월 13일 22시,금요일,경상남도 거제시 둔덕면,경상사고,0,0,1,0,차대차 - 기타,중앙선침범,건조,맑음,단일로 - 기타,승용,남,51세,상해없음,승용,여,62세,경상
2013121300100541,2013년 12월 13일 23시,금요일,경상남도 창원시 마산합포구 완월동,경상사고,0,0,1,0,차대차 - 기타,안전운전불이행,건조,맑음,교차로 - 교차로안,승용,남,58세,상해없음,이륜,남,29세,경상
2013121300100542,2013년 12월 13일 23시,금요일,경상남도 거제시 고현동,중상사고,0,1,0,0,차대사람 - 기타,안전운전불이행,건조,맑음,단일로 - 기타,승용,남,48세,상해없음,보행자,여,51세,중상
2013121400100064,2013년 12월 14일 02시,토요일,경상남도 창원시 성산구 신촌동,경상사고,0,0,1,0,차대차 - 측면직각충돌,중앙선침범,건조,맑음,교차로 - 교차로부근,승용,남,26세,상해없음,승용,남,47세,경상
2013121400100129,2013년 12월 14일 06시,토요일,경상남도 밀양시 상남면,경상사고,0,0,1,2,차대차 - 추돌 - 진행중,안전운전불이행,건조,맑음,교차로 - 교차로부근,승용,남,52세,상해없음,승용,여,58세,경상
2013121400100130,2013년 12월 14일 06시,토요일,경상남도 밀양시 단장면,부상신고사고,0,0,0,1,차대사람 - 길가장자리구역통행중,안전운전불이행,건조,맑음,단일로 - 기타,승용,남,29세,상해없음,보행자,여,62세,부상신고