사고번호,사고일시,요일,시군구,사고내용,사망자수,중상자수,경상자수,부상신고자수,사고유형,법규위반,노면상태,기상상태,도로형태,가해운전자 차종,가해운전자 성별,가해운전자 연령,가해운전자 상해정도,피해운전자 차종,피해운전자 성별,피해운전자 연령,피해운전자 상해정도
2013121800100268,2013년 12월 18일 11시,수요일,경상남도 고성군 회화면,경상사고,0,0,1,0,차대차 - 측면직각충돌,안전거리미확보,건조,맑음,단일로 - 기타,승용,남,61세,상해없음,이륜,남,72세,경상
2013121800100269,2013년 12월 18일 11시,수요일,경상남도 김해시 진영읍,중상사고,0,1,0,0,차대차 - 측면직각충돌,직진우회전진행방해,건조,맑음,교차로 - 교차로안,승용,여,52세,상해없음,이륜,남,69세,중상
2013121800100289,2013년 12월 18일 12시,수요일,경상남도 사천시 벌리동,경상사고,0,0,1,0,차대차 - 측면직각충돌,교차로운행방법위반,건조,맑음,교차로 - 교차로안,승용,여,44세,상해없음,원동기,남,57세,경상
2013121800100290,2013년 12월 18일 12시,수요일,경상남도 사천시 정동면,경상사고,0,0,1,0,차대차 - 기타,신호위반,건조,맑음,교차로 - 교차로안,승용,남,62세,상해없음,승용,남,45세,경상
2013121800100291,2013년 12월 18일 12시,수요일,경상남도 거제시 고현동,중상사고,0,1,0,0,차대차 - 추돌 - 진행중,신호위반,건조,맑음,교차로 - 교차로안,승용,남,44세,상해없음,승용,여,47세,중상
2013121800100313,2013년 12월 18일 13시,수요일,경상남도 창원시 마산합포구 동성동,중상사고,0,1,0,0,차대사람 - 기타,기타,건조,맑음,단일로 - 기타,승용,여,57세,상해없음,보행자,여,57세,중상
2013121800100314,2013년 12월 18일 13시,수요일,경상남도 진주시 문산읍,사망사고,1,0,0,0,차대사람 - 횡단중,안전운전불이행,건조,맑음,교차로 - 교차로부근,화물,남,71세,상해없음,보행자,여,79세,사망
2013121800100315,2013년 12월 18일 13시,수요일,경상남도 사천시 곤명면,중상사고,0,1,2,0,차대차 - 추돌 - 진행중,안전운전불이행,건조,맑음,교차로 - 교차로부근,화물,남,35세,상해없음,승용,여,65세,경상
2013121800100379,2013년 12월 18일 16시,수요일,경상남도 양산시 중부동,경상사고,0,0,1,0,차대차 - 측면직각충돌,안전운전불이행,건조,맑음,단일로 - 기타,승용,여,31세,상해없음,승용,여,42세,경상
2013121800100425,2013년 12월 18일 17시,수요일,경상남도 사천시 향촌동,중상사고,0,2,0,0,차대차 - 측면직각충돌,교차로운행방법위반,건조,흐림,교차로 - 교차로안,화물,남,54세,상해없음,이륜,남,49세,중상
2013121800100426,2013년 12월 18일 17시,수요일,경상남도 사천시 사천읍,경상사고,0,0,3,0,차대차 - 기타,교차로운행방법위반,건조,맑음,교차로 - 교차로안,승용,여,53세,경상,승용,남,68세,경상
2013121800100427,2013년 12월 18일 17시,수요일,경상남도 밀양시 산내면,중상사고,0,1,0,0,차대차 - 측면직각충돌,교차로운행방법위반,건조,맑음,교차로 - 교차로안,승용,여,55세,상해없음,이륜,남,73세,중상
2013121800100428,2013년 12월 18일 17시,수요일,경상남도 함양군 함양읍,중상사고,0,1,1,0,차대차 - 측면직각충돌,안전운전불이행,건조,맑음,교차로 - 교차로안,승용,남,31세,경상,승용,남,53세,중상
2013121800100429,2013년 12월 18일 17시,수요일,경상남도 거제시 고현동,중상사고,0,1,0,0,차대사람 - 기타,보행자보호의무위반,건조,맑음,단일로 - 횡단보도상,승용,여,53세,상해없음,보행자,남,69세,중상
2013121800100430,2013년 12월 18일 17시,수요일,경상남도 창원시 마산회원구 합성동,경상사고,0,0,1,0,차대차 - 기타,안전운전불이행,건조,맑음,단일로 - 기타,화물,남,46세,상해없음,이륜,여,37세,경상
2013121800100481,2013년 12월 18일 18시,수요일,경상남도 밀양시 가곡동,경상사고,0,0,1,0,차대사람 - 기타,안전운전불이행,건조,맑음,단일로 - 기타,승용,남,70세,상해없음,보행자,여,45세,경상
2013121800100482,2013년 12월 18일 18시,수요일,경상남도 하동군 진교면,경상사고,0,0,1,0,차대차 - 측면직각충돌,교차로운행방법위반,건조,맑음,교차로 - 교차로안,화물,남,24세,상해없음,승용,여,46세,경상
2013121800100546,2013년 12월 18일 20시,수요일,경상남도 거제시 고현동,중상사고,0,1,0,0,차대사람 - 횡단중,안전운전불이행,건조,맑음,교차로 - 교차로안,승용,남,35세,상해없음,보행자,남,34세,중상
2013121800100633,2013년 12월 18일 22시,수요일,경상남도 합천군 합천읍,중상사고,0,2,0,0,차대차 - 추돌 - 주정차중,안전운전불이행,건조,맑음,단일로 - 기타,원동기,여,14세,중상,화물,남,56세,기타불명
2013121800100670,2013년 12월 18일 23시,수요일,경상남도 김해시 진영읍,사망사고,1,0,0,0,차대사람 - 횡단중,안전운전불이행,건조,흐림,단일로 - 기타,화물,남,35세,상해없음,보행자,남,44세,사망
2013121800100671,2013년 12월 18일 23시,수요일,경상남도 김해시 진례면,중상사고,0,1,1,0,차대차 - 추돌 - 진행중,안전운전불이행,건조,맑음,단일로 - 기타,승용,남,46세,상해없음,승용,여,61세,중상
2013121900100023,2013년 12월 19일 00시,목요일,경상남도 창원시 의창구 팔용동,중상사고,0,1,0,0,차대차 - 추돌 - 진행중,안전운전불이행,건조,맑음,단일로 - 기타,승용,남,43세,상해없음,승용,남,63세,중상
2013121900100070,2013년 12월 19일 02시,목요일,경상남도 진주시 상대동,중상사고,0,1,0,0,차대차 - 측면직각충돌,신호위반,건조,맑음,교차로 - 교차로안,승용,남,52세,상해없음,승용,남,26세,중상
2013121900100083,2013년 12월 19일 03시,목요일,경상남도 진주시 이현동,중상사고,0,1,0,0,차대사람 - 차도통행중,안전운전불이행,건조,맑음,단일로 - 기타,승용,남,41세,상해없음,보행자,남,76세,중상
2013121900100146,2013년 12월 19일 07시,목요일,경상남도 함안군 대산면,사망사고,1,2,0,0,차대차 - 정면충돌,중앙선침범,건조,맑음,단일로 - 기타,승용,남,46세,사망,승용,남,25세,중상
2013121900100197,2013년 12월 19일 08시,목요일,경상남도 거제시 거제면,중상사고,0,1,0,0,차대차 - 측면직각충돌,안전운전불이행,건조,맑음,교차로 - 교차로안,승용,여,36세,상해없음,승용,여,35세,상해없음
2013121900100198,2013년 12월 19일 08시,목요일,경상남도 거제시 사등면,경상사고,0,0,1,0,차대차 - 측면직각충돌,중앙선침범,건조,맑음,단일로 - 기타,승용,여,50세,상해없음,승용,남,54세,경상
2013121900100227,2013년 12월 19일 09시,목요일,경상남도 창원시 마산회원구 구암동,경상사고,0,0,2,0,차대차 - 정면충돌,중앙선침범,건조,맑음,단일로 - 기타,승용,남,49세,상해없음,화물,남,28세,경상
2013121900100242,2013년 12월 19일 10시,목요일,경상남도 창원시 마산회원구 양덕동,중상사고,0,1,0,0,차대사람 - 기타,안전운전불이행,건조,맑음,교차로 - 교차로안,화물,남,65세,상해없음,보행자,여,52세,중상
2013121900100280,2013년 12월 19일 12시,목요일,경상남도 창녕군 성산면,중상사고,0,1,0,0,차대차 - 기타,안전운전불이행,건조,맑음,교차로 - 교차로안,건설기계,남,54세,상해없음,이륜,남,88세,중상
2013121900100302,2013년 12월 19일 13시,목요일,경상남도 김해시 불암동,경상사고,0,0,1,0,차량단독 - 기타,안전운전불이행,건조,맑음,단일로 - 기타,이륜,남,16세,경상,,,,
2013121900100316,2013년 12월 19일 14시,목요일,경상남도 거창군 거창읍,중상사고,0,1,0,0,차대차 - 측면직각충돌,중앙선침범,건조,맑음,단일로 - 기타,승용,남,60세,상해없음,이륜,남,75세,중상
2013121900100350,2013년 12월 19일 15시,목요일,경상남도 창원시 의창구 사림동,중상사고,0,1,0,0,차대사람 - 횡단중,보행자보호의무위반,기타,맑음,단일로 - 횡단보도상,승용,여,54세,상해없음,보행자,여,71세,중상
2013121900100379,2013년 12월 19일 16시,목요일,경상남도 사천시 벌리동,중상사고,0,1,0,0,차대사람 - 횡단중,안전운전불이행,건조,맑음,교차로 - 교차로부근,승용,여,45세,상해없음,보행자,여,72세,중상
2013121900100380,2013년 12월 19일 16시,목요일,경상남도 김해시 구산동,중상사고,0,2,0,0,차대차 - 측면직각충돌,신호위반,건조,맑음,교차로 - 교차로안,화물,남,30세,상해없음,화물,남,57세,중상
2013121900100415,2013년 12월 19일 17시,목요일,경상남도 통영시 도남동,경상사고,0,0,1,0,차량단독 - 도로외이탈 - 추락,안전운전불이행,건조,맑음,단일로 - 기타,승용,여,40세,경상,,,,
2013121900100451,2013년 12월 19일 18시,목요일,경상남도 진주시 가좌동,중상사고,0,1,0,0,차대차 - 측면직각충돌,직진우회전진행방해,건조,맑음,교차로 - 교차로안,승용,남,49세,상해없음,이륜,남,21세,중상
2013121900100452,2013년 12월 19일 18시,목요일,경상남도 김해시 내동,중상사고,0,1,1,0,차대차 - 기타,중앙선침범,건조,맑음,교차로 - 교차로부근,승용,여,49세,상해없음,승용,여,45세,중상
2013121900100453,2013년 12월 19일 18시,목요일,경상남도 거제시 고현동,경상사고,0,0,4,0,차대차 - 기타,안전운전불이행,건조,맑음,단일로 - 기타,승용,남,53세,상해없음,승용,남,29세,경상
2013121900100454,2013년 12월 19일 18시,목요일,경상남도 창원시 성산구 중앙동,경상사고,0,0,1,0,차대차 - 기타,교차로운행방법위반,기타,맑음,교차로 - 교차로안,승용,남,53세,상해없음,승용,여,43세,경상
2013121900100528,2013년 12월 19일 20시,목요일,경상남도 진주시 정촌면,중상사고,0,1,1,0,차대차 - 추돌 - 진행중,안전거리미확보,건조,맑음,단일로 - 기타,승용,남,65세,상해없음,승용,남,55세,중상
2013121900100529,2013년 12월 19일 20시,목요일,경상남도 사천시 동금동,경상사고,0,0,2,0,차대차 - 기타,교차로운행방법위반,건조,맑음,교차로 - 교차로안,승용,여,52세,경상,승합,여,44세,경상
2013121900100530,2013년 12월 19일 20시,목요일,경상남도 거제시 고현동,경상사고,0,0,3,0,차대차 - 기타,안전운전불이행,건조,맑음,교차로 - 교차로안,승용,남,20세,상해없음,승용,남,60세,경상
2013121900100567,2013년 12월 19일 21시,목요일,경상남도 창원시 마산회원구 양덕동,경상사고,0,0,1,0,차대차 - 측면직각충돌,중앙선침범,건조,맑음,단일로 - 횡단보도부근,승용,남,19세,상해없음,이륜,남,44세,경상
2013121900100619,2013년 12월 19일 23시,목요일,경상남도 사천시 사천읍,경상사고,0,0,1,0,차대차 - 추돌 - 주정차중,안전운전불이행,건조,맑음,단일로 - 기타,승용,남,28세,상해없음,승용,남,48세,경상
2013122000100026,2013년 12월 20일 00시,금요일,경상남도 창원시 진해구 덕산동,경상사고,0,0,2,0,차량단독 - 공작물충돌,안전운전불이행,건조,기타,단일로 - 기타,승용,남,24세,상해없음,,,,
2013122000100063,2013년 12월 20일 02시,금요일,경상남도 거제시 고현동,중상사고,0,1,0,0,차대차 - 기타,신호위반,건조,맑음,교차로 - 교차로안,승용,여,31세,상해없음,승용,남,39세,중상
2013122000100071,2013년 12월 20일 03시,금요일,경상남도 창원시 의창구 팔용동,경상사고,0,0,1,0,차대차 - 측면직각충돌,교차로운행방법위반,습기,눈,교차로 - 교차로안,승용,남,25세,상해없음,승용,남,31세,경상
2013122000100087,2013년 12월 20일 04시,금요일,경상남도 창원시 성산구 불모산동,중상사고,0,1,0,0,차대차 - 추돌 - 진행중,안전운전불이행,적설,눈,단일로 - 기타,승용,남,32세,상해없음,화물,남,33세,중상
2013122000100101,2013년 12월 20일 05시,금요일,경상남도 창원시 마산회원구 석전동,중상사고,0,1,0,0,차대사람 - 기타,안전운전불이행,건조,맑음,단일로 - 기타,화물,남,58세,상해없음,보행자,남,52세,중상
2013122000100112,2013년 12월 20일 06시,금요일,경상남도 창원시 마산합포구 상남동,중상사고,0,1,0,0,차대사람 - 횡단중,안전운전불이행,건조,맑음,단일로 - 횡단보도상,승용,남,44세,상해없음,보행자,남,31세,중상
2013122000100113,2013년 12월 20일 06시,금요일,경상남도 김해시 외동,중상사고,0,1,0,0,차대사람 - 횡단중,안전운전불이행,습기,흐림,단일로 - 기타,승용,여,50세,상해없음,보행자,남,82세,중상
2013122000100114,2013년 12월 20일 06시,금요일,경상남도 창원시 성산구 내동,중상사고,0,2,1,0,차대차 - 추돌 - 진행중,안전운전불이행,결빙,눈,단일로 - 기타,화물,남,57세,상해없음,승용,남,47세,중상
2013122000100115,2013년 12월 20일 06시,금요일,경상남도 창원시 의창구 도계동,중상사고,0,1,0,0,차대차 - 측면직각충돌,신호위반,습기,흐림,교차로 - 교차로안,승용,남,51세,상해없음,승용,남,33세,중상
2013122000100116,2013년 12월 20일 06시,금요일,경상남도 창원시 의창구 동정동,중상사고,0,1,0,0,차대차 - 추돌 - 진행중,안전거리미확보,결빙,눈,교차로 - 교차로부근,승용,남,48세,상해없음,승용,남,29세,중상
2013122000100117,2013년 12월 20일 06시,금요일,경상남도 김해시 진영읍,중상사고,0,1,0,0,차대사람 - 기타,안전운전불이행,습기,비,단일로 - 기타,승용,남,56세,상해없음,보행자,남,55세,중상
2013122000100118,2013년 12월 20일 06시,금요일,경상남도 함안군 칠서면,사망사고,1,1,1,0,차대차 - 추돌 - 진행중,안전운전불이행,결빙,눈,단일로 - 교량,특수,남,45세,사망,승합,남,36세,경상
2013122000100144,2013년 12월 20일 07시,금요일,경상남도 거제시 고현동,경상사고,0,0,1,0,차대차 - 기타,안전운전불이행,건조,맑음,교차로 - 교차로부근,기타불명,기타불명,기타불명,기타불명,자전거,남,53세,경상
2013122000100145,2013년 12월 20일 07시,금요일,경상남도 거제시 장평동,경상사고,0,0,1,0,차대차 - 추돌 - 진행중,안전운전불이행,건조,맑음,단일로 - 기타,기타불명,기타불명,기타불명,기타불명,이륜,남,48세,경상
2013122000100146,2013년 12월 20일 07시,금요일,경상남도 함안군 칠북면,중상사고,0,1,0,0,차대사람 - 기타,안전운전불이행,결빙,눈,단일로 - 기타,화물,남,24세,상해없음,보행자,남,59세,중상
2013122000100147,2013년 12월 20일 07시,금요일,경상남도 창원시 성산구 가음정동,중상사고,0,1,0,0,차대사람 - 기타,안전운전불이행,기타,눈,단일로 - 기타,승용,남,35세,상해없음,보행자,여,26세,중상
2013122000100184,2013년 12월 20일 08시,금요일,경상남도 밀양시 교동,경상사고,0,0,1,0,차대차 - 추돌 - 진행중,안전운전불이행,결빙,눈,단일로 - 기타,승용,남,45세,상해없음,화물,남,32세,경상
2013122000100185,2013년 12월 20일 08시,금요일,경상남도 함안군 군북면,사망사고,1,2,2,0,차대차 - 기타,안전운전불이행,결빙,눈,단일로 - 기타,승용,남,34세,상해없음,화물,남,45세,사망
2013122000100211,2013년 12월 20일 09시,금요일,경상남도 창원시 마산합포구 진전면,중상사고,0,1,1,0,차대차 - 측면직각충돌,안전운전불이행,건조,맑음,교차로 - 교차로부근,화물,남,31세,상해없음,승용,남,74세,경상
2013122000100212,2013년 12월 20일 09시,금요일,경상남도 사천시 벌리동,경상사고,0,0,1,2,차대차 - 측면직각충돌,교차로운행방법위반,건조,맑음,교차로 - 교차로안,승용,남,71세,부상신고,승용,여,59세,경상
2013122000100228,2013년 12월 20일 10시,금요일,경상남도 김해시 삼방동,중상사고,0,1,0,0,차대사람 - 기타,안전운전불이행,습기,맑음,단일로 - 기타,승용,남,53세,상해없음,보행자,여,85세,중상
2013122000100229,2013년 12월 20일 10시,금요일,경상남도 양산시 상북면,중상사고,0,2,0,0,차대차 - 기타,안전운전불이행,건조,맑음,단일로 - 기타,화물,남,49세,상해없음,승용,남,65세,중상
2013122000100230,2013년 12월 20일 10시,금요일,경상남도 고성군 대가면,중상사고,0,1,0,0,차대사람 - 횡단중,보행자보호의무위반,건조,맑음,단일로 - 기타,승용,남,71세,상해없음,보행자,남,83세,중상
2013122000100264,2013년 12월 20일 12시,금요일,경상남도 사천시 정동면,경상사고,0,0,1,0,차대사람 - 횡단중,안전운전불이행,건조,맑음,단일로 - 기타,승용,여,40세,상해없음,보행자,여,63세,경상
2013122000100288,2013년 12월 20일 13시,금요일,경상남도 김해시 부원동,중상사고,0,1,0,0,차대차 - 측면직각충돌,신호위반,건조,맑음,교차로 - 교차로안,승용,남,74세,기타불명,화물,남,57세,중상
2013122000100289,2013년 12월 20일 13시,금요일,경상남도 합천군 삼가면,중상사고,0,1,2,0,차대차 - 측면직각충돌,교차로운행방법위반,건조,맑음,교차로 - 교차로안,승용,여,68세,상해없음,승용,남,45세,경상
2013122000100316,2013년 12월 20일 14시,금요일,경상남도 남해군 창선면,중상사고,0,1,0,0,차대차 - 기타,중앙선침범,건조,맑음,기타 - 기타,화물,남,22세,중상,화물,남,50세,상해없음
2013122000100337,2013년 12월 20일 15시,금요일,경상남도 창원시 의창구 용호동,중상사고,0,1,0,0,차량단독 - 기타,안전운전불이행,건조,맑음,교차로 - 교차로부근,자전거,남,40세,중상,,,,
2013122000100376,2013년 12월 20일 16시,금요일,경상남도 김해시 부원동,중상사고,0,1,1,0,차대차 - 기타,신호위반,건조,맑음,교차로 - 교차로안,원동기,남,20세,경상,원동기,남,55세,중상
2013122000100408,2013년 12월 20일 17시,금요일,경상남도 통영시 무전동,중상사고,0,1,0,0,차대사람 - 횡단중,안전운전불이행,건조,맑음,교차로 - 교차로안,승용,여,56세,상해없음,보행자,남,63세,중상
2013122000100409,2013년 12월 20일 17시,금요일,경상남도 사천시 서포면,중상사고,0,1,0,0,차대차 - 측면직각충돌,교차로운행방법위반,건조,맑음,교차로 - 교차로안,농기계,남,53세,중상,승용,남,22세,상해없음
2013122000100465,2013년 12월 20일 18시,금요일,경상남도 양산시 명동,경상사고,0,0,1,0,차대차 - 측면직각충돌,안전운전불이행,건조,맑음,단일로 - 기타,화물,남,54세,상해없음,원동기,여,49세,경상
2013122000100483,2013년 12월 20일 19시,금요일,경상남도 양산시 북정동,중상사고,0,1,0,0,차대차 - 기타,안전운전불이행,건조,맑음,단일로 - 기타,화물,남,27세,상해없음,화물,남,51세,중상
2013122000100502,2013년 12월 20일 19시,금요일,경상남도 진주시 진성면,중상사고,0,2,0,0,차대차 - 측면직각충돌,안전운전불이행,건조,맑음,단일로 - 기타,특수,남,62세,상해없음,화물,남,65세,중상
2013122000100503,2013년 12월 20일 19시,금요일,경상남도 통영시 당동,경상사고,0,0,3,0,차대차 - 정면충돌,중앙선침범,건조,맑음,단일로 - 기타,승합,여,43세,상해없음,승용,여,41세,경상
2013122000100504,2013년 12월 20일 19시,금요일,경상남도 김해시 외동,중상사고,0,1,0,0,차대차 - 측면직각충돌,신호위반,건조,맑음,교차로 - 교차로안,이륜,남,48세,중상,승용,남,44세,상해없음
2013122000100505,2013년 12월 20일 19시,금요일,경상남도 김해시 장유면,중상사고,0,1,0,0,차대차 - 추돌 - 진행중,안전운전불이행,건조,맑음,단일로 - 기타,승용,남,46세,상해없음,승용,남,32세,중상
2013122000100544,2013년 12월 20일 20시,금요일,경상남도 창원시 진해구 이동,경상사고,0,0,1,0,차대차 - 측면직각충돌,직진우회전진행방해,건조,맑음,교차로 - 교차로안,승용,남,44세,상해없음,승용,남,42세,경상
2013122000100545,2013년 12월 20일 20시,금요일,경상남도 사천시 선구동,중상사고,0,1,0,0,차대사람 - 기타,안전운전불이행,건조,맑음,교차로 - 교차로부근,승합,남,67세,상해없음,보행자,여,55세,중상
2013122000100546,2013년 12월 20일 20시,금요일,경상남도 김해시 장유면,중상사고,0,1,0,0,차대차 - 측면직각충돌,신호위반,건조,맑음,교차로 - 교차로안,승합,남,47세,상해없음,이륜,남,25세,중상
2013122000100583,2013년 12월 20일 21시,금요일,경상남도 양산시 동면,부상신고사고,0,0,0,1,차대차 - 기타,안전거리미확보,건조,맑음,교차로 - 교차로안,승용,남,24세,상해없음,승합,남,49세,부상신고
2013122000100675,2013년 12월 20일 23시,금요일,경상남도 거제시 아주동,중상사고,0,3,3,0,차대차 - 추돌 - 진행중,안전운전불이행,건조,맑음,교차로 - 교차로부근,승용,남,45세,상해없음,승용,남,49세,경상
2013122000100676,2013년 12월 20일 23시,금요일,경상남도 거제시 장평동,경상사고,0,0,1,0,차대사람 - 기타,안전운전불이행,습기,흐림,단일로 - 기타,승용,기타불명,기타불명,기타불명,보행자,남,45세,경상
2013122100100025,2013년 12월 21일 00시,토요일,경상남도 진주시 칠암동,중상사고,0,1,0,0,차대사람 - 횡단중,안전운전불이행,건조,맑음,단일로 - 기타,승용,남,32세,상해없음,보행자,여,77세,중상
2013122100100026,2013년 12월 21일 00시,토요일,경상남도 통영시 광도면,경상사고,0,0,2,0,차대차 - 측면직각충돌,안전운전불이행,건조,맑음,교차로 - 교차로안,승용,남,46세,상해없음,승용,남,35세,상해없음
2013122100100027,2013년 12월 21일 00시,토요일,경상남도 사천시 용현면,중상사고,0,1,0,0,차량단독 - 공작물충돌,안전운전불이행,건조,맑음,교차로 - 교차로안,승용,남,22세,중상,,,,
2013122100100028,2013년 12월 21일 00시,토요일,경상남도 김해시 어방동,경상사고,0,0,4,1,차대차 - 추돌 - 주정차중,안전거리미확보,건조,맑음,교차로 - 교차로부근,승용,남,43세,상해없음,승용,남,64세,경상
2013122100100029,2013년 12월 21일 00시,토요일,경상남도 김해시 삼계동,중상사고,0,1,1,0,차대차 - 측면직각충돌,신호위반,건조,맑음,교차로 - 교차로안,승용,남,52세,기타불명,승용,남,54세,중상
2013122100100080,2013년 12월 21일 01시,토요일,경상남도 양산시 물금읍,중상사고,0,2,0,0,차대차 - 기타,안전운전불이행,건조,맑음,교차로 - 교차로안,승용,남,48세,상해없음,승용,남,50세,중상
2013122100100081,2013년 12월 21일 01시,토요일,경상남도 창원시 의창구 봉곡동,경상사고,0,0,1,0,차대차 - 기타,안전운전불이행,건조,맑음,단일로 - 기타,승용,남,47세,상해없음,이륜,남,21세,경상
2013122100100130,2013년 12월 21일 03시,토요일,경상남도 창원시 마산회원구 양덕동,경상사고,0,0,1,0,차대사람 - 횡단중,보행자보호의무위반,건조,맑음,단일로 - 횡단보도상,화물,남,24세,상해없음,보행자,남,23세,경상
2013122100100149,2013년 12월 21일 04시,토요일,경상남도 창원시 마산회원구 내서읍,경상사고,0,0,2,0,차량단독 - 공작물충돌,안전운전불이행,건조,맑음,단일로 - 기타,승용,남,47세,경상,,,,
2013122100100166,2013년 12월 21일 05시,토요일,경상남도 진주시 봉곡동,경상사고,0,0,2,0,차대차 - 추돌 - 주정차중,안전운전불이행,건조,맑음,단일로 - 기타,승용,남,42세,상해없음,승용,남,40세,경상
2013122100100167,2013년 12월 21일 05시,토요일,경상남도 거제시 상동동,경상사고,0,0,1,0,차대차 - 추돌 - 진행중,안전운전불이행,건조,맑음,교차로 - 교차로부근,승용,남,28세,상해없음,승용,남,37세,경상
2013122100100211,2013년 12월 21일 07시,토요일,경상남도 진주시 상평동,경상사고,0,0,1,0,차대차 - 측면직각충돌,안전운전불이행,건조,맑음,교차로 - 교차로안,화물,여,54세,상해없음,승용,남,59세,경상
2013122100100212,2013년 12월 21일 07시,토요일,경상남도 창원시 진해구 청안동,경상사고,0,0,2,0,차대차 - 기타,신호위반,건조,맑음,교차로 - 교차로안,건설기계,남,55세,기타불명,승용,남,69세,경상
2013122100100263,2013년 12월 21일 09시,토요일,경상남도 사천시 용현면,경상사고,0,0,1,0,차대차 - 기타,신호위반,건조,맑음,교차로 - 교차로안,화물,남,42세,상해없음,화물,남,56세,경상
2013122100100264,2013년 12월 21일 09시,토요일,경상남도 거제시 장평동,중상사고,0,1,2,0,차대차 - 기타,안전운전불이행,건조,맑음,단일로 - 기타,화물,남,36세,기타불명,화물,남,52세,경상
2013122100100265,2013년 12월 21일 09시,토요일,경상남도 남해군 남해읍,경상사고,0,0,1,0,차대사람 - 기타,안전운전불이행,건조,맑음,단일로 - 기타,화물,남,66세,상해없음,보행자,여,20세,경상
2013122100100290,2013년 12월 21일 10시,토요일,경상남도 진주시 상봉동,경상사고,0,0,1,0,차대사람 - 기타,안전운전불이행,건조,맑음,단일로 - 기타,승용,남,46세,상해없음,보행자,여,21세,경상
2013122100100291,2013년 12월 21일 10시,토요일,경상남도 창원시 진해구 덕산동,중상사고,0,1,0,0,차대차 - 측면직각충돌,안전운전불이행,건조,맑음,교차로 - 교차로안,승용,남,31세,상해없음,승용,여,39세,중상
2013122100100292,2013년 12월 21일 10시,토요일,경상남도 통영시 무전동,중상사고,0,1,0,0,차대사람 - 기타,안전운전불이행,건조,맑음,단일로 - 기타,화물,남,47세,상해없음,보행자,남,87세,중상
2013122100100293,2013년 12월 21일 10시,토요일,경상남도 합천군 적중면,중상사고,0,1,0,0,차대차 - 추돌 - 진행중,안전운전불이행,건조,맑음,단일로 - 기타,승합,남,36세,상해없음,원동기,여,55세,중상
2013122100100313,2013년 12월 21일 11시,토요일,경상남도 창원시 마산합포구 월영동,중상사고,0,1,0,0,차대차 - 기타,안전운전불이행,건조,맑음,단일로 - 기타,승용,여,60세,상해없음,승용,남,38세,상해없음
2013122100100344,2013년 12월 21일 12시,토요일,경상남도 양산시 명곡동,경상사고,0,0,1,0,차대차 - 기타,중앙선침범,건조,맑음,단일로 - 기타,승용,남,66세,상해없음,승용,여,47세,경상
2013122100100345,2013년 12월 21일 12시,토요일,경상남도 창원시 의창구 팔용동,경상사고,0,0,1,0,차대사람 - 기타,안전운전불이행,건조,맑음,단일로 - 기타,승용,남,45세,상해없음,보행자,남,55세,경상
2013122100100376,2013년 12월 21일 13시,토요일,경상남도 남해군 남해읍,경상사고,0,0,1,0,차대차 - 기타,안전운전불이행,건조,맑음,단일로 - 기타,승용,남,73세,상해없음,승용,여,40세,경상
2013122100100402,2013년 12월 21일 14시,토요일,경상남도 진주시 하대동,중상사고,0,1,0,0,차대사람 - 횡단중,신호위반,건조,맑음,단일로 - 횡단보도상,승용,여,53세,상해없음,보행자,남,60세,중상
2013122100100403,2013년 12월 21일 14시,토요일,경상남도 진주시 칠암동,중상사고,0,2,2,0,차대차 - 추돌 - 주정차중,안전운전불이행,건조,맑음,단일로 - 기타,승용,남,19세,상해없음,승용,남,51세,중상
2013122100100404,2013년 12월 21일 14시,토요일,경상남도 사천시 사남면,중상사고,0,1,0,0,차량단독 - 기타,안전운전불이행,건조,맑음,단일로 - 기타,원동기,남,64세,상해없음,,,,
2013122100100432,2013년 12월 21일 15시,토요일,경상남도 진주시 신안동,경상사고,0,0,1,0,차대차 - 기타,안전운전불이행,건조,맑음,단일로 - 기타,승용,남,55세,상해없음,자전거,여,11세,경상
2013122100100433,2013년 12월 21일 15시,토요일,경상남도 밀양시 교동,경상사고,0,0,1,0,차대차 - 기타,안전운전불이행,건조,맑음,단일로 - 기타,화물,남,44세,상해없음,승용,여,61세,경상
2013122100100434,2013년 12월 21일 15시,토요일,경상남도 창원시 의창구 팔용동,중상사고,0,1,1,0,차대차 - 추돌 - 진행중,안전운전불이행,건조,맑음,교차로 - 교차로안,화물,남,57세,상해없음,승용,남,40세,중상
2013122100100462,2013년 12월 21일 16시,토요일,경상남도 김해시 삼방동,사망사고,1,0,0,0,차량단독 - 공작물충돌,안전운전불이행,결빙,맑음,교차로 - 교차로부근,승용,남,39세,사망,,,,
2013122100100493,2013년 12월 21일 17시,토요일,경상남도 김해시 안동,중상사고,0,3,3,0,차대차 - 기타,안전운전불이행,건조,맑음,단일로 - 기타,화물,남,42세,상해없음,승합,남,46세,중상
2013122100100494,2013년 12월 21일 17시,토요일,경상남도 양산시 북정동,경상사고,0,0,1,0,차대차 - 기타,안전운전불이행,건조,맑음,단일로 - 기타,승용,여,61세,상해없음,승용,여,48세,경상
2013122100100533,2013년 12월 21일 18시,토요일,경상남도 창녕군 창녕읍,중상사고,0,1,0,1,차대차 - 기타,중앙선침범,건조,맑음,단일로 - 기타,승용,남,75세,부상신고,승용,남,49세,상해없음