사고번호,사고일시,요일,시군구,사고내용,사망자수,중상자수,경상자수,부상신고자수,사고유형,법규위반,노면상태,기상상태,도로형태,가해운전자 차종,가해운전자 성별,가해운전자 연령,가해운전자 상해정도,피해운전자 차종,피해운전자 성별,피해운전자 연령,피해운전자 상해정도
2013122400100613,2013년 12월 24일 22시,화요일,경상남도 하동군 하동읍,경상사고,0,0,1,0,차대차 - 측면직각충돌,안전운전불이행,건조,맑음,교차로 - 교차로안,승용,남,18세,상해없음,원동기,남,17세,경상
2013122400100614,2013년 12월 24일 22시,화요일,경상남도 창원시 의창구 용호동,경상사고,0,0,4,0,차대차 - 측면직각충돌,안전운전불이행,건조,맑음,교차로 - 교차로부근,승용,남,53세,상해없음,승용,여,28세,경상
2013122400100615,2013년 12월 24일 22시,화요일,경상남도 창원시 성산구 대방동,경상사고,0,0,2,0,차대차 - 추돌 - 주정차중,안전운전불이행,건조,맑음,교차로 - 교차로부근,승용,남,44세,상해없음,승용,남,30세,경상
2013122400100616,2013년 12월 24일 22시,화요일,경상남도 창원시 성산구 반림동,중상사고,0,1,1,0,차대차 - 측면직각충돌,신호위반,건조,맑음,교차로 - 교차로안,원동기,남,51세,상해없음,승용,남,37세,경상
2013122400100658,2013년 12월 24일 23시,화요일,경상남도 김해시 구산동,경상사고,0,0,1,0,차대사람 - 횡단중,안전운전불이행,건조,맑음,단일로 - 기타,이륜,남,18세,상해없음,보행자,남,29세,경상
2013122500100019,2013년 12월 25일 00시,수요일,경상남도 김해시 봉황동,중상사고,0,3,0,0,차대차 - 측면직각충돌,교차로운행방법위반,건조,맑음,교차로 - 교차로안,승용,남,26세,상해없음,승용,남,65세,중상
2013122500100020,2013년 12월 25일 00시,수요일,경상남도 창원시 성산구 신촌동,경상사고,0,0,1,0,차대차 - 추돌 - 주정차중,안전운전불이행,건조,맑음,교차로 - 교차로부근,승용,여,45세,상해없음,승용,여,47세,경상
2013122500100041,2013년 12월 25일 01시,수요일,경상남도 창원시 마산합포구 부림동,중상사고,0,2,1,0,차대차 - 추돌 - 주정차중,안전운전불이행,건조,맑음,교차로 - 교차로부근,승용,남,29세,상해없음,승용,남,47세,중상
2013122500100106,2013년 12월 25일 05시,수요일,경상남도 창원시 마산합포구 신포동2가,경상사고,0,0,3,0,차대차 - 추돌 - 진행중,차로위반,건조,맑음,단일로 - 기타,승용,남,52세,경상,승용,남,24세,경상
2013122500100160,2013년 12월 25일 08시,수요일,경상남도 김해시 진영읍,중상사고,0,1,2,0,차대차 - 정면충돌,중앙선침범,건조,맑음,단일로 - 기타,승용,남,31세,상해없음,승용,남,49세,경상
2013122500100176,2013년 12월 25일 09시,수요일,경상남도 거제시 상동동,중상사고,0,1,0,0,차대차 - 기타,중앙선침범,건조,맑음,기타 - 기타,자전거,남,12세,중상,화물,남,54세,상해없음
2013122500100191,2013년 12월 25일 10시,수요일,경상남도 거제시 문동동,경상사고,0,0,2,0,차대차 - 기타,신호위반,건조,맑음,교차로 - 교차로안,화물,남,37세,상해없음,승용,남,63세,경상
2013122500100192,2013년 12월 25일 10시,수요일,경상남도 창원시 성산구 상남동,중상사고,0,1,0,0,차대차 - 기타,안전거리미확보,건조,맑음,단일로 - 기타,승용,남,56세,상해없음,승용,여,54세,중상
2013122500100241,2013년 12월 25일 13시,수요일,경상남도 창원시 마산회원구 석전동,경상사고,0,0,2,0,차대차 - 정면충돌,신호위반,건조,맑음,교차로 - 교차로안,승용,남,18세,상해없음,승용,여,46세,경상
2013122500100257,2013년 12월 25일 14시,수요일,경상남도 김해시 구산동,중상사고,0,2,1,0,차대차 - 추돌 - 주정차중,안전거리미확보,건조,맑음,단일로 - 기타,승용,남,26세,상해없음,승용,남,57세,기타불명
2013122500100258,2013년 12월 25일 14시,수요일,경상남도 남해군 삼동면,경상사고,0,0,2,1,차대차 - 기타,안전운전불이행,건조,맑음,기타 - 기타,승용,남,68세,상해없음,승용,남,24세,경상
2013122500100295,2013년 12월 25일 16시,수요일,경상남도 통영시 항남동,경상사고,0,0,1,0,차대차 - 측면직각충돌,중앙선침범,건조,맑음,단일로 - 기타,승용,남,46세,상해없음,승용,남,61세,경상
2013122500100296,2013년 12월 25일 16시,수요일,경상남도 김해시 장유면,경상사고,0,0,1,0,차대사람 - 횡단중,안전운전불이행,건조,맑음,단일로 - 기타,승용,남,30세,상해없음,보행자,남,6세,경상
2013122500100323,2013년 12월 25일 17시,수요일,경상남도 사천시 노룡동,경상사고,0,0,2,0,차대차 - 추돌 - 주정차중,안전운전불이행,건조,맑음,단일로 - 기타,승용,남,47세,상해없음,승용,남,40세,경상
2013122500100324,2013년 12월 25일 17시,수요일,경상남도 양산시 삼호동,중상사고,0,1,0,0,차대사람 - 횡단중,보행자보호의무위반,건조,맑음,단일로 - 횡단보도상,화물,남,42세,상해없음,보행자,여,17세,중상
2013122500100325,2013년 12월 25일 17시,수요일,경상남도 거제시 장평동,중상사고,0,1,0,0,차대차 - 기타,교차로운행방법위반,건조,맑음,교차로 - 교차로안,이륜,남,18세,상해없음,이륜,남,41세,중상
2013122500100352,2013년 12월 25일 18시,수요일,경상남도 김해시 삼방동,경상사고,0,0,1,0,차대차 - 기타,중앙선침범,건조,맑음,단일로 - 기타,승용,여,47세,상해없음,화물,남,36세,경상
2013122500100353,2013년 12월 25일 18시,수요일,경상남도 창원시 마산회원구 구암동,중상사고,0,1,0,0,차대차 - 측면직각충돌,신호위반,건조,맑음,교차로 - 교차로안,승용,남,35세,상해없음,원동기,남,32세,중상
2013122500100354,2013년 12월 25일 18시,수요일,경상남도 김해시 한림면,사망사고,1,0,0,0,차대사람 - 보도통행중,안전운전불이행,건조,맑음,단일로 - 횡단보도상,승용,남,48세,상해없음,보행자,여,81세,사망
2013122500100391,2013년 12월 25일 19시,수요일,경상남도 김해시 동상동,경상사고,0,0,4,0,차대차 - 추돌 - 진행중,안전거리미확보,건조,맑음,교차로 - 교차로부근,화물,남,46세,상해없음,승용,남,61세,경상
2013122500100392,2013년 12월 25일 19시,수요일,경상남도 거제시 고현동,중상사고,0,1,0,0,차대차 - 기타,교차로운행방법위반,건조,맑음,교차로 - 교차로안,승합,남,53세,상해없음,이륜,남,30세,중상
2013122500100447,2013년 12월 25일 22시,수요일,경상남도 거제시 덕포동,경상사고,0,0,1,0,차량단독 - 공작물충돌,안전운전불이행,건조,맑음,기타 - 기타,승용,남,21세,상해없음,,,,
2013122500100448,2013년 12월 25일 22시,수요일,경상남도 창원시 성산구 신촌동,중상사고,0,1,0,0,차대차 - 기타,안전거리미확보,건조,맑음,단일로 - 기타,승용,남,23세,상해없음,이륜,남,24세,중상
2013122600100092,2013년 12월 26일 07시,목요일,경상남도 통영시 서호동,중상사고,0,1,0,0,차량단독 - 기타,안전운전불이행,건조,맑음,단일로 - 기타,승합,남,39세,상해없음,,,,
2013122600100093,2013년 12월 26일 07시,목요일,경상남도 거제시 장평동,경상사고,0,0,1,0,차대차 - 추돌 - 진행중,신호위반,건조,맑음,교차로 - 교차로안,기타불명,기타불명,기타불명,기타불명,자전거,남,24세,경상
2013122600100131,2013년 12월 26일 08시,목요일,경상남도 사천시 선구동,경상사고,0,0,1,0,차대사람 - 횡단중,안전운전불이행,건조,맑음,단일로 - 기타,승용,남,57세,상해없음,보행자,여,80세,경상
2013122600100132,2013년 12월 26일 08시,목요일,경상남도 하동군 진교면,경상사고,0,0,1,0,차대사람 - 횡단중,보행자보호의무위반,건조,맑음,단일로 - 횡단보도상,승용,남,77세,상해없음,보행자,남,13세,경상
2013122600100155,2013년 12월 26일 09시,목요일,경상남도 창원시 마산회원구 석전동,경상사고,0,0,2,0,차대사람 - 횡단중,안전운전불이행,건조,맑음,교차로 - 교차로부근,화물,남,51세,상해없음,보행자,여,38세,경상
2013122600100172,2013년 12월 26일 10시,목요일,경상남도 거창군 거창읍,중상사고,0,1,0,0,차대차 - 정면충돌,교차로운행방법위반,건조,맑음,교차로 - 교차로안,승용,여,43세,상해없음,원동기,남,85세,중상
2013122600100173,2013년 12월 26일 10시,목요일,경상남도 고성군 고성읍,중상사고,0,1,0,0,차대사람 - 횡단중,보행자보호의무위반,건조,흐림,단일로 - 횡단보도상,승합,남,42세,상해없음,보행자,남,10세,중상
2013122600100201,2013년 12월 26일 11시,목요일,경상남도 창원시 진해구 태평동,경상사고,0,0,1,0,차대사람 - 횡단중,보행자보호의무위반,건조,맑음,교차로 - 교차로안,승용,남,36세,상해없음,보행자,여,18세,경상
2013122600100202,2013년 12월 26일 11시,목요일,경상남도 김해시 어방동,사망사고,1,0,0,0,차대차 - 측면직각충돌,안전운전불이행,건조,맑음,교차로 - 교차로안,화물,남,46세,상해없음,자전거,남,57세,사망
2013122600100203,2013년 12월 26일 11시,목요일,경상남도 창녕군 창녕읍,중상사고,0,1,0,0,차대차 - 측면직각충돌,안전운전불이행,건조,맑음,교차로 - 교차로부근,승용,남,32세,상해없음,승용,남,59세,중상
2013122600100230,2013년 12월 26일 12시,목요일,경상남도 의령군 정곡면,사망사고,1,0,0,0,차량단독 - 전도전복,안전운전불이행,건조,흐림,단일로 - 기타,화물,남,68세,사망,,,,
2013122600100257,2013년 12월 26일 13시,목요일,경상남도 통영시 봉평동,경상사고,0,0,1,0,차대차 - 측면직각충돌,안전운전불이행,건조,맑음,교차로 - 교차로안,화물,남,66세,상해없음,승용,남,48세,경상
2013122600100258,2013년 12월 26일 13시,목요일,경상남도 밀양시 상남면,중상사고,0,1,0,0,차대차 - 측면직각충돌,교차로운행방법위반,건조,맑음,교차로 - 교차로안,화물,남,46세,상해없음,승용,여,46세,중상
2013122600100259,2013년 12월 26일 13시,목요일,경상남도 거제시 아양동,경상사고,0,0,1,0,차대사람 - 기타,안전운전불이행,건조,맑음,교차로 - 교차로안,승용,남,57세,상해없음,보행자,남,35세,경상
2013122600100285,2013년 12월 26일 14시,목요일,경상남도 창원시 의창구 명서동,경상사고,0,0,1,0,차대차 - 기타,안전운전불이행,건조,맑음,교차로 - 교차로안,기타불명,기타불명,기타불명,기타불명,승합,남,47세,상해없음
2013122600100307,2013년 12월 26일 15시,목요일,경상남도 창녕군 대합면,중상사고,0,1,0,0,차대차 - 정면충돌,안전운전불이행,건조,맑음,단일로 - 기타,승용,남,64세,상해없음,이륜,남,66세,중상
2013122600100336,2013년 12월 26일 16시,목요일,경상남도 고성군 고성읍,경상사고,0,0,3,0,차대차 - 측면직각충돌,교차로운행방법위반,건조,맑음,교차로 - 교차로안,화물,남,68세,상해없음,화물,남,51세,경상
2013122600100337,2013년 12월 26일 16시,목요일,경상남도 남해군 미조면,중상사고,0,2,1,0,차대사람 - 기타,중앙선침범,건조,맑음,기타 - 기타,승용,남,58세,경상,보행자,남,45세,중상
2013122600100373,2013년 12월 26일 17시,목요일,경상남도 창원시 의창구 동읍,경상사고,0,0,3,0,차대차 - 추돌 - 주정차중,안전운전불이행,건조,맑음,단일로 - 기타,승용,남,42세,상해없음,승용,여,53세,경상
2013122600100413,2013년 12월 26일 18시,목요일,경상남도 김해시 구산동,경상사고,0,0,2,0,차대차 - 기타,안전운전불이행,건조,맑음,단일로 - 기타,승용,남,27세,상해없음,승용,남,32세,경상
2013122600100476,2013년 12월 26일 20시,목요일,경상남도 하동군 진교면,경상사고,0,0,1,0,차대사람 - 횡단중,보행자보호의무위반,건조,맑음,단일로 - 횡단보도상,화물,남,59세,상해없음,보행자,여,40세,경상
2013122600100477,2013년 12월 26일 20시,목요일,경상남도 거제시 고현동,경상사고,0,0,1,0,차대차 - 측면직각충돌,차로위반,건조,맑음,교차로 - 교차로부근,승용,남,54세,상해없음,이륜,남,29세,경상
2013122600100502,2013년 12월 26일 21시,목요일,경상남도 진주시 상대동,경상사고,0,0,1,0,차대사람 - 횡단중,안전운전불이행,건조,맑음,단일로 - 기타,승용,남,32세,상해없음,보행자,여,56세,경상
2013122600100503,2013년 12월 26일 21시,목요일,경상남도 진주시 수정동,경상사고,0,0,1,0,차대차 - 기타,신호위반,건조,맑음,교차로 - 교차로안,승합,남,44세,상해없음,승용,남,44세,경상
2013122600100562,2013년 12월 26일 23시,목요일,경상남도 창원시 마산합포구 남성동,부상신고사고,0,0,0,1,차대사람 - 횡단중,안전운전불이행,건조,맑음,교차로 - 교차로부근,승용,여,31세,상해없음,보행자,남,26세,부상신고
2013122600100563,2013년 12월 26일 23시,목요일,경상남도 통영시 용남면,경상사고,0,0,1,0,차대차 - 추돌 - 주정차중,안전운전불이행,건조,맑음,단일로 - 기타,화물,남,42세,상해없음,승용,여,32세,경상
2013122600100564,2013년 12월 26일 23시,목요일,경상남도 거제시 아양동,경상사고,0,0,1,0,차대차 - 추돌 - 주정차중,안전운전불이행,건조,맑음,교차로 - 교차로부근,승용,남,41세,상해없음,승용,여,39세,경상
2013122700100017,2013년 12월 27일 00시,금요일,경상남도 진주시 신안동,중상사고,0,2,0,0,차대차 - 기타,신호위반,건조,맑음,교차로 - 교차로안,승용,남,34세,상해없음,승용,남,44세,중상
2013122700100018,2013년 12월 27일 00시,금요일,경상남도 김해시 장유면,중상사고,0,1,0,0,차대차 - 추돌 - 주정차중,안전운전불이행,건조,맑음,단일로 - 기타,화물,남,37세,상해없음,화물,남,45세,기타불명
2013122700100056,2013년 12월 27일 04시,금요일,경상남도 창원시 마산합포구 산호동,중상사고,0,1,0,0,차대차 - 측면직각충돌,안전운전불이행,건조,맑음,단일로 - 기타,승용,남,33세,기타불명,화물,남,62세,중상
2013122700100062,2013년 12월 27일 05시,금요일,경상남도 김해시 외동,중상사고,0,2,4,0,차대차 - 정면충돌,중앙선침범,건조,맑음,단일로 - 기타,승용,남,32세,중상,승합,남,59세,경상
2013122700100090,2013년 12월 27일 07시,금요일,경상남도 양산시 중부동,중상사고,0,1,0,0,차대차 - 측면직각충돌,교차로운행방법위반,건조,맑음,교차로 - 교차로안,승용,남,51세,상해없음,승용,남,51세,중상
2013122700100091,2013년 12월 27일 07시,금요일,경상남도 하동군 진교면,중상사고,0,1,0,0,차대차 - 추돌 - 진행중,안전운전불이행,건조,맑음,단일로 - 기타,승용,남,27세,기타불명,화물,남,59세,중상
2013122700100111,2013년 12월 27일 08시,금요일,경상남도 김해시 내동,중상사고,0,1,0,0,차대차 - 측면직각충돌,교차로운행방법위반,건조,맑음,교차로 - 교차로안,원동기,남,58세,중상,승용,남,54세,상해없음
2013122700100112,2013년 12월 27일 08시,금요일,경상남도 양산시 어곡동,경상사고,0,0,2,0,차대차 - 측면직각충돌,교차로운행방법위반,건조,맑음,교차로 - 교차로안,승합,남,21세,상해없음,승용,남,44세,경상
2013122700100130,2013년 12월 27일 09시,금요일,경상남도 진주시 인사동,중상사고,0,1,0,0,차대차 - 측면직각충돌,안전거리미확보,건조,맑음,단일로 - 기타,화물,남,40세,상해없음,원동기,여,49세,중상
2013122700100131,2013년 12월 27일 09시,금요일,경상남도 진주시 문산읍,중상사고,0,1,0,0,차대사람 - 기타,안전운전불이행,건조,맑음,단일로 - 기타,승용,남,32세,상해없음,보행자,남,47세,중상
2013122700100132,2013년 12월 27일 09시,금요일,경상남도 통영시 한산면,경상사고,0,0,1,0,차대차 - 기타,중앙선침범,건조,맑음,단일로 - 기타,이륜,남,51세,상해없음,승합,남,40세,상해없음
2013122700100177,2013년 12월 27일 11시,금요일,경상남도 진주시 가좌동,경상사고,0,0,1,0,차대사람 - 보도통행중,신호위반,건조,맑음,단일로 - 횡단보도상,승합,남,71세,상해없음,보행자,여,13세,경상
2013122700100178,2013년 12월 27일 11시,금요일,경상남도 창원시 진해구 경화동,경상사고,0,0,1,0,차대차 - 추돌 - 진행중,안전거리미확보,건조,맑음,단일로 - 기타,특수,남,48세,상해없음,승용,여,51세,경상
2013122700100179,2013년 12월 27일 11시,금요일,경상남도 김해시 생림면,중상사고,0,1,0,0,차대사람 - 길가장자리구역통행중,안전운전불이행,건조,맑음,단일로 - 기타,승용,남,83세,상해없음,보행자,남,39세,중상
2013122700100180,2013년 12월 27일 11시,금요일,경상남도 창원시 성산구 남양동,중상사고,0,1,0,0,차대사람 - 기타,보행자보호의무위반,기타,맑음,단일로 - 기타,승용,남,62세,상해없음,보행자,남,10세,중상
2013122700100181,2013년 12월 27일 11시,금요일,경상남도 창원시 마산회원구 회원동,경상사고,0,0,1,0,차대차 - 측면직각충돌,안전운전불이행,건조,맑음,교차로 - 교차로안,승용,여,43세,상해없음,승용,남,36세,경상
2013122700100182,2013년 12월 27일 11시,금요일,경상남도 김해시 장유면,중상사고,0,1,0,0,차대차 - 기타,기타,건조,맑음,단일로 - 기타,화물,남,47세,상해없음,승용,여,49세,중상
2013122700100213,2013년 12월 27일 12시,금요일,경상남도 김해시 외동,중상사고,0,1,0,0,차대차 - 측면직각충돌,신호위반,건조,맑음,교차로 - 교차로안,승용,남,59세,상해없음,이륜,남,40세,중상
2013122700100234,2013년 12월 27일 13시,금요일,경상남도 통영시 용남면,경상사고,0,0,2,0,차대차 - 측면직각충돌,중앙선침범,건조,맑음,교차로 - 교차로안,화물,남,26세,상해없음,승용,여,47세,경상
2013122700100235,2013년 12월 27일 13시,금요일,경상남도 진주시 정촌면,중상사고,0,1,3,0,차대차 - 기타,안전운전불이행,건조,맑음,단일로 - 기타,승합,남,43세,상해없음,승용,남,19세,중상
2013122700100285,2013년 12월 27일 15시,금요일,경상남도 창원시 진해구 안골동,경상사고,0,0,1,0,차대차 - 측면직각충돌,안전운전불이행,건조,맑음,교차로 - 교차로안,화물,남,51세,상해없음,화물,남,64세,경상
2013122700100287,2013년 12월 27일 15시,금요일,경상남도 거제시 옥포동,경상사고,0,0,1,0,차대차 - 추돌 - 진행중,중앙선침범,건조,맑음,단일로 - 기타,이륜,남,79세,상해없음,승용,여,30세,경상
2013122700100288,2013년 12월 27일 15시,금요일,경상남도 김해시 진영읍,중상사고,0,1,1,0,차대차 - 측면직각충돌,교차로운행방법위반,건조,맑음,교차로 - 교차로안,승용,여,58세,상해없음,승용,남,65세,중상
2013122700100308,2013년 12월 27일 16시,금요일,경상남도 진주시 봉곡동,중상사고,0,1,0,0,차대사람 - 보도통행중,신호위반,건조,맑음,교차로 - 교차로안,승합,남,67세,상해없음,보행자,남,52세,중상
2013122700100339,2013년 12월 27일 17시,금요일,경상남도 창원시 마산합포구 우산동,중상사고,0,1,0,0,차대차 - 추돌 - 진행중,안전거리미확보,건조,맑음,단일로 - 기타,화물,남,29세,상해없음,승용,여,36세,중상
2013122700100340,2013년 12월 27일 17시,금요일,경상남도 창녕군 남지읍,중상사고,0,1,0,0,차대차 - 기타,안전운전불이행,건조,맑음,교차로 - 교차로안,승용,여,46세,상해없음,자전거,여,64세,중상
2013122700100341,2013년 12월 27일 17시,금요일,경상남도 거제시 일운면,경상사고,0,0,1,0,차대차 - 추돌 - 진행중,안전운전불이행,건조,맑음,교차로 - 교차로안,승합,남,48세,상해없음,승용,남,40세,경상
2013122700100377,2013년 12월 27일 18시,금요일,경상남도 창원시 마산합포구 홍문동,경상사고,0,0,1,0,차대사람 - 횡단중,안전운전불이행,건조,맑음,교차로 - 교차로안,승용,기타불명,기타불명,기타불명,보행자,여,14세,경상
2013122700100378,2013년 12월 27일 18시,금요일,경상남도 진주시 주약동,중상사고,0,1,0,0,차대차 - 측면직각충돌,직진우회전진행방해,건조,맑음,교차로 - 교차로안,승용,남,37세,상해없음,원동기,남,18세,중상
2013122700100379,2013년 12월 27일 18시,금요일,경상남도 김해시 외동,중상사고,0,1,3,0,차대차 - 기타,안전거리미확보,건조,맑음,단일로 - 기타,승용,여,40세,경상,화물,남,42세,경상
2013122700100416,2013년 12월 27일 19시,금요일,경상남도 창원시 마산합포구 상남동,중상사고,0,1,0,0,차대차 - 측면직각충돌,교차로운행방법위반,건조,맑음,교차로 - 교차로안,승용,남,64세,상해없음,원동기,남,70세,중상
2013122700100417,2013년 12월 27일 19시,금요일,경상남도 진주시 이현동,중상사고,0,1,0,0,차대차 - 측면직각충돌,직진우회전진행방해,건조,맑음,교차로 - 교차로안,승용,남,60세,상해없음,원동기,남,17세,중상
2013122700100418,2013년 12월 27일 19시,금요일,경상남도 진주시 평거동,중상사고,0,1,0,0,차대차 - 측면직각충돌,직진우회전진행방해,건조,맑음,교차로 - 교차로안,승용,남,62세,상해없음,승용,여,47세,중상
2013122700100454,2013년 12월 27일 20시,금요일,경상남도 창원시 진해구 자은동,경상사고,0,0,1,0,차대차 - 기타,교차로운행방법위반,건조,맑음,교차로 - 교차로안,승용,남,51세,상해없음,승용,남,45세,상해없음
2013122700100455,2013년 12월 27일 20시,금요일,경상남도 사천시 벌리동,중상사고,0,1,0,0,차대차 - 측면직각충돌,교차로운행방법위반,건조,맑음,교차로 - 교차로안,승용,남,56세,상해없음,이륜,남,18세,중상
2013122700100456,2013년 12월 27일 20시,금요일,경상남도 거제시 아주동,경상사고,0,0,2,0,차대차 - 측면직각충돌,안전운전불이행,건조,맑음,단일로 - 기타,승용,여,26세,상해없음,승용,남,18세,경상
2013122700100489,2013년 12월 27일 21시,금요일,경상남도 창원시 진해구 이동,경상사고,0,0,1,0,차대차 - 측면직각충돌,교차로운행방법위반,건조,기타,교차로 - 교차로안,승용,여,28세,상해없음,원동기,남,17세,경상
2013122700100490,2013년 12월 27일 21시,금요일,경상남도 창원시 진해구 자은동,경상사고,0,0,1,0,차대차 - 기타,안전운전불이행,건조,맑음,단일로 - 기타,승용,여,58세,상해없음,승용,여,42세,경상
2013122700100491,2013년 12월 27일 21시,금요일,경상남도 산청군 신등면,경상사고,0,0,1,0,차대차 - 정면충돌,중앙선침범,건조,맑음,단일로 - 기타,원동기,남,55세,경상,승용,남,64세,상해없음
2013122700100492,2013년 12월 27일 21시,금요일,경상남도 창원시 마산회원구 내서읍,중상사고,0,1,0,0,차대사람 - 기타,안전운전불이행,건조,맑음,단일로 - 횡단보도상,승용,여,38세,상해없음,보행자,남,37세,중상
2013122700100520,2013년 12월 27일 22시,금요일,경상남도 거제시 고현동,중상사고,0,1,0,0,차대사람 - 횡단중,안전운전불이행,건조,맑음,단일로 - 기타,이륜,남,29세,상해없음,보행자,여,19세,중상
2013122700100558,2013년 12월 27일 23시,금요일,경상남도 창원시 성산구 안민동,경상사고,0,0,1,0,차대차 - 추돌 - 주정차중,안전운전불이행,기타,맑음,단일로 - 기타,승용,남,36세,상해없음,승용,남,58세,경상
2013122800100007,2013년 12월 28일 00시,토요일,경상남도 김해시 주촌면,중상사고,0,1,0,0,차대차 - 기타,안전운전불이행,건조,맑음,단일로 - 기타,승용,남,53세,상해없음,화물,남,41세,중상
2013122800100024,2013년 12월 28일 00시,토요일,경상남도 창원시 의창구 신월동,경상사고,0,0,2,0,차대차 - 기타,교차로운행방법위반,건조,맑음,교차로 - 교차로안,승용,남,33세,상해없음,승용,여,45세,경상
2013122800100025,2013년 12월 28일 00시,토요일,경상남도 창원시 의창구 북면,경상사고,0,0,1,0,차대차 - 기타,안전운전불이행,건조,맑음,단일로 - 기타,승용,남,31세,상해없음,화물,남,46세,경상
2013122800100054,2013년 12월 28일 01시,토요일,경상남도 창원시 성산구 불모산동,중상사고,0,1,0,0,차대차 - 추돌 - 진행중,안전운전불이행,건조,맑음,단일로 - 기타,승용,남,49세,상해없음,승용,여,51세,중상
2013122800100070,2013년 12월 28일 02시,토요일,경상남도 진주시 정촌면,중상사고,0,1,0,0,차대차 - 기타,안전운전불이행,건조,맑음,단일로 - 기타,승용,남,25세,상해없음,승용,남,33세,중상
2013122800100071,2013년 12월 28일 02시,토요일,경상남도 진주시 호탄동,중상사고,0,2,2,0,차대차 - 정면충돌,중앙선침범,건조,맑음,단일로 - 기타,승용,남,27세,상해없음,승용,남,38세,경상
2013122800100072,2013년 12월 28일 02시,토요일,경상남도 통영시 미수동,경상사고,0,0,1,0,차량단독 - 공작물충돌,안전운전불이행,건조,맑음,단일로 - 기타,승용,여,25세,경상,,,,
2013122800100073,2013년 12월 28일 02시,토요일,경상남도 통영시 광도면,경상사고,0,0,1,0,차대차 - 추돌 - 진행중,안전운전불이행,건조,맑음,교차로 - 교차로부근,승용,남,29세,상해없음,승용,여,38세,경상
2013122800100092,2013년 12월 28일 03시,토요일,경상남도 창원시 진해구 석동,경상사고,0,0,1,0,차대차 - 측면직각충돌,교차로운행방법위반,건조,기타,교차로 - 교차로안,승용,남,52세,상해없음,승용,여,40세,경상
2013122800100093,2013년 12월 28일 03시,토요일,경상남도 창원시 의창구 봉곡동,경상사고,0,0,2,0,차대사람 - 길가장자리구역통행중,안전운전불이행,건조,맑음,단일로 - 기타,기타불명,기타불명,기타불명,기타불명,보행자,남,23세,경상
2013122800100129,2013년 12월 28일 05시,토요일,경상남도 창원시 의창구 북동,중상사고,0,1,0,0,차대차 - 기타,안전운전불이행,건조,맑음,교차로 - 교차로부근,승용,여,44세,상해없음,원동기,남,37세,중상
2013122800100130,2013년 12월 28일 05시,토요일,경상남도 김해시 장유면,사망사고,1,0,0,0,차량단독 - 공작물충돌,안전운전불이행,습기,맑음,단일로 - 기타,승용,남,23세,사망,,,,
2013122800100191,2013년 12월 28일 09시,토요일,경상남도 고성군 하일면,중상사고,0,2,0,0,차대차 - 측면직각충돌,교차로운행방법위반,건조,맑음,교차로 - 교차로안,화물,남,61세,상해없음,승용,여,38세,중상
2013122800100192,2013년 12월 28일 09시,토요일,경상남도 창원시 의창구 팔용동,경상사고,0,0,1,0,차대차 - 추돌 - 진행중,안전거리미확보,건조,맑음,교차로 - 교차로안,승용,남,66세,상해없음,승용,남,59세,기타불명
2013122800100212,2013년 12월 28일 10시,토요일,경상남도 김해시 삼계동,중상사고,0,2,0,0,차대차 - 측면직각충돌,안전운전불이행,건조,맑음,교차로 - 교차로안,승용,남,63세,상해없음,승용,여,46세,중상
2013122800100213,2013년 12월 28일 10시,토요일,경상남도 양산시 상북면,경상사고,0,0,1,0,차대차 - 추돌 - 주정차중,안전운전불이행,건조,맑음,교차로 - 교차로부근,승용,남,80세,상해없음,승용,남,40세,경상
2013122800100214,2013년 12월 28일 10시,토요일,경상남도 함안군 칠원면,중상사고,0,1,0,0,차대사람 - 횡단중,보행자보호의무위반,건조,맑음,단일로 - 횡단보도상,승용,남,71세,상해없음,보행자,남,61세,중상
2013122800100239,2013년 12월 28일 11시,토요일,경상남도 창녕군 창녕읍,중상사고,0,1,0,0,차대차 - 측면직각충돌,신호위반,건조,맑음,교차로 - 교차로안,원동기,남,75세,중상,화물,남,39세,상해없음
2013122800100240,2013년 12월 28일 11시,토요일,경상남도 양산시 삼호동,경상사고,0,0,1,0,차대차 - 기타,직진우회전진행방해,건조,맑음,교차로 - 교차로안,화물,남,49세,상해없음,승용,여,52세,경상
2013122800100241,2013년 12월 28일 11시,토요일,경상남도 창원시 성산구 내동,중상사고,0,1,0,0,차대차 - 측면직각충돌,안전운전불이행,건조,맑음,단일로 - 기타,승용,남,22세,상해없음,원동기,남,32세,중상
2013122800100268,2013년 12월 28일 12시,토요일,경상남도 양산시 동면,부상신고사고,0,0,0,1,차대차 - 기타,안전운전불이행,건조,맑음,단일로 - 기타,승용,남,63세,상해없음,자전거,남,19세,부상신고
2013122800100269,2013년 12월 28일 12시,토요일,경상남도 양산시 중부동,중상사고,0,1,1,0,차대차 - 기타,중앙선침범,건조,맑음,기타 - 기타,승용,남,66세,상해없음,승용,여,63세,중상
2013122800100270,2013년 12월 28일 12시,토요일,경상남도 창원시 마산회원구 구암동,중상사고,0,1,0,0,차대사람 - 길가장자리구역통행중,안전운전불이행,건조,맑음,단일로 - 기타,승용,남,48세,상해없음,보행자,여,54세,중상
2013122800100302,2013년 12월 28일 13시,토요일,경상남도 김해시 한림면,중상사고,0,1,1,0,차대차 - 측면직각충돌,교차로운행방법위반,건조,맑음,교차로 - 교차로안,승용,여,36세,상해없음,승용,남,58세,경상